[
  {
    "title": "Cotton Velvet Pillow",
    "product_category_id": "6814d2d2bf4554cf8921f574",
    "description": "\n            <div class=\"collapse-body pdp-summary-group-body\">\n                \n<div class=\"row\">\n    <div class=\"pdp-summary-group-col-1 col-12 col-lg-5\">\n\n        \n        \n\n        \n        \n            <div class=\"mb-3\">\n                Make any sofa, chair, or bed more inviting with the luxurious down- and feather-filled Velvet Pillow. Made of 100% cotton in a range of lush colors and sizes, this velvet is soft to the touch and has an alluring sheen. Its impressive 70,000 rubs abrasion rating ensures long-lasting good looks even with frequent use.\n            </div>\n        \n\n        \n        \n            <ul class=\"bulleted mb-3\">\n                \n                    <li>\n                        100% cotton velvet.\n                    </li>\n                \n                    <li>\n                        Feather and down fill.\n                    </li>\n                \n                    <li>\n                        Soft and durable.\n                    </li>\n                \n            </ul>\n                                \n\n        \n        \n    </div>\n\n    <div class=\"pdp-summary-group-col-2 col-12 col-lg-5 offset-lg-1\">\n        <div class=\"table table-content summary-table\">\n            \n                \n                \n                    <dl>\n                        <dt>\n                            Brand\n                        </dt>\n                        <dd>\n                            <a href=\"/brands-design-within-reach?lang=en_US\">Design Within Reach</a>\n                        </dd>\n                    </dl>\n                \n            \n            \n            \n            \n                <dl>\n                    <dt>\n                        Collection\n                    </dt>\n                    <dd>\n                        <a href=\"/collection-dwr-pillow?lang=en_US\">DWR Pillow Collection</a>\n                    </dd>\n                </dl>\n            \n\n            \n            \n                <dl>\n                    <dt>\n                        General Dimensions\n                    </dt>\n                    <dd>\n                        <ul class=\"unstyled summary-pdp-dimensions-list\">\n                            \n                                <li>\n                                    18\" H 18\" W 5\" D\n                                </li>\n                            \n                        </ul>\n                    </dd>\n                </dl>\n            \n\n            \n            \n\n            \n            \n                <dl>\n                    <dt>\n                        Product Weight\n                    </dt>\n                    <dd class=\"summary-weight\">\n                        3 lbs\n                    </dd>\n                </dl>\n            \n\n            \n            <dl>\n                <dt>\n                    Assembly\n                </dt>\n                <dd>\n                    \n                        Comes fully assembled\n                    \n                </dd>\n            </dl>\n\n            \n            <dl>\n                <dt>\n                    Warranty\n                </dt>\n                <dd>\n                    \n                        1-year warranty<br>Terms and conditions apply. <a href=\"https://www.dwr.com/warranty.html\" target=\"_blank\">Learn more</a>\n                    \n                </dd>\n            </dl>\n\n            \n            \n\n            \n            \n\n            \n            \n        </div>\n    </div>\n</div>\n            </div>\n        ",
    "listSize": [
      {
        "size": "18\" x 18\"",
        "price": 3380000,
        "stock": 65
      },
      {
        "size": "20\" x 20\"",
        "price": 3900000,
        "stock": 93
      },
      {
        "size": "22\" x 22\"",
        "price": 3900000,
        "stock": 76
      },
      {
        "size": "12\" x 22\"",
        "price": 2990000,
        "stock": 63
      }
    ],
    "discountPercentage": 21,
    "thumbnail": "https://images.hermanmiller.group/m/c78a27cebf876c04/W-DWR_2560196_100403812_cadet_f.png?trim=auto&trim-sd=1&blend-mode=darken&blend=f0f0f0&bg=f0f0f0&auto=format&w=90&h=auto&fit=fill",
    "images": [
      "https://images.hermanmiller.group/m/c78a27cebf876c04/W-DWR_2560196_100403812_cadet_f.png?trim=auto&trim-sd=1&blend-mode=darken&blend=f0f0f0&bg=f0f0f0&auto=format&w=800&h=auto&fit=fill",
      "https://images.hermanmiller.group/m/1f25454209010570/W-DWR_2560196_100403812_cadet_d.png?trim=auto&trim-sd=1&blend-mode=darken&blend=f0f0f0&bg=f0f0f0&auto=format&w=800&h=auto&fit=fill",
      "https://images.hermanmiller.group/m/b54fa2dd44f7608a/W-DWR_2560196_100403812_cadet_d2.png?trim=auto&trim-sd=1&blend-mode=darken&blend=f0f0f0&bg=f0f0f0&auto=format&w=800&h=auto&fit=fill",
      "https://images.hermanmiller.group/m/6d31d39007f5cf7b/W-DWR_HW23_EDITORIAL_GARRISON_1129.png?trim=auto&trim-sd=1&bg=f0f0f0&auto=format&w=800&h=auto&fit=fill",
      "https://images.hermanmiller.group/m/7c1134a94ac836a1/W-DWR_HW23_EDITORIAL_GARRISON_1120.png?trim=auto&trim-sd=1&bg=f0f0f0&auto=format&w=800&h=auto&fit=fill",
      "https://images.hermanmiller.group/m/3164c17431250b8a/W-HM_2197670_100087213_walnut_v1_280.png?trim=auto&trim-sd=1&bg=f0f0f0&auto=format&w=800&h=auto&fit=fill"
    ]
  },
  {
    "title": "Cotton Velvet Pillow",
    "product_category_id": "6814d2d2bf4554cf8921f574",
    "description": "\n            <div class=\"collapse-body pdp-summary-group-body\">\n                \n<div class=\"row\">\n    <div class=\"pdp-summary-group-col-1 col-12 col-lg-5\">\n\n        \n        \n\n        \n        \n            <div class=\"mb-3\">\n                Make any sofa, chair, or bed more inviting with the luxurious down- and feather-filled Velvet Pillow. Made of 100% cotton in a range of lush colors and sizes, this velvet is soft to the touch and has an alluring sheen. Its impressive 70,000 rubs abrasion rating ensures long-lasting good looks even with frequent use.\n            </div>\n        \n\n        \n        \n            <ul class=\"bulleted mb-3\">\n                \n                    <li>\n                        100% cotton velvet.\n                    </li>\n                \n                    <li>\n                        Feather and down fill.\n                    </li>\n                \n                    <li>\n                        Soft and durable.\n                    </li>\n                \n            </ul>\n                                \n\n        \n        \n    </div>\n\n    <div class=\"pdp-summary-group-col-2 col-12 col-lg-5 offset-lg-1\">\n        <div class=\"table table-content summary-table\">\n            \n                \n                \n                    <dl>\n                        <dt>\n                            Brand\n                        </dt>\n                        <dd>\n                            <a href=\"/brands-design-within-reach?lang=en_US\">Design Within Reach</a>\n                        </dd>\n                    </dl>\n                \n            \n            \n            \n            \n                <dl>\n                    <dt>\n                        Collection\n                    </dt>\n                    <dd>\n                        <a href=\"/collection-dwr-pillow?lang=en_US\">DWR Pillow Collection</a>\n                    </dd>\n                </dl>\n            \n\n            \n            \n                <dl>\n                    <dt>\n                        General Dimensions\n                    </dt>\n                    <dd>\n                        <ul class=\"unstyled summary-pdp-dimensions-list\">\n                            \n                                <li>\n                                    12\" H 22\" W 5\" D\n                                </li>\n                            \n                        </ul>\n                    </dd>\n                </dl>\n            \n\n            \n            \n\n            \n            \n                <dl>\n                    <dt>\n                        Product Weight\n                    </dt>\n                    <dd class=\"summary-weight\">\n                        2.5 lbs\n                    </dd>\n                </dl>\n            \n\n            \n            <dl>\n                <dt>\n                    Assembly\n                </dt>\n                <dd>\n                    \n                        Comes fully assembled\n                    \n                </dd>\n            </dl>\n\n            \n            <dl>\n                <dt>\n                    Warranty\n                </dt>\n                <dd>\n                    \n                        1-year warranty<br>Terms and conditions apply. <a href=\"https://www.dwr.com/warranty.html\" target=\"_blank\">Learn more</a>\n                    \n                </dd>\n            </dl>\n\n            \n            \n\n            \n            \n\n            \n            \n        </div>\n    </div>\n</div>\n            </div>\n        ",
    "listSize": [
      {
        "size": "18\" x 18\"",
        "price": 3380000,
        "stock": 77
      },
      {
        "size": "20\" x 20\"",
        "price": 3900000,
        "stock": 53
      },
      {
        "size": "22\" x 22\"",
        "price": 3900000,
        "stock": 83
      },
      {
        "size": "12\" x 22\"",
        "price": 2990000,
        "stock": 66
      }
    ],
    "discountPercentage": 28,
    "thumbnail": "https://images.hermanmiller.group/m/c78a27cebf876c04/W-DWR_2560196_100403812_cadet_f.png?trim=auto&trim-sd=1&blend-mode=darken&blend=f0f0f0&bg=f0f0f0&auto=format&w=90&h=auto&fit=fill",
    "images": [
      "https://images.hermanmiller.group/m/c78a27cebf876c04/W-DWR_2560196_100403812_cadet_f.png?trim=auto&trim-sd=1&blend-mode=darken&blend=f0f0f0&bg=f0f0f0&auto=format&w=800&h=auto&fit=fill",
      "https://images.hermanmiller.group/m/1f25454209010570/W-DWR_2560196_100403812_cadet_d.png?trim=auto&trim-sd=1&blend-mode=darken&blend=f0f0f0&bg=f0f0f0&auto=format&w=800&h=auto&fit=fill",
      "https://images.hermanmiller.group/m/b54fa2dd44f7608a/W-DWR_2560196_100403812_cadet_d2.png?trim=auto&trim-sd=1&blend-mode=darken&blend=f0f0f0&bg=f0f0f0&auto=format&w=800&h=auto&fit=fill",
      "https://images.hermanmiller.group/m/6d31d39007f5cf7b/W-DWR_HW23_EDITORIAL_GARRISON_1129.png?trim=auto&trim-sd=1&bg=f0f0f0&auto=format&w=800&h=auto&fit=fill",
      "https://images.hermanmiller.group/m/7c1134a94ac836a1/W-DWR_HW23_EDITORIAL_GARRISON_1120.png?trim=auto&trim-sd=1&bg=f0f0f0&auto=format&w=800&h=auto&fit=fill",
      "https://images.hermanmiller.group/m/3164c17431250b8a/W-HM_2197670_100087213_walnut_v1_280.png?trim=auto&trim-sd=1&bg=f0f0f0&auto=format&w=800&h=auto&fit=fill"
    ]
  },
  {
    "title": "Cotton Velvet Pillow",
    "product_category_id": "6814d2d2bf4554cf8921f574",
    "description": "\n            <div class=\"collapse-body pdp-summary-group-body\">\n                \n<div class=\"row\">\n    <div class=\"pdp-summary-group-col-1 col-12 col-lg-5\">\n\n        \n        \n\n        \n        \n            <div class=\"mb-3\">\n                Make any sofa, chair, or bed more inviting with the luxurious down- and feather-filled Velvet Pillow. Made of 100% cotton in a range of lush colors and sizes, this velvet is soft to the touch and has an alluring sheen. Its impressive 70,000 rubs abrasion rating ensures long-lasting good looks even with frequent use.\n            </div>\n        \n\n        \n        \n            <ul class=\"bulleted mb-3\">\n                \n                    <li>\n                        100% cotton velvet.\n                    </li>\n                \n                    <li>\n                        Feather and down fill.\n                    </li>\n                \n                    <li>\n                        Soft and durable.\n                    </li>\n                \n            </ul>\n                                \n\n        \n        \n    </div>\n\n    <div class=\"pdp-summary-group-col-2 col-12 col-lg-5 offset-lg-1\">\n        <div class=\"table table-content summary-table\">\n            \n                \n                \n                    <dl>\n                        <dt>\n                            Brand\n                        </dt>\n                        <dd>\n                            <a href=\"/brands-design-within-reach?lang=en_US\">Design Within Reach</a>\n                        </dd>\n                    </dl>\n                \n            \n            \n            \n            \n                <dl>\n                    <dt>\n                        Collection\n                    </dt>\n                    <dd>\n                        <a href=\"/collection-dwr-pillow?lang=en_US\">DWR Pillow Collection</a>\n                    </dd>\n                </dl>\n            \n\n            \n            \n                <dl>\n                    <dt>\n                        General Dimensions\n                    </dt>\n                    <dd>\n                        <ul class=\"unstyled summary-pdp-dimensions-list\">\n                            \n                                <li>\n                                    20\" H 20\" W 5\" D\n                                </li>\n                            \n                        </ul>\n                    </dd>\n                </dl>\n            \n\n            \n            \n\n            \n            \n                <dl>\n                    <dt>\n                        Product Weight\n                    </dt>\n                    <dd class=\"summary-weight\">\n                        3.75 lbs\n                    </dd>\n                </dl>\n            \n\n            \n            <dl>\n                <dt>\n                    Assembly\n                </dt>\n                <dd>\n                    \n                        Comes fully assembled\n                    \n                </dd>\n            </dl>\n\n            \n            <dl>\n                <dt>\n                    Warranty\n                </dt>\n                <dd>\n                    \n                        1-year warranty<br>Terms and conditions apply. <a href=\"https://www.dwr.com/warranty.html\" target=\"_blank\">Learn more</a>\n                    \n                </dd>\n            </dl>\n\n            \n            \n\n            \n            \n\n            \n            \n        </div>\n    </div>\n</div>\n            </div>\n        ",
    "listSize": [
      {
        "size": "18\" x 18\"",
        "price": 3380000,
        "stock": 97
      },
      {
        "size": "20\" x 20\"",
        "price": 3900000,
        "stock": 71
      },
      {
        "size": "22\" x 22\"",
        "price": 3900000,
        "stock": 54
      },
      {
        "size": "12\" x 22\"",
        "price": 2990000,
        "stock": 69
      }
    ],
    "discountPercentage": 12,
    "thumbnail": "https://images.hermanmiller.group/m/c78a27cebf876c04/W-DWR_2560196_100403812_cadet_f.png?trim=auto&trim-sd=1&blend-mode=darken&blend=f0f0f0&bg=f0f0f0&auto=format&w=90&h=auto&fit=fill",
    "images": [
      "https://images.hermanmiller.group/m/c78a27cebf876c04/W-DWR_2560196_100403812_cadet_f.png?trim=auto&trim-sd=1&blend-mode=darken&blend=f0f0f0&bg=f0f0f0&auto=format&w=800&h=auto&fit=fill",
      "https://images.hermanmiller.group/m/1f25454209010570/W-DWR_2560196_100403812_cadet_d.png?trim=auto&trim-sd=1&blend-mode=darken&blend=f0f0f0&bg=f0f0f0&auto=format&w=800&h=auto&fit=fill",
      "https://images.hermanmiller.group/m/b54fa2dd44f7608a/W-DWR_2560196_100403812_cadet_d2.png?trim=auto&trim-sd=1&blend-mode=darken&blend=f0f0f0&bg=f0f0f0&auto=format&w=800&h=auto&fit=fill",
      "https://images.hermanmiller.group/m/6d31d39007f5cf7b/W-DWR_HW23_EDITORIAL_GARRISON_1129.png?trim=auto&trim-sd=1&bg=f0f0f0&auto=format&w=800&h=auto&fit=fill",
      "https://images.hermanmiller.group/m/7c1134a94ac836a1/W-DWR_HW23_EDITORIAL_GARRISON_1120.png?trim=auto&trim-sd=1&bg=f0f0f0&auto=format&w=800&h=auto&fit=fill",
      "https://images.hermanmiller.group/m/3164c17431250b8a/W-HM_2197670_100087213_walnut_v1_280.png?trim=auto&trim-sd=1&bg=f0f0f0&auto=format&w=800&h=auto&fit=fill"
    ]
  },
  {
    "title": "Italian Boucle Pillow",
    "product_category_id": "6814d2d2bf4554cf8921f574",
    "description": "\n            <div class=\"collapse-body pdp-summary-group-body\">\n                \n<div class=\"row\">\n    <div class=\"pdp-summary-group-col-1 col-12 col-lg-5\">\n\n        \n        \n\n        \n        \n            <div class=\"mb-3\">\n                Add comfort and color to any sofa, chair, or bed with the Italian Boucle Pillow. Named for the French word “boucler,” which means “to curl,” this cozy boucle fabric has a richly textured weave that’s both durable and soft to the touch.\n            </div>\n        \n\n        \n        \n            <ul class=\"bulleted mb-3\">\n                \n                    <li>\n                        Soft, textured boucle fabric.\n                    </li>\n                \n                    <li>\n                        Down-and-feather insert.\n                    </li>\n                \n                    <li>\n                        Three sizes to mix and match.\n                    </li>\n                \n            </ul>\n                                \n\n        \n        \n    </div>\n\n    <div class=\"pdp-summary-group-col-2 col-12 col-lg-5 offset-lg-1\">\n        <div class=\"table table-content summary-table\">\n            \n                \n                \n                    <dl>\n                        <dt>\n                            Brand\n                        </dt>\n                        <dd>\n                            <a href=\"/brands-design-within-reach?lang=en_US\">Design Within Reach</a>\n                        </dd>\n                    </dl>\n                \n            \n            \n            \n            \n                <dl>\n                    <dt>\n                        Collection\n                    </dt>\n                    <dd>\n                        <a href=\"/collection-dwr-pillow?lang=en_US\">DWR Pillow Collection</a>\n                    </dd>\n                </dl>\n            \n\n            \n            \n                <dl>\n                    <dt>\n                        General Dimensions\n                    </dt>\n                    <dd>\n                        <ul class=\"unstyled summary-pdp-dimensions-list\">\n                            \n                                <li>\n                                    18\" H 18\" W 5\" D\n                                </li>\n                            \n                        </ul>\n                    </dd>\n                </dl>\n            \n\n            \n            \n\n            \n            \n                <dl>\n                    <dt>\n                        Product Weight\n                    </dt>\n                    <dd class=\"summary-weight\">\n                        2.5 lbs\n                    </dd>\n                </dl>\n            \n\n            \n            <dl>\n                <dt>\n                    Assembly\n                </dt>\n                <dd>\n                    \n                        Comes fully assembled\n                    \n                </dd>\n            </dl>\n\n            \n            <dl>\n                <dt>\n                    Warranty\n                </dt>\n                <dd>\n                    \n                        1-year warranty<br>Terms and conditions apply. <a href=\"https://www.dwr.com/warranty.html\" target=\"_blank\">Learn more</a>\n                    \n                </dd>\n            </dl>\n\n            \n            \n\n            \n            \n\n            \n            \n        </div>\n    </div>\n</div>\n            </div>\n        ",
    "listSize": [
      {
        "size": "18\" x 18\"",
        "price": 3380000,
        "stock": 79
      },
      {
        "size": "20\" x 20\"",
        "price": 3380000,
        "stock": 94
      },
      {
        "size": "22\" x 22\"",
        "price": 4550000,
        "stock": 77
      },
      {
        "size": "12\" x 22\"",
        "price": 2990000,
        "stock": 97
      }
    ],
    "discountPercentage": 28,
    "thumbnail": "https://images.hermanmiller.group/m/e89784e874e87496/W-DWR_2563491_100423573_gesso_f2.png?trim=auto&trim-sd=1&blend-mode=darken&blend=f0f0f0&bg=f0f0f0&auto=format&w=90&h=auto&fit=fill",
    "images": [
      "https://images.hermanmiller.group/m/e89784e874e87496/W-DWR_2563491_100423573_gesso_f2.png?trim=auto&trim-sd=1&blend-mode=darken&blend=f0f0f0&bg=f0f0f0&auto=format&w=800&h=auto&fit=fill",
      "https://images.hermanmiller.group/m/21aa25ec5e54ae09/W-DWR_2563491_100423574_gesso_d1.png?trim=auto&trim-sd=1&blend-mode=darken&blend=f0f0f0&bg=f0f0f0&auto=format&w=800&h=auto&fit=fill",
      "https://images.hermanmiller.group/m/182e9247d0c2cd6f/W-DWR_2563491_100423573_gesso_d.png?trim=auto&trim-sd=1&blend-mode=darken&blend=f0f0f0&bg=f0f0f0&auto=format&w=800&h=auto&fit=fill",
      "https://images.hermanmiller.group/m/5f6b6209ecaee424/W-DWR_HW23_EDITORIAL_GARRISON_644.png?trim=auto&trim-sd=1&bg=f0f0f0&auto=format&w=800&h=auto&fit=fill",
      "https://images.hermanmiller.group/m/6e16b6d29b05774f/W-DWR_HW23_EDITORIAL_GARRISON_486.png?trim=auto&trim-sd=1&bg=f0f0f0&auto=format&w=800&h=auto&fit=fill",
      "https://images.hermanmiller.group/m/3164c17431250b8a/W-HM_2197670_100087213_walnut_v1_280.png?trim=auto&trim-sd=1&bg=f0f0f0&auto=format&w=800&h=auto&fit=fill"
    ]
  },
  {
    "title": "Italian Boucle Pillow",
    "product_category_id": "6814d2d2bf4554cf8921f574",
    "description": "\n            <div class=\"collapse-body pdp-summary-group-body\">\n                \n<div class=\"row\">\n    <div class=\"pdp-summary-group-col-1 col-12 col-lg-5\">\n\n        \n        \n\n        \n        \n            <div class=\"mb-3\">\n                Add comfort and color to any sofa, chair, or bed with the Italian Boucle Pillow. Named for the French word “boucler,” which means “to curl,” this cozy boucle fabric has a richly textured weave that’s both durable and soft to the touch.\n            </div>\n        \n\n        \n        \n            <ul class=\"bulleted mb-3\">\n                \n                    <li>\n                        Soft, textured boucle fabric.\n                    </li>\n                \n                    <li>\n                        Down-and-feather insert.\n                    </li>\n                \n                    <li>\n                        Three sizes to mix and match.\n                    </li>\n                \n            </ul>\n                                \n\n        \n        \n    </div>\n\n    <div class=\"pdp-summary-group-col-2 col-12 col-lg-5 offset-lg-1\">\n        <div class=\"table table-content summary-table\">\n            \n                \n                \n                    <dl>\n                        <dt>\n                            Brand\n                        </dt>\n                        <dd>\n                            <a href=\"/brands-design-within-reach?lang=en_US\">Design Within Reach</a>\n                        </dd>\n                    </dl>\n                \n            \n            \n            \n            \n                <dl>\n                    <dt>\n                        Collection\n                    </dt>\n                    <dd>\n                        <a href=\"/collection-dwr-pillow?lang=en_US\">DWR Pillow Collection</a>\n                    </dd>\n                </dl>\n            \n\n            \n            \n                <dl>\n                    <dt>\n                        General Dimensions\n                    </dt>\n                    <dd>\n                        <ul class=\"unstyled summary-pdp-dimensions-list\">\n                            \n                                <li>\n                                    20\" H 20\" W 5\" D\n                                </li>\n                            \n                        </ul>\n                    </dd>\n                </dl>\n            \n\n            \n            \n\n            \n            \n                <dl>\n                    <dt>\n                        Product Weight\n                    </dt>\n                    <dd class=\"summary-weight\">\n                        3.25 lbs\n                    </dd>\n                </dl>\n            \n\n            \n            <dl>\n                <dt>\n                    Assembly\n                </dt>\n                <dd>\n                    \n                        Comes fully assembled\n                    \n                </dd>\n            </dl>\n\n            \n            <dl>\n                <dt>\n                    Warranty\n                </dt>\n                <dd>\n                    \n                        1-year warranty<br>Terms and conditions apply. <a href=\"https://www.dwr.com/warranty.html\" target=\"_blank\">Learn more</a>\n                    \n                </dd>\n            </dl>\n\n            \n            \n\n            \n            \n\n            \n            \n        </div>\n    </div>\n</div>\n            </div>\n        ",
    "listSize": [
      {
        "size": "18\" x 18\"",
        "price": 3380000,
        "stock": 88
      },
      {
        "size": "20\" x 20\"",
        "price": 3900000,
        "stock": 93
      },
      {
        "size": "22\" x 22\"",
        "price": 4550000,
        "stock": 86
      },
      {
        "size": "12\" x 22\"",
        "price": 2990000,
        "stock": 84
      }
    ],
    "discountPercentage": 22,
    "thumbnail": "https://images.hermanmiller.group/m/d80a4c8354bb5a96/W-DWR_2563491_100432215_sabbia_f2.png?trim=auto&trim-sd=1&blend-mode=darken&blend=f0f0f0&bg=f0f0f0&auto=format&w=90&h=auto&fit=fill",
    "images": [
      "https://images.hermanmiller.group/m/d80a4c8354bb5a96/W-DWR_2563491_100432215_sabbia_f2.png?trim=auto&trim-sd=1&blend-mode=darken&blend=f0f0f0&bg=f0f0f0&auto=format&w=800&h=auto&fit=fill",
      "https://images.hermanmiller.group/m/90bc123c41cdca2c/W-DWR_2563491_100432215_sabbia_d1.png?trim=auto&trim-sd=1&blend-mode=darken&blend=f0f0f0&bg=f0f0f0&auto=format&w=800&h=auto&fit=fill",
      "https://images.hermanmiller.group/m/ba4abae37aea335e/W-DWR_2563491_100432215_sabbia_d.png?trim=auto&trim-sd=1&blend-mode=darken&blend=f0f0f0&bg=f0f0f0&auto=format&w=800&h=auto&fit=fill",
      "https://images.hermanmiller.group/m/5f6b6209ecaee424/W-DWR_HW23_EDITORIAL_GARRISON_644.png?trim=auto&trim-sd=1&bg=f0f0f0&auto=format&w=800&h=auto&fit=fill",
      "https://images.hermanmiller.group/m/6e16b6d29b05774f/W-DWR_HW23_EDITORIAL_GARRISON_486.png?trim=auto&trim-sd=1&bg=f0f0f0&auto=format&w=800&h=auto&fit=fill",
      "https://images.hermanmiller.group/m/3164c17431250b8a/W-HM_2197670_100087213_walnut_v1_280.png?trim=auto&trim-sd=1&bg=f0f0f0&auto=format&w=800&h=auto&fit=fill"
    ]
  },
  {
    "title": "Italian Boucle Pillow",
    "product_category_id": "6814d2d2bf4554cf8921f574",
    "description": "\n            <div class=\"collapse-body pdp-summary-group-body\">\n                \n<div class=\"row\">\n    <div class=\"pdp-summary-group-col-1 col-12 col-lg-5\">\n\n        \n        \n\n        \n        \n            <div class=\"mb-3\">\n                Add comfort and color to any sofa, chair, or bed with the Italian Boucle Pillow. Named for the French word “boucler,” which means “to curl,” this cozy boucle fabric has a richly textured weave that’s both durable and soft to the touch.\n            </div>\n        \n\n        \n        \n            <ul class=\"bulleted mb-3\">\n                \n                    <li>\n                        Soft, textured boucle fabric.\n                    </li>\n                \n                    <li>\n                        Down-and-feather insert.\n                    </li>\n                \n                    <li>\n                        Three sizes to mix and match.\n                    </li>\n                \n            </ul>\n                                \n\n        \n        \n    </div>\n\n    <div class=\"pdp-summary-group-col-2 col-12 col-lg-5 offset-lg-1\">\n        <div class=\"table table-content summary-table\">\n            \n                \n                \n                    <dl>\n                        <dt>\n                            Brand\n                        </dt>\n                        <dd>\n                            <a href=\"/brands-design-within-reach?lang=en_US\">Design Within Reach</a>\n                        </dd>\n                    </dl>\n                \n            \n            \n            \n            \n                <dl>\n                    <dt>\n                        Collection\n                    </dt>\n                    <dd>\n                        <a href=\"/collection-dwr-pillow?lang=en_US\">DWR Pillow Collection</a>\n                    </dd>\n                </dl>\n            \n\n            \n            \n                <dl>\n                    <dt>\n                        General Dimensions\n                    </dt>\n                    <dd>\n                        <ul class=\"unstyled summary-pdp-dimensions-list\">\n                            \n                                <li>\n                                    12\" H 22\" W 5\" D\n                                </li>\n                            \n                        </ul>\n                    </dd>\n                </dl>\n            \n\n            \n            \n\n            \n            \n                <dl>\n                    <dt>\n                        Product Weight\n                    </dt>\n                    <dd class=\"summary-weight\">\n                        1.75 lbs\n                    </dd>\n                </dl>\n            \n\n            \n            <dl>\n                <dt>\n                    Assembly\n                </dt>\n                <dd>\n                    \n                        Comes fully assembled\n                    \n                </dd>\n            </dl>\n\n            \n            <dl>\n                <dt>\n                    Warranty\n                </dt>\n                <dd>\n                    \n                        1-year warranty<br>Terms and conditions apply. <a href=\"https://www.dwr.com/warranty.html\" target=\"_blank\">Learn more</a>\n                    \n                </dd>\n            </dl>\n\n            \n            \n\n            \n            \n\n            \n            \n        </div>\n    </div>\n</div>\n            </div>\n        ",
    "listSize": [
      {
        "size": "18\" x 18\"",
        "price": 3380000,
        "stock": 74
      },
      {
        "size": "20\" x 20\"",
        "price": 3380000,
        "stock": 51
      },
      {
        "size": "22\" x 22\"",
        "price": 4550000,
        "stock": 98
      },
      {
        "size": "12\" x 22\"",
        "price": 2990000,
        "stock": 86
      }
    ],
    "discountPercentage": 18,
    "thumbnail": "https://images.hermanmiller.group/asset/bf8a7e96-f75c-45e0-a9cb-a00909ee7194/W/DWR_2563491_100584917_12_x_22_brown_f.png?trim=auto&trim-sd=1&blend-mode=darken&blend=f0f0f0&bg=f0f0f0&auto=format&w=90&h=auto&fit=fill",
    "images": [
      "https://images.hermanmiller.group/asset/bf8a7e96-f75c-45e0-a9cb-a00909ee7194/W/DWR_2563491_100584917_12_x_22_brown_f.png?trim=auto&trim-sd=1&blend-mode=darken&blend=f0f0f0&bg=f0f0f0&auto=format&w=800&h=auto&fit=fill",
      "https://images.hermanmiller.group/asset/b7641078-a521-43e2-9b07-79cc22827063/W/DWR_2563491_100584917_12_x_22_brown_d1.png?trim=auto&trim-sd=1&blend-mode=darken&blend=f0f0f0&bg=f0f0f0&auto=format&w=800&h=auto&fit=fill",
      "https://images.hermanmiller.group/m/5f6b6209ecaee424/W-DWR_HW23_EDITORIAL_GARRISON_644.png?trim=auto&trim-sd=1&bg=f0f0f0&auto=format&w=800&h=auto&fit=fill",
      "https://images.hermanmiller.group/m/6e16b6d29b05774f/W-DWR_HW23_EDITORIAL_GARRISON_486.png?trim=auto&trim-sd=1&bg=f0f0f0&auto=format&w=800&h=auto&fit=fill",
      "https://images.hermanmiller.group/m/3164c17431250b8a/W-HM_2197670_100087213_walnut_v1_280.png?trim=auto&trim-sd=1&bg=f0f0f0&auto=format&w=800&h=auto&fit=fill"
    ]
  },
  {
    "title": "Brugge Linen Pillow",
    "product_category_id": "6814d2d2bf4554cf8921f574",
    "description": "\n            <div class=\"collapse-body pdp-summary-group-body\">\n                \n<div class=\"row\">\n    <div class=\"pdp-summary-group-col-1 col-12 col-lg-5\">\n\n        \n        \n\n        \n        \n            <div class=\"mb-3\">\n                Brugge Linen Pillow (2025) adds natural comfort to any sofa, bed, or lounge chair. Made from 100% linen, the cover highlights the fabric's inherent beauty, featuring subtle variations in color that create depth and dimensionality. Breathable, soft, and expertly woven, Brugge is an everyday accent that just gets better with age. Down-and-feather insert included. Exclusive to DWR. Made in the USA.\n            </div>\n        \n\n        \n        \n            <ul class=\"bulleted mb-3\">\n                \n                    <li>\n                        100% linen pillow cover.\n                    </li>\n                \n                    <li>\n                        Down-and-feather insert.\n                    </li>\n                \n                    <li>\n                        Breathable, soft, and expertly woven fabric.\n                    </li>\n                \n                    <li>\n                        Subtle variations in color create depth and dimensionality.\n                    </li>\n                \n            </ul>\n                                \n\n        \n        \n    </div>\n\n    <div class=\"pdp-summary-group-col-2 col-12 col-lg-5 offset-lg-1\">\n        <div class=\"table table-content summary-table\">\n            \n                \n                \n                    <dl>\n                        <dt>\n                            Brand\n                        </dt>\n                        <dd>\n                            <a href=\"/brands-design-within-reach?lang=en_US\">Design Within Reach</a>\n                        </dd>\n                    </dl>\n                \n            \n            \n            \n            \n\n            \n            \n                <dl>\n                    <dt>\n                        General Dimensions\n                    </dt>\n                    <dd>\n                        <ul class=\"unstyled summary-pdp-dimensions-list\">\n                            \n                                <li>\n                                    12\" H 22\" W 5\" D\n                                </li>\n                            \n                        </ul>\n                    </dd>\n                </dl>\n            \n\n            \n            \n\n            \n            \n                <dl>\n                    <dt>\n                        Product Weight\n                    </dt>\n                    <dd class=\"summary-weight\">\n                        2 lbs\n                    </dd>\n                </dl>\n            \n\n            \n            <dl>\n                <dt>\n                    Assembly\n                </dt>\n                <dd>\n                    \n                        Comes fully assembled\n                    \n                </dd>\n            </dl>\n\n            \n            <dl>\n                <dt>\n                    Warranty\n                </dt>\n                <dd>\n                    \n                        <div class=\"mb-2\">DWR honors a one (1) year warranty on all products. Brand-specific warranties may extend to longer periods.</div>\n                    \n                </dd>\n            </dl>\n\n            \n            \n\n            \n            \n\n            \n            \n        </div>\n    </div>\n</div>\n            </div>\n        ",
    "listSize": [
      {
        "size": "18\" x 18\"",
        "price": 3900000,
        "stock": 65
      },
      {
        "size": "22\" x 22\"",
        "price": 4550000,
        "stock": 76
      },
      {
        "size": "12\" x 22\"",
        "price": 2990000,
        "stock": 69
      }
    ],
    "discountPercentage": 20,
    "thumbnail": "https://images.hermanmiller.group/asset/83ae8a8a-40e3-447f-a675-bd518cea234f/W/DWR_2582960_100579916_tan_12x22_f.png?trim=auto&trim-sd=1&blend-mode=darken&blend=f0f0f0&bg=f0f0f0&auto=format&w=90&h=auto&fit=fill",
    "images": [
      "https://images.hermanmiller.group/asset/83ae8a8a-40e3-447f-a675-bd518cea234f/W/DWR_2582960_100579916_tan_12x22_f.png?trim=auto&trim-sd=1&blend-mode=darken&blend=f0f0f0&bg=f0f0f0&auto=format&w=800&h=auto&fit=fill"
    ]
  },
  {
    "title": "Angles Pillow by Paul Smith",
    "product_category_id": "6814d2d2bf4554cf8921f574",
    "description": "\n            <div class=\"collapse-body pdp-summary-group-body\">\n                \n<div class=\"row\">\n    <div class=\"pdp-summary-group-col-1 col-12 col-lg-5\">\n\n        \n        \n\n        \n        \n            <div class=\"mb-3\">\n                Maharam textiles reside in the permanent collections of MoMA, Cooper Hewitt, and the Art Institute of Chicago, among others. The Angles Pillow (2019), made in collaboration with renowned designer Paul Smith, combines luxe comfort and bold geometry to delight both the eye and hand. The pillow is crafted from a larger fabric pattern – colors and patterns may vary based on the repeat, making each one unique. Made in Germany.\n            </div>\n        \n\n        \n        \n            <ul class=\"bulleted mb-3\">\n                \n                    <li>\n                        Pattern by renowned British fashion designer Paul Smith.\n                    </li>\n                \n                    <li>\n                        A modern take on traditional jacquard.\n                    </li>\n                \n                    <li>\n                        Colors and patterns may vary based on the repeat.\n                    </li>\n                \n            </ul>\n                                \n\n        \n        \n    </div>\n\n    <div class=\"pdp-summary-group-col-2 col-12 col-lg-5 offset-lg-1\">\n        <div class=\"table table-content summary-table\">\n            \n                \n                \n                    <dl>\n                        <dt>\n                            Brand\n                        </dt>\n                        <dd>\n                            <a href=\"/brands-maharam?lang=en_US\">Maharam</a>\n                        </dd>\n                    </dl>\n                \n            \n            \n            \n            \n\n            \n            \n                <dl>\n                    <dt>\n                        General Dimensions\n                    </dt>\n                    <dd>\n                        <ul class=\"unstyled summary-pdp-dimensions-list\">\n                            \n                                <li>\n                                    17\" H 17\" W 5\" D\n                                </li>\n                            \n                        </ul>\n                    </dd>\n                </dl>\n            \n\n            \n            \n\n            \n            \n                <dl>\n                    <dt>\n                        Product Weight\n                    </dt>\n                    <dd class=\"summary-weight\">\n                        2.25 lbs\n                    </dd>\n                </dl>\n            \n\n            \n            <dl>\n                <dt>\n                    Assembly\n                </dt>\n                <dd>\n                    \n                        Comes fully assembled\n                    \n                </dd>\n            </dl>\n\n            \n            <dl>\n                <dt>\n                    Warranty\n                </dt>\n                <dd>\n                    \n                        1-year warranty<br>Terms and conditions apply. <a href=\"https://www.dwr.com/warranty.html\" target=\"_blank\">Learn more</a>\n                    \n                </dd>\n            </dl>\n\n            \n            \n\n            \n            \n\n            \n            \n        </div>\n    </div>\n</div>\n            </div>\n        ",
    "listSize": [
      {
        "size": "17 x 17\n                                            \n\n\n\n\ndisable-danger",
        "price": 5200000,
        "stock": 66
      }
    ],
    "discountPercentage": 27,
    "thumbnail": "https://images.hermanmiller.group/m/3b7c8e3e7d43986/W-DWR_2521505_100236357_agate_f_f.png?trim=auto&trim-sd=1&blend-mode=darken&blend=f0f0f0&bg=f0f0f0&auto=format&w=90&h=auto&fit=fill",
    "images": [
      "https://images.hermanmiller.group/m/3b7c8e3e7d43986/W-DWR_2521505_100236357_agate_f_f.png?trim=auto&trim-sd=1&blend-mode=darken&blend=f0f0f0&bg=f0f0f0&auto=format&w=800&h=auto&fit=fill"
    ]
  },
  {
    "title": "Checker Pillow by Alexander Girard",
    "product_category_id": "6814d2d2bf4554cf8921f574",
    "description": "\n            <div class=\"collapse-body pdp-summary-group-body\">\n                \n<div class=\"row\">\n    <div class=\"pdp-summary-group-col-1 col-12 col-lg-5\">\n\n        \n        \n\n        \n        \n            <div class=\"mb-3\">\n                Trained as an architect but proficient in nearly all design disciplines, Alexander Girard had a profound influence on 20th-century visual culture. During his 21 years as the director of design for the Herman Miller textile division, he designed more than 300 textiles, including Checker (1965). This cotton-blend pillow with feather filling is produced by renowned textile maker Maharam.\n            </div>\n        \n\n        \n        \n            <ul class=\"bulleted mb-3\">\n                \n                    <li>\n                        Removable cotton-blend cover.\n                    </li>\n                \n                    <li>\n                        Plush feather filling.\n                    </li>\n                \n                    <li>\n                        Choice of color.\n                    </li>\n                \n            </ul>\n                                \n\n        \n        \n    </div>\n\n    <div class=\"pdp-summary-group-col-2 col-12 col-lg-5 offset-lg-1\">\n        <div class=\"table table-content summary-table\">\n            \n                \n                \n                    <dl>\n                        <dt>\n                            Brand\n                        </dt>\n                        <dd>\n                            <a href=\"/brands-maharam?lang=en_US\">Maharam</a>\n                        </dd>\n                    </dl>\n                \n            \n            \n            \n            \n\n            \n            \n                <dl>\n                    <dt>\n                        General Dimensions\n                    </dt>\n                    <dd>\n                        <ul class=\"unstyled summary-pdp-dimensions-list\">\n                            \n                                <li>\n                                    11\" H 21\" W 5\" D\n                                </li>\n                            \n                        </ul>\n                    </dd>\n                </dl>\n            \n\n            \n            \n\n            \n            \n                <dl>\n                    <dt>\n                        Product Weight\n                    </dt>\n                    <dd class=\"summary-weight\">\n                        1.25 lbs\n                    </dd>\n                </dl>\n            \n\n            \n            <dl>\n                <dt>\n                    Assembly\n                </dt>\n                <dd>\n                    \n                        Comes fully assembled\n                    \n                </dd>\n            </dl>\n\n            \n            <dl>\n                <dt>\n                    Warranty\n                </dt>\n                <dd>\n                    \n                        1-year warranty<br>Terms and conditions apply. <a href=\"https://www.dwr.com/warranty.html\" target=\"_blank\">Learn more</a>\n                    \n                </dd>\n            </dl>\n\n            \n            \n\n            \n            \n\n            \n            \n        </div>\n    </div>\n</div>\n            </div>\n        ",
    "listSize": [
      {
        "size": "11\" x 21\"",
        "price": 5850000,
        "stock": 62
      },
      {
        "size": "17\" x 17\"",
        "price": 5200000,
        "stock": 71
      }
    ],
    "discountPercentage": 26,
    "thumbnail": "https://images.hermanmiller.group/m/a015c36cc93a8ca5/W-DWR_2197697_100334032_black_white_f.png?trim=auto&trim-sd=1&blend-mode=darken&blend=f0f0f0&bg=f0f0f0&auto=format&w=90&h=auto&fit=fill",
    "images": [
      "https://images.hermanmiller.group/m/a015c36cc93a8ca5/W-DWR_2197697_100334032_black_white_f.png?trim=auto&trim-sd=1&blend-mode=darken&blend=f0f0f0&bg=f0f0f0&auto=format&w=800&h=auto&fit=fill",
      "https://images.hermanmiller.group/m/0c95684f04b5c080/W-DWR_2197697_100334032_black_white_d1.png?trim=auto&trim-sd=1&blend-mode=darken&blend=f0f0f0&bg=f0f0f0&auto=format&w=800&h=auto&fit=fill",
      "https://images.hermanmiller.group/m/92a475423b729cd6/W-DWR_2197697_100334034_black_white_d2.png?trim=auto&trim-sd=1&bg=f0f0f0&auto=format&w=800&h=auto&fit=fill",
      "https://images.hermanmiller.group/m/72e43be3b794ea52/W-DWR_2546085_100334316_maneskinn_v1_001.png?trim=auto&trim-sd=1&bg=f0f0f0&auto=format&w=800&h=auto&fit=fill",
      "https://images.hermanmiller.group/m/bfc9c2e9c406830d/W-DWR_2197697_100334032_black_white_d2.png?trim=auto&trim-sd=1&bg=f0f0f0&auto=format&w=800&h=auto&fit=fill"
    ]
  },
  {
    "title": "Wide Corduroy Pillow",
    "product_category_id": "6814d2d2bf4554cf8921f574",
    "description": "\n            <div class=\"collapse-body pdp-summary-group-body\">\n                \n<div class=\"row\">\n    <div class=\"pdp-summary-group-col-1 col-12 col-lg-5\">\n\n        \n        \n\n        \n        \n            <div class=\"mb-3\">\n                Maharam Design Studio specializes in the design and development of textiles for residential and commercial interiors. Balancing an appreciation of history with a focus on aesthetic and industrial innovation, Maharam’s textiles reside in the permanent collections of MoMA, Cooper Hewitt and the Art Institute of Chicago, among others. The Wide Corduroy Pillow (2020) features a 100% cotton pillowcase.\n            </div>\n        \n\n        \n        \n            <ul class=\"bulleted mb-3\">\n                \n                    <li>\n                        Cotton corduroy pillow in a variety of colors.\n                    </li>\n                \n                    <li>\n                        Plush feather filling.\n                    </li>\n                \n            </ul>\n                                \n\n        \n        \n    </div>\n\n    <div class=\"pdp-summary-group-col-2 col-12 col-lg-5 offset-lg-1\">\n        <div class=\"table table-content summary-table\">\n            \n                \n                \n                    <dl>\n                        <dt>\n                            Brand\n                        </dt>\n                        <dd>\n                            <a href=\"/brands-maharam?lang=en_US\">Maharam</a>\n                        </dd>\n                    </dl>\n                \n            \n            \n            \n            \n\n            \n            \n                <dl>\n                    <dt>\n                        General Dimensions\n                    </dt>\n                    <dd>\n                        <ul class=\"unstyled summary-pdp-dimensions-list\">\n                            \n                                <li>\n                                    17\" H 17\" W 5\" D\n                                </li>\n                            \n                        </ul>\n                    </dd>\n                </dl>\n            \n\n            \n            \n\n            \n            \n\n            \n            <dl>\n                <dt>\n                    Assembly\n                </dt>\n                <dd>\n                    \n                        Comes fully assembled\n                    \n                </dd>\n            </dl>\n\n            \n            <dl>\n                <dt>\n                    Warranty\n                </dt>\n                <dd>\n                    \n                        1-year warranty<br>Terms and conditions apply. <a href=\"https://www.dwr.com/warranty.html\" target=\"_blank\">Learn more</a>\n                    \n                </dd>\n            </dl>\n\n            \n            \n\n            \n            \n\n            \n            \n        </div>\n    </div>\n</div>\n            </div>\n        ",
    "listSize": [
      {
        "size": "11\" x 21\"",
        "price": 5070000,
        "stock": 87
      },
      {
        "size": "17\" x 17\"",
        "price": 5200000,
        "stock": 83
      },
      {
        "size": "18\" x 26\"",
        "price": 7150000,
        "stock": 71
      }
    ],
    "discountPercentage": 13,
    "thumbnail": "https://images.hermanmiller.group/m/93ee84728834d7bf/W-DWR_2517993_100170863_oleander_f.png?trim=auto&trim-sd=1&blend-mode=darken&blend=f0f0f0&bg=f0f0f0&auto=format&w=90&h=auto&fit=fill",
    "images": [
      "https://images.hermanmiller.group/m/93ee84728834d7bf/W-DWR_2517993_100170863_oleander_f.png?trim=auto&trim-sd=1&blend-mode=darken&blend=f0f0f0&bg=f0f0f0&auto=format&w=800&h=auto&fit=fill",
      "https://images.hermanmiller.group/m/dd33097b10d936b1/W-DWR_2517993_100170859_oleander_d1.png?trim=auto&trim-sd=1&blend-mode=darken&blend=f0f0f0&bg=f0f0f0&auto=format&w=800&h=auto&fit=fill",
      "https://images.hermanmiller.group/m/3bf2ebb742cfaffa/W-HM_2527194_100209339_maple_chrome_v4_001.png?trim=auto&trim-sd=1&bg=f0f0f0&auto=format&w=800&h=auto&fit=fill",
      "https://images.hermanmiller.group/m/a11ed4add4b94aff/W-HM_2518280_100177099_navy_black_v1_001.png?trim=auto&trim-sd=1&bg=f0f0f0&auto=format&w=800&h=auto&fit=fill",
      "https://images.hermanmiller.group/m/3561f2c6ea99e42a/W-HM_2197621_100115878_snow_walnut_V1_132.png?trim=auto&trim-sd=1&bg=f0f0f0&auto=format&w=800&h=auto&fit=fill",
      "https://images.hermanmiller.group/m/53c949c8d53bf538/W-HM_4874_100190743_heathered_black_walnut_v1_020.png?trim=auto&trim-sd=1&bg=f0f0f0&auto=format&w=800&h=auto&fit=fill",
      "https://images.hermanmiller.group/m/f3e089f34beb9caf/W-DWR_2514131_100154493_cream_v2_014.png?trim=auto&trim-sd=1&bg=f0f0f0&auto=format&w=800&h=auto&fit=fill",
      "https://images.hermanmiller.group/m/8e806f438e8eeb40/W-DWR_2518283_100177198_gesso_aluminum_v2_001.png?trim=auto&trim-sd=1&bg=f0f0f0&auto=format&w=800&h=auto&fit=fill",
      "https://images.hermanmiller.group/m/2d19902204ec1c90/W-DWR_2518283_100177198_gesso_aluminum_v1_001.png?trim=auto&trim-sd=1&bg=f0f0f0&auto=format&w=800&h=auto&fit=fill",
      "https://images.hermanmiller.group/m/939bddf94fd6844f/W-DWR_2517991_100170645_peat_v2_001.png?trim=auto&trim-sd=1&bg=f0f0f0&auto=format&w=800&h=auto&fit=fill",
      "https://images.hermanmiller.group/m/dd9599087473b693/W-DWR_2517991_100170645_peat_v1_001.png?trim=auto&trim-sd=1&bg=f0f0f0&auto=format&w=800&h=auto&fit=fill"
    ]
  },
  {
    "title": "Sheepskin Pillow",
    "product_category_id": "6814d2d2bf4554cf8921f574",
    "description": "\n            <div class=\"collapse-body pdp-summary-group-body\">\n                \n<div class=\"row\">\n    <div class=\"pdp-summary-group-col-1 col-12 col-lg-5\">\n\n        \n        \n\n        \n        \n            <div class=\"mb-3\">\n                The Sheepskin Pillow brings fine texture and luxurious comfort to your bedroom or living room. It’s made from premium Patagonian sheepskin, which is known for its softness, in a choice of long, furry fibers or shorter, smooth ones. The pillow is stuffed with plush filling and neatly finished with a discreet zipper. Dry-clean only. Made in Argentina.\n            </div>\n        \n\n        \n        \n            <ul class=\"bulleted mb-3\">\n                \n                    <li>\n                        Made of premium sheepskin from Patagonia.\n                    </li>\n                \n                    <li>\n                        Choose from long, furry fibers or shorter, smooth ones.\n                    </li>\n                \n                    <li>\n                        Feather-down filling.\n                    </li>\n                \n                    <li>\n                        Note: Being a natural material, slight variations in color are to be expected and are not defects.\n                    </li>\n                \n            </ul>\n                                \n\n        \n        \n    </div>\n\n    <div class=\"pdp-summary-group-col-2 col-12 col-lg-5 offset-lg-1\">\n        <div class=\"table table-content summary-table\">\n            \n                \n                \n                    <dl>\n                        <dt>\n                            Brand\n                        </dt>\n                        <dd>\n                            <a href=\"/brands-design-within-reach?lang=en_US\">Design Within Reach</a>\n                        </dd>\n                    </dl>\n                \n            \n            \n            \n            \n\n            \n            \n                <dl>\n                    <dt>\n                        General Dimensions\n                    </dt>\n                    <dd>\n                        <ul class=\"unstyled summary-pdp-dimensions-list\">\n                            \n                                <li>\n                                    18\" x 18\" Short:1½\" H 18\" W 18\" D\n                                </li>\n                            \n                                <li>\n                                    18\" x 18\" Short:18\" H\n                                </li>\n                            \n                                <li>\n                                    18\" x 18\" Short:18\" W\n                                </li>\n                            \n                                <li>\n                                    18\" x 18\" Short:5\" D\n                                </li>\n                            \n                        </ul>\n                    </dd>\n                </dl>\n            \n\n            \n            \n\n            \n            \n                <dl>\n                    <dt>\n                        Product Weight\n                    </dt>\n                    <dd class=\"summary-weight\">\n                        2 lbs\n                    </dd>\n                </dl>\n            \n\n            \n            <dl>\n                <dt>\n                    Assembly\n                </dt>\n                <dd>\n                    \n                        Comes fully assembled\n                    \n                </dd>\n            </dl>\n\n            \n            <dl>\n                <dt>\n                    Warranty\n                </dt>\n                <dd>\n                    \n                        1-year warranty<br>Terms and conditions apply. <a href=\"https://www.dwr.com/warranty.html\" target=\"_blank\">Learn more</a>\n                    \n                </dd>\n            </dl>\n\n            \n            \n\n            \n            \n\n            \n            \n        </div>\n    </div>\n</div>\n            </div>\n        ",
    "listSize": [
      {
        "size": "11\" x 21\"",
        "price": 3380000,
        "stock": 71
      },
      {
        "size": "18\" x 18\"",
        "price": 4160000,
        "stock": 92
      }
    ],
    "discountPercentage": 12,
    "thumbnail": "https://images.hermanmiller.group/m/1eae71f8056c823a/W-DWR_7343_100332424_sand_short_f.png?trim=auto&trim-sd=1&blend-mode=darken&blend=f0f0f0&bg=f0f0f0&auto=format&w=90&h=auto&fit=fill",
    "images": [
      "https://images.hermanmiller.group/m/1eae71f8056c823a/W-DWR_7343_100332424_sand_short_f.png?trim=auto&trim-sd=1&blend-mode=darken&blend=f0f0f0&bg=f0f0f0&auto=format&w=800&h=auto&fit=fill",
      "https://images.hermanmiller.group/m/acb89a88de6f2508/W-DWR_7343_100332432_cream_short_d2.png?trim=auto&trim-sd=1&bg=f0f0f0&auto=format&w=800&h=auto&fit=fill",
      "https://images.hermanmiller.group/m/3be44ffff6f120ac/W-DWR_7343_100332429_cream_long_d2.png?trim=auto&trim-sd=1&bg=f0f0f0&auto=format&w=800&h=auto&fit=fill",
      "https://images.hermanmiller.group/m/05bf909a6891f81a/W-DWR_7343_100332426_cream_long_d2.png?trim=auto&trim-sd=1&bg=f0f0f0&auto=format&w=800&h=auto&fit=fill",
      "https://images.hermanmiller.group/m/bbc4f9b81e4de28a/W-DWR_7343_100332423_cream_short_d1.png?trim=auto&trim-sd=1&bg=f0f0f0&auto=format&w=800&h=auto&fit=fill",
      "https://images.hermanmiller.group/m/faa4d37c12d219b4/W-DWR_7343_100332430_sand_editorial_v4.png?trim=auto&trim-sd=1&bg=f0f0f0&auto=format&w=800&h=auto&fit=fill",
      "https://images.hermanmiller.group/m/fe6b73f4925ed68c/W-DWR_7343_100332430_sand_editorial_v1.png?trim=auto&trim-sd=1&bg=f0f0f0&auto=format&w=800&h=auto&fit=fill",
      "https://images.hermanmiller.group/m/1cf2cbb35c835d8e/W-DWR_7343_100332426_cream_long_editorial_v1.png?trim=auto&trim-sd=1&bg=f0f0f0&auto=format&w=800&h=auto&fit=fill",
      "https://images.hermanmiller.group/m/9f21764fae237f5e/W-HM_5667_100085197_oiled_walnut_black_v2_001.png?trim=auto&trim-sd=1&bg=f0f0f0&auto=format&w=800&h=auto&fit=fill"
    ]
  },
  {
    "title": "Wide Corduroy Pillow",
    "product_category_id": "6814d2d2bf4554cf8921f574",
    "description": "\n            <div class=\"collapse-body pdp-summary-group-body\">\n                \n<div class=\"row\">\n    <div class=\"pdp-summary-group-col-1 col-12 col-lg-5\">\n\n        \n        \n\n        \n        \n            <div class=\"mb-3\">\n                Maharam Design Studio specializes in the design and development of textiles for residential and commercial interiors. Balancing an appreciation of history with a focus on aesthetic and industrial innovation, Maharam’s textiles reside in the permanent collections of MoMA, Cooper Hewitt and the Art Institute of Chicago, among others. The Wide Corduroy Pillow (2020) features a 100% cotton pillowcase.\n            </div>\n        \n\n        \n        \n            <ul class=\"bulleted mb-3\">\n                \n                    <li>\n                        Cotton corduroy pillow in a variety of colors.\n                    </li>\n                \n                    <li>\n                        Plush feather filling.\n                    </li>\n                \n            </ul>\n                                \n\n        \n        \n    </div>\n\n    <div class=\"pdp-summary-group-col-2 col-12 col-lg-5 offset-lg-1\">\n        <div class=\"table table-content summary-table\">\n            \n                \n                \n                    <dl>\n                        <dt>\n                            Brand\n                        </dt>\n                        <dd>\n                            <a href=\"/brands-maharam?lang=en_US\">Maharam</a>\n                        </dd>\n                    </dl>\n                \n            \n            \n            \n            \n\n            \n            \n                <dl>\n                    <dt>\n                        General Dimensions\n                    </dt>\n                    <dd>\n                        <ul class=\"unstyled summary-pdp-dimensions-list\">\n                            \n                                <li>\n                                    11\" H 21\" W 5\" D\n                                </li>\n                            \n                        </ul>\n                    </dd>\n                </dl>\n            \n\n            \n            \n\n            \n            \n\n            \n            <dl>\n                <dt>\n                    Assembly\n                </dt>\n                <dd>\n                    \n                        Comes fully assembled\n                    \n                </dd>\n            </dl>\n\n            \n            <dl>\n                <dt>\n                    Warranty\n                </dt>\n                <dd>\n                    \n                        1-year warranty<br>Terms and conditions apply. <a href=\"https://www.dwr.com/warranty.html\" target=\"_blank\">Learn more</a>\n                    \n                </dd>\n            </dl>\n\n            \n            \n\n            \n            \n\n            \n            \n        </div>\n    </div>\n</div>\n            </div>\n        ",
    "listSize": [
      {
        "size": "11\" x 21\"",
        "price": 5070000,
        "stock": 94
      },
      {
        "size": "17\" x 17\"",
        "price": 5200000,
        "stock": 97
      },
      {
        "size": "18\" x 26\"",
        "price": 7150000,
        "stock": 79
      }
    ],
    "discountPercentage": 11,
    "thumbnail": "https://images.hermanmiller.group/m/69ca8d9f4c2edd12/W-DWR_2517993_100170853_mikado_f.png?trim=auto&trim-sd=1&blend-mode=darken&blend=f0f0f0&bg=f0f0f0&auto=format&w=90&h=auto&fit=fill",
    "images": [
      "https://images.hermanmiller.group/m/69ca8d9f4c2edd12/W-DWR_2517993_100170853_mikado_f.png?trim=auto&trim-sd=1&blend-mode=darken&blend=f0f0f0&bg=f0f0f0&auto=format&w=800&h=auto&fit=fill",
      "https://images.hermanmiller.group/m/5db47c98088a914e/W-DWR_2517993_100170852_mikado_d1.png?trim=auto&trim-sd=1&blend-mode=darken&blend=f0f0f0&bg=f0f0f0&auto=format&w=800&h=auto&fit=fill",
      "https://images.hermanmiller.group/m/3bf2ebb742cfaffa/W-HM_2527194_100209339_maple_chrome_v4_001.png?trim=auto&trim-sd=1&bg=f0f0f0&auto=format&w=800&h=auto&fit=fill",
      "https://images.hermanmiller.group/m/a11ed4add4b94aff/W-HM_2518280_100177099_navy_black_v1_001.png?trim=auto&trim-sd=1&bg=f0f0f0&auto=format&w=800&h=auto&fit=fill",
      "https://images.hermanmiller.group/m/3561f2c6ea99e42a/W-HM_2197621_100115878_snow_walnut_V1_132.png?trim=auto&trim-sd=1&bg=f0f0f0&auto=format&w=800&h=auto&fit=fill",
      "https://images.hermanmiller.group/m/53c949c8d53bf538/W-HM_4874_100190743_heathered_black_walnut_v1_020.png?trim=auto&trim-sd=1&bg=f0f0f0&auto=format&w=800&h=auto&fit=fill",
      "https://images.hermanmiller.group/m/f3e089f34beb9caf/W-DWR_2514131_100154493_cream_v2_014.png?trim=auto&trim-sd=1&bg=f0f0f0&auto=format&w=800&h=auto&fit=fill",
      "https://images.hermanmiller.group/m/8e806f438e8eeb40/W-DWR_2518283_100177198_gesso_aluminum_v2_001.png?trim=auto&trim-sd=1&bg=f0f0f0&auto=format&w=800&h=auto&fit=fill",
      "https://images.hermanmiller.group/m/2d19902204ec1c90/W-DWR_2518283_100177198_gesso_aluminum_v1_001.png?trim=auto&trim-sd=1&bg=f0f0f0&auto=format&w=800&h=auto&fit=fill",
      "https://images.hermanmiller.group/m/939bddf94fd6844f/W-DWR_2517991_100170645_peat_v2_001.png?trim=auto&trim-sd=1&bg=f0f0f0&auto=format&w=800&h=auto&fit=fill",
      "https://images.hermanmiller.group/m/dd9599087473b693/W-DWR_2517991_100170645_peat_v1_001.png?trim=auto&trim-sd=1&bg=f0f0f0&auto=format&w=800&h=auto&fit=fill"
    ]
  }
]
