[
  {
    "title": "Nelson Platform Bench",
    "product_category_id": "6814cf001bc9cc1308661f8b",
    "description": "\n            <div class=\"collapse-body pdp-summary-group-body\">\n                \n<div class=\"row\">\n    <div class=\"pdp-summary-group-col-1 col-12 col-lg-5\">\n\n        \n        \n\n        \n        \n            <div class=\"mb-3\">\n                For Herman Miller's influential design director George Nelson, utility was as important as beauty. Originally designed for his own office, where Nelson hoped the slatted top would discourage visitors from sitting too long, the Platform Bench (1946) is both timeless and functional. Available with finger-jointed wood base or slender chromed metal legs for superior strength. This is the authentic Nelson Bench produced by Herman Miller.\n            </div>\n        \n\n        \n        \n            <ul class=\"bulleted mb-3\">\n                \n                    <li>\n                        Solid wood construction with an airy slatted top.\n                    </li>\n                \n                    <li>\n                        Authentic modern bench designed by George Nelson.\n                    </li>\n                \n                    <li>\n                        Serves equally well as bench or table.\n                    </li>\n                \n            </ul>\n                                \n\n        \n        \n    </div>\n\n    <div class=\"pdp-summary-group-col-2 col-12 col-lg-5 offset-lg-1\">\n        <div class=\"table table-content summary-table\">\n            \n                \n                \n                    <dl>\n                        <dt>\n                            Brand\n                        </dt>\n                        <dd>\n                            <a href=\"/brands-herman-miller?lang=en_US\">Herman Miller</a>\n                        </dd>\n                    </dl>\n                \n            \n            \n            \n            \n                <dl>\n                    <dt>\n                        Collection\n                    </dt>\n                    <dd>\n                        <a href=\"/collection-nelson-bench?lang=en_US\">Nelson Bench Collection</a>\n                    </dd>\n                </dl>\n            \n\n            \n            \n                <dl>\n                    <dt>\n                        General Dimensions\n                    </dt>\n                    <dd>\n                        <ul class=\"unstyled summary-pdp-dimensions-list\">\n                            \n                                <li>\n                                    13⅞\" H 59⅞\" W 18⅛\" D\n                                </li>\n                            \n                        </ul>\n                    </dd>\n                </dl>\n            \n\n            \n            \n\n            \n            \n                <dl>\n                    <dt>\n                        Product Weight\n                    </dt>\n                    <dd class=\"summary-weight\">\n                        42 lbs\n                    </dd>\n                </dl>\n            \n\n            \n            <dl>\n                <dt>\n                    Assembly\n                </dt>\n                <dd>\n                    \n                        Requires Assembly\n                    \n                </dd>\n            </dl>\n\n            \n            <dl>\n                <dt>\n                    Warranty\n                </dt>\n                <dd>\n                    \n                        5-year warranty<br>Terms and conditions apply. <a href=\"https://www.dwr.com/warranty.html\" target=\"_blank\">Learn more</a>\n                    \n                </dd>\n            </dl>\n\n            \n            \n\n            \n            \n\n            \n            \n        </div>\n    </div>\n</div>\n            </div>\n        ",
    "listSize": [
      {
        "size": "48\"",
        "price": 51870000,
        "stock": 54
      },
      {
        "size": "60\"",
        "price": 59670000,
        "stock": 100
      },
      {
        "size": "72\"",
        "price": 64870000,
        "stock": 100
      }
    ],
    "discountPercentage": 21,
    "thumbnail": "https://images.hermanmiller.group/m/f10b4ae1a2590fa3/W-HM_1022_9135752_walnut_f.png?trim=auto&trim-sd=1&blend-mode=darken&blend=f0f0f0&bg=f0f0f0&auto=format&w=90&h=auto&fit=fill",
    "images": [
      "https://images.hermanmiller.group/m/f10b4ae1a2590fa3/W-HM_1022_9135752_walnut_f.png?trim=auto&trim-sd=1&blend-mode=darken&blend=f0f0f0&bg=f0f0f0&auto=format&w=800&h=auto&fit=fill",
      "https://images.hermanmiller.group/m/29202ba7120353c5/W-HM_1022_9135734_walnut_f.png?trim=auto&trim-sd=1&blend-mode=darken&blend=f0f0f0&bg=f0f0f0&auto=format&w=800&h=auto&fit=fill",
      "https://images.hermanmiller.group/m/265c5afa427bc0fc/W-HM_1022_9135725_walnut_d1.png?trim=auto&trim-sd=1&bg=f0f0f0&auto=format&w=800&h=auto&fit=fill",
      "https://images.hermanmiller.group/m/eee7640e883850a0/W-HM_1022_9135725_walnut_v3.png?trim=auto&trim-sd=1&bg=f0f0f0&auto=format&w=800&h=auto&fit=fill",
      "https://images.hermanmiller.group/m/ca9de2e41fc276f4/W-HM_1022_9135725_walnut_v2.png?trim=auto&trim-sd=1&bg=f0f0f0&auto=format&w=800&h=auto&fit=fill",
      "https://images.hermanmiller.group/m/d8a73ae4d80a2308/W-HM_1022_9135725_walnut_v1_001.png?trim=auto&trim-sd=1&bg=f0f0f0&auto=format&w=800&h=auto&fit=fill",
      "https://images.hermanmiller.group/m/6264951dabe1faf9/W-HM_1022_101769_natural_maple_v1.png?trim=auto&trim-sd=1&bg=f0f0f0&auto=format&w=800&h=auto&fit=fill",
      "https://images.hermanmiller.group/m/c60448f1b5c11320/W-HM_1022_485609_walnut_chrome_v3_001.png?trim=auto&trim-sd=1&bg=f0f0f0&auto=format&w=800&h=auto&fit=fill",
      "https://images.hermanmiller.group/m/fa14ce3ca017e582/W-HM_2526974_100209822_capri_oak_v1_001.png?trim=auto&trim-sd=1&bg=f0f0f0&auto=format&w=800&h=auto&fit=fill",
      "https://images.hermanmiller.group/m/60e29c9231e7c3b3/W-HM_Modernism_Kappe_House_LivingRoom.png?trim=auto&trim-sd=1&bg=f0f0f0&auto=format&w=800&h=auto&fit=fill",
      "https://images.hermanmiller.group/m/c846ca675504b9e/W-Beach_House_004_004_20190411105636331.png?trim=auto&trim-sd=1&bg=f0f0f0&auto=format&w=800&h=auto&fit=fill",
      "https://images.hermanmiller.group/m/3ef15b9aea38649d/W-HM_1022_9135743_walnut_v2-jpg.png?trim=auto&trim-sd=1&bg=f0f0f0&auto=format&w=800&h=auto&fit=fill",
      "https://images.hermanmiller.group/m/1bd474d9d7e4a8d3/W-HM_1022_485609_maple_v1_001.png?trim=auto&trim-sd=1&bg=f0f0f0&auto=format&w=800&h=auto&fit=fill",
      "https://images.hermanmiller.group/m/aadf2ad4fd7d2242/W-HM_1474_101523_maple_black_v3_001.png?trim=auto&trim-sd=1&bg=f0f0f0&auto=format&w=800&h=auto&fit=fill",
      "https://images.hermanmiller.group/m/27ce60f59bb6e6d8/W-HM_Venice_09_008.png?trim=auto&trim-sd=1&bg=f0f0f0&auto=format&w=800&h=auto&fit=fill"
    ]
  },
  {
    "title": "Nelson Platform Bench",
    "product_category_id": "6814cf001bc9cc1308661f8b",
    "description": "\n            <div class=\"collapse-body pdp-summary-group-body\">\n                \n<div class=\"row\">\n    <div class=\"pdp-summary-group-col-1 col-12 col-lg-5\">\n\n        \n        \n\n        \n        \n            <div class=\"mb-3\">\n                For Herman Miller's influential design director George Nelson, utility was as important as beauty. Originally designed for his own office, where Nelson hoped the slatted top would discourage visitors from sitting too long, the Platform Bench (1946) is both timeless and functional. Available with finger-jointed wood base or slender chromed metal legs for superior strength. This is the authentic Nelson Bench produced by Herman Miller.\n            </div>\n        \n\n        \n        \n            <ul class=\"bulleted mb-3\">\n                \n                    <li>\n                        Solid wood construction with an airy slatted top.\n                    </li>\n                \n                    <li>\n                        Authentic modern bench designed by George Nelson.\n                    </li>\n                \n                    <li>\n                        Serves equally well as bench or table.\n                    </li>\n                \n            </ul>\n                                \n\n        \n        \n    </div>\n\n    <div class=\"pdp-summary-group-col-2 col-12 col-lg-5 offset-lg-1\">\n        <div class=\"table table-content summary-table\">\n            \n                \n                \n                    <dl>\n                        <dt>\n                            Brand\n                        </dt>\n                        <dd>\n                            <a href=\"/brands-herman-miller?lang=en_US\">Herman Miller</a>\n                        </dd>\n                    </dl>\n                \n            \n            \n            \n            \n                <dl>\n                    <dt>\n                        Collection\n                    </dt>\n                    <dd>\n                        <a href=\"/collection-nelson-bench?lang=en_US\">Nelson Bench Collection</a>\n                    </dd>\n                </dl>\n            \n\n            \n            \n                <dl>\n                    <dt>\n                        General Dimensions\n                    </dt>\n                    <dd>\n                        <ul class=\"unstyled summary-pdp-dimensions-list\">\n                            \n                                <li>\n                                    13⅞\" H 47¾\" W 18⅛\" D\n                                </li>\n                            \n                        </ul>\n                    </dd>\n                </dl>\n            \n\n            \n            \n\n            \n            \n                <dl>\n                    <dt>\n                        Product Weight\n                    </dt>\n                    <dd class=\"summary-weight\">\n                        35.5 lbs\n                    </dd>\n                </dl>\n            \n\n            \n            <dl>\n                <dt>\n                    Assembly\n                </dt>\n                <dd>\n                    \n                        Requires Assembly\n                    \n                </dd>\n            </dl>\n\n            \n            <dl>\n                <dt>\n                    Warranty\n                </dt>\n                <dd>\n                    \n                        5-year warranty<br>Terms and conditions apply. <a href=\"https://www.dwr.com/warranty.html\" target=\"_blank\">Learn more</a>\n                    \n                </dd>\n            </dl>\n\n            \n            \n\n            \n            \n\n            \n            \n        </div>\n    </div>\n</div>\n            </div>\n        ",
    "listSize": [
      {
        "size": "48\"",
        "price": 44070000,
        "stock": 52
      },
      {
        "size": "60\"",
        "price": 51870000,
        "stock": 97
      },
      {
        "size": "72\"",
        "price": 57070000,
        "stock": 73
      }
    ],
    "discountPercentage": 23,
    "thumbnail": "https://images.hermanmiller.group/m/1a3480a906989a24/W-HM_1022_485616_natural_maple-tif.png?trim=auto&trim-sd=1&blend-mode=darken&blend=f0f0f0&bg=f0f0f0&auto=format&w=90&h=auto&fit=fill",
    "images": [
      "https://images.hermanmiller.group/m/1a3480a906989a24/W-HM_1022_485616_natural_maple-tif.png?trim=auto&trim-sd=1&blend-mode=darken&blend=f0f0f0&bg=f0f0f0&auto=format&w=800&h=auto&fit=fill",
      "https://images.hermanmiller.group/m/38b681b0373a7bb2/W-HM_1022_485586_natural_maple_f-tif.png?trim=auto&trim-sd=1&blend-mode=darken&blend=f0f0f0&bg=f0f0f0&auto=format&w=800&h=auto&fit=fill",
      "https://images.hermanmiller.group/m/265c5afa427bc0fc/W-HM_1022_9135725_walnut_d1.png?trim=auto&trim-sd=1&bg=f0f0f0&auto=format&w=800&h=auto&fit=fill",
      "https://images.hermanmiller.group/m/eee7640e883850a0/W-HM_1022_9135725_walnut_v3.png?trim=auto&trim-sd=1&bg=f0f0f0&auto=format&w=800&h=auto&fit=fill",
      "https://images.hermanmiller.group/m/ca9de2e41fc276f4/W-HM_1022_9135725_walnut_v2.png?trim=auto&trim-sd=1&bg=f0f0f0&auto=format&w=800&h=auto&fit=fill",
      "https://images.hermanmiller.group/m/d8a73ae4d80a2308/W-HM_1022_9135725_walnut_v1_001.png?trim=auto&trim-sd=1&bg=f0f0f0&auto=format&w=800&h=auto&fit=fill",
      "https://images.hermanmiller.group/m/6264951dabe1faf9/W-HM_1022_101769_natural_maple_v1.png?trim=auto&trim-sd=1&bg=f0f0f0&auto=format&w=800&h=auto&fit=fill",
      "https://images.hermanmiller.group/m/c60448f1b5c11320/W-HM_1022_485609_walnut_chrome_v3_001.png?trim=auto&trim-sd=1&bg=f0f0f0&auto=format&w=800&h=auto&fit=fill",
      "https://images.hermanmiller.group/m/fa14ce3ca017e582/W-HM_2526974_100209822_capri_oak_v1_001.png?trim=auto&trim-sd=1&bg=f0f0f0&auto=format&w=800&h=auto&fit=fill",
      "https://images.hermanmiller.group/m/60e29c9231e7c3b3/W-HM_Modernism_Kappe_House_LivingRoom.png?trim=auto&trim-sd=1&bg=f0f0f0&auto=format&w=800&h=auto&fit=fill",
      "https://images.hermanmiller.group/m/c846ca675504b9e/W-Beach_House_004_004_20190411105636331.png?trim=auto&trim-sd=1&bg=f0f0f0&auto=format&w=800&h=auto&fit=fill",
      "https://images.hermanmiller.group/m/3ef15b9aea38649d/W-HM_1022_9135743_walnut_v2-jpg.png?trim=auto&trim-sd=1&bg=f0f0f0&auto=format&w=800&h=auto&fit=fill",
      "https://images.hermanmiller.group/m/1bd474d9d7e4a8d3/W-HM_1022_485609_maple_v1_001.png?trim=auto&trim-sd=1&bg=f0f0f0&auto=format&w=800&h=auto&fit=fill",
      "https://images.hermanmiller.group/m/aadf2ad4fd7d2242/W-HM_1474_101523_maple_black_v3_001.png?trim=auto&trim-sd=1&bg=f0f0f0&auto=format&w=800&h=auto&fit=fill",
      "https://images.hermanmiller.group/m/27ce60f59bb6e6d8/W-HM_Venice_09_008.png?trim=auto&trim-sd=1&bg=f0f0f0&auto=format&w=800&h=auto&fit=fill"
    ]
  },
  {
    "title": "Nelson Cane Bench",
    "product_category_id": "6814cf001bc9cc1308661f8b",
    "description": "\n            <div class=\"collapse-body pdp-summary-group-body\">\n                \n<div class=\"row\">\n    <div class=\"pdp-summary-group-col-1 col-12 col-lg-5\">\n\n        \n        \n\n        \n        \n            <div class=\"mb-3\">\n                While its more austere predecessor – with wooden slat seat – was designed by George Nelson to discourage guests from lingering in his office, the comfortable Nelson Cane Bench (1952) is sure to encourage any visitor to stay. Offering a pleasing mix of materials, the richly textured cane is surrounded by a wood frame, and stands on metal legs. Because the cane is taut but gives ever so slightly, this bench is ideally suited for use as a seat, table, or both. This is the authentic Nelson Bench produced by Herman Miller.\n            </div>\n        \n\n        \n        \n            <ul class=\"bulleted mb-3\">\n                \n                    <li>\n                        Cane platform with maple or walnut border.\n                    </li>\n                \n                    <li>\n                        Black or chrome metal legs.\n                    </li>\n                \n                    <li>\n                        Serves as a comfortable seat, coffee table, ottoman, or surface for display.\n                    </li>\n                \n                    <li>\n                        Authentic 1952 design by George Nelson, now back in production.\n                    </li>\n                \n            </ul>\n                                \n\n        \n        \n    </div>\n\n    <div class=\"pdp-summary-group-col-2 col-12 col-lg-5 offset-lg-1\">\n        <div class=\"table table-content summary-table\">\n            \n                \n                \n                    <dl>\n                        <dt>\n                            Brand\n                        </dt>\n                        <dd>\n                            <a href=\"/brands-herman-miller?lang=en_US\">Herman Miller</a>\n                        </dd>\n                    </dl>\n                \n            \n            \n            \n            \n                <dl>\n                    <dt>\n                        Collection\n                    </dt>\n                    <dd>\n                        <a href=\"/collection-nelson-bench?lang=en_US\">Nelson Bench Collection</a>\n                    </dd>\n                </dl>\n            \n\n            \n            \n                <dl>\n                    <dt>\n                        General Dimensions\n                    </dt>\n                    <dd>\n                        <ul class=\"unstyled summary-pdp-dimensions-list\">\n                            \n                                <li>\n                                    14\" H 18\" W 60\" D\n                                </li>\n                            \n                        </ul>\n                    </dd>\n                </dl>\n            \n\n            \n            \n\n            \n            \n\n            \n            <dl>\n                <dt>\n                    Assembly\n                </dt>\n                <dd>\n                    \n                        Requires Assembly\n                    \n                </dd>\n            </dl>\n\n            \n            <dl>\n                <dt>\n                    Warranty\n                </dt>\n                <dd>\n                    \n                        5-year warranty<br>Terms and conditions apply. <a href=\"https://www.dwr.com/warranty.html\" target=\"_blank\">Learn more</a>\n                    \n                </dd>\n            </dl>\n\n            \n            \n\n            \n            \n\n            \n            \n        </div>\n    </div>\n</div>\n            </div>\n        ",
    "listSize": [
      {
        "size": "48\"",
        "price": 51870000,
        "stock": 65
      },
      {
        "size": "60\"",
        "price": 59670000,
        "stock": 87
      },
      {
        "size": "72\"",
        "price": 64870000,
        "stock": 97
      }
    ],
    "discountPercentage": 19,
    "thumbnail": "https://images.hermanmiller.group/m/1aacd7c81519984e/W-DWR_2527194_100209336_walnut_chrome_f.png?trim=auto&trim-sd=1&blend-mode=darken&blend=f0f0f0&bg=f0f0f0&auto=format&w=90&h=auto&fit=fill",
    "images": [
      "https://images.hermanmiller.group/m/1aacd7c81519984e/W-DWR_2527194_100209336_walnut_chrome_f.png?trim=auto&trim-sd=1&blend-mode=darken&blend=f0f0f0&bg=f0f0f0&auto=format&w=800&h=auto&fit=fill",
      "https://images.hermanmiller.group/m/d1528a4bc01563ea/W-DWR_2527194_100209338_walnut_chrome_d.png?trim=auto&trim-sd=1&blend-mode=darken&blend=f0f0f0&bg=f0f0f0&auto=format&w=800&h=auto&fit=fill",
      "https://images.hermanmiller.group/m/2a8bc40995fe4b57/W-DWR_2567197_100442531_tidal_v1_004.png?trim=auto&trim-sd=1&bg=f0f0f0&auto=format&w=800&h=auto&fit=fill",
      "https://images.hermanmiller.group/m/74f4f5a9ac624657/W-HM_2544056_100328024_chiaro_oak_v2_001.png?trim=auto&trim-sd=1&bg=f0f0f0&auto=format&w=800&h=auto&fit=fill",
      "https://images.hermanmiller.group/m/52f238ec8659d6b5/W-HM_2544056_100328024_chiaro_oak_v1_001.png?trim=auto&trim-sd=1&bg=f0f0f0&auto=format&w=800&h=auto&fit=fill",
      "https://images.hermanmiller.group/m/3bf2ebb742cfaffa/W-HM_2527194_100209339_maple_chrome_v4_001.png?trim=auto&trim-sd=1&bg=f0f0f0&auto=format&w=800&h=auto&fit=fill",
      "https://images.hermanmiller.group/m/0c3758e484521c67/W-HM_2527194_100209339_maple_chrome_v3_019.png?trim=auto&trim-sd=1&bg=f0f0f0&auto=format&w=800&h=auto&fit=fill",
      "https://images.hermanmiller.group/m/3958d93d6e40fbf9/W-HM_2527194_100209337_maple_chrome_v2_0482.png?trim=auto&trim-sd=1&bg=f0f0f0&auto=format&w=800&h=auto&fit=fill",
      "https://images.hermanmiller.group/m/a60f6c910863a5b6/W-HM_2527194_100209337_maple_chrome_v1_0481.png?trim=auto&trim-sd=1&bg=f0f0f0&auto=format&w=800&h=auto&fit=fill",
      "https://images.hermanmiller.group/m/5ac2f76b0872e7e4/W-HM_2527194_100209339_maple_chrome_v1_001.png?trim=auto&trim-sd=1&bg=f0f0f0&auto=format&w=800&h=auto&fit=fill"
    ]
  },
  {
    "title": "Matera Storage Bench",
    "product_category_id": "6814cf001bc9cc1308661f8b",
    "description": "\n            <div class=\"collapse-body pdp-summary-group-body\">\n                \n<div class=\"row\">\n    <div class=\"pdp-summary-group-col-1 col-12 col-lg-5\">\n\n        \n        \n\n        \n        \n            <div class=\"mb-3\">\n                The Matera Collection (2007), focused on delivering ample storage, is the work of Sean Yoo, who at the time of its conception lived in Matera, Italy. The Matera Storage Bench features clean lines nicely finished with beveled edges, running match-wood grain, and exposed-slot mortise-and-tenon corner joints, plus a sled base that lends an airy feel. It offers extra room for clothing, bedding and more, with a hinged top for convenient access. Made in Malaysia.\n            </div>\n        \n\n        \n        \n            <ul class=\"bulleted mb-3\">\n                \n                    <li>\n                        Sleek storage solution.\n                    </li>\n                \n                    <li>\n                        Solid wood frame secured with mortise-and-tenon corner joints.\n                    </li>\n                \n                    <li>\n                        Hinged top lifts up to reveal roomy storage space inside.\n                    </li>\n                \n            </ul>\n                                \n\n        \n        \n    </div>\n\n    <div class=\"pdp-summary-group-col-2 col-12 col-lg-5 offset-lg-1\">\n        <div class=\"table table-content summary-table\">\n            \n                \n                \n                    <dl>\n                        <dt>\n                            Brand\n                        </dt>\n                        <dd>\n                            <a href=\"/brands-design-within-reach?lang=en_US\">Design Within Reach</a>\n                        </dd>\n                    </dl>\n                \n            \n            \n            \n            \n                <dl>\n                    <dt>\n                        Collection\n                    </dt>\n                    <dd>\n                        <a href=\"/collection-matera?lang=en_US\">Matera Collection</a>\n                    </dd>\n                </dl>\n            \n\n            \n            \n                <dl>\n                    <dt>\n                        General Dimensions\n                    </dt>\n                    <dd>\n                        <ul class=\"unstyled summary-pdp-dimensions-list\">\n                            \n                                <li>\n                                    15\" H 64⅝\" W 17⅜\" D\n                                </li>\n                            \n                        </ul>\n                    </dd>\n                </dl>\n            \n\n            \n            \n\n            \n            \n                <dl>\n                    <dt>\n                        Product Weight\n                    </dt>\n                    <dd class=\"summary-weight\">\n                        88.25 lbs\n                    </dd>\n                </dl>\n            \n\n            \n            <dl>\n                <dt>\n                    Assembly\n                </dt>\n                <dd>\n                    \n                        Comes fully assembled\n                    \n                </dd>\n            </dl>\n\n            \n            <dl>\n                <dt>\n                    Warranty\n                </dt>\n                <dd>\n                    \n                        1-year warranty<br>Terms and conditions apply. <a href=\"https://www.dwr.com/warranty.html\" target=\"_blank\">Learn more</a>\n                    \n                </dd>\n            </dl>\n\n            \n            \n\n            \n            \n\n            \n            \n        </div>\n    </div>\n</div>\n            </div>\n        ",
    "listSize": [
      {
        "size": "Small",
        "price": 46670000,
        "stock": 92
      },
      {
        "size": "Large",
        "price": 54470000,
        "stock": 87
      }
    ],
    "discountPercentage": 20,
    "thumbnail": "https://images.hermanmiller.group/m/2701e3f341cd77f4/W-DWR_2635_9178854_walnut_f.png?trim=auto&trim-sd=1&blend-mode=darken&blend=f0f0f0&bg=f0f0f0&auto=format&w=90&h=auto&fit=fill",
    "images": [
      "https://images.hermanmiller.group/m/2701e3f341cd77f4/W-DWR_2635_9178854_walnut_f.png?trim=auto&trim-sd=1&blend-mode=darken&blend=f0f0f0&bg=f0f0f0&auto=format&w=800&h=auto&fit=fill",
      "https://images.hermanmiller.group/m/ca073d28b5ed7f4b/W-DWR_2635_9178881_walnut_d3.png?trim=auto&trim-sd=1&blend-mode=darken&blend=f0f0f0&bg=f0f0f0&auto=format&w=800&h=auto&fit=fill",
      "https://images.hermanmiller.group/m/8ad2db565529ce20/W-DWR_2635_9178854_walnut_v1_002.png?trim=auto&trim-sd=1&bg=f0f0f0&auto=format&w=800&h=auto&fit=fill",
      "https://images.hermanmiller.group/m/4d7256422bf577b0/W-DWR_2635_9178854_walnut_v1_001.png?trim=auto&trim-sd=1&bg=f0f0f0&auto=format&w=800&h=auto&fit=fill"
    ]
  },
  {
    "title": "Matera Storage Bench",
    "product_category_id": "6814cf001bc9cc1308661f8b",
    "description": "\n            <div class=\"collapse-body pdp-summary-group-body\">\n                \n<div class=\"row\">\n    <div class=\"pdp-summary-group-col-1 col-12 col-lg-5\">\n\n        \n        \n\n        \n        \n            <div class=\"mb-3\">\n                The Matera Collection (2007), focused on delivering ample storage, is the work of Sean Yoo, who at the time of its conception lived in Matera, Italy. The Matera Storage Bench features clean lines nicely finished with beveled edges, running match-wood grain, and exposed-slot mortise-and-tenon corner joints, plus a sled base that lends an airy feel. It offers extra room for clothing, bedding and more, with a hinged top for convenient access. Made in Malaysia.\n            </div>\n        \n\n        \n        \n            <ul class=\"bulleted mb-3\">\n                \n                    <li>\n                        Sleek storage solution.\n                    </li>\n                \n                    <li>\n                        Solid wood frame secured with mortise-and-tenon corner joints.\n                    </li>\n                \n                    <li>\n                        Hinged top lifts up to reveal roomy storage space inside.\n                    </li>\n                \n            </ul>\n                                \n\n        \n        \n    </div>\n\n    <div class=\"pdp-summary-group-col-2 col-12 col-lg-5 offset-lg-1\">\n        <div class=\"table table-content summary-table\">\n            \n                \n                \n                    <dl>\n                        <dt>\n                            Brand\n                        </dt>\n                        <dd>\n                            <a href=\"/brands-design-within-reach?lang=en_US\">Design Within Reach</a>\n                        </dd>\n                    </dl>\n                \n            \n            \n            \n            \n                <dl>\n                    <dt>\n                        Collection\n                    </dt>\n                    <dd>\n                        <a href=\"/collection-matera?lang=en_US\">Matera Collection</a>\n                    </dd>\n                </dl>\n            \n\n            \n            \n                <dl>\n                    <dt>\n                        General Dimensions\n                    </dt>\n                    <dd>\n                        <ul class=\"unstyled summary-pdp-dimensions-list\">\n                            \n                                <li>\n                                    15\" H 43⅜\" W 17⅜\" D\n                                </li>\n                            \n                        </ul>\n                    </dd>\n                </dl>\n            \n\n            \n            \n\n            \n            \n                <dl>\n                    <dt>\n                        Product Weight\n                    </dt>\n                    <dd class=\"summary-weight\">\n                        72.5 lbs\n                    </dd>\n                </dl>\n            \n\n            \n            <dl>\n                <dt>\n                    Assembly\n                </dt>\n                <dd>\n                    \n                        Comes fully assembled\n                    \n                </dd>\n            </dl>\n\n            \n            <dl>\n                <dt>\n                    Warranty\n                </dt>\n                <dd>\n                    \n                        1-year warranty<br>Terms and conditions apply. <a href=\"https://www.dwr.com/warranty.html\" target=\"_blank\">Learn more</a>\n                    \n                </dd>\n            </dl>\n\n            \n            \n\n            \n            \n\n            \n            \n        </div>\n    </div>\n</div>\n            </div>\n        ",
    "listSize": [
      {
        "size": "Small",
        "price": 41470000,
        "stock": 70
      },
      {
        "size": "Large",
        "price": 49270000,
        "stock": 94
      }
    ],
    "discountPercentage": 15,
    "thumbnail": "https://images.hermanmiller.group/m/b20559174c89dafa/W-DWR_2635_9178845_oak_f.png?trim=auto&trim-sd=1&blend-mode=darken&blend=f0f0f0&bg=f0f0f0&auto=format&w=90&h=auto&fit=fill",
    "images": [
      "https://images.hermanmiller.group/m/b20559174c89dafa/W-DWR_2635_9178845_oak_f.png?trim=auto&trim-sd=1&blend-mode=darken&blend=f0f0f0&bg=f0f0f0&auto=format&w=800&h=auto&fit=fill",
      "https://images.hermanmiller.group/m/8ad2db565529ce20/W-DWR_2635_9178854_walnut_v1_002.png?trim=auto&trim-sd=1&bg=f0f0f0&auto=format&w=800&h=auto&fit=fill",
      "https://images.hermanmiller.group/m/4d7256422bf577b0/W-DWR_2635_9178854_walnut_v1_001.png?trim=auto&trim-sd=1&bg=f0f0f0&auto=format&w=800&h=auto&fit=fill"
    ]
  },
  {
    "title": "Line Storage Bench",
    "product_category_id": "6814cf001bc9cc1308661f8b",
    "description": "\n            <div class=\"collapse-body pdp-summary-group-body\">\n                \n<div class=\"row\">\n    <div class=\"pdp-summary-group-col-1 col-12 col-lg-5\">\n\n        \n        \n\n        \n        \n            <div class=\"mb-3\">\n                A customer favorite since its debut, the Line Collection features geometric frames made out of precisely crafted oak or walnut. It's distinguished by its strong horizontal lines that reflect natural landscapes and lend a sense of restfulness and calm. The Line Storage Bench (2019) features a lift-up top with convenient lid-stay hardware, providing room for storing extra linens, clothes, and more. Made in Malaysia.\n            </div>\n        \n\n        \n        \n            <ul class=\"bulleted mb-3\">\n                \n                    <li>\n                        Sleek modern storage bench.\n                    </li>\n                \n                    <li>\n                        Versatile storage solution for small spaces.\n                    </li>\n                \n                    <li>\n                        Lift-up top with convenient lid-stay hardware.\n                    </li>\n                \n            </ul>\n                                \n\n        \n        \n    </div>\n\n    <div class=\"pdp-summary-group-col-2 col-12 col-lg-5 offset-lg-1\">\n        <div class=\"table table-content summary-table\">\n            \n                \n                \n                    <dl>\n                        <dt>\n                            Brand\n                        </dt>\n                        <dd>\n                            <a href=\"/brands-design-within-reach?lang=en_US\">Design Within Reach</a>\n                        </dd>\n                    </dl>\n                \n            \n            \n            \n            \n                <dl>\n                    <dt>\n                        Collection\n                    </dt>\n                    <dd>\n                        <a href=\"/collection-line?lang=en_US\">Line Collection</a>\n                    </dd>\n                </dl>\n            \n\n            \n            \n                <dl>\n                    <dt>\n                        General Dimensions\n                    </dt>\n                    <dd>\n                        <ul class=\"unstyled summary-pdp-dimensions-list\">\n                            \n                                <li>\n                                    15½\" H 60\" W 19¾\" D\n                                </li>\n                            \n                        </ul>\n                    </dd>\n                </dl>\n            \n\n            \n            \n\n            \n            \n\n            \n            <dl>\n                <dt>\n                    Assembly\n                </dt>\n                <dd>\n                    \n                        Comes fully assembled\n                    \n                </dd>\n            </dl>\n\n            \n            <dl>\n                <dt>\n                    Warranty\n                </dt>\n                <dd>\n                    \n                        1-year warranty<br>Terms and conditions apply. <a href=\"https://www.dwr.com/warranty.html\" target=\"_blank\">Learn more</a>\n                    \n                </dd>\n            </dl>\n\n            \n            \n\n            \n            \n\n            \n            \n        </div>\n    </div>\n</div>\n            </div>\n        ",
    "listSize": [
      {
        "size": "Small",
        "price": 44070000,
        "stock": 81
      },
      {
        "size": "Large",
        "price": 51870000,
        "stock": 61
      }
    ],
    "discountPercentage": 15,
    "thumbnail": "https://images.hermanmiller.group/m/d8a96cb23420874c/W-DWR_2516169_100143703_oak_f.png?trim=auto&trim-sd=1&blend-mode=darken&blend=f0f0f0&bg=f0f0f0&auto=format&w=90&h=auto&fit=fill",
    "images": [
      "https://images.hermanmiller.group/m/d8a96cb23420874c/W-DWR_2516169_100143703_oak_f.png?trim=auto&trim-sd=1&blend-mode=darken&blend=f0f0f0&bg=f0f0f0&auto=format&w=800&h=auto&fit=fill",
      "https://images.hermanmiller.group/m/efea6860d6494f29/W-DWR_2516169_100143703_oak_a.png?trim=auto&trim-sd=1&blend-mode=darken&blend=f0f0f0&bg=f0f0f0&auto=format&w=800&h=auto&fit=fill",
      "https://images.hermanmiller.group/m/fb8064886c26765e/W-DWR_2516169_100143699_oak_d2.png?trim=auto&trim-sd=1&blend-mode=darken&blend=f0f0f0&bg=f0f0f0&auto=format&w=800&h=auto&fit=fill",
      "https://images.hermanmiller.group/m/ee0c461cfbc21f4f/W-DWR_2516169_100143703_oak_d1.png?trim=auto&trim-sd=1&blend-mode=darken&blend=f0f0f0&bg=f0f0f0&auto=format&w=800&h=auto&fit=fill",
      "https://images.hermanmiller.group/m/ed8435de38153d24/W-DWR_2516169_100143701_walnut_v1_002.png?trim=auto&trim-sd=1&bg=f0f0f0&auto=format&w=800&h=auto&fit=fill"
    ]
  },
  {
    "title": "Line Storage Bench",
    "product_category_id": "6814cf001bc9cc1308661f8b",
    "description": "\n            <div class=\"collapse-body pdp-summary-group-body\">\n                \n<div class=\"row\">\n    <div class=\"pdp-summary-group-col-1 col-12 col-lg-5\">\n\n        \n        \n\n        \n        \n            <div class=\"mb-3\">\n                A customer favorite since its debut, the Line Collection features geometric frames made out of precisely crafted oak or walnut. It's distinguished by its strong horizontal lines that reflect natural landscapes and lend a sense of restfulness and calm. The Line Storage Bench (2019) features a lift-up top with convenient lid-stay hardware, providing room for storing extra linens, clothes, and more. Made in Malaysia.\n            </div>\n        \n\n        \n        \n            <ul class=\"bulleted mb-3\">\n                \n                    <li>\n                        Sleek modern storage bench.\n                    </li>\n                \n                    <li>\n                        Versatile storage solution for small spaces.\n                    </li>\n                \n                    <li>\n                        Lift-up top with convenient lid-stay hardware.\n                    </li>\n                \n            </ul>\n                                \n\n        \n        \n    </div>\n\n    <div class=\"pdp-summary-group-col-2 col-12 col-lg-5 offset-lg-1\">\n        <div class=\"table table-content summary-table\">\n            \n                \n                \n                    <dl>\n                        <dt>\n                            Brand\n                        </dt>\n                        <dd>\n                            <a href=\"/brands-design-within-reach?lang=en_US\">Design Within Reach</a>\n                        </dd>\n                    </dl>\n                \n            \n            \n            \n            \n                <dl>\n                    <dt>\n                        Collection\n                    </dt>\n                    <dd>\n                        <a href=\"/collection-line?lang=en_US\">Line Collection</a>\n                    </dd>\n                </dl>\n            \n\n            \n            \n                <dl>\n                    <dt>\n                        General Dimensions\n                    </dt>\n                    <dd>\n                        <ul class=\"unstyled summary-pdp-dimensions-list\">\n                            \n                                <li>\n                                    15½\" H 48\" W 19¾\" D\n                                </li>\n                            \n                        </ul>\n                    </dd>\n                </dl>\n            \n\n            \n            \n\n            \n            \n\n            \n            <dl>\n                <dt>\n                    Assembly\n                </dt>\n                <dd>\n                    \n                        Comes fully assembled\n                    \n                </dd>\n            </dl>\n\n            \n            <dl>\n                <dt>\n                    Warranty\n                </dt>\n                <dd>\n                    \n                        1-year warranty<br>Terms and conditions apply. <a href=\"https://www.dwr.com/warranty.html\" target=\"_blank\">Learn more</a>\n                    \n                </dd>\n            </dl>\n\n            \n            \n\n            \n            \n\n            \n            \n        </div>\n    </div>\n</div>\n            </div>\n        ",
    "listSize": [
      {
        "size": "Small",
        "price": 44070000,
        "stock": 86
      },
      {
        "size": "Large",
        "price": 49270000,
        "stock": 67
      }
    ],
    "discountPercentage": 20,
    "thumbnail": "https://images.hermanmiller.group/m/819514e138e24af6/W-DWR_2516169_100143704_black_f.png?trim=auto&trim-sd=1&blend-mode=darken&blend=f0f0f0&bg=f0f0f0&auto=format&w=90&h=auto&fit=fill",
    "images": [
      "https://images.hermanmiller.group/m/819514e138e24af6/W-DWR_2516169_100143704_black_f.png?trim=auto&trim-sd=1&blend-mode=darken&blend=f0f0f0&bg=f0f0f0&auto=format&w=800&h=auto&fit=fill",
      "https://images.hermanmiller.group/m/ed8435de38153d24/W-DWR_2516169_100143701_walnut_v1_002.png?trim=auto&trim-sd=1&bg=f0f0f0&auto=format&w=800&h=auto&fit=fill"
    ]
  },
  {
    "title": "Vella Bench",
    "product_category_id": "6814cf001bc9cc1308661f8b",
    "description": "\n            <div class=\"collapse-body pdp-summary-group-body\">\n                \n<div class=\"row\">\n    <div class=\"pdp-summary-group-col-1 col-12 col-lg-5\">\n\n        \n        \n\n        \n        \n            <div class=\"mb-3\">\n                Designer Michele di Fonzo is the third generation of his family to celebrate and build upon the leather traditions his grandfather began in 1921. For nearly a century, this family of designers has been transforming leather into a versatile and modern product, drawing inspiration from other fields like fashion and luggage design, where leather is as much about structure as it is about aesthetics. The Vella Bench (2018) featured tapered legs and uniquely exposed stitching –&nbsp;evidence of its precise craftsmanship. Made in Italy.\n            </div>\n        \n\n        \n        \n            <ul class=\"bulleted mb-3\">\n                \n                    <li>\n                        Carefully crafted and finished by hand.\n                    </li>\n                \n                    <li>\n                        Smooth-as-silk, stain-resistant leather upholstery.\n                    </li>\n                \n                    <li>\n                        Wrapped in elegance and sophistication.\n                    </li>\n                \n            </ul>\n                                \n\n        \n        \n    </div>\n\n    <div class=\"pdp-summary-group-col-2 col-12 col-lg-5 offset-lg-1\">\n        <div class=\"table table-content summary-table\">\n            \n                \n                \n                    <dl>\n                        <dt>\n                            Brand\n                        </dt>\n                        <dd>\n                            <a href=\"/brands-design-within-reach?lang=en_US\">Design Within Reach</a>\n                        </dd>\n                    </dl>\n                \n            \n            \n            \n            \n                <dl>\n                    <dt>\n                        Collection\n                    </dt>\n                    <dd>\n                        <a href=\"/collection-vella?lang=en_US\">Vella Collection</a>\n                    </dd>\n                </dl>\n            \n\n            \n            \n                <dl>\n                    <dt>\n                        General Dimensions\n                    </dt>\n                    <dd>\n                        <ul class=\"unstyled summary-pdp-dimensions-list\">\n                            \n                                <li>\n                                    16⅛\" H 48½\" W 16⅛\" D\n                                </li>\n                            \n                        </ul>\n                    </dd>\n                </dl>\n            \n\n            \n            \n\n            \n            \n                <dl>\n                    <dt>\n                        Product Weight\n                    </dt>\n                    <dd class=\"summary-weight\">\n                        25.75 lbs\n                    </dd>\n                </dl>\n            \n\n            \n            <dl>\n                <dt>\n                    Assembly\n                </dt>\n                <dd>\n                    \n                        Comes fully assembled\n                    \n                </dd>\n            </dl>\n\n            \n            <dl>\n                <dt>\n                    Warranty\n                </dt>\n                <dd>\n                    \n                        1-year warranty<br>Terms and conditions apply. <a href=\"https://www.dwr.com/warranty.html\" target=\"_blank\">Learn more</a>\n                    \n                </dd>\n            </dl>\n\n            \n            \n\n            \n            \n\n            \n            \n        </div>\n    </div>\n</div>\n            </div>\n        ",
    "listSize": [
      {
        "size": "48\"",
        "price": 33670000,
        "stock": 66
      },
      {
        "size": "64\"",
        "price": 41470000,
        "stock": 85
      }
    ],
    "discountPercentage": 15,
    "thumbnail": "https://images.hermanmiller.group/m/94ea551bf8b245d0/W-DWR_2514240_100128385_buff_f.png?trim=auto&trim-sd=1&blend-mode=darken&blend=f0f0f0&bg=f0f0f0&auto=format&w=90&h=auto&fit=fill",
    "images": [
      "https://images.hermanmiller.group/m/94ea551bf8b245d0/W-DWR_2514240_100128385_buff_f.png?trim=auto&trim-sd=1&blend-mode=darken&blend=f0f0f0&bg=f0f0f0&auto=format&w=800&h=auto&fit=fill",
      "https://images.hermanmiller.group/m/351998aaf21545af/W-DWR_2514240_100128382_buff_v1.png?trim=auto&trim-sd=1&bg=f0f0f0&auto=format&w=800&h=auto&fit=fill",
      "https://images.hermanmiller.group/m/3282fc248b053366/W-DWR_2514240_100128382_buff_d1.png?trim=auto&trim-sd=1&bg=f0f0f0&auto=format&w=800&h=auto&fit=fill"
    ]
  },
  {
    "title": "Pyramid Bench",
    "product_category_id": "6814cf001bc9cc1308661f8b",
    "description": "\n            <div class=\"collapse-body pdp-summary-group-body\">\n                \n<div class=\"row\">\n    <div class=\"pdp-summary-group-col-1 col-12 col-lg-5\">\n\n        \n        \n\n        \n        \n            <div class=\"mb-3\">\n                Originally designed by Wim Rietveld while working at Ahrend in the 1950s, the Pyramid Bench has been relaunched by HAY together with Ahrend. Functional, adaptable and strong, it’s the last word in cutout sheet-steel construction, notable for its sparing use of materials and simplistic design – and for being light enough to move around. Assembly required.\n            </div>\n        \n\n        \n        \n            <ul class=\"bulleted mb-3\">\n                \n                    <li>\n                        Minimal, modern bench with solid oak top.\n                    </li>\n                \n                    <li>\n                        Designed to accompany the Pyramid Table 02.\n                    </li>\n                \n            </ul>\n                                \n\n        \n        \n    </div>\n\n    <div class=\"pdp-summary-group-col-2 col-12 col-lg-5 offset-lg-1\">\n        <div class=\"table table-content summary-table\">\n            \n                \n                \n                    <dl>\n                        <dt>\n                            Brand\n                        </dt>\n                        <dd>\n                            <a href=\"/brands-hay?lang=en_US\">HAY</a>\n                        </dd>\n                    </dl>\n                \n            \n            \n            \n            \n                <dl>\n                    <dt>\n                        Collection\n                    </dt>\n                    <dd>\n                        <a href=\"/collection-pyramid?lang=en_US\">Pyramid Collection</a>\n                    </dd>\n                </dl>\n            \n\n            \n            \n                <dl>\n                    <dt>\n                        General Dimensions\n                    </dt>\n                    <dd>\n                        <ul class=\"unstyled summary-pdp-dimensions-list\">\n                            \n                                <li>\n                                    Base_98.5\":18¼\" H 98½\" W 15¾\" D\n                                </li>\n                            \n                                <li>\n                                    Base_98.5\":18\" H\n                                </li>\n                            \n                                <li>\n                                    Base_98.5\":15¾\" W\n                                </li>\n                            \n                                <li>\n                                    Base_98.5\":98½\" D\n                                </li>\n                            \n                        </ul>\n                    </dd>\n                </dl>\n            \n\n            \n            \n\n            \n            \n                <dl>\n                    <dt>\n                        Product Weight\n                    </dt>\n                    <dd class=\"summary-weight\">\n                        59.75 lbs\n                    </dd>\n                </dl>\n            \n\n            \n            <dl>\n                <dt>\n                    Assembly\n                </dt>\n                <dd>\n                    \n                        Requires Assembly\n                    \n                </dd>\n            </dl>\n\n            \n            <dl>\n                <dt>\n                    Warranty\n                </dt>\n                <dd>\n                    \n                        5-year warranty<br>Terms and conditions apply. <a href=\"https://www.dwr.com/warranty.html\" target=\"_blank\">Learn more</a>\n                    \n                </dd>\n            </dl>\n\n            \n            \n\n            \n            \n\n            \n            \n        </div>\n    </div>\n</div>\n            </div>\n        ",
    "listSize": [
      {
        "size": "75\"",
        "price": 20670000,
        "stock": 98
      },
      {
        "size": "98.5\"",
        "price": 25870000,
        "stock": 55
      }
    ],
    "discountPercentage": 20,
    "thumbnail": "https://images.hermanmiller.group/m/ac8a9ef2c3571f0b/W-HAY_2514857_100134577_matte_lacquered_oak_a.png?trim=auto&trim-sd=1&blend-mode=darken&blend=f0f0f0&bg=f0f0f0&auto=format&w=90&h=auto&fit=fill",
    "images": [
      "https://images.hermanmiller.group/m/ac8a9ef2c3571f0b/W-HAY_2514857_100134577_matte_lacquered_oak_a.png?trim=auto&trim-sd=1&blend-mode=darken&blend=f0f0f0&bg=f0f0f0&auto=format&w=800&h=auto&fit=fill",
      "https://images.hermanmiller.group/m/598417351a896d5c/W-HAY_2548106_100343804_oak_red_v3.png?trim=auto&trim-sd=1&bg=f0f0f0&auto=format&w=800&h=auto&fit=fill",
      "https://images.hermanmiller.group/m/54353c1ae80be547/W-HAY_2548106_100343805_smoked_oak_red_v1.png?trim=auto&trim-sd=1&bg=f0f0f0&auto=format&w=800&h=auto&fit=fill",
      "https://images.hermanmiller.group/m/ac9cfbe504b2364e/W-HAY_2514857_100134575_matt_lacquered_oak_black_v2_001.png?trim=auto&trim-sd=1&bg=f0f0f0&auto=format&w=800&h=auto&fit=fill",
      "https://images.hermanmiller.group/m/a97bf90b2d97e8fd/W-HAY_2514857_100134575_matt_lacquered_oak_black_v1_001.png?trim=auto&trim-sd=1&bg=f0f0f0&auto=format&w=800&h=auto&fit=fill",
      "https://images.hermanmiller.group/m/a973169941ce8a97/W-HAY_2515023_100130290_yellow_v.png?trim=auto&trim-sd=1&bg=f0f0f0&auto=format&w=800&h=auto&fit=fill",
      "https://images.hermanmiller.group/m/300e6607d32004db/W-HAY_PYR_3.png?trim=auto&trim-sd=1&bg=f0f0f0&auto=format&w=800&h=auto&fit=fill",
      "https://images.hermanmiller.group/m/399546f29b96f2c0/W-HAY_PYR_1.png?trim=auto&trim-sd=1&bg=f0f0f0&auto=format&w=800&h=auto&fit=fill",
      "https://images.hermanmiller.group/m/33eaa7204f0985e1/W-Pyramid_Bench_12_L190xW40xH46_Top_matt_lacquered_oak_Frame_black_Pyramid_Table_02_L190xW85xH74_Top_matt_lacquered_oak_Frame_black_20190214125805812.png?trim=auto&trim-sd=1&bg=f0f0f0&auto=format&w=800&h=auto&fit=fill"
    ]
  },
  {
    "title": "Gather Bench",
    "product_category_id": "6814cf001bc9cc1308661f8b",
    "description": "\n            <div class=\"collapse-body pdp-summary-group-body\">\n                \n<div class=\"row\">\n    <div class=\"pdp-summary-group-col-1 col-12 col-lg-5\">\n\n        \n        \n\n        \n        \n            <div class=\"mb-3\">\n                Add flexible seating to any table with the sturdy, minimalist Gather Bench (2022). Designed for DWR by Danish design studio dk3, the bench features a core of warp-and crack-resistant poplar finished with a thick wood veneer. Solid walnut or oak banding runs the length of the bench and solid end-grain wood caps the planks to protect the edges. Pairs perfectly with the Gather Table (sold separately) and many other DWR tables, or use it in an entry or hall. Made in the Czech Republic.\n            </div>\n        \n\n        \n        \n            <ul class=\"bulleted mb-3\">\n                \n                    <li>\n                        Handsome, spacious bench with unique woodgrain.\n                    </li>\n                \n                    <li>\n                        Extra-thick walnut or oak veneer.\n                    </li>\n                \n                    <li>\n                        Superior resistance to warping or cracking.\n                    </li>\n                \n                    <li>\n                        Pairs with the Gather Table (sold separately).\n                    </li>\n                \n                    <li>\n                        Complements many other tables in the DWR collection.\n                    </li>\n                \n            </ul>\n                                \n\n        \n        \n    </div>\n\n    <div class=\"pdp-summary-group-col-2 col-12 col-lg-5 offset-lg-1\">\n        <div class=\"table table-content summary-table\">\n            \n                \n                \n                    <dl>\n                        <dt>\n                            Brand\n                        </dt>\n                        <dd>\n                            <a href=\"/brands-dk3?lang=en_US\">dk3</a>\n                        </dd>\n                    </dl>\n                \n            \n            \n            \n            \n                <dl>\n                    <dt>\n                        Collection\n                    </dt>\n                    <dd>\n                        <a href=\"/collection-gather-dining?lang=en_US\">Gather Dining Collection</a>\n                    </dd>\n                </dl>\n            \n\n            \n            \n                <dl>\n                    <dt>\n                        General Dimensions\n                    </dt>\n                    <dd>\n                        <ul class=\"unstyled summary-pdp-dimensions-list\">\n                            \n                                <li>\n                                    17¾\" H 73\" W 17¾\" D\n                                </li>\n                            \n                        </ul>\n                    </dd>\n                </dl>\n            \n\n            \n            \n\n            \n            \n\n            \n            <dl>\n                <dt>\n                    Assembly\n                </dt>\n                <dd>\n                    \n                        Requires Assembly\n                    \n                </dd>\n            </dl>\n\n            \n            <dl>\n                <dt>\n                    Warranty\n                </dt>\n                <dd>\n                    \n                        1-year warranty<br>Terms and conditions apply. <a href=\"https://www.dwr.com/warranty.html\" target=\"_blank\">Learn more</a>\n                    \n                </dd>\n            </dl>\n\n            \n            \n\n            \n            \n\n            \n            \n        </div>\n    </div>\n</div>\n            </div>\n        ",
    "listSize": [
      {
        "size": "73\"\n                                            \n\n\n\n\ndisable-danger",
        "price": 59670000,
        "stock": 64
      }
    ],
    "discountPercentage": 25,
    "thumbnail": "https://images.hermanmiller.group/m/2aec276587bc9df4/W-DWR_2567100_100441827_oak_f.png?trim=auto&trim-sd=1&blend-mode=darken&blend=f0f0f0&bg=f0f0f0&auto=format&w=90&h=auto&fit=fill",
    "images": [
      "https://images.hermanmiller.group/m/2aec276587bc9df4/W-DWR_2567100_100441827_oak_f.png?trim=auto&trim-sd=1&blend-mode=darken&blend=f0f0f0&bg=f0f0f0&auto=format&w=800&h=auto&fit=fill",
      "https://images.hermanmiller.group/m/f5bd214312e7ee29/W-DWR_2567100_100441827_oak_a.png?trim=auto&trim-sd=1&blend-mode=darken&blend=f0f0f0&bg=f0f0f0&auto=format&w=800&h=auto&fit=fill",
      "https://images.hermanmiller.group/m/c4a475c31076d823/W-DWR_2567100_100441827_oak_p.png?trim=auto&trim-sd=1&blend-mode=darken&blend=f0f0f0&bg=f0f0f0&auto=format&w=800&h=auto&fit=fill",
      "https://images.hermanmiller.group/m/39f5fd1bfcd2d7da/W-DWR_2567100_100441827_oak_d.png?trim=auto&trim-sd=1&blend-mode=darken&blend=f0f0f0&bg=f0f0f0&auto=format&w=800&h=auto&fit=fill",
      "https://images.hermanmiller.group/m/2edc158ae30dd5f0/W-DWR_2567100_100441826_walnut_v1_013.png?trim=auto&trim-sd=1&bg=f0f0f0&auto=format&w=800&h=auto&fit=fill",
      "https://images.hermanmiller.group/m/1ec6be66f976f674/W-DWR_9394_100092154_walnut_v1_047.png?trim=auto&trim-sd=1&bg=f0f0f0&auto=format&w=800&h=auto&fit=fill"
    ]
  }
]
