[
  {
    "title": "Nelson Platform Bench Cushion",
    "product_category_id": "6814b2a2489706858ef2c419",
    "description": "\n            <div class=\"collapse-body pdp-summary-group-body\">\n                \n<div class=\"row\">\n    <div class=\"pdp-summary-group-col-1 col-12 col-lg-5\">\n\n        \n        \n\n        \n        \n            <div class=\"mb-3\">\n                Use this cushion to refresh the Nelson Platform Bench and add even more comfort. It consists of foam padding wrapped in fabric.\n            </div>\n        \n\n        \n                                \n\n        \n        \n    </div>\n\n    <div class=\"pdp-summary-group-col-2 col-12 col-lg-5 offset-lg-1\">\n        <div class=\"table table-content summary-table\">\n            \n                \n                \n                    <dl>\n                        <dt>\n                            Brand\n                        </dt>\n                        <dd>\n                            <a href=\"/brands-herman-miller?lang=en_US\">Herman Miller</a>\n                        </dd>\n                    </dl>\n                \n            \n            \n            \n            \n                <dl>\n                    <dt>\n                        Collection\n                    </dt>\n                    <dd>\n                        <a href=\"/collection-nelson-bench?lang=en_US\">Nelson Bench Collection</a>\n                    </dd>\n                </dl>\n            \n\n            \n            \n                <dl>\n                    <dt>\n                        General Dimensions\n                    </dt>\n                    <dd>\n                        <ul class=\"unstyled summary-pdp-dimensions-list\">\n                            \n                                <li>\n                                    1½\" H 24\" W 18½\" D\n                                </li>\n                            \n                        </ul>\n                    </dd>\n                </dl>\n            \n\n            \n            \n\n            \n            \n\n            \n            <dl>\n                <dt>\n                    Assembly\n                </dt>\n                <dd>\n                    \n                        Comes fully assembled\n                    \n                </dd>\n            </dl>\n\n            \n            <dl>\n                <dt>\n                    Warranty\n                </dt>\n                <dd>\n                    \n                        5-year warranty<br>Terms and conditions apply. <a href=\"https://www.dwr.com/warranty.html\" target=\"_blank\">Learn more</a>\n                    \n                </dd>\n            </dl>\n\n            \n            \n\n            \n            \n\n            \n            \n        </div>\n    </div>\n</div>\n            </div>\n        ",
    "listSize": [
      {
        "size": "24\"",
        "price": 11570000,
        "stock": 100
      },
      {
        "size": "36\"",
        "price": 16770000,
        "stock": 88
      }
    ],
    "discountPercentage": 17,
    "thumbnail": "https://images.hermanmiller.group/m/34ab12c6e81422ad/W-HM_1749_100074759_Sepia_Dark_f-jpg.png?trim=auto&trim-sd=1&blend-mode=darken&blend=f0f0f0&bg=f0f0f0&auto=format&w=90&h=auto&fit=fill",
    "images": [
      "https://images.hermanmiller.group/m/34ab12c6e81422ad/W-HM_1749_100074759_Sepia_Dark_f-jpg.png?trim=auto&trim-sd=1&blend-mode=darken&blend=f0f0f0&bg=f0f0f0&auto=format&w=800&h=auto&fit=fill",
      "https://images.hermanmiller.group/m/34aeb62bd7c3a6d5/W-HM_1749_100074759_Sepia_Dark_b-jpg.png?trim=auto&trim-sd=1&blend-mode=darken&blend=f0f0f0&bg=f0f0f0&auto=format&w=800&h=auto&fit=fill",
      "https://images.hermanmiller.group/m/256c701e4dca933d/W-DWR_2516377_100146197_denim_walnut_v1_001.png?trim=auto&trim-sd=1&bg=f0f0f0&auto=format&w=800&h=auto&fit=fill",
      "https://images.hermanmiller.group/m/d5adfac6029aff0/W-HM_1749_100191848_denim_v1_001.png?trim=auto&trim-sd=1&bg=f0f0f0&auto=format&w=800&h=auto&fit=fill",
      "https://images.hermanmiller.group/m/03f012f78323ea40/W-HM_1749_100191842_blush_v2_001.png?trim=auto&trim-sd=1&bg=f0f0f0&auto=format&w=800&h=auto&fit=fill",
      "https://images.hermanmiller.group/m/f0c886e404ca3d5f/W-HM_1749_100191835_clavicle_d.png?trim=auto&trim-sd=1&bg=f0f0f0&auto=format&w=800&h=auto&fit=fill",
      "https://images.hermanmiller.group/m/c846ca675504b9e/W-Beach_House_004_004_20190411105636331.png?trim=auto&trim-sd=1&bg=f0f0f0&auto=format&w=800&h=auto&fit=fill",
      "https://images.hermanmiller.group/m/57aa61ce6a756b37/W-HM_HolidaySale_2015_Office_Mirra2.png?trim=auto&trim-sd=1&bg=f0f0f0&auto=format&w=800&h=auto&fit=fill"
    ]
  },
  {
    "title": "Ridge Vase",
    "product_category_id": "6814b2a2489706858ef2c419",
    "description": "\n            <div class=\"collapse-body pdp-summary-group-body\">\n                \n<div class=\"row\">\n    <div class=\"pdp-summary-group-col-1 col-12 col-lg-5\">\n\n        \n        \n\n        \n        \n            <div class=\"mb-3\">\n                The Ridge Vase (2019) by Studio Kaksikko is a sculptural vessel for arranging flowers that looks just as attractive when not in use. It features a slim profile – in ceramic or glass – with rounded sides and concave impressions that not only lend visual interest but also double as handles for secure repositioning. Made in Portugal.\n            </div>\n        \n\n        \n        \n            <ul class=\"bulleted mb-3\">\n                \n                    <li>\n                        A sculptural vessel that's just as beautiful full as empty.\n                    </li>\n                \n                    <li>\n                        Slim profile with rounded sides and concave impressions.\n                    </li>\n                \n                    <li>\n                        Designed by Studio Kaksikko for Muuto.\n                    </li>\n                \n            </ul>\n                                \n\n        \n        \n    </div>\n\n    <div class=\"pdp-summary-group-col-2 col-12 col-lg-5 offset-lg-1\">\n        <div class=\"table table-content summary-table\">\n            \n                \n                \n                    <dl>\n                        <dt>\n                            Brand\n                        </dt>\n                        <dd>\n                            <a href=\"/brands-muuto?lang=en_US\">Muuto</a>\n                        </dd>\n                    </dl>\n                \n            \n            \n            \n            \n\n            \n            \n                <dl>\n                    <dt>\n                        General Dimensions\n                    </dt>\n                    <dd>\n                        <ul class=\"unstyled summary-pdp-dimensions-list\">\n                            \n                                <li>\n                                    13⅞\" H 9⅛\" W 3⅜\" D\n                                </li>\n                            \n                        </ul>\n                    </dd>\n                </dl>\n            \n\n            \n            \n\n            \n            \n                <dl>\n                    <dt>\n                        Product Weight\n                    </dt>\n                    <dd class=\"summary-weight\">\n                        7 lbs\n                    </dd>\n                </dl>\n            \n\n            \n            <dl>\n                <dt>\n                    Assembly\n                </dt>\n                <dd>\n                    \n                        Comes fully assembled\n                    \n                </dd>\n            </dl>\n\n            \n            <dl>\n                <dt>\n                    Warranty\n                </dt>\n                <dd>\n                    \n                        3-year warranty<br>Terms and conditions apply. <a href=\"https://www.dwr.com/warranty.html\" target=\"_blank\">Learn more</a>\n                    \n                </dd>\n            </dl>\n\n            \n            \n\n            \n            \n\n            \n            \n        </div>\n    </div>\n</div>\n            </div>\n        ",
    "listSize": [
      {
        "size": "19\"",
        "price": 6890000,
        "stock": 95
      },
      {
        "size": "13.8\"",
        "price": 3614000,
        "stock": 97
      },
      {
        "size": "6.5\"",
        "price": 2314000,
        "stock": 76
      }
    ],
    "discountPercentage": 27,
    "thumbnail": "https://images.hermanmiller.group/m/b7a7800a9a54ec74/W-MTO_2536694_100386586_off_white_a_1.png?trim=auto&trim-sd=1&blend-mode=darken&blend=f0f0f0&bg=f0f0f0&auto=format&w=90&h=auto&fit=fill",
    "images": [
      "https://images.hermanmiller.group/m/b7a7800a9a54ec74/W-MTO_2536694_100386586_off_white_a_1.png?trim=auto&trim-sd=1&blend-mode=darken&blend=f0f0f0&bg=f0f0f0&auto=format&w=800&h=auto&fit=fill",
      "https://images.hermanmiller.group/asset/5665d3af-c9f6-472a-8f48-b8d0e6033b99/W/MTO_Two_layer_pendant_grey_earnest_table_dark_oiled_oak_ridge_vase_35_white_frosted_glass_fiber_arm_acca_731_muuto_org-tif.png?trim=auto&trim-sd=1&bg=f0f0f0&auto=format&w=800&h=auto&fit=fill",
      "https://images.hermanmiller.group/asset/6af87a8c-f89c-475e-9217-38c7e75c9e98/W/MTO_strand_table_lamp_h_59_ridge_vase_light_blue_frosted_glass_35_org-tif.png?trim=auto&trim-sd=1&bg=f0f0f0&auto=format&w=800&h=auto&fit=fill",
      "https://images.hermanmiller.group/asset/da4ef8dc-5e44-406c-b5f7-fd2f0e6bf779/W/MTO_Settle_lounge_chair_laze_1_grey_flow_coffee_table_grey_ply_rug_recycled_polyester_moss_green_ridge_vase_16_white_frosted_muuto_org-tif.png?trim=auto&trim-sd=1&bg=f0f0f0&auto=format&w=800&h=auto&fit=fill",
      "https://images.hermanmiller.group/asset/86679f64-d011-47db-b38c-65f80a9be3ff/W/MTO_Ridge_vase_frosted_glass_taupe_light_blue_white_16_35_48_group_muuto_hi_res-tif.png?trim=auto&trim-sd=1&bg=f0f0f0&auto=format&w=800&h=auto&fit=fill",
      "https://images.hermanmiller.group/asset/8393c939-28cc-47b1-b4b8-5b91aacc3405/W/MTO_Ridge_vase_48_light_blue_frosted_glass_muuto_org-tif.png?trim=auto&trim-sd=1&bg=f0f0f0&auto=format&w=800&h=auto&fit=fill",
      "https://images.hermanmiller.group/asset/586dbc25-f00e-4def-b6ca-7b9c5bac44b9/W/MTO_ridge_vase_48_light_blue_frosted_glass-2-_muuto_org-tif.png?trim=auto&trim-sd=1&bg=f0f0f0&auto=format&w=800&h=auto&fit=fill",
      "https://images.hermanmiller.group/asset/259b112f-adca-4d45-be4d-10a41c92ac1a/W/MTO_ridge_vase_35_white_frosted_glass_muuto_org-tif.png?trim=auto&trim-sd=1&bg=f0f0f0&auto=format&w=800&h=auto&fit=fill",
      "https://images.hermanmiller.group/asset/65581a0e-233a-40cd-988c-a860a48756a4/W/MTO_earnest_table_dark_oiled_oak_ridge_vase_35_white_frosted_glass_muuto_org-tif.png?trim=auto&trim-sd=1&bg=f0f0f0&auto=format&w=800&h=auto&fit=fill",
      "https://images.hermanmiller.group/asset/564b5c46-cd88-49f4-a0c8-b715a47181e3/W/Flow_coffee_table_grey_ridge_vase_16_light_blue_frosted_glass_connect_soft_vidar_956_relevo_rug_sage_green-2-_muuto_org.png?trim=auto&trim-sd=1&bg=f0f0f0&auto=format&w=800&h=auto&fit=fill",
      "https://images.hermanmiller.group/asset/85650199-7054-47cf-a480-bd10438a85c4/W/Flow_coffee_table_grey_ridge_vase_16_light_blue_frosted_glass_connect_soft_vidar_956_relevo_rug_sage_green_muuto_org.png?trim=auto&trim-sd=1&bg=f0f0f0&auto=format&w=800&h=auto&fit=fill",
      "https://images.hermanmiller.group/m/3b5e40b045333f2a/W-MTO_cover_barstool_v1-tif.png?trim=auto&trim-sd=1&bg=f0f0f0&auto=format&w=800&h=auto&fit=fill",
      "https://images.hermanmiller.group/m/902945191db9b808/W-MTO_ridge_vase_frosted_glass_white_concept_v-tif.png?trim=auto&trim-sd=1&bg=f0f0f0&auto=format&w=800&h=auto&fit=fill",
      "https://images.hermanmiller.group/m/0270dd3c74e99a4d/W-MTO_ridge_vase_frosted_glass_light_blue_concept_v-tif.png?trim=auto&trim-sd=1&bg=f0f0f0&auto=format&w=800&h=auto&fit=fill",
      "https://images.hermanmiller.group/m/e3705b8db6804d1b/W-MTO_ridge_vase_frosted_glass_light_blue_blur_concept_v-tif.png?trim=auto&trim-sd=1&bg=f0f0f0&auto=format&w=800&h=auto&fit=fill",
      "https://images.hermanmiller.group/m/2f8ed0c46a99814a/W-DWR_2536694_100268559_terracotta_v1.png?trim=auto&trim-sd=1&bg=f0f0f0&auto=format&w=800&h=auto&fit=fill",
      "https://images.hermanmiller.group/m/bf802e2060eecc43/W-DWR_2536694_100268558_off_white_v4.png?trim=auto&trim-sd=1&bg=f0f0f0&auto=format&w=800&h=auto&fit=fill",
      "https://images.hermanmiller.group/m/0925df74e12f3955/W-DWR_2536694_100268558_off_white_v3.png?trim=auto&trim-sd=1&bg=f0f0f0&auto=format&w=800&h=auto&fit=fill",
      "https://images.hermanmiller.group/m/868e032a9a0253af/W-DWR_2536694_100268558_off_white_v2.png?trim=auto&trim-sd=1&bg=f0f0f0&auto=format&w=800&h=auto&fit=fill",
      "https://images.hermanmiller.group/m/91c9d211155c1b84/W-DWR_2536694_100268558_off_white_v1.png?trim=auto&trim-sd=1&bg=f0f0f0&auto=format&w=800&h=auto&fit=fill",
      "https://images.hermanmiller.group/m/ed949792acb4eafd/W-DWR_2536694_100268558_off_white_d3.png?trim=auto&trim-sd=1&bg=f0f0f0&auto=format&w=800&h=auto&fit=fill",
      "https://images.hermanmiller.group/m/be60349a131a9b4e/W-DWR_2536694_100268557_terracotta_d2.png?trim=auto&trim-sd=1&bg=f0f0f0&auto=format&w=800&h=auto&fit=fill",
      "https://images.hermanmiller.group/m/a52ebbe4c8b4e095/W-DWR_2536694_100268556_off_white_d1.png?trim=auto&trim-sd=1&bg=f0f0f0&auto=format&w=800&h=auto&fit=fill"
    ]
  },
  {
    "title": "Brugge Linen Pillow",
    "product_category_id": "6814b2a2489706858ef2c419",
    "description": "\n            <div class=\"collapse-body pdp-summary-group-body\">\n                \n<div class=\"row\">\n    <div class=\"pdp-summary-group-col-1 col-12 col-lg-5\">\n\n        \n        \n\n        \n        \n            <div class=\"mb-3\">\n                Brugge Linen Pillow (2025) adds natural comfort to any sofa, bed, or lounge chair. Made from 100% linen, the cover highlights the fabric's inherent beauty, featuring subtle variations in color that create depth and dimensionality. Breathable, soft, and expertly woven, Brugge is an everyday accent that just gets better with age. Down-and-feather insert included. Exclusive to DWR. Made in the USA.\n            </div>\n        \n\n        \n        \n            <ul class=\"bulleted mb-3\">\n                \n                    <li>\n                        100% linen pillow cover.\n                    </li>\n                \n                    <li>\n                        Down-and-feather insert.\n                    </li>\n                \n                    <li>\n                        Breathable, soft, and expertly woven fabric.\n                    </li>\n                \n                    <li>\n                        Subtle variations in color create depth and dimensionality.\n                    </li>\n                \n            </ul>\n                                \n\n        \n        \n    </div>\n\n    <div class=\"pdp-summary-group-col-2 col-12 col-lg-5 offset-lg-1\">\n        <div class=\"table table-content summary-table\">\n            \n                \n                \n                    <dl>\n                        <dt>\n                            Brand\n                        </dt>\n                        <dd>\n                            <a href=\"/brands-design-within-reach?lang=en_US\">Design Within Reach</a>\n                        </dd>\n                    </dl>\n                \n            \n            \n            \n            \n\n            \n            \n                <dl>\n                    <dt>\n                        General Dimensions\n                    </dt>\n                    <dd>\n                        <ul class=\"unstyled summary-pdp-dimensions-list\">\n                            \n                                <li>\n                                    12\" H 22\" W 5\" D\n                                </li>\n                            \n                        </ul>\n                    </dd>\n                </dl>\n            \n\n            \n            \n\n            \n            \n                <dl>\n                    <dt>\n                        Product Weight\n                    </dt>\n                    <dd class=\"summary-weight\">\n                        2 lbs\n                    </dd>\n                </dl>\n            \n\n            \n            <dl>\n                <dt>\n                    Assembly\n                </dt>\n                <dd>\n                    \n                        Comes fully assembled\n                    \n                </dd>\n            </dl>\n\n            \n            <dl>\n                <dt>\n                    Warranty\n                </dt>\n                <dd>\n                    \n                        <div class=\"mb-2\">DWR honors a one (1) year warranty on all products. Brand-specific warranties may extend to longer periods.</div>\n                    \n                </dd>\n            </dl>\n\n            \n            \n\n            \n            \n\n            \n            \n        </div>\n    </div>\n</div>\n            </div>\n        ",
    "listSize": [
      {
        "size": "18\" x 18\"",
        "price": 3900000,
        "stock": 85
      },
      {
        "size": "22\" x 22\"",
        "price": 4550000,
        "stock": 64
      },
      {
        "size": "12\" x 22\"",
        "price": 2990000,
        "stock": 63
      }
    ],
    "discountPercentage": 11,
    "thumbnail": "https://images.hermanmiller.group/asset/83ae8a8a-40e3-447f-a675-bd518cea234f/W/DWR_2582960_100579916_tan_12x22_f.png?trim=auto&trim-sd=1&blend-mode=darken&blend=f0f0f0&bg=f0f0f0&auto=format&w=90&h=auto&fit=fill",
    "images": [
      "https://images.hermanmiller.group/asset/83ae8a8a-40e3-447f-a675-bd518cea234f/W/DWR_2582960_100579916_tan_12x22_f.png?trim=auto&trim-sd=1&blend-mode=darken&blend=f0f0f0&bg=f0f0f0&auto=format&w=800&h=auto&fit=fill"
    ]
  },
  {
    "title": "Nougat Vase",
    "product_category_id": "6814b2a2489706858ef2c419",
    "description": "\n            <div class=\"collapse-body pdp-summary-group-body\">\n                \n<div class=\"row\">\n    <div class=\"pdp-summary-group-col-1 col-12 col-lg-5\">\n\n        \n        \n\n        \n        \n            <div class=\"mb-3\">\n                Based in Milan, Stories of Italy is a design studio that uses time-honored techniques to create beautifully crafted modern objects. Their Nougat Collection resulted from experiments reusing pieces of Murano blown glass, resulting in one-of-a-kind vases, bowls, and glasses that feature a mix of transparent colored shards against an opaque white background. Made in Italy.\n            </div>\n        \n\n        \n        \n            <ul class=\"bulleted mb-3\">\n                \n                    <li>\n                        A beautiful object for everyday use.\n                    </li>\n                \n                    <li>\n                        Mouth-blown Murano glass that is hand-finished.\n                    </li>\n                \n                    <li>\n                        Each piece is one of a kind.\n                    </li>\n                \n            </ul>\n                                \n\n        \n        \n    </div>\n\n    <div class=\"pdp-summary-group-col-2 col-12 col-lg-5 offset-lg-1\">\n        <div class=\"table table-content summary-table\">\n            \n                \n                \n                    <dl>\n                        <dt>\n                            Brand\n                        </dt>\n                        <dd>\n                            <a href=\"/brands-stories-of-italy?lang=en_US\">Stories of Italy</a>\n                        </dd>\n                    </dl>\n                \n            \n            \n            \n            \n\n            \n            \n                <dl>\n                    <dt>\n                        General Dimensions\n                    </dt>\n                    <dd>\n                        <ul class=\"unstyled summary-pdp-dimensions-list\">\n                            \n                                <li>\n                                    7⅞\" H 5⅛\" DIA\n                                </li>\n                            \n                        </ul>\n                    </dd>\n                </dl>\n            \n\n            \n            \n\n            \n            \n                <dl>\n                    <dt>\n                        Product Weight\n                    </dt>\n                    <dd class=\"summary-weight\">\n                        2.75 lbs\n                    </dd>\n                </dl>\n            \n\n            \n            <dl>\n                <dt>\n                    Assembly\n                </dt>\n                <dd>\n                    \n                        Comes fully assembled\n                    \n                </dd>\n            </dl>\n\n            \n            <dl>\n                <dt>\n                    Warranty\n                </dt>\n                <dd>\n                    \n                        1-year warranty<br>Terms and conditions apply. <a href=\"https://www.dwr.com/warranty.html\" target=\"_blank\">Learn more</a>\n                    \n                </dd>\n            </dl>\n\n            \n            \n\n            \n            \n\n            \n            \n        </div>\n    </div>\n</div>\n            </div>\n        ",
    "listSize": [
      {
        "size": "Medium",
        "price": 7462000,
        "stock": 54
      },
      {
        "size": "Tall",
        "price": 8658000,
        "stock": 50
      }
    ],
    "discountPercentage": 19,
    "thumbnail": "https://images.hermanmiller.group/m/c4e64ebc2a9294eb/W-DWR_2556572_100384416_multi_f.png?trim=auto&trim-sd=1&blend-mode=darken&blend=f0f0f0&bg=f0f0f0&auto=format&w=90&h=auto&fit=fill",
    "images": [
      "https://images.hermanmiller.group/m/c4e64ebc2a9294eb/W-DWR_2556572_100384416_multi_f.png?trim=auto&trim-sd=1&blend-mode=darken&blend=f0f0f0&bg=f0f0f0&auto=format&w=800&h=auto&fit=fill",
      "https://images.hermanmiller.group/m/f4e91fa711a899cc/W-DWR_2556572_100384416_multi_d2.png?trim=auto&trim-sd=1&blend-mode=darken&blend=f0f0f0&bg=f0f0f0&auto=format&w=800&h=auto&fit=fill",
      "https://images.hermanmiller.group/m/9c44fa9316072578/W-DWR_2556572_100384416_multi_d1.png?trim=auto&trim-sd=1&blend-mode=darken&blend=f0f0f0&bg=f0f0f0&auto=format&w=800&h=auto&fit=fill",
      "https://images.hermanmiller.group/asset/2f2544c0-37b5-4aa2-bdef-0f94c874662e/W/DWR_2556572_100596256_winter_v3_001.png?trim=auto&trim-sd=1&bg=f0f0f0&auto=format&w=800&h=auto&fit=fill",
      "https://images.hermanmiller.group/asset/855a8a72-216b-4a57-877e-db98ad90ab61/W/DWR_2556572_100596256_winter_d2.png?trim=auto&trim-sd=1&bg=f0f0f0&auto=format&w=800&h=auto&fit=fill",
      "https://images.hermanmiller.group/asset/d7a71207-386a-4165-ae40-e25e909be34c/W/DWR_2556572_100596256_winter_d1.png?trim=auto&trim-sd=1&bg=f0f0f0&auto=format&w=800&h=auto&fit=fill",
      "https://images.hermanmiller.group/m/6cdb254e715e0d79/W-DWR_2556576_100384610_purple_blue_ivory_v1_001.png?trim=auto&trim-sd=1&bg=f0f0f0&auto=format&w=800&h=auto&fit=fill"
    ]
  },
  {
    "title": "Sheepskin Throw",
    "product_category_id": "6814b2a2489706858ef2c419",
    "description": "\n            <div class=\"collapse-body pdp-summary-group-body\">\n                \n<div class=\"row\">\n    <div class=\"pdp-summary-group-col-1 col-12 col-lg-5\">\n\n        \n        \n\n        \n        \n            <div class=\"mb-3\">\n                Our natural Sheepskin Throw brings textural counterpoint to modern interiors with its soft, downy pile. This sumptuous piece lends itself to being draped over your favorite furniture or used as a rug. Produced by a company with more than 80 years of experience in the industry, it’s refined using a tanning method that retains natural shape and suppleness. Hand-wash or dry-clean. Made in Argentina.\n            </div>\n        \n\n        \n        \n            <ul class=\"bulleted mb-3\">\n                \n                    <li>\n                        100% sheepskin.\n                    </li>\n                \n                    <li>\n                        Can be used as a throw or rug.\n                    </li>\n                \n                    <li>\n                        Note: Being a natural material, slight variations in color and shape are to be expected and are not defects.\n                    </li>\n                \n            </ul>\n                                \n\n        \n        \n    </div>\n\n    <div class=\"pdp-summary-group-col-2 col-12 col-lg-5 offset-lg-1\">\n        <div class=\"table table-content summary-table\">\n            \n                \n                \n                    <dl>\n                        <dt>\n                            Brand\n                        </dt>\n                        <dd>\n                            <a href=\"/brands-design-within-reach?lang=en_US\">Design Within Reach</a>\n                        </dd>\n                    </dl>\n                \n            \n            \n            \n            \n\n            \n            \n                <dl>\n                    <dt>\n                        General Dimensions\n                    </dt>\n                    <dd>\n                        <ul class=\"unstyled summary-pdp-dimensions-list\">\n                            \n                                <li>\n                                    2\" H 24\" W 41\" D\n                                </li>\n                            \n                        </ul>\n                    </dd>\n                </dl>\n            \n\n            \n            \n\n            \n            \n                <dl>\n                    <dt>\n                        Product Weight\n                    </dt>\n                    <dd class=\"summary-weight\">\n                        2 lbs\n                    </dd>\n                </dl>\n            \n\n            \n            <dl>\n                <dt>\n                    Assembly\n                </dt>\n                <dd>\n                    \n                        Comes fully assembled\n                    \n                </dd>\n            </dl>\n\n            \n            <dl>\n                <dt>\n                    Warranty\n                </dt>\n                <dd>\n                    \n                        1-year warranty<br>Terms and conditions apply. <a href=\"https://www.dwr.com/warranty.html\" target=\"_blank\">Learn more</a>\n                    \n                </dd>\n            </dl>\n\n            \n            \n\n            \n            \n\n            \n            \n        </div>\n    </div>\n</div>\n            </div>\n        ",
    "listSize": [
      {
        "size": "Single",
        "price": 3770000,
        "stock": 99
      },
      {
        "size": "Quadrat",
        "price": 14170000,
        "stock": 56
      },
      {
        "size": "Duo",
        "price": 6370000,
        "stock": 69
      }
    ],
    "discountPercentage": 26,
    "thumbnail": "https://images.hermanmiller.group/m/9078a2f7432e2a9d/W-DWR_2516240_100144452_ivory_f.png?trim=auto&trim-sd=1&blend-mode=darken&blend=f0f0f0&bg=f0f0f0&auto=format&w=90&h=auto&fit=fill",
    "images": [
      "https://images.hermanmiller.group/m/9078a2f7432e2a9d/W-DWR_2516240_100144452_ivory_f.png?trim=auto&trim-sd=1&blend-mode=darken&blend=f0f0f0&bg=f0f0f0&auto=format&w=800&h=auto&fit=fill",
      "https://images.hermanmiller.group/m/7d588fda2c82a64/W-DWR_2560495_100422448_rosewood_oak_v1_102.png?trim=auto&trim-sd=1&bg=f0f0f0&auto=format&w=800&h=auto&fit=fill",
      "https://images.hermanmiller.group/m/3164c17431250b8a/W-HM_2197670_100087213_walnut_v1_280.png?trim=auto&trim-sd=1&bg=f0f0f0&auto=format&w=800&h=auto&fit=fill",
      "https://images.hermanmiller.group/m/29b5d8430f299fe2/W-DWR_7204_291378_black_nero_v1_1213.png?trim=auto&trim-sd=1&bg=f0f0f0&auto=format&w=800&h=auto&fit=fill",
      "https://images.hermanmiller.group/m/28e0bdfb003ecadb/W-DWR_2195267_100069016_buff_v2_299_Plate_alt_Prop_Table.png?trim=auto&trim-sd=1&bg=f0f0f0&auto=format&w=800&h=auto&fit=fill",
      "https://images.hermanmiller.group/m/4795a32b74327566/W-DWR_2550205_100354721_cream_maple_v1_958.png?trim=auto&trim-sd=1&bg=f0f0f0&auto=format&w=800&h=auto&fit=fill",
      "https://images.hermanmiller.group/m/e8aaf5b176640b45/W-DWR_9587_100067476_warm_grey_v1_001.png?trim=auto&trim-sd=1&bg=f0f0f0&auto=format&w=800&h=auto&fit=fill",
      "https://images.hermanmiller.group/m/6cbb5a24364a298c/W-DWR_2516235_100144423_black_ash_black_v2_002.png?trim=auto&trim-sd=1&bg=f0f0f0&auto=format&w=800&h=auto&fit=fill"
    ]
  },
  {
    "title": "Hemisphere Table Clock",
    "product_category_id": "6814b2a2489706858ef2c419",
    "description": "\n            <div class=\"collapse-body pdp-summary-group-body\">\n                \n<div class=\"row\">\n    <div class=\"pdp-summary-group-col-1 col-12 col-lg-5\">\n\n        \n        \n\n        \n        \n            <div class=\"mb-3\">\n                The Hemisphere Clock (2021) began with an investigation of wall clocks on the market, revealing a homogeneity of designs – mostly flat discs of about the same size. With Hemisphere, designer Henry Julier offers a counterpoint: The clock floats off the wall, a sculptural form that is as dynamic as it is functional. Includes a stand for optional tabletop use. Runs on one AA battery (not included). Made in Taiwan.\n            </div>\n        \n\n        \n        \n            <ul class=\"bulleted mb-3\">\n                \n                    <li>\n                        Graphic and sculptural form.\n                    </li>\n                \n                    <li>\n                        The clock face, held in place with magnets, can be easily removed for battery replacement.\n                    </li>\n                \n                    <li>\n                        A lack of hour marks and easy-to-read hands complement the bold nature of the clock case.\n                    </li>\n                \n                    <li>\n                        Hemisphere received a 2021 Esquire Home Design Award, given to “the 40 coolest items for your home.\"\n                    </li>\n                \n                    <li>\n                        Includes a stand for optional tabletop use.\n                    </li>\n                \n                    <li>\n                        Runs on one AA battery (not included).\n                    </li>\n                \n            </ul>\n                                \n\n        \n        \n    </div>\n\n    <div class=\"pdp-summary-group-col-2 col-12 col-lg-5 offset-lg-1\">\n        <div class=\"table table-content summary-table\">\n            \n                \n                \n                    <dl>\n                        <dt>\n                            Brand\n                        </dt>\n                        <dd>\n                            <a href=\"/brands-design-within-reach?lang=en_US\">Design Within Reach</a>\n                        </dd>\n                    </dl>\n                \n            \n            \n            \n            \n\n            \n            \n                <dl>\n                    <dt>\n                        General Dimensions\n                    </dt>\n                    <dd>\n                        <ul class=\"unstyled summary-pdp-dimensions-list\">\n                            \n                                <li>\n                                    5\" H 5\" W 2\" D 5\" DIA\n                                </li>\n                            \n                        </ul>\n                    </dd>\n                </dl>\n            \n\n            \n            \n\n            \n            \n\n            \n            <dl>\n                <dt>\n                    Assembly\n                </dt>\n                <dd>\n                    \n                        Comes fully assembled\n                    \n                </dd>\n            </dl>\n\n            \n            <dl>\n                <dt>\n                    Warranty\n                </dt>\n                <dd>\n                    \n                        1-year warranty<br>Terms and conditions apply. <a href=\"https://www.dwr.com/warranty.html\" target=\"_blank\">Learn more</a>\n                    \n                </dd>\n            </dl>\n\n            \n            \n\n            \n            \n\n            \n            \n        </div>\n    </div>\n</div>\n            </div>\n        ",
    "listSize": [
      {
        "size": "Small\n                                            \n\n\n\n\ndisable-danger",
        "price": 2600000,
        "stock": 100
      }
    ],
    "discountPercentage": 24,
    "thumbnail": "https://images.hermanmiller.group/m/191b6ceb9abd6376/W-DWR_2528799_100180722_monochrome_a.png?trim=auto&trim-sd=1&blend-mode=darken&blend=f0f0f0&bg=f0f0f0&auto=format&w=90&h=auto&fit=fill",
    "images": [
      "https://images.hermanmiller.group/m/191b6ceb9abd6376/W-DWR_2528799_100180722_monochrome_a.png?trim=auto&trim-sd=1&blend-mode=darken&blend=f0f0f0&bg=f0f0f0&auto=format&w=800&h=auto&fit=fill",
      "https://images.hermanmiller.group/m/5e033a527ea3e06d/W-DWR_2528799_100180722_monochrome_f.png?trim=auto&trim-sd=1&blend-mode=darken&blend=f0f0f0&bg=f0f0f0&auto=format&w=800&h=auto&fit=fill",
      "https://images.hermanmiller.group/m/79eef1d2e1f5539b/W-DWR_2528799_100180722_monochrome_p.png?trim=auto&trim-sd=1&blend-mode=darken&blend=f0f0f0&bg=f0f0f0&auto=format&w=800&h=auto&fit=fill",
      "https://images.hermanmiller.group/m/9b9014ed129a78e5/W-DWR_2528799_100180722_monochrome_d1.png?trim=auto&trim-sd=1&blend-mode=darken&blend=f0f0f0&bg=f0f0f0&auto=format&w=800&h=auto&fit=fill",
      "https://images.hermanmiller.group/m/22f6474eb8a6ac4f/W-DWR_2528799_all_d2.png?trim=auto&trim-sd=1&bg=f0f0f0&auto=format&w=800&h=auto&fit=fill",
      "https://images.hermanmiller.group/m/69aaaa4da625196f/W-DWR_2531570_100219468_window_v1_001.png?trim=auto&trim-sd=1&bg=f0f0f0&auto=format&w=800&h=auto&fit=fill"
    ]
  },
  {
    "title": "Angles Pillow by Paul Smith",
    "product_category_id": "6814b2a2489706858ef2c419",
    "description": "\n            <div class=\"collapse-body pdp-summary-group-body\">\n                \n<div class=\"row\">\n    <div class=\"pdp-summary-group-col-1 col-12 col-lg-5\">\n\n        \n        \n\n        \n        \n            <div class=\"mb-3\">\n                Maharam textiles reside in the permanent collections of MoMA, Cooper Hewitt, and the Art Institute of Chicago, among others. The Angles Pillow (2019), made in collaboration with renowned designer Paul Smith, combines luxe comfort and bold geometry to delight both the eye and hand. The pillow is crafted from a larger fabric pattern – colors and patterns may vary based on the repeat, making each one unique. Made in Germany.\n            </div>\n        \n\n        \n        \n            <ul class=\"bulleted mb-3\">\n                \n                    <li>\n                        Pattern by renowned British fashion designer Paul Smith.\n                    </li>\n                \n                    <li>\n                        A modern take on traditional jacquard.\n                    </li>\n                \n                    <li>\n                        Colors and patterns may vary based on the repeat.\n                    </li>\n                \n            </ul>\n                                \n\n        \n        \n    </div>\n\n    <div class=\"pdp-summary-group-col-2 col-12 col-lg-5 offset-lg-1\">\n        <div class=\"table table-content summary-table\">\n            \n                \n                \n                    <dl>\n                        <dt>\n                            Brand\n                        </dt>\n                        <dd>\n                            <a href=\"/brands-maharam?lang=en_US\">Maharam</a>\n                        </dd>\n                    </dl>\n                \n            \n            \n            \n            \n\n            \n            \n                <dl>\n                    <dt>\n                        General Dimensions\n                    </dt>\n                    <dd>\n                        <ul class=\"unstyled summary-pdp-dimensions-list\">\n                            \n                                <li>\n                                    17\" H 17\" W 5\" D\n                                </li>\n                            \n                        </ul>\n                    </dd>\n                </dl>\n            \n\n            \n            \n\n            \n            \n                <dl>\n                    <dt>\n                        Product Weight\n                    </dt>\n                    <dd class=\"summary-weight\">\n                        2.25 lbs\n                    </dd>\n                </dl>\n            \n\n            \n            <dl>\n                <dt>\n                    Assembly\n                </dt>\n                <dd>\n                    \n                        Comes fully assembled\n                    \n                </dd>\n            </dl>\n\n            \n            <dl>\n                <dt>\n                    Warranty\n                </dt>\n                <dd>\n                    \n                        1-year warranty<br>Terms and conditions apply. <a href=\"https://www.dwr.com/warranty.html\" target=\"_blank\">Learn more</a>\n                    \n                </dd>\n            </dl>\n\n            \n            \n\n            \n            \n\n            \n            \n        </div>\n    </div>\n</div>\n            </div>\n        ",
    "listSize": [
      {
        "size": "17 x 17\n                                            \n\n\n\n\ndisable-danger",
        "price": 5200000,
        "stock": 90
      }
    ],
    "discountPercentage": 14,
    "thumbnail": "https://images.hermanmiller.group/m/3b7c8e3e7d43986/W-DWR_2521505_100236357_agate_f_f.png?trim=auto&trim-sd=1&blend-mode=darken&blend=f0f0f0&bg=f0f0f0&auto=format&w=90&h=auto&fit=fill",
    "images": [
      "https://images.hermanmiller.group/m/3b7c8e3e7d43986/W-DWR_2521505_100236357_agate_f_f.png?trim=auto&trim-sd=1&blend-mode=darken&blend=f0f0f0&bg=f0f0f0&auto=format&w=800&h=auto&fit=fill"
    ]
  },
  {
    "title": "Kauffmann Mirrors",
    "product_category_id": "6814b2a2489706858ef2c419",
    "description": "\n            <div class=\"collapse-body pdp-summary-group-body\">\n                \n<div class=\"row\">\n    <div class=\"pdp-summary-group-col-1 col-12 col-lg-5\">\n\n        \n        \n\n        \n        \n            <div class=\"mb-3\">\n                Instantly add a focal point to any room with the gracefully arched Kauffmann Mirror (2023). Tall and elegant, it brings in light, creates dimension, and can serve as a full-length mirror or add drama above a chest or console. Made with a sleek aluminum frame, this versatile mirror suits a wide variety of interior styles. Made in China.\n            </div>\n        \n\n        \n        \n            <ul class=\"bulleted mb-3\">\n                \n                    <li>\n                        Choice of silver or black finish.\n                    </li>\n                \n                    <li>\n                        Two sizes.\n                    </li>\n                \n                    <li>\n                        Durable aluminum frame.\n                    </li>\n                \n            </ul>\n                                \n\n        \n        \n    </div>\n\n    <div class=\"pdp-summary-group-col-2 col-12 col-lg-5 offset-lg-1\">\n        <div class=\"table table-content summary-table\">\n            \n                \n                \n                    <dl>\n                        <dt>\n                            Brand\n                        </dt>\n                        <dd>\n                            <a href=\"/brands-design-within-reach?lang=en_US\">Design Within Reach</a>\n                        </dd>\n                    </dl>\n                \n            \n            \n            \n            \n\n            \n            \n                <dl>\n                    <dt>\n                        General Dimensions\n                    </dt>\n                    <dd>\n                        <ul class=\"unstyled summary-pdp-dimensions-list\">\n                            \n                                <li>\n                                    48\" H 36\" W 1¼\" D\n                                </li>\n                            \n                        </ul>\n                    </dd>\n                </dl>\n            \n\n            \n            \n\n            \n            \n                <dl>\n                    <dt>\n                        Product Weight\n                    </dt>\n                    <dd class=\"summary-weight\">\n                        30 lbs\n                    </dd>\n                </dl>\n            \n\n            \n            <dl>\n                <dt>\n                    Assembly\n                </dt>\n                <dd>\n                    \n                        Requires Assembly\n                    \n                </dd>\n            </dl>\n\n            \n            <dl>\n                <dt>\n                    Warranty\n                </dt>\n                <dd>\n                    \n                        1-year warranty<br>Terms and conditions apply. <a href=\"https://www.dwr.com/warranty.html\" target=\"_blank\">Learn more</a>\n                    \n                </dd>\n            </dl>\n\n            \n            \n\n            \n            \n\n            \n            \n        </div>\n    </div>\n</div>\n            </div>\n        ",
    "listSize": [
      {
        "size": "36\" x 84\"",
        "price": 47970000,
        "stock": 92
      },
      {
        "size": "36\" x 48\"",
        "price": 27170000,
        "stock": 86
      }
    ],
    "discountPercentage": 17,
    "thumbnail": "https://images.hermanmiller.group/m/10f7f61cfa938a9d/W-DWR_2560096_100403910_aluminum_f.png?trim=auto&trim-sd=1&blend-mode=darken&blend=f0f0f0&bg=f0f0f0&auto=format&w=90&h=auto&fit=fill",
    "images": [
      "https://images.hermanmiller.group/m/10f7f61cfa938a9d/W-DWR_2560096_100403910_aluminum_f.png?trim=auto&trim-sd=1&blend-mode=darken&blend=f0f0f0&bg=f0f0f0&auto=format&w=800&h=auto&fit=fill",
      "https://images.hermanmiller.group/m/6007f9caadee199f/W-DWR_2560096_100403913_black_v1_008.png?trim=auto&trim-sd=1&bg=f0f0f0&auto=format&w=800&h=auto&fit=fill",
      "https://images.hermanmiller.group/m/821d9eaead38024/W-DWR_HW23_EDITORIAL_GARRISON_525.png?trim=auto&trim-sd=1&bg=f0f0f0&auto=format&w=800&h=auto&fit=fill",
      "https://images.hermanmiller.group/m/34417bd99b96c2a/W-DWR_2560597_100405237_black_white_v1_001.png?trim=auto&trim-sd=1&bg=f0f0f0&auto=format&w=800&h=auto&fit=fill"
    ]
  },
  {
    "title": "Sheepskin Throw",
    "product_category_id": "6814b2a2489706858ef2c419",
    "description": "\n            <div class=\"collapse-body pdp-summary-group-body\">\n                \n<div class=\"row\">\n    <div class=\"pdp-summary-group-col-1 col-12 col-lg-5\">\n\n        \n        \n\n        \n        \n            <div class=\"mb-3\">\n                Our natural Sheepskin Throw brings textural counterpoint to modern interiors with its soft, downy pile. This sumptuous piece lends itself to being draped over your favorite furniture or used as a rug. Produced by a company with more than 80 years of experience in the industry, it’s refined using a tanning method that retains natural shape and suppleness. Hand-wash or dry-clean. Made in Argentina.\n            </div>\n        \n\n        \n        \n            <ul class=\"bulleted mb-3\">\n                \n                    <li>\n                        100% sheepskin.\n                    </li>\n                \n                    <li>\n                        Can be used as a throw or rug.\n                    </li>\n                \n                    <li>\n                        Note: Being a natural material, slight variations in color and shape are to be expected and are not defects.\n                    </li>\n                \n            </ul>\n                                \n\n        \n        \n    </div>\n\n    <div class=\"pdp-summary-group-col-2 col-12 col-lg-5 offset-lg-1\">\n        <div class=\"table table-content summary-table\">\n            \n                \n                \n                    <dl>\n                        <dt>\n                            Brand\n                        </dt>\n                        <dd>\n                            <a href=\"/brands-design-within-reach?lang=en_US\">Design Within Reach</a>\n                        </dd>\n                    </dl>\n                \n            \n            \n            \n            \n\n            \n            \n                <dl>\n                    <dt>\n                        General Dimensions\n                    </dt>\n                    <dd>\n                        <ul class=\"unstyled summary-pdp-dimensions-list\">\n                            \n                                <li>\n                                    2\" H 41\" W 82\" D\n                                </li>\n                            \n                        </ul>\n                    </dd>\n                </dl>\n            \n\n            \n            \n\n            \n            \n                <dl>\n                    <dt>\n                        Product Weight\n                    </dt>\n                    <dd class=\"summary-weight\">\n                        7.75 lbs\n                    </dd>\n                </dl>\n            \n\n            \n            <dl>\n                <dt>\n                    Assembly\n                </dt>\n                <dd>\n                    \n                        Comes fully assembled\n                    \n                </dd>\n            </dl>\n\n            \n            <dl>\n                <dt>\n                    Warranty\n                </dt>\n                <dd>\n                    \n                        1-year warranty<br>Terms and conditions apply. <a href=\"https://www.dwr.com/warranty.html\" target=\"_blank\">Learn more</a>\n                    \n                </dd>\n            </dl>\n\n            \n            \n\n            \n            \n\n            \n            \n        </div>\n    </div>\n</div>\n            </div>\n        ",
    "listSize": [
      {
        "size": "Single",
        "price": 3770000,
        "stock": 65
      },
      {
        "size": "Quadrat",
        "price": 14170000,
        "stock": 55
      },
      {
        "size": "Duo",
        "price": 6370000,
        "stock": 58
      }
    ],
    "discountPercentage": 11,
    "thumbnail": "https://images.hermanmiller.group/m/1e03e53e41433c96/W-DWR_2516240_100332325_sand_f.png?trim=auto&trim-sd=1&blend-mode=darken&blend=f0f0f0&bg=f0f0f0&auto=format&w=90&h=auto&fit=fill",
    "images": [
      "https://images.hermanmiller.group/m/1e03e53e41433c96/W-DWR_2516240_100332325_sand_f.png?trim=auto&trim-sd=1&blend-mode=darken&blend=f0f0f0&bg=f0f0f0&auto=format&w=800&h=auto&fit=fill",
      "https://images.hermanmiller.group/m/986a45f1bb4a9b83/W-DWR_2516240_100332324_sand_d3.png?trim=auto&trim-sd=1&blend-mode=darken&blend=f0f0f0&bg=f0f0f0&auto=format&w=800&h=auto&fit=fill",
      "https://images.hermanmiller.group/m/db8ebe0015abfec2/W-DWR_2516240_100332324_sand_d2.png?trim=auto&trim-sd=1&blend-mode=darken&blend=f0f0f0&bg=f0f0f0&auto=format&w=800&h=auto&fit=fill",
      "https://images.hermanmiller.group/m/7f71e651da9424fa/W-DWR_2516240_100332324_sand_d1.png?trim=auto&trim-sd=1&blend-mode=darken&blend=f0f0f0&bg=f0f0f0&auto=format&w=800&h=auto&fit=fill",
      "https://images.hermanmiller.group/m/7d588fda2c82a64/W-DWR_2560495_100422448_rosewood_oak_v1_102.png?trim=auto&trim-sd=1&bg=f0f0f0&auto=format&w=800&h=auto&fit=fill",
      "https://images.hermanmiller.group/m/3164c17431250b8a/W-HM_2197670_100087213_walnut_v1_280.png?trim=auto&trim-sd=1&bg=f0f0f0&auto=format&w=800&h=auto&fit=fill",
      "https://images.hermanmiller.group/m/29b5d8430f299fe2/W-DWR_7204_291378_black_nero_v1_1213.png?trim=auto&trim-sd=1&bg=f0f0f0&auto=format&w=800&h=auto&fit=fill",
      "https://images.hermanmiller.group/m/28e0bdfb003ecadb/W-DWR_2195267_100069016_buff_v2_299_Plate_alt_Prop_Table.png?trim=auto&trim-sd=1&bg=f0f0f0&auto=format&w=800&h=auto&fit=fill",
      "https://images.hermanmiller.group/m/4795a32b74327566/W-DWR_2550205_100354721_cream_maple_v1_958.png?trim=auto&trim-sd=1&bg=f0f0f0&auto=format&w=800&h=auto&fit=fill",
      "https://images.hermanmiller.group/m/e8aaf5b176640b45/W-DWR_9587_100067476_warm_grey_v1_001.png?trim=auto&trim-sd=1&bg=f0f0f0&auto=format&w=800&h=auto&fit=fill",
      "https://images.hermanmiller.group/m/6cbb5a24364a298c/W-DWR_2516235_100144423_black_ash_black_v2_002.png?trim=auto&trim-sd=1&bg=f0f0f0&auto=format&w=800&h=auto&fit=fill"
    ]
  },
  {
    "title": "Checker Pillow by Alexander Girard",
    "product_category_id": "6814b2a2489706858ef2c419",
    "description": "\n            <div class=\"collapse-body pdp-summary-group-body\">\n                \n<div class=\"row\">\n    <div class=\"pdp-summary-group-col-1 col-12 col-lg-5\">\n\n        \n        \n\n        \n        \n            <div class=\"mb-3\">\n                Trained as an architect but proficient in nearly all design disciplines, Alexander Girard had a profound influence on 20th-century visual culture. During his 21 years as the director of design for the Herman Miller textile division, he designed more than 300 textiles, including Checker (1965). This cotton-blend pillow with feather filling is produced by renowned textile maker Maharam.\n            </div>\n        \n\n        \n        \n            <ul class=\"bulleted mb-3\">\n                \n                    <li>\n                        Removable cotton-blend cover.\n                    </li>\n                \n                    <li>\n                        Plush feather filling.\n                    </li>\n                \n                    <li>\n                        Choice of color.\n                    </li>\n                \n            </ul>\n                                \n\n        \n        \n    </div>\n\n    <div class=\"pdp-summary-group-col-2 col-12 col-lg-5 offset-lg-1\">\n        <div class=\"table table-content summary-table\">\n            \n                \n                \n                    <dl>\n                        <dt>\n                            Brand\n                        </dt>\n                        <dd>\n                            <a href=\"/brands-maharam?lang=en_US\">Maharam</a>\n                        </dd>\n                    </dl>\n                \n            \n            \n            \n            \n\n            \n            \n                <dl>\n                    <dt>\n                        General Dimensions\n                    </dt>\n                    <dd>\n                        <ul class=\"unstyled summary-pdp-dimensions-list\">\n                            \n                                <li>\n                                    11\" H 21\" W 5\" D\n                                </li>\n                            \n                        </ul>\n                    </dd>\n                </dl>\n            \n\n            \n            \n\n            \n            \n                <dl>\n                    <dt>\n                        Product Weight\n                    </dt>\n                    <dd class=\"summary-weight\">\n                        1.25 lbs\n                    </dd>\n                </dl>\n            \n\n            \n            <dl>\n                <dt>\n                    Assembly\n                </dt>\n                <dd>\n                    \n                        Comes fully assembled\n                    \n                </dd>\n            </dl>\n\n            \n            <dl>\n                <dt>\n                    Warranty\n                </dt>\n                <dd>\n                    \n                        1-year warranty<br>Terms and conditions apply. <a href=\"https://www.dwr.com/warranty.html\" target=\"_blank\">Learn more</a>\n                    \n                </dd>\n            </dl>\n\n            \n            \n\n            \n            \n\n            \n            \n        </div>\n    </div>\n</div>\n            </div>\n        ",
    "listSize": [
      {
        "size": "11\" x 21\"",
        "price": 5850000,
        "stock": 66
      },
      {
        "size": "17\" x 17\"",
        "price": 5200000,
        "stock": 96
      }
    ],
    "discountPercentage": 16,
    "thumbnail": "https://images.hermanmiller.group/m/a015c36cc93a8ca5/W-DWR_2197697_100334032_black_white_f.png?trim=auto&trim-sd=1&blend-mode=darken&blend=f0f0f0&bg=f0f0f0&auto=format&w=90&h=auto&fit=fill",
    "images": [
      "https://images.hermanmiller.group/m/a015c36cc93a8ca5/W-DWR_2197697_100334032_black_white_f.png?trim=auto&trim-sd=1&blend-mode=darken&blend=f0f0f0&bg=f0f0f0&auto=format&w=800&h=auto&fit=fill",
      "https://images.hermanmiller.group/m/0c95684f04b5c080/W-DWR_2197697_100334032_black_white_d1.png?trim=auto&trim-sd=1&blend-mode=darken&blend=f0f0f0&bg=f0f0f0&auto=format&w=800&h=auto&fit=fill",
      "https://images.hermanmiller.group/m/92a475423b729cd6/W-DWR_2197697_100334034_black_white_d2.png?trim=auto&trim-sd=1&bg=f0f0f0&auto=format&w=800&h=auto&fit=fill",
      "https://images.hermanmiller.group/m/72e43be3b794ea52/W-DWR_2546085_100334316_maneskinn_v1_001.png?trim=auto&trim-sd=1&bg=f0f0f0&auto=format&w=800&h=auto&fit=fill",
      "https://images.hermanmiller.group/m/bfc9c2e9c406830d/W-DWR_2197697_100334032_black_white_d2.png?trim=auto&trim-sd=1&bg=f0f0f0&auto=format&w=800&h=auto&fit=fill"
    ]
  },
  {
    "title": "Sheepskin Throw",
    "product_category_id": "6814b2a2489706858ef2c419",
    "description": "\n            <div class=\"collapse-body pdp-summary-group-body\">\n                \n<div class=\"row\">\n    <div class=\"pdp-summary-group-col-1 col-12 col-lg-5\">\n\n        \n        \n\n        \n        \n            <div class=\"mb-3\">\n                Our natural Sheepskin Throw brings textural counterpoint to modern interiors with its soft, downy pile. This sumptuous piece lends itself to being draped over your favorite furniture or used as a rug. Produced by a company with more than 80 years of experience in the industry, it’s refined using a tanning method that retains natural shape and suppleness. Hand-wash or dry-clean. Made in Argentina.\n            </div>\n        \n\n        \n        \n            <ul class=\"bulleted mb-3\">\n                \n                    <li>\n                        100% sheepskin.\n                    </li>\n                \n                    <li>\n                        Can be used as a throw or rug.\n                    </li>\n                \n                    <li>\n                        Note: Being a natural material, slight variations in color and shape are to be expected and are not defects.\n                    </li>\n                \n            </ul>\n                                \n\n        \n        \n    </div>\n\n    <div class=\"pdp-summary-group-col-2 col-12 col-lg-5 offset-lg-1\">\n        <div class=\"table table-content summary-table\">\n            \n                \n                \n                    <dl>\n                        <dt>\n                            Brand\n                        </dt>\n                        <dd>\n                            <a href=\"/brands-design-within-reach?lang=en_US\">Design Within Reach</a>\n                        </dd>\n                    </dl>\n                \n            \n            \n            \n            \n\n            \n            \n                <dl>\n                    <dt>\n                        General Dimensions\n                    </dt>\n                    <dd>\n                        <ul class=\"unstyled summary-pdp-dimensions-list\">\n                            \n                                <li>\n                                    2\" H 24\" W 82\" D\n                                </li>\n                            \n                        </ul>\n                    </dd>\n                </dl>\n            \n\n            \n            \n\n            \n            \n                <dl>\n                    <dt>\n                        Product Weight\n                    </dt>\n                    <dd class=\"summary-weight\">\n                        4.5 lbs\n                    </dd>\n                </dl>\n            \n\n            \n            <dl>\n                <dt>\n                    Assembly\n                </dt>\n                <dd>\n                    \n                        Comes fully assembled\n                    \n                </dd>\n            </dl>\n\n            \n            <dl>\n                <dt>\n                    Warranty\n                </dt>\n                <dd>\n                    \n                        1-year warranty<br>Terms and conditions apply. <a href=\"https://www.dwr.com/warranty.html\" target=\"_blank\">Learn more</a>\n                    \n                </dd>\n            </dl>\n\n            \n            \n\n            \n            \n\n            \n            \n        </div>\n    </div>\n</div>\n            </div>\n        ",
    "listSize": [
      {
        "size": "Single",
        "price": 3770000,
        "stock": 53
      },
      {
        "size": "Quadrat",
        "price": 14170000,
        "stock": 76
      },
      {
        "size": "Duo",
        "price": 6370000,
        "stock": 70
      }
    ],
    "discountPercentage": 11,
    "thumbnail": "https://images.hermanmiller.group/m/e452acb0b1a2cca/W-DWR_2516240_100200179_brown_f.png?trim=auto&trim-sd=1&blend-mode=darken&blend=f0f0f0&bg=f0f0f0&auto=format&w=90&h=auto&fit=fill",
    "images": [
      "https://images.hermanmiller.group/m/e452acb0b1a2cca/W-DWR_2516240_100200179_brown_f.png?trim=auto&trim-sd=1&blend-mode=darken&blend=f0f0f0&bg=f0f0f0&auto=format&w=800&h=auto&fit=fill",
      "https://images.hermanmiller.group/m/7d588fda2c82a64/W-DWR_2560495_100422448_rosewood_oak_v1_102.png?trim=auto&trim-sd=1&bg=f0f0f0&auto=format&w=800&h=auto&fit=fill",
      "https://images.hermanmiller.group/m/3164c17431250b8a/W-HM_2197670_100087213_walnut_v1_280.png?trim=auto&trim-sd=1&bg=f0f0f0&auto=format&w=800&h=auto&fit=fill",
      "https://images.hermanmiller.group/m/29b5d8430f299fe2/W-DWR_7204_291378_black_nero_v1_1213.png?trim=auto&trim-sd=1&bg=f0f0f0&auto=format&w=800&h=auto&fit=fill",
      "https://images.hermanmiller.group/m/28e0bdfb003ecadb/W-DWR_2195267_100069016_buff_v2_299_Plate_alt_Prop_Table.png?trim=auto&trim-sd=1&bg=f0f0f0&auto=format&w=800&h=auto&fit=fill",
      "https://images.hermanmiller.group/m/4795a32b74327566/W-DWR_2550205_100354721_cream_maple_v1_958.png?trim=auto&trim-sd=1&bg=f0f0f0&auto=format&w=800&h=auto&fit=fill",
      "https://images.hermanmiller.group/m/e8aaf5b176640b45/W-DWR_9587_100067476_warm_grey_v1_001.png?trim=auto&trim-sd=1&bg=f0f0f0&auto=format&w=800&h=auto&fit=fill",
      "https://images.hermanmiller.group/m/6cbb5a24364a298c/W-DWR_2516235_100144423_black_ash_black_v2_002.png?trim=auto&trim-sd=1&bg=f0f0f0&auto=format&w=800&h=auto&fit=fill"
    ]
  },
  {
    "title": "Wide Corduroy Pillow",
    "product_category_id": "6814b2a2489706858ef2c419",
    "description": "\n            <div class=\"collapse-body pdp-summary-group-body\">\n                \n<div class=\"row\">\n    <div class=\"pdp-summary-group-col-1 col-12 col-lg-5\">\n\n        \n        \n\n        \n        \n            <div class=\"mb-3\">\n                Maharam Design Studio specializes in the design and development of textiles for residential and commercial interiors. Balancing an appreciation of history with a focus on aesthetic and industrial innovation, Maharam’s textiles reside in the permanent collections of MoMA, Cooper Hewitt and the Art Institute of Chicago, among others. The Wide Corduroy Pillow (2020) features a 100% cotton pillowcase.\n            </div>\n        \n\n        \n        \n            <ul class=\"bulleted mb-3\">\n                \n                    <li>\n                        Cotton corduroy pillow in a variety of colors.\n                    </li>\n                \n                    <li>\n                        Plush feather filling.\n                    </li>\n                \n            </ul>\n                                \n\n        \n        \n    </div>\n\n    <div class=\"pdp-summary-group-col-2 col-12 col-lg-5 offset-lg-1\">\n        <div class=\"table table-content summary-table\">\n            \n                \n                \n                    <dl>\n                        <dt>\n                            Brand\n                        </dt>\n                        <dd>\n                            <a href=\"/brands-maharam?lang=en_US\">Maharam</a>\n                        </dd>\n                    </dl>\n                \n            \n            \n            \n            \n\n            \n            \n                <dl>\n                    <dt>\n                        General Dimensions\n                    </dt>\n                    <dd>\n                        <ul class=\"unstyled summary-pdp-dimensions-list\">\n                            \n                                <li>\n                                    17\" H 17\" W 5\" D\n                                </li>\n                            \n                        </ul>\n                    </dd>\n                </dl>\n            \n\n            \n            \n\n            \n            \n\n            \n            <dl>\n                <dt>\n                    Assembly\n                </dt>\n                <dd>\n                    \n                        Comes fully assembled\n                    \n                </dd>\n            </dl>\n\n            \n            <dl>\n                <dt>\n                    Warranty\n                </dt>\n                <dd>\n                    \n                        1-year warranty<br>Terms and conditions apply. <a href=\"https://www.dwr.com/warranty.html\" target=\"_blank\">Learn more</a>\n                    \n                </dd>\n            </dl>\n\n            \n            \n\n            \n            \n\n            \n            \n        </div>\n    </div>\n</div>\n            </div>\n        ",
    "listSize": [
      {
        "size": "11\" x 21\"",
        "price": 5070000,
        "stock": 62
      },
      {
        "size": "17\" x 17\"",
        "price": 5200000,
        "stock": 81
      },
      {
        "size": "18\" x 26\"",
        "price": 7150000,
        "stock": 72
      }
    ],
    "discountPercentage": 12,
    "thumbnail": "https://images.hermanmiller.group/m/93ee84728834d7bf/W-DWR_2517993_100170863_oleander_f.png?trim=auto&trim-sd=1&blend-mode=darken&blend=f0f0f0&bg=f0f0f0&auto=format&w=90&h=auto&fit=fill",
    "images": [
      "https://images.hermanmiller.group/m/93ee84728834d7bf/W-DWR_2517993_100170863_oleander_f.png?trim=auto&trim-sd=1&blend-mode=darken&blend=f0f0f0&bg=f0f0f0&auto=format&w=800&h=auto&fit=fill",
      "https://images.hermanmiller.group/m/dd33097b10d936b1/W-DWR_2517993_100170859_oleander_d1.png?trim=auto&trim-sd=1&blend-mode=darken&blend=f0f0f0&bg=f0f0f0&auto=format&w=800&h=auto&fit=fill",
      "https://images.hermanmiller.group/m/3bf2ebb742cfaffa/W-HM_2527194_100209339_maple_chrome_v4_001.png?trim=auto&trim-sd=1&bg=f0f0f0&auto=format&w=800&h=auto&fit=fill",
      "https://images.hermanmiller.group/m/a11ed4add4b94aff/W-HM_2518280_100177099_navy_black_v1_001.png?trim=auto&trim-sd=1&bg=f0f0f0&auto=format&w=800&h=auto&fit=fill",
      "https://images.hermanmiller.group/m/3561f2c6ea99e42a/W-HM_2197621_100115878_snow_walnut_V1_132.png?trim=auto&trim-sd=1&bg=f0f0f0&auto=format&w=800&h=auto&fit=fill",
      "https://images.hermanmiller.group/m/53c949c8d53bf538/W-HM_4874_100190743_heathered_black_walnut_v1_020.png?trim=auto&trim-sd=1&bg=f0f0f0&auto=format&w=800&h=auto&fit=fill",
      "https://images.hermanmiller.group/m/f3e089f34beb9caf/W-DWR_2514131_100154493_cream_v2_014.png?trim=auto&trim-sd=1&bg=f0f0f0&auto=format&w=800&h=auto&fit=fill",
      "https://images.hermanmiller.group/m/8e806f438e8eeb40/W-DWR_2518283_100177198_gesso_aluminum_v2_001.png?trim=auto&trim-sd=1&bg=f0f0f0&auto=format&w=800&h=auto&fit=fill",
      "https://images.hermanmiller.group/m/2d19902204ec1c90/W-DWR_2518283_100177198_gesso_aluminum_v1_001.png?trim=auto&trim-sd=1&bg=f0f0f0&auto=format&w=800&h=auto&fit=fill",
      "https://images.hermanmiller.group/m/939bddf94fd6844f/W-DWR_2517991_100170645_peat_v2_001.png?trim=auto&trim-sd=1&bg=f0f0f0&auto=format&w=800&h=auto&fit=fill",
      "https://images.hermanmiller.group/m/dd9599087473b693/W-DWR_2517991_100170645_peat_v1_001.png?trim=auto&trim-sd=1&bg=f0f0f0&auto=format&w=800&h=auto&fit=fill"
    ]
  }
]
