[
  {
    "title": "Sheepskin Throw",
    "product_category_id": "6814c2f2511161f3045accf1",
    "description": "\n            <div class=\"collapse-body pdp-summary-group-body\">\n                \n<div class=\"row\">\n    <div class=\"pdp-summary-group-col-1 col-12 col-lg-5\">\n\n        \n        \n\n        \n        \n            <div class=\"mb-3\">\n                Our natural Sheepskin Throw brings textural counterpoint to modern interiors with its soft, downy pile. This sumptuous piece lends itself to being draped over your favorite furniture or used as a rug. Produced by a company with more than 80 years of experience in the industry, it’s refined using a tanning method that retains natural shape and suppleness. Hand-wash or dry-clean. Made in Argentina.\n            </div>\n        \n\n        \n        \n            <ul class=\"bulleted mb-3\">\n                \n                    <li>\n                        100% sheepskin.\n                    </li>\n                \n                    <li>\n                        Can be used as a throw or rug.\n                    </li>\n                \n                    <li>\n                        Note: Being a natural material, slight variations in color and shape are to be expected and are not defects.\n                    </li>\n                \n            </ul>\n                                \n\n        \n        \n    </div>\n\n    <div class=\"pdp-summary-group-col-2 col-12 col-lg-5 offset-lg-1\">\n        <div class=\"table table-content summary-table\">\n            \n                \n                \n                    <dl>\n                        <dt>\n                            Brand\n                        </dt>\n                        <dd>\n                            <a href=\"/brands-design-within-reach?lang=en_US\">Design Within Reach</a>\n                        </dd>\n                    </dl>\n                \n            \n            \n            \n            \n\n            \n            \n                <dl>\n                    <dt>\n                        General Dimensions\n                    </dt>\n                    <dd>\n                        <ul class=\"unstyled summary-pdp-dimensions-list\">\n                            \n                                <li>\n                                    2\" H 24\" W 41\" D\n                                </li>\n                            \n                        </ul>\n                    </dd>\n                </dl>\n            \n\n            \n            \n\n            \n            \n                <dl>\n                    <dt>\n                        Product Weight\n                    </dt>\n                    <dd class=\"summary-weight\">\n                        2 lbs\n                    </dd>\n                </dl>\n            \n\n            \n            <dl>\n                <dt>\n                    Assembly\n                </dt>\n                <dd>\n                    \n                        Comes fully assembled\n                    \n                </dd>\n            </dl>\n\n            \n            <dl>\n                <dt>\n                    Warranty\n                </dt>\n                <dd>\n                    \n                        1-year warranty<br>Terms and conditions apply. <a href=\"https://www.dwr.com/warranty.html\" target=\"_blank\">Learn more</a>\n                    \n                </dd>\n            </dl>\n\n            \n            \n\n            \n            \n\n            \n            \n        </div>\n    </div>\n</div>\n            </div>\n        ",
    "listSize": [
      {
        "size": "Single",
        "price": 3770000,
        "stock": 75
      },
      {
        "size": "Quadrat",
        "price": 14170000,
        "stock": 71
      },
      {
        "size": "Duo",
        "price": 6370000,
        "stock": 94
      }
    ],
    "discountPercentage": 25,
    "thumbnail": "https://images.hermanmiller.group/m/9078a2f7432e2a9d/W-DWR_2516240_100144452_ivory_f.png?trim=auto&trim-sd=1&blend-mode=darken&blend=f0f0f0&bg=f0f0f0&auto=format&w=90&h=auto&fit=fill",
    "images": [
      "https://images.hermanmiller.group/m/9078a2f7432e2a9d/W-DWR_2516240_100144452_ivory_f.png?trim=auto&trim-sd=1&blend-mode=darken&blend=f0f0f0&bg=f0f0f0&auto=format&w=800&h=auto&fit=fill",
      "https://images.hermanmiller.group/m/7d588fda2c82a64/W-DWR_2560495_100422448_rosewood_oak_v1_102.png?trim=auto&trim-sd=1&bg=f0f0f0&auto=format&w=800&h=auto&fit=fill",
      "https://images.hermanmiller.group/m/3164c17431250b8a/W-HM_2197670_100087213_walnut_v1_280.png?trim=auto&trim-sd=1&bg=f0f0f0&auto=format&w=800&h=auto&fit=fill",
      "https://images.hermanmiller.group/m/29b5d8430f299fe2/W-DWR_7204_291378_black_nero_v1_1213.png?trim=auto&trim-sd=1&bg=f0f0f0&auto=format&w=800&h=auto&fit=fill",
      "https://images.hermanmiller.group/m/28e0bdfb003ecadb/W-DWR_2195267_100069016_buff_v2_299_Plate_alt_Prop_Table.png?trim=auto&trim-sd=1&bg=f0f0f0&auto=format&w=800&h=auto&fit=fill",
      "https://images.hermanmiller.group/m/4795a32b74327566/W-DWR_2550205_100354721_cream_maple_v1_958.png?trim=auto&trim-sd=1&bg=f0f0f0&auto=format&w=800&h=auto&fit=fill",
      "https://images.hermanmiller.group/m/e8aaf5b176640b45/W-DWR_9587_100067476_warm_grey_v1_001.png?trim=auto&trim-sd=1&bg=f0f0f0&auto=format&w=800&h=auto&fit=fill",
      "https://images.hermanmiller.group/m/6cbb5a24364a298c/W-DWR_2516235_100144423_black_ash_black_v2_002.png?trim=auto&trim-sd=1&bg=f0f0f0&auto=format&w=800&h=auto&fit=fill"
    ]
  },
  {
    "title": "HAY Basket",
    "product_category_id": "6814c2f2511161f3045accf1",
    "description": "\n            <div class=\"collapse-body pdp-summary-group-body\">\n                \n<div class=\"row\">\n    <div class=\"pdp-summary-group-col-1 col-12 col-lg-5\">\n\n        \n        \n\n        \n        \n            <div class=\"mb-3\">\n                Based in Lausanne, Switzerland, Big-Game was co-founded in 2004 by Grégoire Jeanmonod, Elric Petit and Augustin Scott de Martinville. Drawing on their Swiss, Belgian and French roots, the trio specializes in bringing a relaxed southern European approach to everything they create. Constructed of sturdy plastic, the HAY Basket (2016) can be used for organizing, tidying and laundry storage. It nests for convenient storage when not in use. Made in China.\n            </div>\n        \n\n        \n                                \n\n        \n        \n    </div>\n\n    <div class=\"pdp-summary-group-col-2 col-12 col-lg-5 offset-lg-1\">\n        <div class=\"table table-content summary-table\">\n            \n                \n                \n                    <dl>\n                        <dt>\n                            Brand\n                        </dt>\n                        <dd>\n                            <a href=\"/brands-hay?lang=en_US\">HAY</a>\n                        </dd>\n                    </dl>\n                \n            \n            \n            \n            \n\n            \n            \n                <dl>\n                    <dt>\n                        General Dimensions\n                    </dt>\n                    <dd>\n                        <ul class=\"unstyled summary-pdp-dimensions-list\">\n                            \n                                <li>\n                                    9¾\" H 22¾\" W 14¾\" D\n                                </li>\n                            \n                        </ul>\n                    </dd>\n                </dl>\n            \n\n            \n            \n\n            \n            \n                <dl>\n                    <dt>\n                        Product Weight\n                    </dt>\n                    <dd class=\"summary-weight\">\n                        1.25 lbs\n                    </dd>\n                </dl>\n            \n\n            \n            <dl>\n                <dt>\n                    Assembly\n                </dt>\n                <dd>\n                    \n                        Comes fully assembled\n                    \n                </dd>\n            </dl>\n\n            \n            <dl>\n                <dt>\n                    Warranty\n                </dt>\n                <dd>\n                    \n                        2-year warranty<br>Terms and conditions apply. <a href=\"https://www.dwr.com/warranty.html\" target=\"_blank\">Learn more</a>\n                    \n                </dd>\n            </dl>\n\n            \n            \n\n            \n            \n\n            \n            \n        </div>\n    </div>\n</div>\n            </div>\n        ",
    "listSize": [
      {
        "size": "Small\n                                            \n\n\n\n\ndisable-danger",
        "price": 910000,
        "stock": 87
      }
    ],
    "discountPercentage": 27,
    "thumbnail": "https://images.hermanmiller.group/m/59c44266cfbdab7a/W-HAY_2515014_100180744_soft_yellow_a.png?trim=auto&trim-sd=1&blend-mode=darken&blend=f0f0f0&bg=f0f0f0&auto=format&w=90&h=auto&fit=fill",
    "images": [
      "https://images.hermanmiller.group/m/59c44266cfbdab7a/W-HAY_2515014_100180744_soft_yellow_a.png?trim=auto&trim-sd=1&blend-mode=darken&blend=f0f0f0&bg=f0f0f0&auto=format&w=800&h=auto&fit=fill",
      "https://images.hermanmiller.group/m/68fa433d41edc13b/W-HAY_2515014_100180743_soft_blue_v2.png?trim=auto&trim-sd=1&bg=f0f0f0&auto=format&w=800&h=auto&fit=fill",
      "https://images.hermanmiller.group/m/aaab6628eef244a9/W-HAY_2515014_100129739_light_grey_v1.png?trim=auto&trim-sd=1&bg=f0f0f0&auto=format&w=800&h=auto&fit=fill",
      "https://images.hermanmiller.group/m/b11e0850e9fd4bc0/W-HAY_2515014_100180742_nougat_small_v1_001.png?trim=auto&trim-sd=1&bg=f0f0f0&auto=format&w=800&h=auto&fit=fill",
      "https://images.hermanmiller.group/m/6b2a5a4c2ac7edb2/W-Basket-S-nougat_soft-blue_soft-yellow.png?trim=auto&trim-sd=1&bg=f0f0f0&auto=format&w=800&h=auto&fit=fill",
      "https://images.hermanmiller.group/m/2582ba97a7dc516d/W-Basket-S-soft-blue-02.png?trim=auto&trim-sd=1&bg=f0f0f0&auto=format&w=800&h=auto&fit=fill",
      "https://images.hermanmiller.group/m/6ecb05a0d0d24cb9/W-Basket-S-nougat.png?trim=auto&trim-sd=1&bg=f0f0f0&auto=format&w=800&h=auto&fit=fill",
      "https://images.hermanmiller.group/m/12bdff1dc2dd8189/W-Basket-S-soft-blue.png?trim=auto&trim-sd=1&bg=f0f0f0&auto=format&w=800&h=auto&fit=fill",
      "https://images.hermanmiller.group/m/1402878ad9140e14/W-Basket-S-soft-light-yellow.png?trim=auto&trim-sd=1&bg=f0f0f0&auto=format&w=800&h=auto&fit=fill",
      "https://images.hermanmiller.group/m/128b2e66eb715422/W-Basket-light-grey_Basket-army_Giant-Waffle-Bath-Towel-soft-yellow.png?trim=auto&trim-sd=1&bg=f0f0f0&auto=format&w=800&h=auto&fit=fill",
      "https://images.hermanmiller.group/m/646c1c4b317d23b8/W-Basket-S-light-grey.png?trim=auto&trim-sd=1&bg=f0f0f0&auto=format&w=800&h=auto&fit=fill",
      "https://images.hermanmiller.group/m/83627071357956/W-Basket-L-light-grey.png?trim=auto&trim-sd=1&bg=f0f0f0&auto=format&w=800&h=auto&fit=fill",
      "https://images.hermanmiller.group/m/29b14d574ac83083/W-HAY_2515014_100180743_soft_blue_d.png?trim=auto&trim-sd=1&bg=f0f0f0&auto=format&w=800&h=auto&fit=fill"
    ]
  },
  {
    "title": "Hemisphere Table Clock",
    "product_category_id": "6814c2f2511161f3045accf1",
    "description": "\n            <div class=\"collapse-body pdp-summary-group-body\">\n                \n<div class=\"row\">\n    <div class=\"pdp-summary-group-col-1 col-12 col-lg-5\">\n\n        \n        \n\n        \n        \n            <div class=\"mb-3\">\n                The Hemisphere Clock (2021) began with an investigation of wall clocks on the market, revealing a homogeneity of designs – mostly flat discs of about the same size. With Hemisphere, designer Henry Julier offers a counterpoint: The clock floats off the wall, a sculptural form that is as dynamic as it is functional. Includes a stand for optional tabletop use. Runs on one AA battery (not included). Made in Taiwan.\n            </div>\n        \n\n        \n        \n            <ul class=\"bulleted mb-3\">\n                \n                    <li>\n                        Graphic and sculptural form.\n                    </li>\n                \n                    <li>\n                        The clock face, held in place with magnets, can be easily removed for battery replacement.\n                    </li>\n                \n                    <li>\n                        A lack of hour marks and easy-to-read hands complement the bold nature of the clock case.\n                    </li>\n                \n                    <li>\n                        Hemisphere received a 2021 Esquire Home Design Award, given to “the 40 coolest items for your home.\"\n                    </li>\n                \n                    <li>\n                        Includes a stand for optional tabletop use.\n                    </li>\n                \n                    <li>\n                        Runs on one AA battery (not included).\n                    </li>\n                \n            </ul>\n                                \n\n        \n        \n    </div>\n\n    <div class=\"pdp-summary-group-col-2 col-12 col-lg-5 offset-lg-1\">\n        <div class=\"table table-content summary-table\">\n            \n                \n                \n                    <dl>\n                        <dt>\n                            Brand\n                        </dt>\n                        <dd>\n                            <a href=\"/brands-design-within-reach?lang=en_US\">Design Within Reach</a>\n                        </dd>\n                    </dl>\n                \n            \n            \n            \n            \n\n            \n            \n                <dl>\n                    <dt>\n                        General Dimensions\n                    </dt>\n                    <dd>\n                        <ul class=\"unstyled summary-pdp-dimensions-list\">\n                            \n                                <li>\n                                    5\" H 5\" W 2\" D 5\" DIA\n                                </li>\n                            \n                        </ul>\n                    </dd>\n                </dl>\n            \n\n            \n            \n\n            \n            \n\n            \n            <dl>\n                <dt>\n                    Assembly\n                </dt>\n                <dd>\n                    \n                        Comes fully assembled\n                    \n                </dd>\n            </dl>\n\n            \n            <dl>\n                <dt>\n                    Warranty\n                </dt>\n                <dd>\n                    \n                        1-year warranty<br>Terms and conditions apply. <a href=\"https://www.dwr.com/warranty.html\" target=\"_blank\">Learn more</a>\n                    \n                </dd>\n            </dl>\n\n            \n            \n\n            \n            \n\n            \n            \n        </div>\n    </div>\n</div>\n            </div>\n        ",
    "listSize": [
      {
        "size": "Small\n                                            \n\n\n\n\ndisable-danger",
        "price": 2600000,
        "stock": 62
      }
    ],
    "discountPercentage": 23,
    "thumbnail": "https://images.hermanmiller.group/m/191b6ceb9abd6376/W-DWR_2528799_100180722_monochrome_a.png?trim=auto&trim-sd=1&blend-mode=darken&blend=f0f0f0&bg=f0f0f0&auto=format&w=90&h=auto&fit=fill",
    "images": [
      "https://images.hermanmiller.group/m/191b6ceb9abd6376/W-DWR_2528799_100180722_monochrome_a.png?trim=auto&trim-sd=1&blend-mode=darken&blend=f0f0f0&bg=f0f0f0&auto=format&w=800&h=auto&fit=fill",
      "https://images.hermanmiller.group/m/5e033a527ea3e06d/W-DWR_2528799_100180722_monochrome_f.png?trim=auto&trim-sd=1&blend-mode=darken&blend=f0f0f0&bg=f0f0f0&auto=format&w=800&h=auto&fit=fill",
      "https://images.hermanmiller.group/m/79eef1d2e1f5539b/W-DWR_2528799_100180722_monochrome_p.png?trim=auto&trim-sd=1&blend-mode=darken&blend=f0f0f0&bg=f0f0f0&auto=format&w=800&h=auto&fit=fill",
      "https://images.hermanmiller.group/m/9b9014ed129a78e5/W-DWR_2528799_100180722_monochrome_d1.png?trim=auto&trim-sd=1&blend-mode=darken&blend=f0f0f0&bg=f0f0f0&auto=format&w=800&h=auto&fit=fill",
      "https://images.hermanmiller.group/m/22f6474eb8a6ac4f/W-DWR_2528799_all_d2.png?trim=auto&trim-sd=1&bg=f0f0f0&auto=format&w=800&h=auto&fit=fill",
      "https://images.hermanmiller.group/m/69aaaa4da625196f/W-DWR_2531570_100219468_window_v1_001.png?trim=auto&trim-sd=1&bg=f0f0f0&auto=format&w=800&h=auto&fit=fill"
    ]
  },
  {
    "title": "Korbo Handmade Wire Basket",
    "product_category_id": "6814c2f2511161f3045accf1",
    "description": "\n            <div class=\"collapse-body pdp-summary-group-body\">\n                \n<div class=\"row\">\n    <div class=\"pdp-summary-group-col-1 col-12 col-lg-5\">\n\n        \n        \n\n        \n        \n            <div class=\"mb-3\">\n                Handwoven from a single strand of wire, the Korbo Handmade Wire Basket (1922) holds everything from laundry to tools. The bin (18 liters) has a handle for wall hanging, and the classic baskets (35 and 80 liters) come with two opposing handles. Choose brass wire that will gradually develop a rich patina or acid-proof stainless steel wire that won’t rust or lose its luster with age. Made in Sweden.\n            </div>\n        \n\n        \n        \n            <ul class=\"bulleted mb-3\">\n                \n                    <li>\n                        Sturdy storage baskets and bins.\n                    </li>\n                \n                    <li>\n                        Handcrafted from brass or stainless steel wire.\n                    </li>\n                \n                    <li>\n                        Versatile enough to be used throughout the home.\n                    </li>\n                \n            </ul>\n                                \n\n        \n        \n    </div>\n\n    <div class=\"pdp-summary-group-col-2 col-12 col-lg-5 offset-lg-1\">\n        <div class=\"table table-content summary-table\">\n            \n                \n                \n                    <dl>\n                        <dt>\n                            Brand\n                        </dt>\n                        <dd>\n                            <a href=\"/brands-korbo?lang=en_US\">Korbo</a>\n                        </dd>\n                    </dl>\n                \n            \n            \n            \n            \n\n            \n            \n                <dl>\n                    <dt>\n                        General Dimensions\n                    </dt>\n                    <dd>\n                        <ul class=\"unstyled summary-pdp-dimensions-list\">\n                            \n                                <li>\n                                    14\" H 11⅞\" DIA\n                                </li>\n                            \n                        </ul>\n                    </dd>\n                </dl>\n            \n\n            \n            \n\n            \n            \n\n            \n            <dl>\n                <dt>\n                    Assembly\n                </dt>\n                <dd>\n                    \n                        Comes fully assembled\n                    \n                </dd>\n            </dl>\n\n            \n            <dl>\n                <dt>\n                    Warranty\n                </dt>\n                <dd>\n                    \n                        1-year warranty<br>Terms and conditions apply. <a href=\"https://www.dwr.com/warranty.html\" target=\"_blank\">Learn more</a>\n                    \n                </dd>\n            </dl>\n\n            \n            \n\n            \n            \n\n            \n            \n        </div>\n    </div>\n</div>\n            </div>\n        ",
    "listSize": [
      {
        "size": "Small",
        "price": 4550000,
        "stock": 71
      },
      {
        "size": "Medium",
        "price": 5850000,
        "stock": 96
      },
      {
        "size": "Large",
        "price": 8190000,
        "stock": 87
      }
    ],
    "discountPercentage": 27,
    "thumbnail": "https://images.hermanmiller.group/m/ad3ff9bb8813f05a/W-DWR_1024_481281_stainless_steel_a.png?trim=auto&trim-sd=1&blend-mode=darken&blend=f0f0f0&bg=f0f0f0&auto=format&w=90&h=auto&fit=fill",
    "images": [
      "https://images.hermanmiller.group/m/ad3ff9bb8813f05a/W-DWR_1024_481281_stainless_steel_a.png?trim=auto&trim-sd=1&blend-mode=darken&blend=f0f0f0&bg=f0f0f0&auto=format&w=800&h=auto&fit=fill",
      "https://images.hermanmiller.group/m/06c6e91411d27895/W-DWR_1024_481281_stainless_steel_v1.png?trim=auto&trim-sd=1&blend-mode=darken&blend=f0f0f0&bg=f0f0f0&auto=format&w=800&h=auto&fit=fill",
      "https://images.hermanmiller.group/m/309522f3f37ab48a/W-DWR_1024_100060397_brass_d1.png?trim=auto&trim-sd=1&bg=f0f0f0&auto=format&w=800&h=auto&fit=fill",
      "https://images.hermanmiller.group/m/42cd608f41d8bf19/W-DWR_5698_8969781_white_v1.png?trim=auto&trim-sd=1&bg=f0f0f0&auto=format&w=800&h=auto&fit=fill",
      "https://images.hermanmiller.group/m/74713d4f86b774b1/W-DWR_1024_100060396_brass_v3.png?trim=auto&trim-sd=1&bg=f0f0f0&auto=format&w=800&h=auto&fit=fill",
      "https://images.hermanmiller.group/m/0fa35585c61ba7eb/W-DWR_1024_100060396_brass_v2.png?trim=auto&trim-sd=1&bg=f0f0f0&auto=format&w=800&h=auto&fit=fill",
      "https://images.hermanmiller.group/m/13c39bd3c6b9d397/W-DWR_1024_481281_stainless_steel_v2.png?trim=auto&trim-sd=1&bg=f0f0f0&auto=format&w=800&h=auto&fit=fill",
      "https://images.hermanmiller.group/m/6738503a18cf0628/W-DWR_1024_481267_stainless_steel_v1_002-tif.png?trim=auto&trim-sd=1&bg=f0f0f0&auto=format&w=800&h=auto&fit=fill",
      "https://images.hermanmiller.group/m/8f28ca9a44d119dd/W-DWR_1024_481267_stainless_steel_v1_001.png?trim=auto&trim-sd=1&bg=f0f0f0&auto=format&w=800&h=auto&fit=fill",
      "https://images.hermanmiller.group/m/899230dbd96794ad/W-DWR_1024_481267_stainless_steel_d-tif.png?trim=auto&trim-sd=1&bg=f0f0f0&auto=format&w=800&h=auto&fit=fill",
      "https://images.hermanmiller.group/m/234bc49aa51436ec/W-DWR_408_100135762_driftwood_grey_v3_002.png?trim=auto&trim-sd=1&bg=f0f0f0&auto=format&w=800&h=auto&fit=fill"
    ]
  },
  {
    "title": "Sheepskin Throw",
    "product_category_id": "6814c2f2511161f3045accf1",
    "description": "\n            <div class=\"collapse-body pdp-summary-group-body\">\n                \n<div class=\"row\">\n    <div class=\"pdp-summary-group-col-1 col-12 col-lg-5\">\n\n        \n        \n\n        \n        \n            <div class=\"mb-3\">\n                Our natural Sheepskin Throw brings textural counterpoint to modern interiors with its soft, downy pile. This sumptuous piece lends itself to being draped over your favorite furniture or used as a rug. Produced by a company with more than 80 years of experience in the industry, it’s refined using a tanning method that retains natural shape and suppleness. Hand-wash or dry-clean. Made in Argentina.\n            </div>\n        \n\n        \n        \n            <ul class=\"bulleted mb-3\">\n                \n                    <li>\n                        100% sheepskin.\n                    </li>\n                \n                    <li>\n                        Can be used as a throw or rug.\n                    </li>\n                \n                    <li>\n                        Note: Being a natural material, slight variations in color and shape are to be expected and are not defects.\n                    </li>\n                \n            </ul>\n                                \n\n        \n        \n    </div>\n\n    <div class=\"pdp-summary-group-col-2 col-12 col-lg-5 offset-lg-1\">\n        <div class=\"table table-content summary-table\">\n            \n                \n                \n                    <dl>\n                        <dt>\n                            Brand\n                        </dt>\n                        <dd>\n                            <a href=\"/brands-design-within-reach?lang=en_US\">Design Within Reach</a>\n                        </dd>\n                    </dl>\n                \n            \n            \n            \n            \n\n            \n            \n                <dl>\n                    <dt>\n                        General Dimensions\n                    </dt>\n                    <dd>\n                        <ul class=\"unstyled summary-pdp-dimensions-list\">\n                            \n                                <li>\n                                    2\" H 41\" W 82\" D\n                                </li>\n                            \n                        </ul>\n                    </dd>\n                </dl>\n            \n\n            \n            \n\n            \n            \n                <dl>\n                    <dt>\n                        Product Weight\n                    </dt>\n                    <dd class=\"summary-weight\">\n                        7.75 lbs\n                    </dd>\n                </dl>\n            \n\n            \n            <dl>\n                <dt>\n                    Assembly\n                </dt>\n                <dd>\n                    \n                        Comes fully assembled\n                    \n                </dd>\n            </dl>\n\n            \n            <dl>\n                <dt>\n                    Warranty\n                </dt>\n                <dd>\n                    \n                        1-year warranty<br>Terms and conditions apply. <a href=\"https://www.dwr.com/warranty.html\" target=\"_blank\">Learn more</a>\n                    \n                </dd>\n            </dl>\n\n            \n            \n\n            \n            \n\n            \n            \n        </div>\n    </div>\n</div>\n            </div>\n        ",
    "listSize": [
      {
        "size": "Single",
        "price": 3770000,
        "stock": 56
      },
      {
        "size": "Quadrat",
        "price": 14170000,
        "stock": 100
      },
      {
        "size": "Duo",
        "price": 6370000,
        "stock": 96
      }
    ],
    "discountPercentage": 20,
    "thumbnail": "https://images.hermanmiller.group/m/1e03e53e41433c96/W-DWR_2516240_100332325_sand_f.png?trim=auto&trim-sd=1&blend-mode=darken&blend=f0f0f0&bg=f0f0f0&auto=format&w=90&h=auto&fit=fill",
    "images": [
      "https://images.hermanmiller.group/m/1e03e53e41433c96/W-DWR_2516240_100332325_sand_f.png?trim=auto&trim-sd=1&blend-mode=darken&blend=f0f0f0&bg=f0f0f0&auto=format&w=800&h=auto&fit=fill",
      "https://images.hermanmiller.group/m/986a45f1bb4a9b83/W-DWR_2516240_100332324_sand_d3.png?trim=auto&trim-sd=1&blend-mode=darken&blend=f0f0f0&bg=f0f0f0&auto=format&w=800&h=auto&fit=fill",
      "https://images.hermanmiller.group/m/db8ebe0015abfec2/W-DWR_2516240_100332324_sand_d2.png?trim=auto&trim-sd=1&blend-mode=darken&blend=f0f0f0&bg=f0f0f0&auto=format&w=800&h=auto&fit=fill",
      "https://images.hermanmiller.group/m/7f71e651da9424fa/W-DWR_2516240_100332324_sand_d1.png?trim=auto&trim-sd=1&blend-mode=darken&blend=f0f0f0&bg=f0f0f0&auto=format&w=800&h=auto&fit=fill",
      "https://images.hermanmiller.group/m/7d588fda2c82a64/W-DWR_2560495_100422448_rosewood_oak_v1_102.png?trim=auto&trim-sd=1&bg=f0f0f0&auto=format&w=800&h=auto&fit=fill",
      "https://images.hermanmiller.group/m/3164c17431250b8a/W-HM_2197670_100087213_walnut_v1_280.png?trim=auto&trim-sd=1&bg=f0f0f0&auto=format&w=800&h=auto&fit=fill",
      "https://images.hermanmiller.group/m/29b5d8430f299fe2/W-DWR_7204_291378_black_nero_v1_1213.png?trim=auto&trim-sd=1&bg=f0f0f0&auto=format&w=800&h=auto&fit=fill",
      "https://images.hermanmiller.group/m/28e0bdfb003ecadb/W-DWR_2195267_100069016_buff_v2_299_Plate_alt_Prop_Table.png?trim=auto&trim-sd=1&bg=f0f0f0&auto=format&w=800&h=auto&fit=fill",
      "https://images.hermanmiller.group/m/4795a32b74327566/W-DWR_2550205_100354721_cream_maple_v1_958.png?trim=auto&trim-sd=1&bg=f0f0f0&auto=format&w=800&h=auto&fit=fill",
      "https://images.hermanmiller.group/m/e8aaf5b176640b45/W-DWR_9587_100067476_warm_grey_v1_001.png?trim=auto&trim-sd=1&bg=f0f0f0&auto=format&w=800&h=auto&fit=fill",
      "https://images.hermanmiller.group/m/6cbb5a24364a298c/W-DWR_2516235_100144423_black_ash_black_v2_002.png?trim=auto&trim-sd=1&bg=f0f0f0&auto=format&w=800&h=auto&fit=fill"
    ]
  },
  {
    "title": "Sheepskin Throw",
    "product_category_id": "6814c2f2511161f3045accf1",
    "description": "\n            <div class=\"collapse-body pdp-summary-group-body\">\n                \n<div class=\"row\">\n    <div class=\"pdp-summary-group-col-1 col-12 col-lg-5\">\n\n        \n        \n\n        \n        \n            <div class=\"mb-3\">\n                Our natural Sheepskin Throw brings textural counterpoint to modern interiors with its soft, downy pile. This sumptuous piece lends itself to being draped over your favorite furniture or used as a rug. Produced by a company with more than 80 years of experience in the industry, it’s refined using a tanning method that retains natural shape and suppleness. Hand-wash or dry-clean. Made in Argentina.\n            </div>\n        \n\n        \n        \n            <ul class=\"bulleted mb-3\">\n                \n                    <li>\n                        100% sheepskin.\n                    </li>\n                \n                    <li>\n                        Can be used as a throw or rug.\n                    </li>\n                \n                    <li>\n                        Note: Being a natural material, slight variations in color and shape are to be expected and are not defects.\n                    </li>\n                \n            </ul>\n                                \n\n        \n        \n    </div>\n\n    <div class=\"pdp-summary-group-col-2 col-12 col-lg-5 offset-lg-1\">\n        <div class=\"table table-content summary-table\">\n            \n                \n                \n                    <dl>\n                        <dt>\n                            Brand\n                        </dt>\n                        <dd>\n                            <a href=\"/brands-design-within-reach?lang=en_US\">Design Within Reach</a>\n                        </dd>\n                    </dl>\n                \n            \n            \n            \n            \n\n            \n            \n                <dl>\n                    <dt>\n                        General Dimensions\n                    </dt>\n                    <dd>\n                        <ul class=\"unstyled summary-pdp-dimensions-list\">\n                            \n                                <li>\n                                    2\" H 24\" W 82\" D\n                                </li>\n                            \n                        </ul>\n                    </dd>\n                </dl>\n            \n\n            \n            \n\n            \n            \n                <dl>\n                    <dt>\n                        Product Weight\n                    </dt>\n                    <dd class=\"summary-weight\">\n                        4.5 lbs\n                    </dd>\n                </dl>\n            \n\n            \n            <dl>\n                <dt>\n                    Assembly\n                </dt>\n                <dd>\n                    \n                        Comes fully assembled\n                    \n                </dd>\n            </dl>\n\n            \n            <dl>\n                <dt>\n                    Warranty\n                </dt>\n                <dd>\n                    \n                        1-year warranty<br>Terms and conditions apply. <a href=\"https://www.dwr.com/warranty.html\" target=\"_blank\">Learn more</a>\n                    \n                </dd>\n            </dl>\n\n            \n            \n\n            \n            \n\n            \n            \n        </div>\n    </div>\n</div>\n            </div>\n        ",
    "listSize": [
      {
        "size": "Single",
        "price": 3770000,
        "stock": 75
      },
      {
        "size": "Quadrat",
        "price": 14170000,
        "stock": 73
      },
      {
        "size": "Duo",
        "price": 6370000,
        "stock": 80
      }
    ],
    "discountPercentage": 12,
    "thumbnail": "https://images.hermanmiller.group/m/e452acb0b1a2cca/W-DWR_2516240_100200179_brown_f.png?trim=auto&trim-sd=1&blend-mode=darken&blend=f0f0f0&bg=f0f0f0&auto=format&w=90&h=auto&fit=fill",
    "images": [
      "https://images.hermanmiller.group/m/e452acb0b1a2cca/W-DWR_2516240_100200179_brown_f.png?trim=auto&trim-sd=1&blend-mode=darken&blend=f0f0f0&bg=f0f0f0&auto=format&w=800&h=auto&fit=fill",
      "https://images.hermanmiller.group/m/7d588fda2c82a64/W-DWR_2560495_100422448_rosewood_oak_v1_102.png?trim=auto&trim-sd=1&bg=f0f0f0&auto=format&w=800&h=auto&fit=fill",
      "https://images.hermanmiller.group/m/3164c17431250b8a/W-HM_2197670_100087213_walnut_v1_280.png?trim=auto&trim-sd=1&bg=f0f0f0&auto=format&w=800&h=auto&fit=fill",
      "https://images.hermanmiller.group/m/29b5d8430f299fe2/W-DWR_7204_291378_black_nero_v1_1213.png?trim=auto&trim-sd=1&bg=f0f0f0&auto=format&w=800&h=auto&fit=fill",
      "https://images.hermanmiller.group/m/28e0bdfb003ecadb/W-DWR_2195267_100069016_buff_v2_299_Plate_alt_Prop_Table.png?trim=auto&trim-sd=1&bg=f0f0f0&auto=format&w=800&h=auto&fit=fill",
      "https://images.hermanmiller.group/m/4795a32b74327566/W-DWR_2550205_100354721_cream_maple_v1_958.png?trim=auto&trim-sd=1&bg=f0f0f0&auto=format&w=800&h=auto&fit=fill",
      "https://images.hermanmiller.group/m/e8aaf5b176640b45/W-DWR_9587_100067476_warm_grey_v1_001.png?trim=auto&trim-sd=1&bg=f0f0f0&auto=format&w=800&h=auto&fit=fill",
      "https://images.hermanmiller.group/m/6cbb5a24364a298c/W-DWR_2516235_100144423_black_ash_black_v2_002.png?trim=auto&trim-sd=1&bg=f0f0f0&auto=format&w=800&h=auto&fit=fill"
    ]
  },
  {
    "title": "Sheepskin Pillow",
    "product_category_id": "6814c2f2511161f3045accf1",
    "description": "\n            <div class=\"collapse-body pdp-summary-group-body\">\n                \n<div class=\"row\">\n    <div class=\"pdp-summary-group-col-1 col-12 col-lg-5\">\n\n        \n        \n\n        \n        \n            <div class=\"mb-3\">\n                The Sheepskin Pillow brings fine texture and luxurious comfort to your bedroom or living room. It’s made from premium Patagonian sheepskin, which is known for its softness, in a choice of long, furry fibers or shorter, smooth ones. The pillow is stuffed with plush filling and neatly finished with a discreet zipper. Dry-clean only. Made in Argentina.\n            </div>\n        \n\n        \n        \n            <ul class=\"bulleted mb-3\">\n                \n                    <li>\n                        Made of premium sheepskin from Patagonia.\n                    </li>\n                \n                    <li>\n                        Choose from long, furry fibers or shorter, smooth ones.\n                    </li>\n                \n                    <li>\n                        Feather-down filling.\n                    </li>\n                \n                    <li>\n                        Note: Being a natural material, slight variations in color are to be expected and are not defects.\n                    </li>\n                \n            </ul>\n                                \n\n        \n        \n    </div>\n\n    <div class=\"pdp-summary-group-col-2 col-12 col-lg-5 offset-lg-1\">\n        <div class=\"table table-content summary-table\">\n            \n                \n                \n                    <dl>\n                        <dt>\n                            Brand\n                        </dt>\n                        <dd>\n                            <a href=\"/brands-design-within-reach?lang=en_US\">Design Within Reach</a>\n                        </dd>\n                    </dl>\n                \n            \n            \n            \n            \n\n            \n            \n                <dl>\n                    <dt>\n                        General Dimensions\n                    </dt>\n                    <dd>\n                        <ul class=\"unstyled summary-pdp-dimensions-list\">\n                            \n                                <li>\n                                    18\" x 18\" Short:1½\" H 18\" W 18\" D\n                                </li>\n                            \n                                <li>\n                                    18\" x 18\" Short:18\" H\n                                </li>\n                            \n                                <li>\n                                    18\" x 18\" Short:18\" W\n                                </li>\n                            \n                                <li>\n                                    18\" x 18\" Short:5\" D\n                                </li>\n                            \n                        </ul>\n                    </dd>\n                </dl>\n            \n\n            \n            \n\n            \n            \n                <dl>\n                    <dt>\n                        Product Weight\n                    </dt>\n                    <dd class=\"summary-weight\">\n                        2 lbs\n                    </dd>\n                </dl>\n            \n\n            \n            <dl>\n                <dt>\n                    Assembly\n                </dt>\n                <dd>\n                    \n                        Comes fully assembled\n                    \n                </dd>\n            </dl>\n\n            \n            <dl>\n                <dt>\n                    Warranty\n                </dt>\n                <dd>\n                    \n                        1-year warranty<br>Terms and conditions apply. <a href=\"https://www.dwr.com/warranty.html\" target=\"_blank\">Learn more</a>\n                    \n                </dd>\n            </dl>\n\n            \n            \n\n            \n            \n\n            \n            \n        </div>\n    </div>\n</div>\n            </div>\n        ",
    "listSize": [
      {
        "size": "11\" x 21\"",
        "price": 3380000,
        "stock": 69
      },
      {
        "size": "18\" x 18\"",
        "price": 4160000,
        "stock": 71
      }
    ],
    "discountPercentage": 15,
    "thumbnail": "https://images.hermanmiller.group/m/1eae71f8056c823a/W-DWR_7343_100332424_sand_short_f.png?trim=auto&trim-sd=1&blend-mode=darken&blend=f0f0f0&bg=f0f0f0&auto=format&w=90&h=auto&fit=fill",
    "images": [
      "https://images.hermanmiller.group/m/1eae71f8056c823a/W-DWR_7343_100332424_sand_short_f.png?trim=auto&trim-sd=1&blend-mode=darken&blend=f0f0f0&bg=f0f0f0&auto=format&w=800&h=auto&fit=fill",
      "https://images.hermanmiller.group/m/acb89a88de6f2508/W-DWR_7343_100332432_cream_short_d2.png?trim=auto&trim-sd=1&bg=f0f0f0&auto=format&w=800&h=auto&fit=fill",
      "https://images.hermanmiller.group/m/3be44ffff6f120ac/W-DWR_7343_100332429_cream_long_d2.png?trim=auto&trim-sd=1&bg=f0f0f0&auto=format&w=800&h=auto&fit=fill",
      "https://images.hermanmiller.group/m/05bf909a6891f81a/W-DWR_7343_100332426_cream_long_d2.png?trim=auto&trim-sd=1&bg=f0f0f0&auto=format&w=800&h=auto&fit=fill",
      "https://images.hermanmiller.group/m/bbc4f9b81e4de28a/W-DWR_7343_100332423_cream_short_d1.png?trim=auto&trim-sd=1&bg=f0f0f0&auto=format&w=800&h=auto&fit=fill",
      "https://images.hermanmiller.group/m/faa4d37c12d219b4/W-DWR_7343_100332430_sand_editorial_v4.png?trim=auto&trim-sd=1&bg=f0f0f0&auto=format&w=800&h=auto&fit=fill",
      "https://images.hermanmiller.group/m/fe6b73f4925ed68c/W-DWR_7343_100332430_sand_editorial_v1.png?trim=auto&trim-sd=1&bg=f0f0f0&auto=format&w=800&h=auto&fit=fill",
      "https://images.hermanmiller.group/m/1cf2cbb35c835d8e/W-DWR_7343_100332426_cream_long_editorial_v1.png?trim=auto&trim-sd=1&bg=f0f0f0&auto=format&w=800&h=auto&fit=fill",
      "https://images.hermanmiller.group/m/9f21764fae237f5e/W-HM_5667_100085197_oiled_walnut_black_v2_001.png?trim=auto&trim-sd=1&bg=f0f0f0&auto=format&w=800&h=auto&fit=fill"
    ]
  },
  {
    "title": "Sheepskin Pillow",
    "product_category_id": "6814c2f2511161f3045accf1",
    "description": "\n            <div class=\"collapse-body pdp-summary-group-body\">\n                \n<div class=\"row\">\n    <div class=\"pdp-summary-group-col-1 col-12 col-lg-5\">\n\n        \n        \n\n        \n        \n            <div class=\"mb-3\">\n                The Sheepskin Pillow brings fine texture and luxurious comfort to your bedroom or living room. It’s made from premium Patagonian sheepskin, which is known for its softness, in a choice of long, furry fibers or shorter, smooth ones. The pillow is stuffed with plush filling and neatly finished with a discreet zipper. Dry-clean only. Made in Argentina.\n            </div>\n        \n\n        \n        \n            <ul class=\"bulleted mb-3\">\n                \n                    <li>\n                        Made of premium sheepskin from Patagonia.\n                    </li>\n                \n                    <li>\n                        Choose from long, furry fibers or shorter, smooth ones.\n                    </li>\n                \n                    <li>\n                        Feather-down filling.\n                    </li>\n                \n                    <li>\n                        Note: Being a natural material, slight variations in color are to be expected and are not defects.\n                    </li>\n                \n            </ul>\n                                \n\n        \n        \n    </div>\n\n    <div class=\"pdp-summary-group-col-2 col-12 col-lg-5 offset-lg-1\">\n        <div class=\"table table-content summary-table\">\n            \n                \n                \n                    <dl>\n                        <dt>\n                            Brand\n                        </dt>\n                        <dd>\n                            <a href=\"/brands-design-within-reach?lang=en_US\">Design Within Reach</a>\n                        </dd>\n                    </dl>\n                \n            \n            \n            \n            \n\n            \n            \n                <dl>\n                    <dt>\n                        General Dimensions\n                    </dt>\n                    <dd>\n                        <ul class=\"unstyled summary-pdp-dimensions-list\">\n                            \n                                <li>\n                                    11\" x 21\" Long:3¼\" H 11\" W 21\" D\n                                </li>\n                            \n                                <li>\n                                    11\" x 21\" Long:13\" H\n                                </li>\n                            \n                                <li>\n                                    11\" x 21\" Long:23\" W\n                                </li>\n                            \n                                <li>\n                                    11\" x 21\" Long:5\" D\n                                </li>\n                            \n                        </ul>\n                    </dd>\n                </dl>\n            \n\n            \n            \n\n            \n            \n                <dl>\n                    <dt>\n                        Product Weight\n                    </dt>\n                    <dd class=\"summary-weight\">\n                        1.5 lbs\n                    </dd>\n                </dl>\n            \n\n            \n            <dl>\n                <dt>\n                    Assembly\n                </dt>\n                <dd>\n                    \n                        Comes fully assembled\n                    \n                </dd>\n            </dl>\n\n            \n            <dl>\n                <dt>\n                    Warranty\n                </dt>\n                <dd>\n                    \n                        1-year warranty<br>Terms and conditions apply. <a href=\"https://www.dwr.com/warranty.html\" target=\"_blank\">Learn more</a>\n                    \n                </dd>\n            </dl>\n\n            \n            \n\n            \n            \n\n            \n            \n        </div>\n    </div>\n</div>\n            </div>\n        ",
    "listSize": [
      {
        "size": "11\" x 21\"",
        "price": 3380000,
        "stock": 68
      },
      {
        "size": "18\" x 18\"",
        "price": 4160000,
        "stock": 50
      }
    ],
    "discountPercentage": 26,
    "thumbnail": "https://images.hermanmiller.group/m/b0fb7f16e49b51ab/W-DWR_7343_100332426_cream_long_f.png?trim=auto&trim-sd=1&blend-mode=darken&blend=f0f0f0&bg=f0f0f0&auto=format&w=90&h=auto&fit=fill",
    "images": [
      "https://images.hermanmiller.group/m/b0fb7f16e49b51ab/W-DWR_7343_100332426_cream_long_f.png?trim=auto&trim-sd=1&blend-mode=darken&blend=f0f0f0&bg=f0f0f0&auto=format&w=800&h=auto&fit=fill",
      "https://images.hermanmiller.group/m/acb89a88de6f2508/W-DWR_7343_100332432_cream_short_d2.png?trim=auto&trim-sd=1&bg=f0f0f0&auto=format&w=800&h=auto&fit=fill",
      "https://images.hermanmiller.group/m/3be44ffff6f120ac/W-DWR_7343_100332429_cream_long_d2.png?trim=auto&trim-sd=1&bg=f0f0f0&auto=format&w=800&h=auto&fit=fill",
      "https://images.hermanmiller.group/m/05bf909a6891f81a/W-DWR_7343_100332426_cream_long_d2.png?trim=auto&trim-sd=1&bg=f0f0f0&auto=format&w=800&h=auto&fit=fill",
      "https://images.hermanmiller.group/m/bbc4f9b81e4de28a/W-DWR_7343_100332423_cream_short_d1.png?trim=auto&trim-sd=1&bg=f0f0f0&auto=format&w=800&h=auto&fit=fill",
      "https://images.hermanmiller.group/m/faa4d37c12d219b4/W-DWR_7343_100332430_sand_editorial_v4.png?trim=auto&trim-sd=1&bg=f0f0f0&auto=format&w=800&h=auto&fit=fill",
      "https://images.hermanmiller.group/m/fe6b73f4925ed68c/W-DWR_7343_100332430_sand_editorial_v1.png?trim=auto&trim-sd=1&bg=f0f0f0&auto=format&w=800&h=auto&fit=fill",
      "https://images.hermanmiller.group/m/1cf2cbb35c835d8e/W-DWR_7343_100332426_cream_long_editorial_v1.png?trim=auto&trim-sd=1&bg=f0f0f0&auto=format&w=800&h=auto&fit=fill",
      "https://images.hermanmiller.group/m/9f21764fae237f5e/W-HM_5667_100085197_oiled_walnut_black_v2_001.png?trim=auto&trim-sd=1&bg=f0f0f0&auto=format&w=800&h=auto&fit=fill"
    ]
  },
  {
    "title": "Mega Dot Blanket",
    "product_category_id": "6814c2f2511161f3045accf1",
    "description": "\n            <div class=\"collapse-body pdp-summary-group-body\">\n                \n<div class=\"row\">\n    <div class=\"pdp-summary-group-col-1 col-12 col-lg-5\">\n\n        \n        \n\n        \n        \n            <div class=\"mb-3\">\n                HAY is a Danish design company established in 2002 by Mette and Rolf Hay, who were driven by a desire to create straightforward, functional and beautiful products for daily modern living. Drawing from the best of architecture and fashion, HAY designers specialize in technology, innovation and color. Crafted from premium cotton with polyester filling for exceptional softness and durability, the reversible quilted Mega Dot Blanket (2016) features a textural pattern for subtle graphic expression. Dry-clean only. Made in China.\n            </div>\n        \n\n        \n        \n            <ul class=\"bulleted mb-3\">\n                \n                    <li>\n                        Two-tone, reversible design.\n                    </li>\n                \n                    <li>\n                        Quilted, circular pattern creates a three-dimensional effect.\n                    </li>\n                \n            </ul>\n                                \n\n        \n        \n    </div>\n\n    <div class=\"pdp-summary-group-col-2 col-12 col-lg-5 offset-lg-1\">\n        <div class=\"table table-content summary-table\">\n            \n                \n                \n                    <dl>\n                        <dt>\n                            Brand\n                        </dt>\n                        <dd>\n                            <a href=\"/brands-hay?lang=en_US\">HAY</a>\n                        </dd>\n                    </dl>\n                \n            \n            \n            \n            \n\n            \n            \n                <dl>\n                    <dt>\n                        General Dimensions\n                    </dt>\n                    <dd>\n                        <ul class=\"unstyled summary-pdp-dimensions-list\">\n                            \n                                <li>\n                                    92½\" W 96½\" D\n                                </li>\n                            \n                        </ul>\n                    </dd>\n                </dl>\n            \n\n            \n            \n\n            \n            \n                <dl>\n                    <dt>\n                        Product Weight\n                    </dt>\n                    <dd class=\"summary-weight\">\n                        1.25 lbs\n                    </dd>\n                </dl>\n            \n\n            \n            <dl>\n                <dt>\n                    Assembly\n                </dt>\n                <dd>\n                    \n                        Comes fully assembled\n                    \n                </dd>\n            </dl>\n\n            \n            <dl>\n                <dt>\n                    Warranty\n                </dt>\n                <dd>\n                    \n                        2-year warranty<br>Terms and conditions apply. <a href=\"https://www.dwr.com/warranty.html\" target=\"_blank\">Learn more</a>\n                    \n                </dd>\n            </dl>\n\n            \n            \n\n            \n            \n\n            \n            \n        </div>\n    </div>\n</div>\n            </div>\n        ",
    "listSize": [
      {
        "size": "Full / Queen\n                                            \n\n\n\n\ndisable-danger",
        "price": 5070000,
        "stock": 98
      }
    ],
    "discountPercentage": 29,
    "thumbnail": "https://images.hermanmiller.group/m/fd9c593cefeafa43/W-HAY_2515021_100129783_moss_a.png?trim=auto&trim-sd=1&blend-mode=darken&blend=f0f0f0&bg=f0f0f0&auto=format&w=90&h=auto&fit=fill",
    "images": [
      "https://images.hermanmiller.group/m/fd9c593cefeafa43/W-HAY_2515021_100129783_moss_a.png?trim=auto&trim-sd=1&blend-mode=darken&blend=f0f0f0&bg=f0f0f0&auto=format&w=800&h=auto&fit=fill",
      "https://images.hermanmiller.group/m/654f7350d40f690e/W-HM_3419_10001030_walnut_cane_v1_0667.png?trim=auto&trim-sd=1&bg=f0f0f0&auto=format&w=800&h=auto&fit=fill",
      "https://images.hermanmiller.group/m/4d4e6c2083e41341/W-DWR_2555446_100379110_walnut_v1_032.png?trim=auto&trim-sd=1&bg=f0f0f0&auto=format&w=800&h=auto&fit=fill",
      "https://images.hermanmiller.group/m/18a2ae988bcc821f/W-HAY_2515021_100346360_olive_green_v2.png?trim=auto&trim-sd=1&bg=f0f0f0&auto=format&w=800&h=auto&fit=fill",
      "https://images.hermanmiller.group/m/4f3e79287b6a1da0/W-DWR_2025_100186560_striped_v2_0124.png?trim=auto&trim-sd=1&bg=f0f0f0&auto=format&w=800&h=auto&fit=fill",
      "https://images.hermanmiller.group/m/2b2c85d43f4e0956/W-DWR_1727_100081319_pepper_v2_003.png?trim=auto&trim-sd=1&bg=f0f0f0&auto=format&w=800&h=auto&fit=fill"
    ]
  },
  {
    "title": "Korbo Handmade Rectangle Wire Basket",
    "product_category_id": "6814c2f2511161f3045accf1",
    "description": "\n            <div class=\"collapse-body pdp-summary-group-body\">\n                \n<div class=\"row\">\n    <div class=\"pdp-summary-group-col-1 col-12 col-lg-5\">\n\n        \n        \n\n        \n        \n            <div class=\"mb-3\">\n                Handwoven from a single strand of wire, the Korbo Handmade Wire Basket (1922) holds everything from laundry to tools. Includes two opposing handles for easy carrying. Choose brass wire that will gradually develop a rich patina or acid-proof stainless steel wire that won’t rust or lose its luster with age. Made in Sweden.\n            </div>\n        \n\n        \n        \n            <ul class=\"bulleted mb-3\">\n                \n                    <li>\n                        Sturdy storage basket.\n                    </li>\n                \n                    <li>\n                        Handcrafted from brass or stainless steel wire.\n                    </li>\n                \n                    <li>\n                        Versatile enough to be used throughout the home.\n                    </li>\n                \n            </ul>\n                                \n\n        \n        \n    </div>\n\n    <div class=\"pdp-summary-group-col-2 col-12 col-lg-5 offset-lg-1\">\n        <div class=\"table table-content summary-table\">\n            \n                \n                \n                    <dl>\n                        <dt>\n                            Brand\n                        </dt>\n                        <dd>\n                            <a href=\"/brands-korbo?lang=en_US\">Korbo</a>\n                        </dd>\n                    </dl>\n                \n            \n            \n            \n            \n\n            \n            \n                <dl>\n                    <dt>\n                        General Dimensions\n                    </dt>\n                    <dd>\n                        <ul class=\"unstyled summary-pdp-dimensions-list\">\n                            \n                                <li>\n                                    6¾\" H 12⅝\" W 9⅛\" D\n                                </li>\n                            \n                        </ul>\n                    </dd>\n                </dl>\n            \n\n            \n            \n\n            \n            \n                <dl>\n                    <dt>\n                        Product Weight\n                    </dt>\n                    <dd class=\"summary-weight\">\n                        3.25 lbs\n                    </dd>\n                </dl>\n            \n\n            \n            <dl>\n                <dt>\n                    Assembly\n                </dt>\n                <dd>\n                    \n                        Comes fully assembled\n                    \n                </dd>\n            </dl>\n\n            \n            <dl>\n                <dt>\n                    Warranty\n                </dt>\n                <dd>\n                    \n                        1-year warranty<br>Terms and conditions apply. <a href=\"https://www.dwr.com/warranty.html\" target=\"_blank\">Learn more</a>\n                    \n                </dd>\n            </dl>\n\n            \n            \n\n            \n            \n\n            \n            \n        </div>\n    </div>\n</div>\n            </div>\n        ",
    "listSize": [
      {
        "size": "Small",
        "price": 6370000,
        "stock": 63
      },
      {
        "size": "Large",
        "price": 6890000,
        "stock": 62
      }
    ],
    "discountPercentage": 10,
    "thumbnail": "https://images.hermanmiller.group/m/94433b25b8394148/W-DWR_2525179_100196770_large_brass_a.png?trim=auto&trim-sd=1&blend-mode=darken&blend=f0f0f0&bg=f0f0f0&auto=format&w=90&h=auto&fit=fill",
    "images": [
      "https://images.hermanmiller.group/m/94433b25b8394148/W-DWR_2525179_100196770_large_brass_a.png?trim=auto&trim-sd=1&blend-mode=darken&blend=f0f0f0&bg=f0f0f0&auto=format&w=800&h=auto&fit=fill",
      "https://images.hermanmiller.group/m/08fd9d16a613959d/W-DWR_2525179_100196770_large_brass_v1.png?trim=auto&trim-sd=1&blend-mode=darken&blend=f0f0f0&bg=f0f0f0&auto=format&w=800&h=auto&fit=fill",
      "https://images.hermanmiller.group/m/c74a873540f582a7/W-DWR_2525180_100196774_stainless_d.png?trim=auto&trim-sd=1&bg=f0f0f0&auto=format&w=800&h=auto&fit=fill",
      "https://images.hermanmiller.group/m/300dc810f99476d4/W-DWR_4260_685818_white_v4_001.png?trim=auto&trim-sd=1&bg=f0f0f0&auto=format&w=800&h=auto&fit=fill",
      "https://images.hermanmiller.group/m/03f012f78323ea40/W-HM_1749_100191842_blush_v2_001.png?trim=auto&trim-sd=1&bg=f0f0f0&auto=format&w=800&h=auto&fit=fill"
    ]
  }
]
