[
  {
    "title": "Madeleine Headboard",
    "product_category_id": "6814c0d08fdd195951c81441",
    "description": "\n            <div class=\"collapse-body pdp-summary-group-body\">\n                \n<div class=\"row\">\n    <div class=\"pdp-summary-group-col-1 col-12 col-lg-5\">\n\n        \n        \n\n        \n        \n            <div class=\"mb-3\">\n                Dream up a beautiful bedroom with our exclusive collection of headboards and beds. The Madeleine Headboard (2023) offers luxe comfort, with a grid-tufted, softly cushioned backrest that's perfect for reading, watching movies, or lounging. Constructed in USA.\n            </div>\n        \n\n        \n        \n            <ul class=\"bulleted mb-3\">\n                \n                    <li>\n                        Plush grid tufting.\n                    </li>\n                \n                    <li>\n                        Available in 5 durable fabrics – including stain-repellent Crypton – in dozens of colors.\n                    </li>\n                \n                    <li>\n                        Choice of standard (40\") or tall (48\") headboard height.\n                    </li>\n                \n                    <li>\n                        Save 15% on a DWR Sonno Mattress (sold separately) for comfortable, rejuvenating sleep.\n                    </li>\n                \n                    <li>\n                        You are purchasing just a headboard. Contact us at 800.944.2233 or visit a DWR Store for compatible bed frame information. Your frame may require a modification plate.\n                    </li>\n                \n                    <li>\n                        Also available as a complete bed.\n                    </li>\n                \n            </ul>\n                                \n\n        \n        \n    </div>\n\n    <div class=\"pdp-summary-group-col-2 col-12 col-lg-5 offset-lg-1\">\n        <div class=\"table table-content summary-table\">\n            \n                \n                \n                    <dl>\n                        <dt>\n                            Brand\n                        </dt>\n                        <dd>\n                            <a href=\"/brands-design-within-reach?lang=en_US\">Design Within Reach</a>\n                        </dd>\n                    </dl>\n                \n            \n            \n            \n            \n                <dl>\n                    <dt>\n                        Collection\n                    </dt>\n                    <dd>\n                        <a href=\"/collection-madeline-bed?lang=en_US\">Madeline Bed Collection</a>\n                    </dd>\n                </dl>\n            \n\n            \n            \n                <dl>\n                    <dt>\n                        General Dimensions\n                    </dt>\n                    <dd>\n                        <ul class=\"unstyled summary-pdp-dimensions-list\">\n                            \n                                <li>\n                                    40\" H 47\" W 4\" D\n                                </li>\n                            \n                        </ul>\n                    </dd>\n                </dl>\n            \n\n            \n            \n\n            \n            \n                <dl>\n                    <dt>\n                        Product Weight\n                    </dt>\n                    <dd class=\"summary-weight\">\n                        34 lbs\n                    </dd>\n                </dl>\n            \n\n            \n            <dl>\n                <dt>\n                    Assembly\n                </dt>\n                <dd>\n                    \n                        Comes fully assembled\n                    \n                </dd>\n            </dl>\n\n            \n            <dl>\n                <dt>\n                    Warranty\n                </dt>\n                <dd>\n                    \n                        1-year warranty<br>Terms and conditions apply. <a href=\"https://www.dwr.com/warranty.html\" target=\"_blank\">Learn more</a>\n                    \n                </dd>\n            </dl>\n\n            \n            \n\n            \n            \n\n            \n            \n        </div>\n    </div>\n</div>\n            </div>\n        ",
    "listSize": [
      {
        "size": "Twin",
        "price": 34970000,
        "stock": 91
      },
      {
        "size": "Full",
        "price": 40170000,
        "stock": 93
      },
      {
        "size": "Queen",
        "price": 42770000,
        "stock": 63
      },
      {
        "size": "King",
        "price": 45370000,
        "stock": 85
      }
    ],
    "discountPercentage": 20,
    "thumbnail": "https://images.hermanmiller.group/m/0944e30b9954b2a8/W-DWR_2561518_100410675_oak_toile_f.png?trim=auto&trim-sd=1&blend-mode=darken&blend=f0f0f0&bg=f0f0f0&auto=format&w=90&h=auto&fit=fill",
    "images": [
      "https://images.hermanmiller.group/m/0944e30b9954b2a8/W-DWR_2561518_100410675_oak_toile_f.png?trim=auto&trim-sd=1&blend-mode=darken&blend=f0f0f0&bg=f0f0f0&auto=format&w=800&h=auto&fit=fill",
      "https://fast.wistia.com/embed/medias/5inh8kilyz/swatch",
      "https://images.hermanmiller.group/m/8d452878f08681d4/W-DWR_2561518_100410383_oak_shell_d3.png?trim=auto&trim-sd=1&bg=f0f0f0&auto=format&w=800&h=auto&fit=fill",
      "https://images.hermanmiller.group/m/4c090497521563cc/W-DWR_2561519_100415123_oak_shell_desert.png?trim=auto&trim-sd=1&bg=f0f0f0&auto=format&w=800&h=auto&fit=fill",
      "https://images.hermanmiller.group/m/54185c09af24de26/W-DWR_2561519_100413452_ecru_oak_0429_V1_COMP03.png?trim=auto&trim-sd=1&bg=f0f0f0&auto=format&w=800&h=auto&fit=fill"
    ]
  },
  {
    "title": "Coda Headboard",
    "product_category_id": "6814c0d08fdd195951c81441",
    "description": "\n            <div class=\"collapse-body pdp-summary-group-body\">\n                \n<div class=\"row\">\n    <div class=\"pdp-summary-group-col-1 col-12 col-lg-5\">\n\n        \n        \n\n        \n        \n            <div class=\"mb-3\">\n                Dream up a beautiful bedroom with our exclusive collection of headboards and beds. The Coda Headboard (2023) invites you to unwind with the rich texture and relaxed warmth of its expertly handwoven, durable paper cord, inspired by Scandinavian craftsmanship. Its neutral palette in natural materials creates a feeling of calm and connection to nature. Made in Vietnam.\n            </div>\n        \n\n        \n        \n            <ul class=\"bulleted mb-3\">\n                \n                    <li>\n                        Handwoven in a two-over-two weave, paper cord is a durable material often used in Scandinavian furniture.\n                    </li>\n                \n                    <li>\n                        Choice of standard (40\") or tall (48\") headboard height.\n                    </li>\n                \n                    <li>\n                        American walnut or oak solid wood and veneer.\n                    </li>\n                \n                    <li>\n                        Save 15% on a DWR Sonno Mattress (sold separately) for comfortable, rejuvenating sleep.\n                    </li>\n                \n                    <li>\n                        You are purchasing just a headboard. Contact us at 800.944.2233 or visit a DWR Store for compatible bed frame information. Your frame may require a modification plate.\n                    </li>\n                \n                    <li>\n                        Also available as a complete bed.\n                    </li>\n                \n            </ul>\n                                \n\n        \n        \n    </div>\n\n    <div class=\"pdp-summary-group-col-2 col-12 col-lg-5 offset-lg-1\">\n        <div class=\"table table-content summary-table\">\n            \n                \n                \n                    <dl>\n                        <dt>\n                            Brand\n                        </dt>\n                        <dd>\n                            <a href=\"/brands-design-within-reach?lang=en_US\">Design Within Reach</a>\n                        </dd>\n                    </dl>\n                \n            \n            \n            \n            \n                <dl>\n                    <dt>\n                        Collection\n                    </dt>\n                    <dd>\n                        <a href=\"/collection-coda-bed?lang=en_US\">Coda Bed Collection</a>\n                    </dd>\n                </dl>\n            \n\n            \n            \n                <dl>\n                    <dt>\n                        General Dimensions\n                    </dt>\n                    <dd>\n                        <ul class=\"unstyled summary-pdp-dimensions-list\">\n                            \n                                <li>\n                                    40\" H 2½\" W 44¼\" D\n                                </li>\n                            \n                        </ul>\n                    </dd>\n                </dl>\n            \n\n            \n            \n\n            \n            \n                <dl>\n                    <dt>\n                        Product Weight\n                    </dt>\n                    <dd class=\"summary-weight\">\n                        37.25 lbs\n                    </dd>\n                </dl>\n            \n\n            \n            <dl>\n                <dt>\n                    Assembly\n                </dt>\n                <dd>\n                    \n                        Requires Assembly\n                    \n                </dd>\n            </dl>\n\n            \n            <dl>\n                <dt>\n                    Warranty\n                </dt>\n                <dd>\n                    \n                        1-year warranty<br>Terms and conditions apply. <a href=\"https://www.dwr.com/warranty.html\" target=\"_blank\">Learn more</a>\n                    \n                </dd>\n            </dl>\n\n            \n            \n\n            \n            \n\n            \n            \n        </div>\n    </div>\n</div>\n            </div>\n        ",
    "listSize": [
      {
        "size": "Twin",
        "price": 57070000,
        "stock": 58
      },
      {
        "size": "King",
        "price": 70070000,
        "stock": 64
      }
    ],
    "discountPercentage": 14,
    "thumbnail": "https://images.hermanmiller.group/m/d6a994ae46ab21a4/W-DWR_2555441_100378827_oak_f.png?trim=auto&trim-sd=1&blend-mode=darken&blend=f0f0f0&bg=f0f0f0&auto=format&w=90&h=auto&fit=fill",
    "images": [
      "https://images.hermanmiller.group/m/d6a994ae46ab21a4/W-DWR_2555441_100378827_oak_f.png?trim=auto&trim-sd=1&blend-mode=darken&blend=f0f0f0&bg=f0f0f0&auto=format&w=800&h=auto&fit=fill",
      "https://images.hermanmiller.group/m/ed725453bcbf8f73/W-DWR_2555441_100378827_oak_b.png?trim=auto&trim-sd=1&blend-mode=darken&blend=f0f0f0&bg=f0f0f0&auto=format&w=800&h=auto&fit=fill",
      "https://images.hermanmiller.group/m/4d6b09e523efcbc9/W-DWR_2555441_100378827_oak_d1.png?trim=auto&trim-sd=1&blend-mode=darken&blend=f0f0f0&bg=f0f0f0&auto=format&w=800&h=auto&fit=fill",
      "https://images.hermanmiller.group/m/68e8f76c81221a6d/W-DWR_2555441_100378827_oak_d.png?trim=auto&trim-sd=1&blend-mode=darken&blend=f0f0f0&bg=f0f0f0&auto=format&w=800&h=auto&fit=fill",
      "https://images.hermanmiller.group/m/ec58b614b263367d/W-DWR_2555441_100378827_oak_d1.png?trim=auto&trim-sd=1&bg=f0f0f0&auto=format&w=800&h=auto&fit=fill",
      "https://images.hermanmiller.group/m/234325f188192342/W-DWR_2555445_100378827_oak_v1_001.png?trim=auto&trim-sd=1&bg=f0f0f0&auto=format&w=800&h=auto&fit=fill"
    ]
  },
  {
    "title": "Demi Headboard",
    "product_category_id": "6814c0d08fdd195951c81441",
    "description": "\n            <div class=\"collapse-body pdp-summary-group-body\">\n                \n<div class=\"row\">\n    <div class=\"pdp-summary-group-col-1 col-12 col-lg-5\">\n\n        \n        \n\n        \n        \n            <div class=\"mb-3\">\n                Dream up a beautiful bedroom with our exclusive collection of headboards and beds. The Demi Headboard (2023) offers luxe comfort, with a softly cushioned, gracefully arched backrest that's perfect for reading, watching movies, or lounging. Demi is offered in a wide variety of fabrics and colors, including Crypton®, so you can customize the look for your room. Constructed in USA.\n            </div>\n        \n\n        \n        \n            <ul class=\"bulleted mb-3\">\n                \n                    <li>\n                        Gracefully curved, cushioned design.\n                    </li>\n                \n                    <li>\n                        Save 15% on a DWR Sonno Mattress (sold separately) for comfortable, rejuvenating sleep.\n                    </li>\n                \n                    <li>\n                        You are purchasing just a headboard. Contact us at 800.944.2233 or visit a DWR Store for compatible bed frame information. Your frame may require a modification plate.\n                    </li>\n                \n                    <li>\n                        Also available as a complete bed.\n                    </li>\n                \n            </ul>\n                                \n\n        \n        \n    </div>\n\n    <div class=\"pdp-summary-group-col-2 col-12 col-lg-5 offset-lg-1\">\n        <div class=\"table table-content summary-table\">\n            \n                \n                \n                    <dl>\n                        <dt>\n                            Brand\n                        </dt>\n                        <dd>\n                            <a href=\"/brands-design-within-reach?lang=en_US\">Design Within Reach</a>\n                        </dd>\n                    </dl>\n                \n            \n            \n            \n            \n                <dl>\n                    <dt>\n                        Collection\n                    </dt>\n                    <dd>\n                        <a href=\"/collection-demi-bed?lang=en_US\">Demi Bed Collection</a>\n                    </dd>\n                </dl>\n            \n\n            \n            \n                <dl>\n                    <dt>\n                        General Dimensions\n                    </dt>\n                    <dd>\n                        <ul class=\"unstyled summary-pdp-dimensions-list\">\n                            \n                                <li>\n                                    48\" H 49\" W 4\" D\n                                </li>\n                            \n                        </ul>\n                    </dd>\n                </dl>\n            \n\n            \n            \n\n            \n            \n                <dl>\n                    <dt>\n                        Product Weight\n                    </dt>\n                    <dd class=\"summary-weight\">\n                        33 lbs\n                    </dd>\n                </dl>\n            \n\n            \n            <dl>\n                <dt>\n                    Assembly\n                </dt>\n                <dd>\n                    \n                        Comes fully assembled\n                    \n                </dd>\n            </dl>\n\n            \n            <dl>\n                <dt>\n                    Warranty\n                </dt>\n                <dd>\n                    \n                        1-year warranty<br>Terms and conditions apply. <a href=\"https://www.dwr.com/warranty.html\" target=\"_blank\">Learn more</a>\n                    \n                </dd>\n            </dl>\n\n            \n            \n\n            \n            \n\n            \n            \n        </div>\n    </div>\n</div>\n            </div>\n        ",
    "listSize": [
      {
        "size": "Twin",
        "price": 41470000,
        "stock": 74
      },
      {
        "size": "Full",
        "price": 44070000,
        "stock": 61
      },
      {
        "size": "Queen",
        "price": 46670000,
        "stock": 78
      },
      {
        "size": "King",
        "price": 49270000,
        "stock": 100
      }
    ],
    "discountPercentage": 12,
    "thumbnail": "https://images.hermanmiller.group/m/3be9a2a95d2bd04a/W-DWR_2561520_100410575_oak_brushstroke_f.png?trim=auto&trim-sd=1&blend-mode=darken&blend=f0f0f0&bg=f0f0f0&auto=format&w=90&h=auto&fit=fill",
    "images": [
      "https://images.hermanmiller.group/m/3be9a2a95d2bd04a/W-DWR_2561520_100410575_oak_brushstroke_f.png?trim=auto&trim-sd=1&blend-mode=darken&blend=f0f0f0&bg=f0f0f0&auto=format&w=800&h=auto&fit=fill",
      "https://images.hermanmiller.group/m/45dc3207addf677f/W-DWR_2561521_100415539_oak_shell_desert.png?trim=auto&trim-sd=1&bg=f0f0f0&auto=format&w=800&h=auto&fit=fill",
      "https://images.hermanmiller.group/m/9b95919ae8852726/W-DWR_SP23_EDITORIAL_CLEAR_OAK_1067.png?trim=auto&trim-sd=1&bg=f0f0f0&auto=format&w=800&h=auto&fit=fill",
      "https://images.hermanmiller.group/m/373b3c7a2fb30abc/W-DWR_2561521_100413492_brushstroke_oak_v1_001.png?trim=auto&trim-sd=1&bg=f0f0f0&auto=format&w=800&h=auto&fit=fill"
    ]
  },
  {
    "title": "Charlotte Headboard",
    "product_category_id": "6814c0d08fdd195951c81441",
    "description": "\n            <div class=\"collapse-body pdp-summary-group-body\">\n                \n<div class=\"row\">\n    <div class=\"pdp-summary-group-col-1 col-12 col-lg-5\">\n\n        \n        \n\n        \n        \n            <div class=\"mb-3\">\n                Dream up a beautiful bedroom with our exclusive collection of headboards and beds. The Charlotte Headboard (2023) features finely tailored channel tufting that's softened by plush cushioning that creates a winsome scalloped edge. The result is a headboard that's sophisticated yet welcoming, and perfect for reading, watching movies, or lounging. Constructed in USA.\n            </div>\n        \n\n        \n        \n            <ul class=\"bulleted mb-3\">\n                \n                    <li>\n                        Deep, soft channel tufting.\n                    </li>\n                \n                    <li>\n                        Available in 5 durable fabrics - including stain-repellent Crypton - in dozens of colors.\n                    </li>\n                \n                    <li>\n                        Choice of standard (40\") or tall (48\") headboard height.\n                    </li>\n                \n                    <li>\n                        Save 15% on a DWR Sonno Mattress (sold separately) for comfortable, rejuvenating sleep.\n                    </li>\n                \n                    <li>\n                        You are purchasing just a headboard. Contact us at 800.944.2233 or visit a DWR Store for compatible bed frame information. Your frame may require a modification plate.\n                    </li>\n                \n                    <li>\n                        Also available as a complete bed.\n                    </li>\n                \n            </ul>\n                                \n\n        \n        \n    </div>\n\n    <div class=\"pdp-summary-group-col-2 col-12 col-lg-5 offset-lg-1\">\n        <div class=\"table table-content summary-table\">\n            \n                \n                \n                    <dl>\n                        <dt>\n                            Brand\n                        </dt>\n                        <dd>\n                            <a href=\"/brands-design-within-reach?lang=en_US\">Design Within Reach</a>\n                        </dd>\n                    </dl>\n                \n            \n            \n            \n            \n                <dl>\n                    <dt>\n                        Collection\n                    </dt>\n                    <dd>\n                        <a href=\"/collection-charlotte-bed?lang=en_US\">Charlotte Bed Collection</a>\n                    </dd>\n                </dl>\n            \n\n            \n            \n                <dl>\n                    <dt>\n                        General Dimensions\n                    </dt>\n                    <dd>\n                        <ul class=\"unstyled summary-pdp-dimensions-list\">\n                            \n                                <li>\n                                    40\" H 47\" W 4\" D\n                                </li>\n                            \n                        </ul>\n                    </dd>\n                </dl>\n            \n\n            \n            \n\n            \n            \n                <dl>\n                    <dt>\n                        Product Weight\n                    </dt>\n                    <dd class=\"summary-weight\">\n                        32 lbs\n                    </dd>\n                </dl>\n            \n\n            \n            <dl>\n                <dt>\n                    Assembly\n                </dt>\n                <dd>\n                    \n                        Comes fully assembled\n                    \n                </dd>\n            </dl>\n\n            \n            <dl>\n                <dt>\n                    Warranty\n                </dt>\n                <dd>\n                    \n                        1-year warranty<br>Terms and conditions apply. <a href=\"https://www.dwr.com/warranty.html\" target=\"_blank\">Learn more</a>\n                    \n                </dd>\n            </dl>\n\n            \n            \n\n            \n            \n\n            \n            \n        </div>\n    </div>\n</div>\n            </div>\n        ",
    "listSize": [
      {
        "size": "Twin",
        "price": 44070000,
        "stock": 86
      },
      {
        "size": "Full",
        "price": 46670000,
        "stock": 90
      },
      {
        "size": "Queen",
        "price": 49270000,
        "stock": 70
      },
      {
        "size": "King",
        "price": 51870000,
        "stock": 68
      }
    ],
    "discountPercentage": 28,
    "thumbnail": "https://images.hermanmiller.group/m/a94ad6ac85228a0b/W-DWR_2561516_100412304_walnut_slate_f_v1.png?trim=auto&trim-sd=1&blend-mode=darken&blend=f0f0f0&bg=f0f0f0&auto=format&w=90&h=auto&fit=fill",
    "images": [
      "https://images.hermanmiller.group/m/a94ad6ac85228a0b/W-DWR_2561516_100412304_walnut_slate_f_v1.png?trim=auto&trim-sd=1&blend-mode=darken&blend=f0f0f0&bg=f0f0f0&auto=format&w=800&h=auto&fit=fill",
      "https://images.hermanmiller.group/m/dc57ebe712adaa4c/W-DWR_2561516_100411983_walnut_shell_d1.png?trim=auto&trim-sd=1&bg=f0f0f0&auto=format&w=800&h=auto&fit=fill",
      "https://images.hermanmiller.group/m/226a0d028e582da0/W-DWR_2561517_100415923_oak_shell_desert.png?trim=auto&trim-sd=1&bg=f0f0f0&auto=format&w=800&h=auto&fit=fill",
      "https://images.hermanmiller.group/m/32164b5a22d4091f/W-DWR_SP23_EDITORIAL_CLEAR_OAK_467.png?trim=auto&trim-sd=1&bg=f0f0f0&auto=format&w=800&h=auto&fit=fill",
      "https://images.hermanmiller.group/m/5c667cefb0aa6f99/W-DWR_2561517_100416027_steel_walnut_v1_003.png?trim=auto&trim-sd=1&bg=f0f0f0&auto=format&w=800&h=auto&fit=fill",
      "https://images.hermanmiller.group/m/3a0df3d6c51459f8/W-DWR_2561517_100416027_steel_walnut_v1_001.png?trim=auto&trim-sd=1&bg=f0f0f0&auto=format&w=800&h=auto&fit=fill",
      "https://images.hermanmiller.group/m/eb75313b4c3821cc/W-DWR_2561516_100411987_oak_shell_d2.png?trim=auto&trim-sd=1&bg=f0f0f0&auto=format&w=800&h=auto&fit=fill",
      "https://images.hermanmiller.group/m/c1771c3b97af3edc/W-DWR_2561516_100411987_oak_shell_d1.png?trim=auto&trim-sd=1&bg=f0f0f0&auto=format&w=800&h=auto&fit=fill"
    ]
  },
  {
    "title": "Palm Headboard",
    "product_category_id": "6814c0d08fdd195951c81441",
    "description": "\n            <div class=\"collapse-body pdp-summary-group-body\">\n                \n<div class=\"row\">\n    <div class=\"pdp-summary-group-col-1 col-12 col-lg-5\">\n\n        \n        \n\n        \n        \n            <div class=\"mb-3\">\n                Dream up a beautiful bedroom with our exclusive collection of headboards and beds. The Palm Headboard (2023) features a gracefully arched, wood headboard in oak or walnut that's hand-inlaid with cane for an airy, natural texture. Made in Vietnam.\n            </div>\n        \n\n        \n        \n            <ul class=\"bulleted mb-3\">\n                \n                    <li>\n                        Gracefully arched headboard.\n                    </li>\n                \n                    <li>\n                        Woven cane applied by hand.\n                    </li>\n                \n                    <li>\n                        American walnut or oak solid wood and veneer.\n                    </li>\n                \n                    <li>\n                        Save 15% on a DWR Sonno Mattress (sold separately) for comfortable, rejuvenating sleep.\n                    </li>\n                \n                    <li>\n                        You are purchasing just a headboard. Contact us at 800.944.2233 or visit a DWR Store for compatible bed frame information. Your frame may require a modification plate.\n                    </li>\n                \n                    <li>\n                        Also available as a complete bed.\n                    </li>\n                \n            </ul>\n                                \n\n        \n        \n    </div>\n\n    <div class=\"pdp-summary-group-col-2 col-12 col-lg-5 offset-lg-1\">\n        <div class=\"table table-content summary-table\">\n            \n                \n                \n                    <dl>\n                        <dt>\n                            Brand\n                        </dt>\n                        <dd>\n                            <a href=\"/brands-design-within-reach?lang=en_US\">Design Within Reach</a>\n                        </dd>\n                    </dl>\n                \n            \n            \n            \n            \n                <dl>\n                    <dt>\n                        Collection\n                    </dt>\n                    <dd>\n                        <a href=\"/collection-palm-bed?lang=en_US\">Palm Bed Collection</a>\n                    </dd>\n                </dl>\n            \n\n            \n            \n                <dl>\n                    <dt>\n                        General Dimensions\n                    </dt>\n                    <dd>\n                        <ul class=\"unstyled summary-pdp-dimensions-list\">\n                            \n                                <li>\n                                    48\" H 2½\" W 44¼\" D\n                                </li>\n                            \n                        </ul>\n                    </dd>\n                </dl>\n            \n\n            \n            \n\n            \n            \n                <dl>\n                    <dt>\n                        Product Weight\n                    </dt>\n                    <dd class=\"summary-weight\">\n                        45.25 lbs\n                    </dd>\n                </dl>\n            \n\n            \n            <dl>\n                <dt>\n                    Assembly\n                </dt>\n                <dd>\n                    \n                        Comes fully assembled\n                    \n                </dd>\n            </dl>\n\n            \n            <dl>\n                <dt>\n                    Warranty\n                </dt>\n                <dd>\n                    \n                        1-year warranty<br>Terms and conditions apply. <a href=\"https://www.dwr.com/warranty.html\" target=\"_blank\">Learn more</a>\n                    \n                </dd>\n            </dl>\n\n            \n            \n\n            \n            \n\n            \n            \n        </div>\n    </div>\n</div>\n            </div>\n        ",
    "listSize": [
      {
        "size": "Twin",
        "price": 57070000,
        "stock": 62
      },
      {
        "size": "Full",
        "price": 62270000,
        "stock": 76
      }
    ],
    "discountPercentage": 26,
    "thumbnail": "https://images.hermanmiller.group/m/c5b57882803770c0/W-DWR_2555444_100378836_walnut_cane_f.png?trim=auto&trim-sd=1&blend-mode=darken&blend=f0f0f0&bg=f0f0f0&auto=format&w=90&h=auto&fit=fill",
    "images": [
      "https://images.hermanmiller.group/m/c5b57882803770c0/W-DWR_2555444_100378836_walnut_cane_f.png?trim=auto&trim-sd=1&blend-mode=darken&blend=f0f0f0&bg=f0f0f0&auto=format&w=800&h=auto&fit=fill",
      "https://fast.wistia.com/embed/medias/64edv01ge6/swatch",
      "https://images.hermanmiller.group/m/9cb5a39251380abc/W-DWR_2555444_100378836_walnut_cane_b.png?trim=auto&trim-sd=1&blend-mode=darken&blend=f0f0f0&bg=f0f0f0&auto=format&w=800&h=auto&fit=fill",
      "https://images.hermanmiller.group/m/29a2a2924bdee472/W-DWR_2555444_100378836_walnut_cane_d1.png?trim=auto&trim-sd=1&blend-mode=darken&blend=f0f0f0&bg=f0f0f0&auto=format&w=800&h=auto&fit=fill",
      "https://images.hermanmiller.group/m/83b9ea9d8534dd5e/W-DWR_2555444_100378836_walnut_cane_d2.png?trim=auto&trim-sd=1&blend-mode=darken&blend=f0f0f0&bg=f0f0f0&auto=format&w=800&h=auto&fit=fill",
      "https://images.hermanmiller.group/m/617e4e4298478b0f/W-DWR_2555447_100379129_oak_v2_001.png?trim=auto&trim-sd=1&bg=f0f0f0&auto=format&w=800&h=auto&fit=fill"
    ]
  },
  {
    "title": "Madeleine Bed",
    "product_category_id": "6814c0d08fdd195951c81441",
    "description": "\n            <div class=\"collapse-body pdp-summary-group-body\">\n                \n<div class=\"row\">\n    <div class=\"pdp-summary-group-col-1 col-12 col-lg-5\">\n\n        \n        \n\n        \n        \n            <div class=\"mb-3\">\n                Dream up a beautiful bedroom with our exclusive collection of headboards and beds. The Madeleine Bed (2023) offers luxe comfort, with a grid-tufted, softly cushioned headboard that's perfect for reading, watching movies, or lounging, and fully upholstered sides and foot. Choose between standard (40”), tall (48”) or grand (56”) headboard heights, depending on your space, preferences, and whether you are using a boxspring. The grand height is recommended for use with a boxspring. Constructed in USA.\n            </div>\n        \n\n        \n        \n            <ul class=\"bulleted mb-3\">\n                \n                    <li>\n                        Plush grid tufting.\n                    </li>\n                \n                    <li>\n                        Available in 5 durable fabrics – including stain-repellent Crypton – in dozens of colors.\n                    </li>\n                \n                    <li>\n                        Choice of standard (40\"), tall (48\"), or grand (56\") headboard height.\n                    </li>\n                \n                    <li>\n                        Solid oak or American walnut legs.\n                    </li>\n                \n                    <li>\n                        Save 15% on a DWR Sonno Mattress (sold separately) for comfortable, rejuvenating sleep.\n                    </li>\n                \n            </ul>\n                                \n\n        \n        \n    </div>\n\n    <div class=\"pdp-summary-group-col-2 col-12 col-lg-5 offset-lg-1\">\n        <div class=\"table table-content summary-table\">\n            \n                \n                \n                    <dl>\n                        <dt>\n                            Brand\n                        </dt>\n                        <dd>\n                            <a href=\"/brands-design-within-reach?lang=en_US\">Design Within Reach</a>\n                        </dd>\n                    </dl>\n                \n            \n            \n            \n            \n                <dl>\n                    <dt>\n                        Collection\n                    </dt>\n                    <dd>\n                        <a href=\"/collection-madeline-bed?lang=en_US\">Madeline Bed Collection</a>\n                    </dd>\n                </dl>\n            \n\n            \n            \n                <dl>\n                    <dt>\n                        General Dimensions\n                    </dt>\n                    <dd>\n                        <ul class=\"unstyled summary-pdp-dimensions-list\">\n                            \n                                <li>\n                                    56\" H 68\" W 88\" D\n                                </li>\n                            \n                        </ul>\n                    </dd>\n                </dl>\n            \n\n            \n            \n\n            \n            \n                <dl>\n                    <dt>\n                        Product Weight\n                    </dt>\n                    <dd class=\"summary-weight\">\n                        214 lbs\n                    </dd>\n                </dl>\n            \n\n            \n            <dl>\n                <dt>\n                    Assembly\n                </dt>\n                <dd>\n                    \n                        Requires Assembly\n                    \n                </dd>\n            </dl>\n\n            \n            <dl>\n                <dt>\n                    Warranty\n                </dt>\n                <dd>\n                    \n                        1-year warranty<br>Terms and conditions apply. <a href=\"https://www.dwr.com/warranty.html\" target=\"_blank\">Learn more</a>\n                    \n                </dd>\n            </dl>\n\n            \n            \n\n            \n            \n\n            \n            \n        </div>\n    </div>\n</div>\n            </div>\n        ",
    "listSize": [
      {
        "size": "Twin",
        "price": 92170000,
        "stock": 100
      },
      {
        "size": "Full",
        "price": 92170000,
        "stock": 62
      },
      {
        "size": "Queen",
        "price": 92170000,
        "stock": 99
      },
      {
        "size": "King",
        "price": 97370000,
        "stock": 52
      }
    ],
    "discountPercentage": 24,
    "thumbnail": "https://images.hermanmiller.group/m/fb3254e56525c5ff/W-DWR_2561519_100554695_walnut_shell_a.png?trim=auto&trim-sd=1&blend-mode=darken&blend=f0f0f0&bg=f0f0f0&auto=format&w=90&h=auto&fit=fill",
    "images": [
      "https://images.hermanmiller.group/m/fb3254e56525c5ff/W-DWR_2561519_100554695_walnut_shell_a.png?trim=auto&trim-sd=1&blend-mode=darken&blend=f0f0f0&bg=f0f0f0&auto=format&w=800&h=auto&fit=fill",
      "https://images.hermanmiller.group/m/154597f4aad037a9/W-DWR_2561519_100554695_walnut_shell_comparison.png?trim=auto&trim-sd=1&bg=f0f0f0&auto=format&w=800&h=auto&fit=fill",
      "https://images.hermanmiller.group/m/22c7e70f0ce89ab0/W-DWR_2561519_100554695_walnut_shell_boxspring_a.png?trim=auto&trim-sd=1&bg=f0f0f0&auto=format&w=800&h=auto&fit=fill",
      "https://images.hermanmiller.group/m/9f6b149debc2739/W-DWR_2561519_100554697_oak_shell_boxspring_a.png?trim=auto&trim-sd=1&bg=f0f0f0&auto=format&w=800&h=auto&fit=fill",
      "https://images.hermanmiller.group/m/4c090497521563cc/W-DWR_2561519_100415123_oak_shell_desert.png?trim=auto&trim-sd=1&bg=f0f0f0&auto=format&w=800&h=auto&fit=fill",
      "https://images.hermanmiller.group/m/54185c09af24de26/W-DWR_2561519_100413452_ecru_oak_0429_V1_COMP03.png?trim=auto&trim-sd=1&bg=f0f0f0&auto=format&w=800&h=auto&fit=fill"
    ]
  },
  {
    "title": "Demi Bed",
    "product_category_id": "6814c0d08fdd195951c81441",
    "description": "\n            <div class=\"collapse-body pdp-summary-group-body\">\n                \n<div class=\"row\">\n    <div class=\"pdp-summary-group-col-1 col-12 col-lg-5\">\n\n        \n        \n\n        \n        \n            <div class=\"mb-3\">\n                Dream up a beautiful bedroom with our exclusive collection of headboards and beds. The Demi Bed (2023) offers luxe comfort, with a softly cushioned, gracefully arched headboard that's perfect for reading, watching movies, or lounging, and fully upholstered sides and foot. Demi is offered in a wide variety of fabrics and colors, including Crypton®, so you can customize the look for your room. Choose between standard (48\") or grand (56\") headboard heights, depending on your space, preferences, and whether you are using a boxspring. The grand height is recommended for use with a boxspring. Constructed in USA.\n            </div>\n        \n\n        \n        \n            <ul class=\"bulleted mb-3\">\n                \n                    <li>\n                        Gracefully curved, cushioned design.\n                    </li>\n                \n                    <li>\n                        Save 15% on a DWR Sonno Mattress (sold separately) for comfortable, rejuvenating sleep.\n                    </li>\n                \n            </ul>\n                                \n\n        \n        \n    </div>\n\n    <div class=\"pdp-summary-group-col-2 col-12 col-lg-5 offset-lg-1\">\n        <div class=\"table table-content summary-table\">\n            \n                \n                \n                    <dl>\n                        <dt>\n                            Brand\n                        </dt>\n                        <dd>\n                            <a href=\"/brands-design-within-reach?lang=en_US\">Design Within Reach</a>\n                        </dd>\n                    </dl>\n                \n            \n            \n            \n            \n                <dl>\n                    <dt>\n                        Collection\n                    </dt>\n                    <dd>\n                        <a href=\"/collection-demi-bed?lang=en_US\">Demi Bed Collection</a>\n                    </dd>\n                </dl>\n            \n\n            \n            \n                <dl>\n                    <dt>\n                        General Dimensions\n                    </dt>\n                    <dd>\n                        <ul class=\"unstyled summary-pdp-dimensions-list\">\n                            \n                                <li>\n                                    56\" H 70\" W 88\" D\n                                </li>\n                            \n                        </ul>\n                    </dd>\n                </dl>\n            \n\n            \n            \n\n            \n            \n                <dl>\n                    <dt>\n                        Product Weight\n                    </dt>\n                    <dd class=\"summary-weight\">\n                        214 lbs\n                    </dd>\n                </dl>\n            \n\n            \n            <dl>\n                <dt>\n                    Assembly\n                </dt>\n                <dd>\n                    \n                        Requires Assembly\n                    \n                </dd>\n            </dl>\n\n            \n            <dl>\n                <dt>\n                    Warranty\n                </dt>\n                <dd>\n                    \n                        1-year warranty<br>Terms and conditions apply. <a href=\"https://www.dwr.com/warranty.html\" target=\"_blank\">Learn more</a>\n                    \n                </dd>\n            </dl>\n\n            \n            \n\n            \n            \n\n            \n            \n        </div>\n    </div>\n</div>\n            </div>\n        ",
    "listSize": [
      {
        "size": "Twin",
        "price": 92170000,
        "stock": 96
      },
      {
        "size": "Full",
        "price": 92170000,
        "stock": 51
      },
      {
        "size": "Queen",
        "price": 92170000,
        "stock": 81
      },
      {
        "size": "King",
        "price": 97370000,
        "stock": 73
      }
    ],
    "discountPercentage": 14,
    "thumbnail": "https://images.hermanmiller.group/m/44c552a67439b56f/W-DWR_2561521_100554997_oak_shell_a.png?trim=auto&trim-sd=1&blend-mode=darken&blend=f0f0f0&bg=f0f0f0&auto=format&w=90&h=auto&fit=fill",
    "images": [
      "https://images.hermanmiller.group/m/44c552a67439b56f/W-DWR_2561521_100554997_oak_shell_a.png?trim=auto&trim-sd=1&blend-mode=darken&blend=f0f0f0&bg=f0f0f0&auto=format&w=800&h=auto&fit=fill",
      "https://images.hermanmiller.group/m/564dbcfa20eaf16a/W-DWR_2561521_100554997_oak_shell_comparison.png?trim=auto&trim-sd=1&bg=f0f0f0&auto=format&w=800&h=auto&fit=fill",
      "https://images.hermanmiller.group/m/f6afb322b9ce19d/W-DWR_2561521_100554997_oak_shell_boxspring_a.png?trim=auto&trim-sd=1&bg=f0f0f0&auto=format&w=800&h=auto&fit=fill",
      "https://images.hermanmiller.group/m/69f7d515de4435ce/W-DWR_2561521_100554995_walnut_shell_boxspring_a.png?trim=auto&trim-sd=1&bg=f0f0f0&auto=format&w=800&h=auto&fit=fill",
      "https://images.hermanmiller.group/m/45dc3207addf677f/W-DWR_2561521_100415539_oak_shell_desert.png?trim=auto&trim-sd=1&bg=f0f0f0&auto=format&w=800&h=auto&fit=fill",
      "https://images.hermanmiller.group/m/9b95919ae8852726/W-DWR_SP23_EDITORIAL_CLEAR_OAK_1067.png?trim=auto&trim-sd=1&bg=f0f0f0&auto=format&w=800&h=auto&fit=fill",
      "https://images.hermanmiller.group/m/373b3c7a2fb30abc/W-DWR_2561521_100413492_brushstroke_oak_v1_001.png?trim=auto&trim-sd=1&bg=f0f0f0&auto=format&w=800&h=auto&fit=fill"
    ]
  },
  {
    "title": "Charlotte Bed",
    "product_category_id": "6814c0d08fdd195951c81441",
    "description": "\n            <div class=\"collapse-body pdp-summary-group-body\">\n                \n<div class=\"row\">\n    <div class=\"pdp-summary-group-col-1 col-12 col-lg-5\">\n\n        \n        \n\n        \n        \n            <div class=\"mb-3\">\n                Dream up a beautiful bedroom with our exclusive collection of headboards and beds. The Charlotte Bed (2023) features a finely tailored, channel-tufted headboard that's softened by plush cushioning, and fully upholstered sides and foot. The result is a bed that's sophisticated yet welcoming, and perfect for reading, watching movies, or lounging. Choose between standard (40\"), tall (48\"), or grand (56\") headboard heights, depending on your space, preferences, and whether you are using a boxspring. The grand height is recommended for use with a boxspring. Constructed in USA.\n            </div>\n        \n\n        \n        \n            <ul class=\"bulleted mb-3\">\n                \n                    <li>\n                        Deep, soft channel tufting.\n                    </li>\n                \n                    <li>\n                        Available in 5 durable fabrics - including stain-repellent Crypton - in dozens of colors.\n                    </li>\n                \n                    <li>\n                        Choice of standard (40\"), tall (48\"), or grand (56\") headboard height.\n                    </li>\n                \n                    <li>\n                        Solid oak or American walnut legs.\n                    </li>\n                \n                    <li>\n                        Save 15% on a DWR Sonno Mattress (sold separately) for comfortable, rejuvenating sleep.\n                    </li>\n                \n            </ul>\n                                \n\n        \n        \n    </div>\n\n    <div class=\"pdp-summary-group-col-2 col-12 col-lg-5 offset-lg-1\">\n        <div class=\"table table-content summary-table\">\n            \n                \n                \n                    <dl>\n                        <dt>\n                            Brand\n                        </dt>\n                        <dd>\n                            <a href=\"/brands-design-within-reach?lang=en_US\">Design Within Reach</a>\n                        </dd>\n                    </dl>\n                \n            \n            \n            \n            \n                <dl>\n                    <dt>\n                        Collection\n                    </dt>\n                    <dd>\n                        <a href=\"/collection-charlotte-bed?lang=en_US\">Charlotte Bed Collection</a>\n                    </dd>\n                </dl>\n            \n\n            \n            \n                <dl>\n                    <dt>\n                        General Dimensions\n                    </dt>\n                    <dd>\n                        <ul class=\"unstyled summary-pdp-dimensions-list\">\n                            \n                                <li>\n                                    56\" H 68\" W 88\" D\n                                </li>\n                            \n                        </ul>\n                    </dd>\n                </dl>\n            \n\n            \n            \n\n            \n            \n                <dl>\n                    <dt>\n                        Product Weight\n                    </dt>\n                    <dd class=\"summary-weight\">\n                        214 lbs\n                    </dd>\n                </dl>\n            \n\n            \n            <dl>\n                <dt>\n                    Assembly\n                </dt>\n                <dd>\n                    \n                        Requires Assembly\n                    \n                </dd>\n            </dl>\n\n            \n            <dl>\n                <dt>\n                    Warranty\n                </dt>\n                <dd>\n                    \n                        1-year warranty<br>Terms and conditions apply. <a href=\"https://www.dwr.com/warranty.html\" target=\"_blank\">Learn more</a>\n                    \n                </dd>\n            </dl>\n\n            \n            \n\n            \n            \n\n            \n            \n        </div>\n    </div>\n</div>\n            </div>\n        ",
    "listSize": [
      {
        "size": "Twin",
        "price": 92170000,
        "stock": 51
      },
      {
        "size": "Full",
        "price": 92170000,
        "stock": 63
      },
      {
        "size": "Queen",
        "price": 92170000,
        "stock": 83
      },
      {
        "size": "King",
        "price": 97370000,
        "stock": 79
      }
    ],
    "discountPercentage": 13,
    "thumbnail": "https://images.hermanmiller.group/m/ddad448d7720ea12/W-DWR_2561517_100554795_walnut_shell_a.png?trim=auto&trim-sd=1&blend-mode=darken&blend=f0f0f0&bg=f0f0f0&auto=format&w=90&h=auto&fit=fill",
    "images": [
      "https://images.hermanmiller.group/m/ddad448d7720ea12/W-DWR_2561517_100554795_walnut_shell_a.png?trim=auto&trim-sd=1&blend-mode=darken&blend=f0f0f0&bg=f0f0f0&auto=format&w=800&h=auto&fit=fill",
      "https://images.hermanmiller.group/m/28c91da52611435e/W-DWR_2561517_100554797_oak_shell_comparison.png?trim=auto&trim-sd=1&bg=f0f0f0&auto=format&w=800&h=auto&fit=fill",
      "https://images.hermanmiller.group/m/2b0d178ae593103e/W-DWR_2561517_100554797_oak_shell_boxspring_a.png?trim=auto&trim-sd=1&bg=f0f0f0&auto=format&w=800&h=auto&fit=fill",
      "https://images.hermanmiller.group/m/74d0723c2e04574f/W-DWR_2561517_100554795_walnut_shell_boxspring_a.png?trim=auto&trim-sd=1&bg=f0f0f0&auto=format&w=800&h=auto&fit=fill",
      "https://images.hermanmiller.group/m/226a0d028e582da0/W-DWR_2561517_100415923_oak_shell_desert.png?trim=auto&trim-sd=1&bg=f0f0f0&auto=format&w=800&h=auto&fit=fill",
      "https://images.hermanmiller.group/m/32164b5a22d4091f/W-DWR_SP23_EDITORIAL_CLEAR_OAK_467.png?trim=auto&trim-sd=1&bg=f0f0f0&auto=format&w=800&h=auto&fit=fill",
      "https://images.hermanmiller.group/m/5c667cefb0aa6f99/W-DWR_2561517_100416027_steel_walnut_v1_003.png?trim=auto&trim-sd=1&bg=f0f0f0&auto=format&w=800&h=auto&fit=fill",
      "https://images.hermanmiller.group/m/3a0df3d6c51459f8/W-DWR_2561517_100416027_steel_walnut_v1_001.png?trim=auto&trim-sd=1&bg=f0f0f0&auto=format&w=800&h=auto&fit=fill"
    ]
  },
  {
    "title": "Palm Bed",
    "product_category_id": "6814c0d08fdd195951c81441",
    "description": "\n            <div class=\"collapse-body pdp-summary-group-body\">\n                \n<div class=\"row\">\n    <div class=\"pdp-summary-group-col-1 col-12 col-lg-5\">\n\n        \n        \n\n        \n        \n            <div class=\"mb-3\">\n                Dream up a beautiful bedroom with our exclusive collection of headboards and beds. The Palm Bed (2023) features a gracefully arched, wood headboard in oak or walnut that's hand-inlaid with cane for an airy, natural texture. The bed is finished with wood sides and solid legs in oak or walnut. Made in Vietnam.\n            </div>\n        \n\n        \n        \n            <ul class=\"bulleted mb-3\">\n                \n                    <li>\n                        Gracefully arched headboard.\n                    </li>\n                \n                    <li>\n                        Woven cane applied by hand.\n                    </li>\n                \n                    <li>\n                        American walnut or oak solid wood and veneer.\n                    </li>\n                \n                    <li>\n                        Save 15% on a DWR Sonno Mattress (sold separately) for comfortable, rejuvenating sleep.\n                    </li>\n                \n            </ul>\n                                \n\n        \n        \n    </div>\n\n    <div class=\"pdp-summary-group-col-2 col-12 col-lg-5 offset-lg-1\">\n        <div class=\"table table-content summary-table\">\n            \n                \n                \n                    <dl>\n                        <dt>\n                            Brand\n                        </dt>\n                        <dd>\n                            <a href=\"/brands-design-within-reach?lang=en_US\">Design Within Reach</a>\n                        </dd>\n                    </dl>\n                \n            \n            \n            \n            \n                <dl>\n                    <dt>\n                        Collection\n                    </dt>\n                    <dd>\n                        <a href=\"/collection-palm-bed?lang=en_US\">Palm Bed Collection</a>\n                    </dd>\n                </dl>\n            \n\n            \n            \n                <dl>\n                    <dt>\n                        General Dimensions\n                    </dt>\n                    <dd>\n                        <ul class=\"unstyled summary-pdp-dimensions-list\">\n                            \n                                <li>\n                                    48\" H 81\" W 44¼\" D\n                                </li>\n                            \n                        </ul>\n                    </dd>\n                </dl>\n            \n\n            \n            \n\n            \n            \n                <dl>\n                    <dt>\n                        Product Weight\n                    </dt>\n                    <dd class=\"summary-weight\">\n                        108.5 lbs\n                    </dd>\n                </dl>\n            \n\n            \n            <dl>\n                <dt>\n                    Assembly\n                </dt>\n                <dd>\n                    \n                        Requires Assembly\n                    \n                </dd>\n            </dl>\n\n            \n            <dl>\n                <dt>\n                    Warranty\n                </dt>\n                <dd>\n                    \n                        1-year warranty<br>Terms and conditions apply. <a href=\"https://www.dwr.com/warranty.html\" target=\"_blank\">Learn more</a>\n                    \n                </dd>\n            </dl>\n\n            \n            \n\n            \n            \n\n            \n            \n        </div>\n    </div>\n</div>\n            </div>\n        ",
    "listSize": [
      {
        "size": "Twin",
        "price": 90870000,
        "stock": 60
      },
      {
        "size": "Full",
        "price": 90870000,
        "stock": 58
      }
    ],
    "discountPercentage": 21,
    "thumbnail": "https://images.hermanmiller.group/m/ce2744b4a69d41f6/W-DWR_2555447_100379129_oak_f.png?trim=auto&trim-sd=1&blend-mode=darken&blend=f0f0f0&bg=f0f0f0&auto=format&w=90&h=auto&fit=fill",
    "images": [
      "https://images.hermanmiller.group/m/ce2744b4a69d41f6/W-DWR_2555447_100379129_oak_f.png?trim=auto&trim-sd=1&blend-mode=darken&blend=f0f0f0&bg=f0f0f0&auto=format&w=800&h=auto&fit=fill",
      "https://images.hermanmiller.group/m/918f29eeba915f42/W-DWR_2555447_100379129_oak_a.png?trim=auto&trim-sd=1&blend-mode=darken&blend=f0f0f0&bg=f0f0f0&auto=format&w=800&h=auto&fit=fill",
      "https://images.hermanmiller.group/m/f5090503c0fa82b7/W-DWR_2555447_100379129_oak_p.png?trim=auto&trim-sd=1&blend-mode=darken&blend=f0f0f0&bg=f0f0f0&auto=format&w=800&h=auto&fit=fill",
      "https://images.hermanmiller.group/m/383d40f42e89cade/W-DWR_2555447_100379129_oak_b.png?trim=auto&trim-sd=1&blend-mode=darken&blend=f0f0f0&bg=f0f0f0&auto=format&w=800&h=auto&fit=fill",
      "https://images.hermanmiller.group/m/c96f9b0248a17ef9/W-DWR_2555447_100379129_oak_d.png?trim=auto&trim-sd=1&blend-mode=darken&blend=f0f0f0&bg=f0f0f0&auto=format&w=800&h=auto&fit=fill",
      "https://images.hermanmiller.group/m/617e4e4298478b0f/W-DWR_2555447_100379129_oak_v2_001.png?trim=auto&trim-sd=1&bg=f0f0f0&auto=format&w=800&h=auto&fit=fill"
    ]
  },
  {
    "title": "Coda Bed",
    "product_category_id": "6814c0d08fdd195951c81441",
    "description": "\n            <div class=\"collapse-body pdp-summary-group-body\">\n                \n<div class=\"row\">\n    <div class=\"pdp-summary-group-col-1 col-12 col-lg-5\">\n\n        \n        \n\n        \n        \n            <div class=\"mb-3\">\n                Dream up a beautiful bedroom with our exclusive collection of headboards and beds. The Coda Bed (2023) invites you to unwind with the rich texture and relaxed warmth of its expertly handwoven, durable paper cord headboard, inspired by Scandinavian craftsmanship. The bed is finished with wood sides and solid legs in oak or walnut. Its neutral palette in natural materials creates a feeling of calm and connection to nature. Made in Vietnam.\n            </div>\n        \n\n        \n        \n            <ul class=\"bulleted mb-3\">\n                \n                    <li>\n                        Handwoven in a two-over-two weave, paper cord is a durable material often used in Scandinavian furniture.\n                    </li>\n                \n                    <li>\n                        Choice of standard (40\") or tall (48\") headboard height.\n                    </li>\n                \n                    <li>\n                        American walnut or oak solid wood and veneer.\n                    </li>\n                \n                    <li>\n                        Save 15% on a DWR Sonno Mattress (sold separately) for comfortable, rejuvenating sleep.\n                    </li>\n                \n            </ul>\n                                \n\n        \n        \n    </div>\n\n    <div class=\"pdp-summary-group-col-2 col-12 col-lg-5 offset-lg-1\">\n        <div class=\"table table-content summary-table\">\n            \n                \n                \n                    <dl>\n                        <dt>\n                            Brand\n                        </dt>\n                        <dd>\n                            <a href=\"/brands-design-within-reach?lang=en_US\">Design Within Reach</a>\n                        </dd>\n                    </dl>\n                \n            \n            \n            \n            \n                <dl>\n                    <dt>\n                        Collection\n                    </dt>\n                    <dd>\n                        <a href=\"/collection-coda-bed?lang=en_US\">Coda Bed Collection</a>\n                    </dd>\n                </dl>\n            \n\n            \n            \n                <dl>\n                    <dt>\n                        General Dimensions\n                    </dt>\n                    <dd>\n                        <ul class=\"unstyled summary-pdp-dimensions-list\">\n                            \n                                <li>\n                                    40\" H 81\" W 44¼\" D\n                                </li>\n                            \n                        </ul>\n                    </dd>\n                </dl>\n            \n\n            \n            \n\n            \n            \n                <dl>\n                    <dt>\n                        Product Weight\n                    </dt>\n                    <dd class=\"summary-weight\">\n                        103.5 lbs\n                    </dd>\n                </dl>\n            \n\n            \n            <dl>\n                <dt>\n                    Assembly\n                </dt>\n                <dd>\n                    \n                        Requires Assembly\n                    \n                </dd>\n            </dl>\n\n            \n            <dl>\n                <dt>\n                    Warranty\n                </dt>\n                <dd>\n                    \n                        1-year warranty<br>Terms and conditions apply. <a href=\"https://www.dwr.com/warranty.html\" target=\"_blank\">Learn more</a>\n                    \n                </dd>\n            </dl>\n\n            \n            \n\n            \n            \n\n            \n            \n        </div>\n    </div>\n</div>\n            </div>\n        ",
    "listSize": [
      {
        "size": "Twin",
        "price": 93470000,
        "stock": 69
      },
      {
        "size": "Full",
        "price": 103870000,
        "stock": 98
      }
    ],
    "discountPercentage": 26,
    "thumbnail": "https://images.hermanmiller.group/m/e487cb95c817df9e/W-DWR_2555445_100379106_oak_f.png?trim=auto&trim-sd=1&blend-mode=darken&blend=f0f0f0&bg=f0f0f0&auto=format&w=90&h=auto&fit=fill",
    "images": [
      "https://images.hermanmiller.group/m/e487cb95c817df9e/W-DWR_2555445_100379106_oak_f.png?trim=auto&trim-sd=1&blend-mode=darken&blend=f0f0f0&bg=f0f0f0&auto=format&w=800&h=auto&fit=fill",
      "https://images.hermanmiller.group/m/793ba8401a56c970/W-DWR_2555445_100379106_oak_a.png?trim=auto&trim-sd=1&blend-mode=darken&blend=f0f0f0&bg=f0f0f0&auto=format&w=800&h=auto&fit=fill",
      "https://images.hermanmiller.group/m/dfe8b53237c6134c/W-DWR_2555445_100379106_oak_p.png?trim=auto&trim-sd=1&blend-mode=darken&blend=f0f0f0&bg=f0f0f0&auto=format&w=800&h=auto&fit=fill",
      "https://images.hermanmiller.group/m/9fb41f966b8e8eaa/W-DWR_2555445_100379106_oak_b.png?trim=auto&trim-sd=1&blend-mode=darken&blend=f0f0f0&bg=f0f0f0&auto=format&w=800&h=auto&fit=fill",
      "https://images.hermanmiller.group/m/b9c5bf477a8918f3/W-DWR_2555445_100379106_oak_d.png?trim=auto&trim-sd=1&blend-mode=darken&blend=f0f0f0&bg=f0f0f0&auto=format&w=800&h=auto&fit=fill",
      "https://images.hermanmiller.group/m/1027791f0726dc3a/W-DWR_2555445_100379102_oak_v2_004.png?trim=auto&trim-sd=1&bg=f0f0f0&auto=format&w=800&h=auto&fit=fill",
      "https://images.hermanmiller.group/m/42c9923a076e1323/W-DWR_2555445_100379102_oak_v1_029_PRIMARY.png?trim=auto&trim-sd=1&bg=f0f0f0&auto=format&w=800&h=auto&fit=fill",
      "https://images.hermanmiller.group/m/ca61421140e4ca8a/W-DWR_2555445_100379094_walnut_d1.png?trim=auto&trim-sd=1&bg=f0f0f0&auto=format&w=800&h=auto&fit=fill",
      "https://images.hermanmiller.group/m/8b3d124b5e91c4cd/W-DWR_SP23_EDITORIAL_RUSTIC_CANYON_363.png?trim=auto&trim-sd=1&bg=f0f0f0&auto=format&w=800&h=auto&fit=fill",
      "https://images.hermanmiller.group/m/700748391712f916/W-DWR_SP23_EDITORIAL_RUSTIC_CANYON_387.png?trim=auto&trim-sd=1&bg=f0f0f0&auto=format&w=800&h=auto&fit=fill",
      "https://images.hermanmiller.group/m/234325f188192342/W-DWR_2555445_100378827_oak_v1_001.png?trim=auto&trim-sd=1&bg=f0f0f0&auto=format&w=800&h=auto&fit=fill"
    ]
  },
  {
    "title": "Sumu Headboard",
    "product_category_id": "6814c0d08fdd195951c81441",
    "description": "\n            <div class=\"collapse-body pdp-summary-group-body\">\n                \n<div class=\"row\">\n    <div class=\"pdp-summary-group-col-1 col-12 col-lg-5\">\n\n        \n        \n\n        \n        \n            <div class=\"mb-3\">\n                Add character and comfort to the Sumu Bed (sold separately) with the Sumu Headboard (2024). The DWR-exclusive collection is inspired by the best of two worlds: The Japanese wood joinery technique of tsugite and carpentry techniques from Eastern Europe. Made from solid oak with expertly applied oak veneer, the headboard brings a serene, pared-back beauty to the bedroom. Made in Estonia.\n            </div>\n        \n\n        \n        \n            <ul class=\"bulleted mb-3\">\n                \n                    <li>\n                        Inspired by Japanese wood joinery and European carpentry techniques for an artfully pared-back collection.\n                    </li>\n                \n                    <li>\n                        Expertly applied oak veneer highlights the headboard's fine craftsmanship.\n                    </li>\n                \n                    <li>\n                        For use with the Sumu Bed (sold separately.)\n                    </li>\n                \n            </ul>\n                                \n\n        \n        \n    </div>\n\n    <div class=\"pdp-summary-group-col-2 col-12 col-lg-5 offset-lg-1\">\n        <div class=\"table table-content summary-table\">\n            \n                \n                \n                    <dl>\n                        <dt>\n                            Brand\n                        </dt>\n                        <dd>\n                            <a href=\"/brands-design-within-reach?lang=en_US\">Design Within Reach</a>\n                        </dd>\n                    </dl>\n                \n            \n            \n            \n            \n                <dl>\n                    <dt>\n                        Collection\n                    </dt>\n                    <dd>\n                        <a href=\"/collection-sumu?lang=en_US\">Sumu Collection</a>\n                    </dd>\n                </dl>\n            \n\n            \n            \n                <dl>\n                    <dt>\n                        General Dimensions\n                    </dt>\n                    <dd>\n                        <ul class=\"unstyled summary-pdp-dimensions-list\">\n                            \n                                <li>\n                                    24⅛\" H 65¾\" W 3⅝\" D\n                                </li>\n                            \n                        </ul>\n                    </dd>\n                </dl>\n            \n\n            \n            \n\n            \n            \n                <dl>\n                    <dt>\n                        Product Weight\n                    </dt>\n                    <dd class=\"summary-weight\">\n                        29 lbs\n                    </dd>\n                </dl>\n            \n\n            \n            <dl>\n                <dt>\n                    Assembly\n                </dt>\n                <dd>\n                    \n                        Requires Assembly\n                    \n                </dd>\n            </dl>\n\n            \n            <dl>\n                <dt>\n                    Warranty\n                </dt>\n                <dd>\n                    \n                        <div class=\"mb-2\">DWR honors a one (1) year warranty on all products. Brand-specific warranties may extend to longer periods.</div>\n                    \n                </dd>\n            </dl>\n\n            \n            \n\n            \n            \n\n            \n            \n        </div>\n    </div>\n</div>\n            </div>\n        ",
    "listSize": [
      {
        "size": "Queen",
        "price": 38870000,
        "stock": 100
      },
      {
        "size": "King",
        "price": 41470000,
        "stock": 96
      }
    ],
    "discountPercentage": 17,
    "thumbnail": "https://images.hermanmiller.group/asset/49d67eae-7894-4495-9e64-2a19ce12d3ee/W/DWR_2588290_100632175_oak_f.png?trim=auto&trim-sd=1&blend-mode=darken&blend=f0f0f0&bg=f0f0f0&auto=format&w=90&h=auto&fit=fill",
    "images": [
      "https://images.hermanmiller.group/asset/49d67eae-7894-4495-9e64-2a19ce12d3ee/W/DWR_2588290_100632175_oak_f.png?trim=auto&trim-sd=1&blend-mode=darken&blend=f0f0f0&bg=f0f0f0&auto=format&w=800&h=auto&fit=fill",
      "https://images.hermanmiller.group/asset/f1b76c57-d63c-4e2e-b344-4f820c2951b1/W/DWR_2588290_100632175_oak_a.png?trim=auto&trim-sd=1&blend-mode=darken&blend=f0f0f0&bg=f0f0f0&auto=format&w=800&h=auto&fit=fill",
      "https://images.hermanmiller.group/asset/568c7efe-cdbe-4452-b813-ab219e4a718b/W/DWR_2588290_100632175_oak_b.png?trim=auto&trim-sd=1&blend-mode=darken&blend=f0f0f0&bg=f0f0f0&auto=format&w=800&h=auto&fit=fill",
      "https://images.hermanmiller.group/asset/374b7e47-0ee4-4b16-a324-7819967bbfd9/W/DWR_2588290_100632175_oak_d.png?trim=auto&trim-sd=1&blend-mode=darken&blend=f0f0f0&bg=f0f0f0&auto=format&w=800&h=auto&fit=fill"
    ]
  },
  {
    "title": "Metal Bed Frame",
    "product_category_id": "6814c0d08fdd195951c81441",
    "description": "\n            <div class=\"collapse-body pdp-summary-group-body\">\n                \n<div class=\"row\">\n    <div class=\"pdp-summary-group-col-1 col-12 col-lg-5\">\n\n        \n        \n\n        \n        \n            <div class=\"mb-3\">\n                This simple metal bed frame is designed to fit and easily attach to all our DWR Collection Headboards, including Madeleine, Charlotte, Demi, Palm, and Coda. Durably designed, it’s made of powder-coated steel. The full, queen, and king sizes come with center and vertical rails for extra support.\n            </div>\n        \n\n        \n        \n            <ul class=\"bulleted mb-3\">\n                \n                    <li>\n                        Fits DWR Collection Headboards, including Madeleine, Charlotte, Demi, Palm, and Coda.\n                    </li>\n                \n                    <li>\n                        Durable steel construction.\n                    </li>\n                \n                    <li>\n                        Designed to attach easily to DWR Headboards.\n                    </li>\n                \n            </ul>\n                                \n\n        \n        \n    </div>\n\n    <div class=\"pdp-summary-group-col-2 col-12 col-lg-5 offset-lg-1\">\n        <div class=\"table table-content summary-table\">\n            \n                \n                \n                    <dl>\n                        <dt>\n                            Brand\n                        </dt>\n                        <dd>\n                            <a href=\"/brands-design-within-reach?lang=en_US\">Design Within Reach</a>\n                        </dd>\n                    </dl>\n                \n            \n            \n            \n            \n\n            \n            \n                <dl>\n                    <dt>\n                        General Dimensions\n                    </dt>\n                    <dd>\n                        <ul class=\"unstyled summary-pdp-dimensions-list\">\n                            \n                                <li>\n                                    12\" H 40\" W 76\" D\n                                </li>\n                            \n                        </ul>\n                    </dd>\n                </dl>\n            \n\n            \n            \n\n            \n            \n                <dl>\n                    <dt>\n                        Product Weight\n                    </dt>\n                    <dd class=\"summary-weight\">\n                        23 lbs\n                    </dd>\n                </dl>\n            \n\n            \n            <dl>\n                <dt>\n                    Assembly\n                </dt>\n                <dd>\n                    \n                        Requires Assembly\n                    \n                </dd>\n            </dl>\n\n            \n            <dl>\n                <dt>\n                    Warranty\n                </dt>\n                <dd>\n                    \n                        1-year warranty<br>Terms and conditions apply. <a href=\"https://www.dwr.com/warranty.html\" target=\"_blank\">Learn more</a>\n                    \n                </dd>\n            </dl>\n\n            \n            \n\n            \n            \n\n            \n            \n        </div>\n    </div>\n</div>\n            </div>\n        ",
    "listSize": [
      {
        "size": "Twin",
        "price": 6370000,
        "stock": 67
      },
      {
        "size": "Full",
        "price": 7410000,
        "stock": 97
      },
      {
        "size": "Queen",
        "price": 7670000,
        "stock": 56
      },
      {
        "size": "King",
        "price": 9750000,
        "stock": 81
      }
    ],
    "discountPercentage": 28,
    "thumbnail": "https://images.hermanmiller.group/m/108e467670420998/W-DWR_-2564201_100426097_black_a3.png?trim=auto&trim-sd=1&blend-mode=darken&blend=f0f0f0&bg=f0f0f0&auto=format&w=90&h=auto&fit=fill",
    "images": [
      "https://images.hermanmiller.group/m/108e467670420998/W-DWR_-2564201_100426097_black_a3.png?trim=auto&trim-sd=1&blend-mode=darken&blend=f0f0f0&bg=f0f0f0&auto=format&w=800&h=auto&fit=fill",
      "https://fast.wistia.com/embed/medias/5inh8kilyz/swatch",
      "https://images.hermanmiller.group/m/b30bd6df28ce8c5/W-DWR_-2564201_100426097_black_a8.png?trim=auto&trim-sd=1&blend-mode=darken&blend=f0f0f0&bg=f0f0f0&auto=format&w=800&h=auto&fit=fill",
      "https://images.hermanmiller.group/m/542f970beeb1dfee/W-DWR_-2564201_100426097_black_a2.png?trim=auto&trim-sd=1&blend-mode=darken&blend=f0f0f0&bg=f0f0f0&auto=format&w=800&h=auto&fit=fill",
      "https://images.hermanmiller.group/m/1e1e9a3fa7a96a34/W-DWR_-2564201_100426097_black_a1.png?trim=auto&trim-sd=1&blend-mode=darken&blend=f0f0f0&bg=f0f0f0&auto=format&w=800&h=auto&fit=fill",
      "https://images.hermanmiller.group/m/779b83f2d277e3d6/W-DWR_-2564201_100426097_black_a4.png?trim=auto&trim-sd=1&blend-mode=darken&blend=f0f0f0&bg=f0f0f0&auto=format&w=800&h=auto&fit=fill",
      "https://images.hermanmiller.group/m/316fecfe622162de/W-DWR_-2564201_100426097_black_a5.png?trim=auto&trim-sd=1&blend-mode=darken&blend=f0f0f0&bg=f0f0f0&auto=format&w=800&h=auto&fit=fill",
      "https://images.hermanmiller.group/m/8e2ef8e82a634f7/W-DWR_-2564201_100426097_black_a7.png?trim=auto&trim-sd=1&blend-mode=darken&blend=f0f0f0&bg=f0f0f0&auto=format&w=800&h=auto&fit=fill",
      "https://images.hermanmiller.group/m/37fa79e5ebc2ae35/W-DWR_-2564201_100426097_black_a6.png?trim=auto&trim-sd=1&blend-mode=darken&blend=f0f0f0&bg=f0f0f0&auto=format&w=800&h=auto&fit=fill",
      "https://images.hermanmiller.group/m/1150ba13f61e00e0/W-DWR_-2564201_100426097_black_d2.png?trim=auto&trim-sd=1&blend-mode=darken&blend=f0f0f0&bg=f0f0f0&auto=format&w=800&h=auto&fit=fill",
      "https://images.hermanmiller.group/m/27e02de4397ea85f/W-DWR_-2564201_100426097_black_d1.png?trim=auto&trim-sd=1&blend-mode=darken&blend=f0f0f0&bg=f0f0f0&auto=format&w=800&h=auto&fit=fill"
    ]
  }
]
