[
  {
    "title": "Vesper Sleeper Sofa",
    "product_category_id": "6814cc83e739f40883040822",
    "description": "\n            <div class=\"collapse-body pdp-summary-group-body\">\n                \n<div class=\"row\">\n    <div class=\"pdp-summary-group-col-1 col-12 col-lg-5\">\n\n        \n        \n\n        \n        \n            <div class=\"mb-3\">\n                Design duo Jeffrey Bernett and Nicholas Dodziuk are known for creating amazing sofas and beds, which is why we’re excited to for the Vesper Sleeper Sofa (2015), a design that combines both. Vesper delivers the wide, deep, comfortable seating expected in a sofa, plus an easy-to-fold-out bed that's as welcoming and large as your regular mattress. Fitted with a patented conversion mechanism, the Vesper mattress rests entirely on a wooden platform, which means you won't feel the sturdy crossbar underneath.\n            </div>\n        \n\n        \n        \n            <ul class=\"bulleted mb-3\">\n                \n                    <li>\n                        Crisply tailored upholstery.\n                    </li>\n                \n                    <li>\n                        Compact design that doesn’t sacrifice comfort.\n                    </li>\n                \n                    <li>\n                        Companion to the Vesper Armchair.\n                    </li>\n                \n            </ul>\n                                \n\n        \n        \n    </div>\n\n    <div class=\"pdp-summary-group-col-2 col-12 col-lg-5 offset-lg-1\">\n        <div class=\"table table-content summary-table\">\n            \n                \n                \n                    <dl>\n                        <dt>\n                            Brand\n                        </dt>\n                        <dd>\n                            <a href=\"/brands-design-within-reach?lang=en_US\">Design Within Reach</a>\n                        </dd>\n                    </dl>\n                \n            \n            \n            \n            \n                <dl>\n                    <dt>\n                        Collection\n                    </dt>\n                    <dd>\n                        <a href=\"/collection-vesper?lang=en_US\">Vesper Collection</a>\n                    </dd>\n                </dl>\n            \n\n            \n            \n                <dl>\n                    <dt>\n                        General Dimensions\n                    </dt>\n                    <dd>\n                        <ul class=\"unstyled summary-pdp-dimensions-list\">\n                            \n                                <li>\n                                    34\" H 81\" W 37\" D\n                                </li>\n                            \n                        </ul>\n                    </dd>\n                </dl>\n            \n\n            \n            \n\n            \n            \n                <dl>\n                    <dt>\n                        Product Weight\n                    </dt>\n                    <dd class=\"summary-weight\">\n                        290 lbs\n                    </dd>\n                </dl>\n            \n\n            \n            <dl>\n                <dt>\n                    Assembly\n                </dt>\n                <dd>\n                    \n                        Comes fully assembled\n                    \n                </dd>\n            </dl>\n\n            \n            <dl>\n                <dt>\n                    Warranty\n                </dt>\n                <dd>\n                    \n                        American Leather offers a 3 year warranty on the mechanism, 5 year warranty on foam/upholstery and lifetime warranty on the frame/suspension of their furniture.\n                    \n                </dd>\n            </dl>\n\n            \n            \n\n            \n            \n\n            \n            \n        </div>\n    </div>\n</div>\n            </div>\n        ",
    "listSize": [
      {
        "size": "Queen",
        "price": 244270000,
        "stock": 84
      },
      {
        "size": "King",
        "price": 259870000,
        "stock": 90
      }
    ],
    "discountPercentage": 23,
    "thumbnail": "https://images.hermanmiller.group/m/9d82df03d22f754f/W-DWR_7780_100173519_cinder_f.png?trim=auto&trim-sd=1&blend-mode=darken&blend=f0f0f0&bg=f0f0f0&auto=format&w=90&h=auto&fit=fill",
    "images": [
      "https://images.hermanmiller.group/m/9d82df03d22f754f/W-DWR_7780_100173519_cinder_f.png?trim=auto&trim-sd=1&blend-mode=darken&blend=f0f0f0&bg=f0f0f0&auto=format&w=800&h=auto&fit=fill",
      "https://fast.wistia.com/embed/medias/08whahblrx/swatch",
      "https://images.hermanmiller.group/m/64182c585b77f99/W-DWR_7780_9118816_buff_v3.png?trim=auto&trim-sd=1&bg=f0f0f0&auto=format&w=800&h=auto&fit=fill",
      "https://images.hermanmiller.group/m/625b0dfbdb8a15d2/W-DWR_7780_9118816_buff_v2-tif.png?trim=auto&trim-sd=1&bg=f0f0f0&auto=format&w=800&h=auto&fit=fill",
      "https://images.hermanmiller.group/m/50af0bef917c0b31/W-DWR_7777_9119639_buff_v1-jpg.png?trim=auto&trim-sd=1&bg=f0f0f0&auto=format&w=800&h=auto&fit=fill"
    ]
  },
  {
    "title": "Vesper Sleeper Sofa",
    "product_category_id": "6814cc83e739f40883040822",
    "description": "\n            <div class=\"collapse-body pdp-summary-group-body\">\n                \n<div class=\"row\">\n    <div class=\"pdp-summary-group-col-1 col-12 col-lg-5\">\n\n        \n        \n\n        \n        \n            <div class=\"mb-3\">\n                Design duo Jeffrey Bernett and Nicholas Dodziuk are known for creating amazing sofas and beds, which is why we’re excited to for the Vesper Sleeper Sofa (2015), a design that combines both. Vesper delivers the wide, deep, comfortable seating expected in a sofa, plus an easy-to-fold-out bed that's as welcoming and large as your regular mattress. Fitted with a patented conversion mechanism, the Vesper mattress rests entirely on a wooden platform, which means you won't feel the sturdy crossbar underneath.\n            </div>\n        \n\n        \n        \n            <ul class=\"bulleted mb-3\">\n                \n                    <li>\n                        Crisply tailored upholstery.\n                    </li>\n                \n                    <li>\n                        Compact design that doesn’t sacrifice comfort.\n                    </li>\n                \n                    <li>\n                        Companion to the Vesper Armchair.\n                    </li>\n                \n            </ul>\n                                \n\n        \n        \n    </div>\n\n    <div class=\"pdp-summary-group-col-2 col-12 col-lg-5 offset-lg-1\">\n        <div class=\"table table-content summary-table\">\n            \n                \n                \n                    <dl>\n                        <dt>\n                            Brand\n                        </dt>\n                        <dd>\n                            <a href=\"/brands-design-within-reach?lang=en_US\">Design Within Reach</a>\n                        </dd>\n                    </dl>\n                \n            \n            \n            \n            \n                <dl>\n                    <dt>\n                        Collection\n                    </dt>\n                    <dd>\n                        <a href=\"/collection-vesper?lang=en_US\">Vesper Collection</a>\n                    </dd>\n                </dl>\n            \n\n            \n            \n                <dl>\n                    <dt>\n                        General Dimensions\n                    </dt>\n                    <dd>\n                        <ul class=\"unstyled summary-pdp-dimensions-list\">\n                            \n                                <li>\n                                    34\" H 81\" W 37\" D\n                                </li>\n                            \n                        </ul>\n                    </dd>\n                </dl>\n            \n\n            \n            \n\n            \n            \n                <dl>\n                    <dt>\n                        Product Weight\n                    </dt>\n                    <dd class=\"summary-weight\">\n                        290 lbs\n                    </dd>\n                </dl>\n            \n\n            \n            <dl>\n                <dt>\n                    Assembly\n                </dt>\n                <dd>\n                    \n                        Comes fully assembled\n                    \n                </dd>\n            </dl>\n\n            \n            <dl>\n                <dt>\n                    Warranty\n                </dt>\n                <dd>\n                    \n                        American Leather offers a 3 year warranty on the mechanism, 5 year warranty on foam/upholstery and lifetime warranty on the frame/suspension of their furniture.\n                    \n                </dd>\n            </dl>\n\n            \n            \n\n            \n            \n\n            \n            \n        </div>\n    </div>\n</div>\n            </div>\n        ",
    "listSize": [
      {
        "size": "Queen",
        "price": 302770000,
        "stock": 94
      },
      {
        "size": "King",
        "price": 315770000,
        "stock": 93
      }
    ],
    "discountPercentage": 20,
    "thumbnail": "https://images.hermanmiller.group/m/ebce874247d9aaee/W-DWR_7780_100173492_stout_f.png?trim=auto&trim-sd=1&blend-mode=darken&blend=f0f0f0&bg=f0f0f0&auto=format&w=90&h=auto&fit=fill",
    "images": [
      "https://images.hermanmiller.group/m/ebce874247d9aaee/W-DWR_7780_100173492_stout_f.png?trim=auto&trim-sd=1&blend-mode=darken&blend=f0f0f0&bg=f0f0f0&auto=format&w=800&h=auto&fit=fill",
      "https://fast.wistia.com/embed/medias/08whahblrx/swatch",
      "https://images.hermanmiller.group/m/64182c585b77f99/W-DWR_7780_9118816_buff_v3.png?trim=auto&trim-sd=1&bg=f0f0f0&auto=format&w=800&h=auto&fit=fill",
      "https://images.hermanmiller.group/m/625b0dfbdb8a15d2/W-DWR_7780_9118816_buff_v2-tif.png?trim=auto&trim-sd=1&bg=f0f0f0&auto=format&w=800&h=auto&fit=fill",
      "https://images.hermanmiller.group/m/50af0bef917c0b31/W-DWR_7777_9119639_buff_v1-jpg.png?trim=auto&trim-sd=1&bg=f0f0f0&auto=format&w=800&h=auto&fit=fill"
    ]
  }
]
