[
  {
    "productId": "6814cabe1780e5204676cde3",
    "userId": "6822d082c08fdfcf24d49793",
    "rating": 5,
    "comment": "Veritatis suppellex contra dapifer dolorem adaugeo comedo admoveo paulatim umquam.",
    "createdAt": "2024-10-05T00:39:04.933Z"
  },
  {
    "productId": "6814d8faa6b79f1523907ed1",
    "userId": "6822d082c08fdfcf24d49793",
    "rating": 5,
    "comment": "Conculco vicissitudo inflammatio versus crux stella deprimo auctus victus cursus.",
    "createdAt": "2024-10-07T00:39:04.933Z"
  },
  {
    "productId": "6814be17a67388b7fa2b037c",
    "userId": "6822d082c08fdfcf24d49793",
    "rating": 5,
    "comment": "Textilis vergo apostolus decens via acidus theca contego stipes trans.",
    "createdAt": "2024-10-07T00:39:04.933Z"
  },
  {
    "productId": "6814c2ca511161f3045acc14",
    "userId": "6822d082c08fdfcf24d49793",
    "rating": 5,
    "comment": "Communis angulus supplanto uxor sustineo acquiro virgo vicissitudo depraedor curto.",
    "createdAt": "2024-10-06T00:39:04.933Z"
  },
  {
    "productId": "6814d4dbd4982e02496b636e",
    "userId": "6822d078c08fdfcf24d49623",
    "rating": 1,
    "comment": "Damno itaque suppono angulus delibero dignissimos comis tamen compello altus.",
    "createdAt": "2024-10-08T03:21:04.997Z"
  },
  {
    "productId": "6814c3b3595891202e483abc",
    "userId": "6822d07fc08fdfcf24d496cf",
    "rating": 5,
    "comment": "Tempore carus conitor suffoco natus aeneus arceo abscido decretum deleo.",
    "createdAt": "2024-10-09T05:26:24.793Z"
  },
  {
    "productId": "6814ccc358f78c505fea9662",
    "userId": "6822d06bc08fdfcf24d4936f",
    "rating": 4,
    "comment": "Strues pax caecus adflicto varius tredecim voro voluntarius succurro altus.",
    "createdAt": "2024-10-06T05:58:53.115Z"
  },
  {
    "productId": "6814d30f19ffed8d9ec6b53c",
    "userId": "6822d073c08fdfcf24d494bd",
    "rating": 5,
    "comment": "Blandior unus architecto vita paens cubo demo acquiro viriliter argumentum.",
    "createdAt": "2024-10-09T14:39:12.219Z"
  },
  {
    "productId": "6814cabe1780e5204676cde3",
    "userId": "6822d069c08fdfcf24d49301",
    "rating": 4,
    "comment": "Delego terror corrupti crur taceo curso talus arma strenuus comes.",
    "createdAt": "2024-10-07T17:17:59.594Z"
  },
  {
    "productId": "6814c104ca19a92a5b1d5b63",
    "userId": "6822d069c08fdfcf24d49301",
    "rating": 5,
    "comment": "Viridis temperantia aptus temperantia bibo ullam amplitudo conatus ullam cruciamentum.",
    "createdAt": "2024-10-05T17:17:59.594Z"
  },
  {
    "productId": "6814be18a67388b7fa2b03bc",
    "userId": "6822d069c08fdfcf24d49301",
    "rating": 4,
    "comment": "Adaugeo curtus conturbo cupressus tutis votum varius averto volup nisi.",
    "createdAt": "2024-10-07T17:17:59.594Z"
  },
  {
    "productId": "68149cfe30a898aab1f043dd",
    "userId": "6822d069c08fdfcf24d49301",
    "rating": 4,
    "comment": "Arto velociter anser vitiosus delicate atavus tribuo officia sponte vester.",
    "createdAt": "2024-10-05T17:17:59.594Z"
  },
  {
    "productId": "6814cbfd9ac1ce2619619246",
    "userId": "6822d06cc08fdfcf24d493a5",
    "rating": 1,
    "comment": "Eligendi abduco amissio truculenter depromo nam suggero delectatio cubicularis urbs.",
    "createdAt": "2024-10-07T06:09:02.005Z"
  },
  {
    "productId": "6814d31019ffed8d9ec6b569",
    "userId": "6822d077c08fdfcf24d495c9",
    "rating": 1,
    "comment": "Auxilium accommodo vacuus corona quo voluptates somniculosus custodia adimpleo argumentum.",
    "createdAt": "2024-10-08T23:07:35.592Z"
  },
  {
    "productId": "6814c3b3595891202e483a60",
    "userId": "6822d075c08fdfcf24d4954d",
    "rating": 5,
    "comment": "Benigne subiungo excepturi summopere cursim ter delectatio sonitus admoveo iste.",
    "createdAt": "2024-10-11T03:53:20.738Z"
  },
  {
    "productId": "6814c03933cd17d446b06398",
    "userId": "6822d06ac08fdfcf24d49331",
    "rating": 5,
    "comment": "Vorago vulgo tabella dolores demens ipsum sublime valeo canis celo.",
    "createdAt": "2024-10-10T10:14:57.012Z"
  },
  {
    "productId": "6814c2ca511161f3045acc24",
    "userId": "6822d06ec08fdfcf24d49457",
    "rating": 5,
    "comment": "Supra depromo commodi amaritudo votum desparatus volaticus crur officiis usque.",
    "createdAt": "2024-10-11T10:49:39.437Z"
  },
  {
    "productId": "6814d007dac5e44185ec2223",
    "userId": "6822d069c08fdfcf24d492e9",
    "rating": 5,
    "comment": "Amiculum auditor atavus defessus spero nulla ambitus terminatio valde benigne.",
    "createdAt": "2024-10-07T18:46:37.430Z"
  },
  {
    "productId": "6814d008dac5e44185ec2241",
    "userId": "6822d078c08fdfcf24d495f1",
    "rating": 3,
    "comment": "Vorax caritas arcesso ustulo clam non comis ambulo allatus verbum.",
    "createdAt": "2024-10-10T00:12:38.090Z"
  },
  {
    "productId": "6814c3b2595891202e483a54",
    "userId": "6822d08cc08fdfcf24d49933",
    "rating": 4,
    "comment": "Desino stipes celer ambulo celebrer demonstro curvo mollitia causa altus.",
    "createdAt": "2024-10-10T04:17:29.741Z"
  },
  {
    "productId": "6814cabe1780e5204676cded",
    "userId": "6822d074c08fdfcf24d494f9",
    "rating": 4,
    "comment": "Dolor utrum victoria paulatim tamquam necessitatibus summisse desparatus itaque usque.",
    "createdAt": "2024-10-09T09:57:55.971Z"
  },
  {
    "productId": "6814d49dabc2c4bf4ecaf524",
    "userId": "6822d08cc08fdfcf24d49921",
    "rating": 5,
    "comment": "Excepturi arma contra varietas nesciunt suasoria vos fugit sopor confido.",
    "createdAt": "2024-10-09T11:11:38.381Z"
  },
  {
    "productId": "6814d518d4982e02496b6496",
    "userId": "6822d08bc08fdfcf24d498f9",
    "rating": 4,
    "comment": "Vita cunabula vapulus defleo charisma balbus deripio laborum decumbo doloremque.",
    "createdAt": "2024-10-12T15:21:30.820Z"
  },
  {
    "productId": "6814af8ef38840c4bcc37ed5",
    "userId": "6822d06dc08fdfcf24d493f7",
    "rating": 2,
    "comment": "Corroboro thermae causa odit cunctatio dolorum tutis denego depromo varietas.",
    "createdAt": "2024-10-07T19:29:17.542Z"
  },
  {
    "productId": "68149cfe30a898aab1f043c5",
    "userId": "6822d06dc08fdfcf24d493f7",
    "rating": 3,
    "comment": "Defungo verbera adamo strenuus amplitudo utroque canonicus auctus tenus pauper.",
    "createdAt": "2024-10-09T19:29:17.542Z"
  },
  {
    "productId": "6814be18a67388b7fa2b03d8",
    "userId": "6822d07ec08fdfcf24d496ab",
    "rating": 5,
    "comment": "Conduco stipes abbas vere acer vero in sodalitas odio et.",
    "createdAt": "2024-10-08T20:03:08.652Z"
  },
  {
    "productId": "6814a81835053cb1544dd11b",
    "userId": "6822d078c08fdfcf24d49601",
    "rating": 5,
    "comment": "Architecto curto suppellex speculum depraedor sapiente ubi celer universe aspicio.",
    "createdAt": "2024-10-10T20:44:43.485Z"
  },
  {
    "productId": "6814c740b44fb7a9e6cbb481",
    "userId": "6822d078c08fdfcf24d49601",
    "rating": 5,
    "comment": "Videlicet titulus studio terror carbo confugo comis vesco veniam libero.",
    "createdAt": "2024-10-10T20:44:43.485Z"
  },
  {
    "productId": "6814af8df38840c4bcc37ecf",
    "userId": "6822d078c08fdfcf24d49601",
    "rating": 4,
    "comment": "Sponte tutamen celebrer tempore aufero victoria thesaurus adversus audentia arto.",
    "createdAt": "2024-10-12T20:44:43.485Z"
  },
  {
    "productId": "6814d30f19ffed8d9ec6b536",
    "userId": "6822d078c08fdfcf24d49601",
    "rating": 5,
    "comment": "Absque tergum cibus demitto bos placeat tam cimentarius adhuc doloribus.",
    "createdAt": "2024-10-08T20:44:43.485Z"
  },
  {
    "productId": "6814b49adb8e7421d905486e",
    "userId": "6822d08ac08fdfcf24d498cf",
    "rating": 5,
    "comment": "Carpo clamo conventus talus cogo vicinus fugiat tracto adsum caput.",
    "createdAt": "2024-10-11T09:31:57.343Z"
  },
  {
    "productId": "6814bf396172128284c9befc",
    "userId": "6822d08ac08fdfcf24d498d1",
    "rating": 3,
    "comment": "Volaticus tui cornu versus utrimque perspiciatis adsidue porro odit balbus.",
    "createdAt": "2024-10-12T13:39:33.826Z"
  },
  {
    "productId": "6814be18a67388b7fa2b03bc",
    "userId": "6822d077c08fdfcf24d495b1",
    "rating": 5,
    "comment": "Adipiscor degenero viridis tepesco congregatio consequuntur velociter repudiandae texo demitto.",
    "createdAt": "2024-10-13T14:52:43.737Z"
  },
  {
    "productId": "6814c1b4ba01e3aab8f3f386",
    "userId": "6822d069c08fdfcf24d49313",
    "rating": 5,
    "comment": "Caute deserunt umerus titulus adipiscor tero vigor molestiae deorsum quidem.",
    "createdAt": "2024-10-08T17:28:29.974Z"
  },
  {
    "productId": "6814d4dbd4982e02496b6356",
    "userId": "6822d068c08fdfcf24d492a8",
    "rating": 5,
    "comment": "Aveho accusantium iure virga bellicus bestia adulatio corpus abeo adinventitias.",
    "createdAt": "2024-10-11T08:10:46.415Z"
  },
  {
    "productId": "6814d8faa6b79f1523907ecc",
    "userId": "6822d06dc08fdfcf24d493f7",
    "rating": 1,
    "comment": "Trucido agnitio unus caput demonstro laborum adhaero complectus verto sonitus.",
    "createdAt": "2024-10-12T09:20:16.268Z"
  },
  {
    "productId": "6814a1931c10fee4a5286d5d",
    "userId": "6822d06dc08fdfcf24d493f7",
    "rating": 5,
    "comment": "Coepi caute inventore eum trans thema textus explicabo stips sub.",
    "createdAt": "2024-10-09T09:20:16.268Z"
  },
  {
    "productId": "6814c741b44fb7a9e6cbb4c8",
    "userId": "6822d06dc08fdfcf24d493f7",
    "rating": 5,
    "comment": "Traho volaticus comitatus credo studio certus absorbeo coadunatio coruscus tibi.",
    "createdAt": "2024-10-12T09:20:16.268Z"
  },
  {
    "productId": "6814be18a67388b7fa2b03d8",
    "userId": "6822d06dc08fdfcf24d493f7",
    "rating": 1,
    "comment": "Averto caste defleo cernuus cupressus voluptas versus tenax vis collum.",
    "createdAt": "2024-10-13T09:20:16.268Z"
  },
  {
    "productId": "6814d3abbcd9b504d290b03c",
    "userId": "6822d08cc08fdfcf24d49925",
    "rating": 5,
    "comment": "Vacuus velociter vitae tardus colo suppono dolorum cubicularis bardus subiungo.",
    "createdAt": "2024-10-10T09:55:55.635Z"
  },
  {
    "productId": "6814bcdd958ad8fcad8c5412",
    "userId": "6822d08cc08fdfcf24d49925",
    "rating": 5,
    "comment": "Spoliatio adfero cunabula alter advoco bis atavus utpote sed thymum.",
    "createdAt": "2024-10-12T09:55:55.635Z"
  },
  {
    "productId": "6814be17a67388b7fa2b0388",
    "userId": "6822d08cc08fdfcf24d49925",
    "rating": 4,
    "comment": "Teres spargo delibero cenaculum undique solutio pecto temporibus dedico blandior.",
    "createdAt": "2024-10-11T09:55:55.635Z"
  },
  {
    "productId": "6814c03a33cd17d446b063db",
    "userId": "6822d08cc08fdfcf24d49925",
    "rating": 5,
    "comment": "Arguo textus tabula cilicium currus coruscus placeat basium usus benigne.",
    "createdAt": "2024-10-12T09:55:55.635Z"
  },
  {
    "productId": "6814d886eb6e44f9df4dc005",
    "userId": "6822d06ec08fdfcf24d49431",
    "rating": 5,
    "comment": "Uterque via desipio vilitas comprehendo tactus asperiores cibus cogito laudantium.",
    "createdAt": "2024-10-10T11:09:32.406Z"
  },
  {
    "productId": "6814a1941c10fee4a5286d95",
    "userId": "6822d06ec08fdfcf24d49431",
    "rating": 5,
    "comment": "Ante voluptatem congregatio theca eius clam utilis tutis qui accusamus.",
    "createdAt": "2024-10-10T11:09:32.406Z"
  },
  {
    "productId": "6814d31019ffed8d9ec6b55a",
    "userId": "6822d06ec08fdfcf24d49431",
    "rating": 1,
    "comment": "Attero acer curo cena testimonium acquiro tempore suffragium atavus cibo.",
    "createdAt": "2024-10-10T11:09:32.406Z"
  },
  {
    "productId": "6814cabf1780e5204676cdfd",
    "userId": "6822d06ec08fdfcf24d49431",
    "rating": 4,
    "comment": "Decor quibusdam uter arcesso crebro deludo quam conturbo venustas voluptatum.",
    "createdAt": "2024-10-12T11:09:32.406Z"
  },
  {
    "productId": "6814d30f19ffed8d9ec6b53c",
    "userId": "6822d076c08fdfcf24d4959f",
    "rating": 5,
    "comment": "Coadunatio arbustum vobis absens adficio laboriosam defaeco tergum tubineus spectaculum.",
    "createdAt": "2024-10-14T15:02:50.895Z"
  },
  {
    "productId": "68149cfe30a898aab1f043dd",
    "userId": "6822d080c08fdfcf24d496f7",
    "rating": 5,
    "comment": "Arguo enim quam corona collum tendo inflammatio tempora clementia validus.",
    "createdAt": "2024-10-10T22:19:31.834Z"
  },
  {
    "productId": "6814d49dabc2c4bf4ecaf516",
    "userId": "6822d073c08fdfcf24d494cb",
    "rating": 5,
    "comment": "Vindico suppono valens vapulus apud condico utroque ver adimpleo bos.",
    "createdAt": "2024-10-10T22:44:13.920Z"
  },
  {
    "productId": "6814bf386172128284c9bed8",
    "userId": "6822d07dc08fdfcf24d49649",
    "rating": 5,
    "comment": "Caterva tenetur velociter aveho tamen cupiditate trucido vobis ustulo ulterius.",
    "createdAt": "2024-10-13T23:14:49.202Z"
  },
  {
    "productId": "6814a81835053cb1544dd10e",
    "userId": "6822d082c08fdfcf24d497af",
    "rating": 1,
    "comment": "Vulgus bellum conitor architecto suspendo sopor volubilis debeo terebro dolorum.",
    "createdAt": "2024-10-11T05:44:23.925Z"
  },
  {
    "productId": "6814c104ca19a92a5b1d5b43",
    "userId": "6822d06dc08fdfcf24d4941f",
    "rating": 5,
    "comment": "Vix concedo vere modi claudeo confero molestiae textilis cupiditate solutio.",
    "createdAt": "2024-10-12T06:02:14.977Z"
  },
  {
    "productId": "6814c03a33cd17d446b063db",
    "userId": "6822d069c08fdfcf24d49313",
    "rating": 1,
    "comment": "Amoveo tergum uterque iure cenaculum deludo subiungo via praesentium eligendi.",
    "createdAt": "2024-10-14T07:10:14.213Z"
  },
  {
    "productId": "6814cbfc9ac1ce2619619237",
    "userId": "6822d069c08fdfcf24d49313",
    "rating": 5,
    "comment": "Corroboro crebro alii vulgus officiis cresco depereo tricesimus adiuvo carcer.",
    "createdAt": "2024-10-14T07:10:14.213Z"
  },
  {
    "productId": "68149cfe30a898aab1f043c5",
    "userId": "6822d069c08fdfcf24d49313",
    "rating": 5,
    "comment": "Tempus id cupiditate ter conduco tracto appono curiositas atrox contabesco.",
    "createdAt": "2024-10-11T07:10:14.213Z"
  },
  {
    "productId": "6814b49adb8e7421d905483d",
    "userId": "6822d069c08fdfcf24d49313",
    "rating": 3,
    "comment": "Valde dolorum cena thema antiquus comprehendo creber concido colo accusantium.",
    "createdAt": "2024-10-10T07:10:14.213Z"
  },
  {
    "productId": "6814c1b5ba01e3aab8f3f3e8",
    "userId": "6822d068c08fdfcf24d492db",
    "rating": 4,
    "comment": "Colligo cilicium temeritas abduco ante delibero vitae derideo admoveo subseco.",
    "createdAt": "2024-10-11T09:32:52.715Z"
  },
  {
    "productId": "6814af8df38840c4bcc37eac",
    "userId": "6822d073c08fdfcf24d4949b",
    "rating": 5,
    "comment": "Bonus capto cohors tergeo canis curo tyrannus comes uxor cruciamentum.",
    "createdAt": "2024-10-12T05:28:51.464Z"
  },
  {
    "productId": "68149cfd30a898aab1f043a1",
    "userId": "6822d073c08fdfcf24d4949b",
    "rating": 4,
    "comment": "Vorax coniecto averto curvo cibo tabgo vomito volva clibanus cresco.",
    "createdAt": "2024-10-12T05:28:51.464Z"
  },
  {
    "productId": "6814c741b44fb7a9e6cbb4bb",
    "userId": "6822d073c08fdfcf24d4949b",
    "rating": 5,
    "comment": "Aperiam coerceo aeternus labore eveniet velut tubineus ars quibusdam pel.",
    "createdAt": "2024-10-14T05:28:51.464Z"
  },
  {
    "productId": "6814d3abbcd9b504d290b066",
    "userId": "6822d073c08fdfcf24d4949b",
    "rating": 5,
    "comment": "Theologus carus amitto conqueror amiculum vetus suspendo cognomen delibero odit.",
    "createdAt": "2024-10-16T05:28:51.464Z"
  },
  {
    "productId": "6814d246995813a18f27d953",
    "userId": "6822d075c08fdfcf24d49539",
    "rating": 5,
    "comment": "Placeat paulatim umquam vinum aperiam voluptatem cubitum territo cribro cognomen.",
    "createdAt": "2024-10-14T12:52:28.753Z"
  },
  {
    "productId": "6814a81835053cb1544dd139",
    "userId": "6822d073c08fdfcf24d494db",
    "rating": 5,
    "comment": "Demonstro astrum subnecto cinis aestivus utor decimus deleo vallum sophismata.",
    "createdAt": "2024-10-15T05:21:04.438Z"
  },
  {
    "productId": "6814cabe1780e5204676cdf7",
    "userId": "6822d073c08fdfcf24d494db",
    "rating": 5,
    "comment": "Verbera umbra sit corporis turba tergo coniecto despecto autem comis.",
    "createdAt": "2024-10-16T05:21:04.438Z"
  },
  {
    "productId": "6814d887eb6e44f9df4dc01f",
    "userId": "6822d073c08fdfcf24d494db",
    "rating": 5,
    "comment": "Quia amissio thema coniecto dolorum decens adimpleo coepi suppono vergo.",
    "createdAt": "2024-10-15T05:21:04.438Z"
  },
  {
    "productId": "6814ccc358f78c505fea9668",
    "userId": "6822d073c08fdfcf24d494db",
    "rating": 3,
    "comment": "Creta aequitas nihil terra desipio demulceo solitudo aut earum deinde.",
    "createdAt": "2024-10-16T05:21:04.438Z"
  },
  {
    "productId": "6814d246995813a18f27d945",
    "userId": "6822d06dc08fdfcf24d4941f",
    "rating": 4,
    "comment": "Considero vinco adsum autem tendo sufficio decretum tertius defungo vel.",
    "createdAt": "2024-10-12T07:34:59.787Z"
  },
  {
    "productId": "6814a81935053cb1544dd159",
    "userId": "6822d08bc08fdfcf24d498d5",
    "rating": 4,
    "comment": "Contego crapula suffoco rem suscipio tametsi cicuta currus sopor aspicio.",
    "createdAt": "2024-10-13T08:37:24.348Z"
  },
  {
    "productId": "6814cf2ef6a78c6dfa30843e",
    "userId": "6822d089c08fdfcf24d49853",
    "rating": 5,
    "comment": "Mollitia timidus cognatus cum thema agnosco turpis cicuta porro tego.",
    "createdAt": "2024-10-12T09:17:47.476Z"
  },
  {
    "productId": "6814af8df38840c4bcc37ea6",
    "userId": "6822d06cc08fdfcf24d493bd",
    "rating": 5,
    "comment": "Demo audacia verumtamen veritas sumo repellat tempora adficio abscido thymum.",
    "createdAt": "2024-10-14T10:36:14.578Z"
  },
  {
    "productId": "6814c75737cb2b415f50f071",
    "userId": "6822d06ec08fdfcf24d4942b",
    "rating": 5,
    "comment": "Appositus damnatio caterva totam vox sopor similique stips quos amoveo.",
    "createdAt": "2024-10-12T17:54:02.258Z"
  },
  {
    "productId": "6814c3b2595891202e483a54",
    "userId": "6822d06ac08fdfcf24d4935d",
    "rating": 4,
    "comment": "Totus bellicus stips curvo ipsum corporis acerbitas sodalitas surgo avarus.",
    "createdAt": "2024-10-16T01:43:06.866Z"
  },
  {
    "productId": "68149cfe30a898aab1f043d7",
    "userId": "6822d080c08fdfcf24d496f3",
    "rating": 5,
    "comment": "Deludo venia tonsor adulescens praesentium cuius bos tempora ademptio copiose.",
    "createdAt": "2024-10-14T06:03:00.727Z"
  },
  {
    "productId": "6814be17a67388b7fa2b037c",
    "userId": "6822d08bc08fdfcf24d498f9",
    "rating": 5,
    "comment": "Vulariter sufficio tricesimus cattus confido decimus nemo umbra anser apostolus.",
    "createdAt": "2024-10-15T12:44:26.677Z"
  },
  {
    "productId": "6814c75637cb2b415f50f02b",
    "userId": "6822d08cc08fdfcf24d49949",
    "rating": 5,
    "comment": "Antepono cunctatio reprehenderit appono tabesco video totus cetera curiositas cresco.",
    "createdAt": "2024-10-14T02:01:05.049Z"
  },
  {
    "productId": "6814a1941c10fee4a5286da8",
    "userId": "6822d090c08fdfcf24d499a1",
    "rating": 3,
    "comment": "Verbera vomer cariosus advoco coerceo placeat circumvenio utilis somnus tamisium.",
    "createdAt": "2024-10-19T04:33:59.395Z"
  },
  {
    "productId": "6814a81835053cb1544dd115",
    "userId": "6822d072c08fdfcf24d49493",
    "rating": 5,
    "comment": "Coaegresco cernuus villa amplexus careo ago volaticus absque comburo conor.",
    "createdAt": "2024-10-14T04:56:06.032Z"
  },
  {
    "productId": "6814c3b3595891202e483a60",
    "userId": "6822d080c08fdfcf24d49727",
    "rating": 5,
    "comment": "Assentator copia quae arbitro versus amplus artificiose depraedor libero ante.",
    "createdAt": "2024-10-14T05:52:50.711Z"
  },
  {
    "productId": "68149cff30a898aab1f043e5",
    "userId": "6822d080c08fdfcf24d49727",
    "rating": 5,
    "comment": "Repellat crux deinde terror crepusculum aggredior demum adversus dignissimos subseco.",
    "createdAt": "2024-10-16T05:52:50.711Z"
  },
  {
    "productId": "6814d3abbcd9b504d290b087",
    "userId": "6822d080c08fdfcf24d49727",
    "rating": 5,
    "comment": "Curis subito thymum laboriosam summisse aeger peccatus spargo eaque ulciscor.",
    "createdAt": "2024-10-15T05:52:50.711Z"
  },
  {
    "productId": "6814a81935053cb1544dd169",
    "userId": "6822d080c08fdfcf24d49727",
    "rating": 5,
    "comment": "Capitulus acer cursim socius optio defluo repellendus depopulo cernuus stillicidium.",
    "createdAt": "2024-10-14T05:52:50.711Z"
  },
  {
    "productId": "6814c75637cb2b415f50f02b",
    "userId": "6822d08ac08fdfcf24d4989f",
    "rating": 5,
    "comment": "Talis suspendo addo ventito eveniet caterva blanditiis beneficium non minus.",
    "createdAt": "2024-10-16T07:37:48.780Z"
  },
  {
    "productId": "6814c3b3595891202e483a90",
    "userId": "6822d08ac08fdfcf24d4989f",
    "rating": 5,
    "comment": "Administratio carus arceo vesper corrumpo tempore dolorem vorago admoveo nulla.",
    "createdAt": "2024-10-14T07:37:48.780Z"
  },
  {
    "productId": "6814d245995813a18f27d93e",
    "userId": "6822d080c08fdfcf24d496fb",
    "rating": 5,
    "comment": "Esse accendo aliqua tergeo communis voluptates administratio antea amita delectus.",
    "createdAt": "2024-10-18T08:35:00.782Z"
  },
  {
    "productId": "6814cf2ef6a78c6dfa308434",
    "userId": "6822d080c08fdfcf24d496fb",
    "rating": 4,
    "comment": "Utrum fuga iure vitium clarus harum solvo audacia sperno atqui.",
    "createdAt": "2024-10-19T08:35:00.782Z"
  },
  {
    "productId": "6814af8df38840c4bcc37eb2",
    "userId": "6822d07ec08fdfcf24d4966b",
    "rating": 5,
    "comment": "Virgo bonus magni cohaero antepono virga arto accedo dolor supra.",
    "createdAt": "2024-10-19T12:39:49.609Z"
  },
  {
    "productId": "6814be18a67388b7fa2b03bc",
    "userId": "6822d087c08fdfcf24d4980f",
    "rating": 5,
    "comment": "Alias curriculum tempora arto exercitationem solio ciminatio tenuis stultus damnatio.",
    "createdAt": "2024-10-14T13:51:04.630Z"
  },
  {
    "productId": "6814c1b5ba01e3aab8f3f3d8",
    "userId": "6822d087c08fdfcf24d4980f",
    "rating": 2,
    "comment": "Tabella vetus creber capillus stips peccatus correptius quidem bis ascisco.",
    "createdAt": "2024-10-16T13:51:04.630Z"
  },
  {
    "productId": "6814d008dac5e44185ec2247",
    "userId": "6822d087c08fdfcf24d4980f",
    "rating": 5,
    "comment": "Usus adsum adversus thalassinus timor adipisci cursus acerbitas arbustum itaque.",
    "createdAt": "2024-10-16T13:51:04.630Z"
  },
  {
    "productId": "6814be17a67388b7fa2b0398",
    "userId": "6822d087c08fdfcf24d4980f",
    "rating": 3,
    "comment": "Vulnero denego valetudo tabgo ciminatio atqui statim bonus a barba.",
    "createdAt": "2024-10-17T13:51:04.630Z"
  },
  {
    "productId": "6814cf2ef6a78c6dfa308452",
    "userId": "6822d06ec08fdfcf24d4942b",
    "rating": 5,
    "comment": "Rem ustilo sui decet autus ager cinis deserunt spes tenus.",
    "createdAt": "2024-10-17T15:40:43.938Z"
  },
  {
    "productId": "6814c03933cd17d446b06368",
    "userId": "6822d075c08fdfcf24d4952f",
    "rating": 4,
    "comment": "Sto summopere demonstro bibo thesaurus deleo argentum uterque libero volup.",
    "createdAt": "2024-10-17T00:36:37.022Z"
  },
  {
    "productId": "6814a1941c10fee4a5286d81",
    "userId": "6822d091c08fdfcf24d499d1",
    "rating": 5,
    "comment": "Carus aspicio villa antea tabgo vulnero sed argumentum utrum territo.",
    "createdAt": "2024-10-19T05:44:02.415Z"
  },
  {
    "productId": "6814c103ca19a92a5b1d5b07",
    "userId": "6822d091c08fdfcf24d499d1",
    "rating": 3,
    "comment": "Tantillus campana amplitudo arcesso cogito demulceo demitto sequi calculus esse.",
    "createdAt": "2024-10-20T05:44:02.415Z"
  },
  {
    "productId": "6814d245995813a18f27d938",
    "userId": "6822d091c08fdfcf24d499d1",
    "rating": 4,
    "comment": "Audax quo curtus consequuntur defessus pecus administratio umerus celo velit.",
    "createdAt": "2024-10-19T05:44:02.415Z"
  },
  {
    "productId": "68149cfe30a898aab1f043b2",
    "userId": "6822d091c08fdfcf24d499d1",
    "rating": 4,
    "comment": "Nobis solus alii alioqui utique vox cicuta laudantium approbo volutabrum.",
    "createdAt": "2024-10-15T05:44:02.415Z"
  },
  {
    "productId": "6814d4dbd4982e02496b6356",
    "userId": "6822d06cc08fdfcf24d493d1",
    "rating": 4,
    "comment": "Taedium deserunt ad creator adflicto cauda ambitus facilis tego vergo.",
    "createdAt": "2024-10-17T07:56:37.703Z"
  },
  {
    "productId": "6814daff48198c3c05074c2f",
    "userId": "6822d07ec08fdfcf24d4969d",
    "rating": 3,
    "comment": "Damnatio voro calculus tremo cetera amoveo suscipit tersus vulgo tenus.",
    "createdAt": "2024-10-19T12:56:06.933Z"
  },
  {
    "productId": "6814d3abbcd9b504d290b050",
    "userId": "6822d06fc08fdfcf24d49461",
    "rating": 4,
    "comment": "Valde barba admiratio crudelis somnus sum vito totam ter vetus.",
    "createdAt": "2024-10-17T13:04:22.118Z"
  },
  {
    "productId": "6814af8ef38840c4bcc37ef0",
    "userId": "6822d069c08fdfcf24d49305",
    "rating": 5,
    "comment": "Via degero aro enim degero cui venia asporto spargo cetera.",
    "createdAt": "2024-10-19T14:08:42.370Z"
  },
  {
    "productId": "6814a1941c10fee4a5286da8",
    "userId": "6822d069c08fdfcf24d49305",
    "rating": 5,
    "comment": "Veritatis substantia placeat communis amor maiores in aliquid brevis antepono.",
    "createdAt": "2024-10-17T14:08:42.370Z"
  },
  {
    "productId": "6814c1b4ba01e3aab8f3f386",
    "userId": "6822d069c08fdfcf24d49305",
    "rating": 4,
    "comment": "Ara constans somnus quasi varius magnam minima ulterius cohors utpote.",
    "createdAt": "2024-10-15T14:08:42.370Z"
  },
  {
    "productId": "6814be17a67388b7fa2b0398",
    "userId": "6822d083c08fdfcf24d497e3",
    "rating": 5,
    "comment": "Ulterius coadunatio caste amplitudo cohibeo subito copia pariatur ascit a.",
    "createdAt": "2024-10-17T16:45:55.979Z"
  },
  {
    "productId": "6814c3b3595891202e483a6c",
    "userId": "6822d081c08fdfcf24d49761",
    "rating": 4,
    "comment": "Animi curvo dedico recusandae aurum trado vomer abscido video tamdiu.",
    "createdAt": "2024-10-18T18:03:27.569Z"
  },
  {
    "productId": "6814c75737cb2b415f50f05f",
    "userId": "6822d081c08fdfcf24d49761",
    "rating": 4,
    "comment": "Cariosus sumo ultio cuppedia amoveo patrocinor defessus culpa altus aptus.",
    "createdAt": "2024-10-17T18:03:27.569Z"
  },
  {
    "productId": "6814d8faa6b79f1523907e9d",
    "userId": "6822d081c08fdfcf24d49761",
    "rating": 5,
    "comment": "Certe ambulo depereo somniculosus dedecor admoneo tamdiu acquiro capto valens.",
    "createdAt": "2024-10-20T18:03:27.569Z"
  },
  {
    "productId": "6814c104ca19a92a5b1d5b63",
    "userId": "6822d081c08fdfcf24d49761",
    "rating": 4,
    "comment": "Ocer vorago surgo cunctatio illo aestus alienus rerum cernuus tenuis.",
    "createdAt": "2024-10-20T18:03:27.569Z"
  },
  {
    "productId": "68149cfe30a898aab1f043b8",
    "userId": "6822d081c08fdfcf24d4974f",
    "rating": 5,
    "comment": "Laudantium vulgus tergiversatio traho tepesco aurum doloribus cohors valetudo convoco.",
    "createdAt": "2024-10-20T20:11:31.892Z"
  },
  {
    "productId": "6814c741b44fb7a9e6cbb4c8",
    "userId": "6822d081c08fdfcf24d4974f",
    "rating": 2,
    "comment": "Contabesco acervus adamo arcus angelus cunctatio suscipit ascisco conitor sonitus.",
    "createdAt": "2024-10-17T20:11:31.892Z"
  },
  {
    "productId": "6814be18a67388b7fa2b03cc",
    "userId": "6822d081c08fdfcf24d4974f",
    "rating": 5,
    "comment": "Corrupti dolorum vulgaris soluta in vos paulatim sumo defungo absconditus.",
    "createdAt": "2024-10-20T20:11:31.892Z"
  },
  {
    "productId": "6814d008dac5e44185ec2241",
    "userId": "6822d081c08fdfcf24d4974f",
    "rating": 5,
    "comment": "Tonsor carpo arto vespillo totus aufero timidus sit defero benigne.",
    "createdAt": "2024-10-19T20:11:31.892Z"
  },
  {
    "productId": "6814cbfd9ac1ce2619619246",
    "userId": "6822d081c08fdfcf24d4974f",
    "rating": 4,
    "comment": "Celer attero summa vulgaris attonbitus careo inventore carpo debeo succurro.",
    "createdAt": "2024-10-20T23:29:41.410Z"
  },
  {
    "productId": "6814be17a67388b7fa2b035a",
    "userId": "6822d07ec08fdfcf24d4968f",
    "rating": 4,
    "comment": "Absconditus ager arbor bene defessus distinctio vereor cursus varietas spes.",
    "createdAt": "2024-10-19T04:32:36.509Z"
  },
  {
    "productId": "6814cabe1780e5204676cde3",
    "userId": "6822d091c08fdfcf24d499d7",
    "rating": 4,
    "comment": "Verecundia contigo vulnus substantia optio admoneo candidus incidunt conculco xiphias.",
    "createdAt": "2024-10-17T18:47:26.424Z"
  },
  {
    "productId": "6814d31019ffed8d9ec6b553",
    "userId": "6822d081c08fdfcf24d4976d",
    "rating": 5,
    "comment": "Deprecator vigilo toties deleniti vestrum ab cilicium confugo reiciendis aegre.",
    "createdAt": "2024-10-18T22:15:41.023Z"
  },
  {
    "productId": "6814d4dbd4982e02496b6368",
    "userId": "6822d081c08fdfcf24d4976d",
    "rating": 3,
    "comment": "Uredo tenus angustus ventito titulus bis arcus modi charisma repellat.",
    "createdAt": "2024-10-19T22:15:41.023Z"
  },
  {
    "productId": "68149cfd30a898aab1f04395",
    "userId": "6822d081c08fdfcf24d4976d",
    "rating": 4,
    "comment": "Studio abstergo laudantium super agnitio labore terreo inflammatio pauci dedecor.",
    "createdAt": "2024-10-21T22:15:41.023Z"
  },
  {
    "productId": "6814c104ca19a92a5b1d5b77",
    "userId": "6822d081c08fdfcf24d4976d",
    "rating": 5,
    "comment": "Curvo vester torqueo admoveo dapifer anser utique denique crinis defessus.",
    "createdAt": "2024-10-19T22:15:41.023Z"
  },
  {
    "productId": "68149cfd30a898aab1f0439b",
    "userId": "6822d083c08fdfcf24d497c1",
    "rating": 4,
    "comment": "Voluptas voluptatem confido denuncio vehemens amet viriliter patior molestiae culpo.",
    "createdAt": "2024-10-19T05:12:54.004Z"
  },
  {
    "productId": "6814af8df38840c4bcc37ebe",
    "userId": "6822d069c08fdfcf24d492f9",
    "rating": 5,
    "comment": "Caterva turpis confido veniam possimus dolorem patior debilito tamen architecto.",
    "createdAt": "2024-10-20T08:01:09.618Z"
  },
  {
    "productId": "6814c103ca19a92a5b1d5b07",
    "userId": "6822d08ac08fdfcf24d4989b",
    "rating": 4,
    "comment": "Tui tenus optio denego vinitor crux minima nulla carmen animi.",
    "createdAt": "2024-10-17T08:23:59.263Z"
  },
  {
    "productId": "6814c3b3595891202e483a7c",
    "userId": "6822d08cc08fdfcf24d49923",
    "rating": 5,
    "comment": "Currus cura aedificium usitas quisquam aptus utilis damnatio sequi dapifer.",
    "createdAt": "2024-10-21T16:53:31.867Z"
  },
  {
    "productId": "6814d4dbd4982e02496b636e",
    "userId": "6822d08cc08fdfcf24d49923",
    "rating": 5,
    "comment": "Contego vomer compono somnus solium decipio comedo super adinventitias stella.",
    "createdAt": "2024-10-22T16:53:31.867Z"
  },
  {
    "productId": "6814a81835053cb1544dd10e",
    "userId": "6822d08cc08fdfcf24d49923",
    "rating": 1,
    "comment": "Umbra paens ipsum corporis omnis aliquid quo ipsum reprehenderit illum.",
    "createdAt": "2024-10-20T16:53:31.867Z"
  },
  {
    "productId": "6814c1b4ba01e3aab8f3f3a8",
    "userId": "6822d08cc08fdfcf24d49923",
    "rating": 4,
    "comment": "Animus tantillus cohibeo corrupti attollo volutabrum asper cornu advenio magnam.",
    "createdAt": "2024-10-20T16:53:31.867Z"
  },
  {
    "productId": "68149cfd30a898aab1f04395",
    "userId": "6822d06fc08fdfcf24d49465",
    "rating": 3,
    "comment": "Crudelis audio delinquo uredo decipio vel somniculosus deprimo ratione alo.",
    "createdAt": "2024-10-21T17:36:37.521Z"
  },
  {
    "productId": "6814a81835053cb1544dd11b",
    "userId": "6822d076c08fdfcf24d495a1",
    "rating": 5,
    "comment": "Avarus cursus spiritus tempora consequuntur conturbo angulus administratio ultio tollo.",
    "createdAt": "2024-10-20T18:52:43.967Z"
  },
  {
    "productId": "6814bcdd958ad8fcad8c5427",
    "userId": "6822d076c08fdfcf24d495a1",
    "rating": 5,
    "comment": "Excepturi confugo explicabo ducimus decens auctus coniecto volutabrum strues tredecim.",
    "createdAt": "2024-10-19T18:52:43.967Z"
  },
  {
    "productId": "6814daff48198c3c05074c57",
    "userId": "6822d076c08fdfcf24d495a1",
    "rating": 4,
    "comment": "Cohaero aspicio cumque cito allatus cunae traho assentator nostrum arcesso.",
    "createdAt": "2024-10-17T18:52:43.967Z"
  },
  {
    "productId": "6814b49adb8e7421d9054849",
    "userId": "6822d076c08fdfcf24d495a1",
    "rating": 3,
    "comment": "Officiis cotidie canto cursim victoria degenero spoliatio sub facere inventore.",
    "createdAt": "2024-10-20T18:52:43.967Z"
  },
  {
    "productId": "6814c3b3595891202e483abc",
    "userId": "6822d07dc08fdfcf24d49649",
    "rating": 5,
    "comment": "Damnatio sol textor voluptatem caterva bestia turpis caecus adimpleo demum.",
    "createdAt": "2024-10-19T04:26:45.141Z"
  },
  {
    "productId": "6814bcdd958ad8fcad8c545f",
    "userId": "6822d06dc08fdfcf24d493eb",
    "rating": 5,
    "comment": "Aiunt bellicus verbum sum uter succurro patrocinor patria odio comptus.",
    "createdAt": "2024-10-21T05:33:36.967Z"
  },
  {
    "productId": "6814c03933cd17d446b06398",
    "userId": "6822d083c08fdfcf24d497b3",
    "rating": 4,
    "comment": "Id excepturi neque viscus tabula explicabo xiphias cuppedia ager verbera.",
    "createdAt": "2024-10-20T05:43:05.617Z"
  },
  {
    "productId": "6814b499db8e7421d9054829",
    "userId": "6822d076c08fdfcf24d4956b",
    "rating": 1,
    "comment": "Coadunatio ad acerbitas alioqui suscipit modi adsuesco atavus ustilo ulterius.",
    "createdAt": "2024-10-18T18:41:22.586Z"
  },
  {
    "productId": "6814d518d4982e02496b648e",
    "userId": "6822d06dc08fdfcf24d493eb",
    "rating": 2,
    "comment": "Quae quas adversus demo abeo avarus altus desidero cognomen volup.",
    "createdAt": "2024-10-18T23:12:19.607Z"
  },
  {
    "productId": "6814c2ca511161f3045acc14",
    "userId": "6822d076c08fdfcf24d49579",
    "rating": 5,
    "comment": "Vilitas cena contra bardus vae vorax uterque vae alius suscipit.",
    "createdAt": "2024-10-20T04:23:37.018Z"
  },
  {
    "productId": "6814bf396172128284c9bf1c",
    "userId": "6822d08bc08fdfcf24d49903",
    "rating": 5,
    "comment": "Terminatio dens confido centum ante patrocinor cresco antepono arcus trans.",
    "createdAt": "2024-10-22T05:01:30.751Z"
  },
  {
    "productId": "6814d008dac5e44185ec2241",
    "userId": "6822d08bc08fdfcf24d49903",
    "rating": 5,
    "comment": "Aperte quisquam conatus temptatio tersus thymbra torrens cariosus varietas amiculum.",
    "createdAt": "2024-10-19T05:01:30.751Z"
  },
  {
    "productId": "6814d3abbcd9b504d290b044",
    "userId": "6822d08bc08fdfcf24d49903",
    "rating": 5,
    "comment": "Contego nulla arca comparo curiositas adiuvo utilis dolorum canis victoria.",
    "createdAt": "2024-10-22T05:01:30.751Z"
  },
  {
    "productId": "6814d31019ffed8d9ec6b56f",
    "userId": "6822d08bc08fdfcf24d49903",
    "rating": 5,
    "comment": "Caelum earum comes eum mollitia antiquus ter barba talus succedo.",
    "createdAt": "2024-10-20T05:01:30.751Z"
  },
  {
    "productId": "6814bf396172128284c9bf0c",
    "userId": "6822d073c08fdfcf24d4949d",
    "rating": 4,
    "comment": "Abscido arbor sordeo depereo cicuta adimpleo ratione aegrotatio tristis constans.",
    "createdAt": "2024-10-23T06:09:25.642Z"
  },
  {
    "productId": "6814d4dbd4982e02496b6350",
    "userId": "6822d073c08fdfcf24d4949d",
    "rating": 5,
    "comment": "Uxor conduco caelum caveo atavus dens cornu conspergo carmen dens.",
    "createdAt": "2024-10-19T06:09:25.642Z"
  },
  {
    "productId": "6814cabe1780e5204676cddc",
    "userId": "6822d073c08fdfcf24d4949d",
    "rating": 4,
    "comment": "Spoliatio urbanus cunabula comprehendo dolor vehemens corona ambulo varius coepi.",
    "createdAt": "2024-10-23T06:09:25.642Z"
  },
  {
    "productId": "6814d30f19ffed8d9ec6b53c",
    "userId": "6822d073c08fdfcf24d494db",
    "rating": 5,
    "comment": "Copiose abutor ea depono combibo debeo illo considero tunc cunctatio.",
    "createdAt": "2024-10-20T12:04:35.281Z"
  },
  {
    "productId": "6814a81835053cb1544dd133",
    "userId": "6822d087c08fdfcf24d4980f",
    "rating": 5,
    "comment": "Blandior surgo calculus acer ex architecto pauper colo terreo utroque.",
    "createdAt": "2024-10-23T17:00:24.755Z"
  },
  {
    "productId": "6814d30f19ffed8d9ec6b54e",
    "userId": "6822d083c08fdfcf24d497b9",
    "rating": 5,
    "comment": "Vulgo tenuis bardus universe crastinus comedo vestigium conventus curo via.",
    "createdAt": "2024-10-24T18:13:55.384Z"
  },
  {
    "productId": "6814d31019ffed8d9ec6b553",
    "userId": "6822d087c08fdfcf24d497ff",
    "rating": 4,
    "comment": "Error succurro comes amplitudo solutio vergo colo usus vitium depraedor.",
    "createdAt": "2024-10-23T19:28:33.608Z"
  },
  {
    "productId": "6814c3b3595891202e483aa0",
    "userId": "6822d089c08fdfcf24d49863",
    "rating": 5,
    "comment": "Adhuc corona abscido velit amo vigor demum labore arx votum.",
    "createdAt": "2024-10-22T23:05:16.831Z"
  },
  {
    "productId": "6814a81835053cb1544dd11b",
    "userId": "6822d091c08fdfcf24d499e3",
    "rating": 5,
    "comment": "Supellex cetera debeo auctor audacia adversus sum vitiosus sordeo acceptus.",
    "createdAt": "2024-10-24T00:47:35.582Z"
  },
  {
    "productId": "6814ccc358f78c505fea964b",
    "userId": "6822d06cc08fdfcf24d493ab",
    "rating": 5,
    "comment": "Avarus adeo terra quae subnecto via adficio verumtamen vivo studio.",
    "createdAt": "2024-10-23T02:19:50.358Z"
  },
  {
    "productId": "6814be17a67388b7fa2b03a4",
    "userId": "6822d06cc08fdfcf24d493ab",
    "rating": 5,
    "comment": "Ut perferendis ipsum ulterius tego circumvenio comes summa vulgo sollicito.",
    "createdAt": "2024-10-24T02:19:50.358Z"
  },
  {
    "productId": "6814a1941c10fee4a5286d81",
    "userId": "6822d06cc08fdfcf24d493ab",
    "rating": 5,
    "comment": "Reiciendis tantum cedo comes quidem pel dicta spectaculum eos clibanus.",
    "createdAt": "2024-10-21T02:19:50.358Z"
  },
  {
    "productId": "6814a81835053cb1544dd143",
    "userId": "6822d06cc08fdfcf24d493ab",
    "rating": 1,
    "comment": "Denego cavus apto verumtamen clamo tenuis angustus balbus et contego.",
    "createdAt": "2024-10-24T02:19:50.358Z"
  },
  {
    "productId": "6814d886eb6e44f9df4dbffa",
    "userId": "6822d069c08fdfcf24d492f3",
    "rating": 4,
    "comment": "Una tricesimus tergeo denuo succurro benevolentia delibero corrumpo averto angustus.",
    "createdAt": "2024-10-20T02:45:34.159Z"
  },
  {
    "productId": "6814c1b5ba01e3aab8f3f404",
    "userId": "6822d089c08fdfcf24d49863",
    "rating": 5,
    "comment": "Aliqua maiores tollo solio cetera cubicularis caelum vespillo alter aetas.",
    "createdAt": "2024-10-24T04:28:23.530Z"
  },
  {
    "productId": "6814be17a67388b7fa2b035a",
    "userId": "6822d06fc08fdfcf24d49463",
    "rating": 1,
    "comment": "Concido sum aestas defleo vero doloremque rerum tergo subnecto tempora.",
    "createdAt": "2024-10-20T04:43:05.833Z"
  },
  {
    "productId": "6814c03933cd17d446b063b8",
    "userId": "6822d06fc08fdfcf24d49463",
    "rating": 5,
    "comment": "Tredecim quam accommodo clarus volup magni via tergeo utique comminor.",
    "createdAt": "2024-10-21T04:43:05.833Z"
  },
  {
    "productId": "6814d245995813a18f27d938",
    "userId": "6822d06dc08fdfcf24d493e9",
    "rating": 5,
    "comment": "Acquiro sopor delego tamdiu congregatio cohors pariatur cura civis decens.",
    "createdAt": "2024-10-24T11:08:06.084Z"
  },
  {
    "productId": "6814af8df38840c4bcc37ecf",
    "userId": "6822d082c08fdfcf24d49789",
    "rating": 4,
    "comment": "Thorax thesis credo voro theca admiratio illo aestivus quisquam stillicidium.",
    "createdAt": "2024-10-24T13:32:42.058Z"
  },
  {
    "productId": "68149cfe30a898aab1f043b8",
    "userId": "6822d07dc08fdfcf24d49645",
    "rating": 5,
    "comment": "Circumvenio damnatio autus cruentus verumtamen ventito attonbitus compono degero aranea.",
    "createdAt": "2024-10-20T17:20:16.981Z"
  },
  {
    "productId": "6814b49adb8e7421d905484e",
    "userId": "6822d083c08fdfcf24d497c7",
    "rating": 4,
    "comment": "Tergo vobis delectatio vallum curatio velit cursim amoveo aduro ciminatio.",
    "createdAt": "2024-10-20T20:19:37.111Z"
  },
  {
    "productId": "6814c103ca19a92a5b1d5b13",
    "userId": "6822d076c08fdfcf24d49569",
    "rating": 5,
    "comment": "Testimonium neque vulariter vulgus ratione tersus derideo vicinus degusto viscus.",
    "createdAt": "2024-10-23T02:34:53.997Z"
  },
  {
    "productId": "6814ccc358f78c505fea9668",
    "userId": "6822d076c08fdfcf24d49569",
    "rating": 5,
    "comment": "Velociter unde pax id adfero porro suppono amita venustas defendo.",
    "createdAt": "2024-10-22T02:34:53.997Z"
  },
  {
    "productId": "6814d3aabcd9b504d290b01c",
    "userId": "6822d07dc08fdfcf24d49649",
    "rating": 5,
    "comment": "Barba circumvenio autus crudelis adinventitias voco bibo decor adficio aestas.",
    "createdAt": "2024-10-24T06:42:07.692Z"
  },
  {
    "productId": "6814a1941c10fee4a5286d8d",
    "userId": "6822d07dc08fdfcf24d49649",
    "rating": 5,
    "comment": "Vero officia supplanto maiores arx acervus creator pel valde volo.",
    "createdAt": "2024-10-23T06:42:07.692Z"
  },
  {
    "productId": "6814a1941c10fee4a5286da8",
    "userId": "6822d07dc08fdfcf24d49649",
    "rating": 3,
    "comment": "Aggredior uberrime torqueo tactus compono adficio tyrannus sulum catena natus.",
    "createdAt": "2024-10-26T06:42:07.692Z"
  },
  {
    "productId": "6814d4dbd4982e02496b6362",
    "userId": "6822d07dc08fdfcf24d49649",
    "rating": 5,
    "comment": "Uxor quis architecto audio laborum pecto patruus volo cernuus thorax.",
    "createdAt": "2024-10-22T06:42:07.692Z"
  },
  {
    "productId": "6814c03933cd17d446b06398",
    "userId": "6822d07ec08fdfcf24d4966b",
    "rating": 5,
    "comment": "Accusantium sapiente conqueror taedium velut tres ustulo curso cometes volup.",
    "createdAt": "2024-10-21T08:24:13.463Z"
  },
  {
    "productId": "6814d246995813a18f27d968",
    "userId": "6822d080c08fdfcf24d496ef",
    "rating": 4,
    "comment": "Colligo tergo tyrannus creator comis armarium cunabula ultio unus temeritas.",
    "createdAt": "2024-10-25T12:35:49.989Z"
  },
  {
    "productId": "6814d8faa6b79f1523907eb6",
    "userId": "6822d080c08fdfcf24d496ef",
    "rating": 5,
    "comment": "Cunae necessitatibus tolero soluta supplanto acsi arma voluptatum dedecor statim.",
    "createdAt": "2024-10-23T12:35:49.989Z"
  },
  {
    "productId": "6814c2ca511161f3045acc0c",
    "userId": "6822d080c08fdfcf24d496ef",
    "rating": 5,
    "comment": "Vivo cariosus terra aurum spes ea civis totidem avaritia aegrus.",
    "createdAt": "2024-10-21T12:35:49.989Z"
  },
  {
    "productId": "6814a1931c10fee4a5286d69",
    "userId": "6822d080c08fdfcf24d496ef",
    "rating": 5,
    "comment": "Cena ocer temptatio vetus aeternus valde exercitationem aperte casus corporis.",
    "createdAt": "2024-10-26T12:35:49.989Z"
  },
  {
    "productId": "6814d4dbd4982e02496b6356",
    "userId": "6822d06ec08fdfcf24d49445",
    "rating": 5,
    "comment": "Cur thema viduo cuius vinitor victoria tribuo arguo xiphias thorax.",
    "createdAt": "2024-10-22T19:13:27.308Z"
  },
  {
    "productId": "6814ccc358f78c505fea968c",
    "userId": "6822d06ec08fdfcf24d49445",
    "rating": 4,
    "comment": "Sustineo aqua terga abbas armarium utpote adhuc subseco torqueo arto.",
    "createdAt": "2024-10-24T19:13:27.308Z"
  },
  {
    "productId": "6814c2cb511161f3045acc40",
    "userId": "6822d06ec08fdfcf24d49445",
    "rating": 5,
    "comment": "Aestas vallum virtus adsuesco deficio bos dedico ascisco canonicus subvenio.",
    "createdAt": "2024-10-25T19:13:27.308Z"
  },
  {
    "productId": "6814af8ef38840c4bcc37ed5",
    "userId": "6822d06ec08fdfcf24d49445",
    "rating": 5,
    "comment": "Aliqua degenero depono delego curia verbum thymum thesaurus adiuvo voluptatem.",
    "createdAt": "2024-10-24T19:13:27.308Z"
  },
  {
    "productId": "6814b49adb8e7421d9054849",
    "userId": "6822d074c08fdfcf24d494f3",
    "rating": 5,
    "comment": "Adfero stella consectetur tempus succurro cupiditas vulnero curvo tui depulso.",
    "createdAt": "2024-10-25T19:27:00.655Z"
  },
  {
    "productId": "6814c104ca19a92a5b1d5b3b",
    "userId": "6822d081c08fdfcf24d49733",
    "rating": 4,
    "comment": "Ducimus temperantia surculus amaritudo cupiditate cedo quidem atavus conculco adipisci.",
    "createdAt": "2024-10-24T04:34:52.852Z"
  },
  {
    "productId": "6814cbfd9ac1ce2619619246",
    "userId": "6822d06dc08fdfcf24d4941d",
    "rating": 4,
    "comment": "Coaegresco esse denuncio autus caecus apparatus ter ulciscor viridis copia.",
    "createdAt": "2024-10-23T06:28:40.315Z"
  },
  {
    "productId": "6814d49dabc2c4bf4ecaf51e",
    "userId": "6822d06ac08fdfcf24d4933d",
    "rating": 5,
    "comment": "Alias certe decet saepe vereor comis avaritia cogo patrocinor aperio.",
    "createdAt": "2024-10-25T09:41:33.116Z"
  },
  {
    "productId": "6814cabf1780e5204676cdfd",
    "userId": "6822d083c08fdfcf24d497b7",
    "rating": 4,
    "comment": "Asperiores thymum sperno labore suasoria cibus cunae defessus vetus pauci.",
    "createdAt": "2024-10-27T14:51:33.169Z"
  },
  {
    "productId": "6814d007dac5e44185ec221d",
    "userId": "6822d089c08fdfcf24d49861",
    "rating": 4,
    "comment": "Caterva sursum verto cresco aqua commodi ulterius ars vobis sub.",
    "createdAt": "2024-10-26T16:15:36.773Z"
  },
  {
    "productId": "6814bf386172128284c9bec0",
    "userId": "6822d089c08fdfcf24d49861",
    "rating": 2,
    "comment": "Aperte attollo acquiro depopulo civitas claro voluptatem acies adinventitias caelestis.",
    "createdAt": "2024-10-24T16:15:36.773Z"
  },
  {
    "productId": "6814b49adb8e7421d905483d",
    "userId": "6822d089c08fdfcf24d49861",
    "rating": 5,
    "comment": "Aeternus victoria conspergo ambitus angulus quisquam sollicito cedo creator ancilla.",
    "createdAt": "2024-10-25T16:15:36.773Z"
  },
  {
    "productId": "6814d8faa6b79f1523907ea4",
    "userId": "6822d089c08fdfcf24d49861",
    "rating": 5,
    "comment": "Arbustum cribro crinis cura peccatus vir admoveo appono spero solio.",
    "createdAt": "2024-10-23T16:15:36.773Z"
  },
  {
    "productId": "68149cfe30a898aab1f043b8",
    "userId": "6822d06fc08fdfcf24d49463",
    "rating": 5,
    "comment": "Adamo adicio caveo at texo confido caveo coepi deleniti vel.",
    "createdAt": "2024-10-22T19:46:20.119Z"
  },
  {
    "productId": "6814bf386172128284c9bec0",
    "userId": "6822d073c08fdfcf24d494c3",
    "rating": 3,
    "comment": "Atrocitas ulciscor unde tamdiu verecundia tumultus dapifer et curso voluptatum.",
    "createdAt": "2024-10-22T21:26:50.681Z"
  },
  {
    "productId": "6814d007dac5e44185ec2202",
    "userId": "6822d06ec08fdfcf24d49421",
    "rating": 2,
    "comment": "Fuga communis temperantia considero pel contigo pax damno rem paens.",
    "createdAt": "2024-10-27T22:11:13.074Z"
  },
  {
    "productId": "6814c75637cb2b415f50f031",
    "userId": "6822d08fc08fdfcf24d49967",
    "rating": 3,
    "comment": "Subseco demonstro cupressus tero arbor torqueo subseco vulariter veritatis solio.",
    "createdAt": "2024-10-24T22:15:11.374Z"
  },
  {
    "productId": "6814c1b5ba01e3aab8f3f404",
    "userId": "6822d08fc08fdfcf24d49967",
    "rating": 3,
    "comment": "Tunc comptus defendo amo textor arbustum aqua pecco abundans corporis.",
    "createdAt": "2024-10-27T22:15:11.374Z"
  },
  {
    "productId": "6814c3b3595891202e483a7c",
    "userId": "6822d08fc08fdfcf24d49967",
    "rating": 5,
    "comment": "Absconditus conforto tripudio vallum torrens tabula terror cogito repellat conduco.",
    "createdAt": "2024-10-23T22:15:11.374Z"
  },
  {
    "productId": "6814c741b44fb7a9e6cbb4b5",
    "userId": "6822d08fc08fdfcf24d49967",
    "rating": 4,
    "comment": "Complectus derelinquo texo attollo corona volutabrum apostolus sum aestus sufficio.",
    "createdAt": "2024-10-26T22:15:11.374Z"
  },
  {
    "productId": "6814bf396172128284c9bf28",
    "userId": "6822d091c08fdfcf24d499e7",
    "rating": 1,
    "comment": "Ultra custodia esse aegrotatio ubi adiuvo uterque crur vere vinitor.",
    "createdAt": "2024-10-22T23:01:09.522Z"
  },
  {
    "productId": "6814c3b2595891202e483a54",
    "userId": "6822d080c08fdfcf24d49721",
    "rating": 3,
    "comment": "Usque depulso vesica averto combibo urbs amaritudo admiratio currus cohors.",
    "createdAt": "2024-10-27T08:43:49.175Z"
  },
  {
    "productId": "6814d886eb6e44f9df4dbffa",
    "userId": "6822d080c08fdfcf24d496fb",
    "rating": 5,
    "comment": "Villa sui agnosco pauper adstringo cibo aeger adversus iusto sortitus.",
    "createdAt": "2024-10-29T00:40:52.822Z"
  },
  {
    "productId": "6814c03933cd17d446b063a8",
    "userId": "6822d073c08fdfcf24d494db",
    "rating": 4,
    "comment": "Voro tersus pecto demergo supellex vociferor abutor baiulus commodo nesciunt.",
    "createdAt": "2024-10-26T02:28:41.275Z"
  },
  {
    "productId": "6814d4dbd4982e02496b6368",
    "userId": "6822d073c08fdfcf24d494db",
    "rating": 5,
    "comment": "Sublime carpo patria alius perferendis nihil sumo avaritia adopto textus.",
    "createdAt": "2024-10-28T02:28:41.275Z"
  },
  {
    "productId": "6814d3abbcd9b504d290b066",
    "userId": "6822d081c08fdfcf24d49753",
    "rating": 5,
    "comment": "Quam tonsor curia cubitum cenaculum saepe delectus eaque textor bos.",
    "createdAt": "2024-10-25T03:13:22.716Z"
  },
  {
    "productId": "6814bf396172128284c9bf1c",
    "userId": "6822d081c08fdfcf24d49753",
    "rating": 5,
    "comment": "Temptatio iusto necessitatibus abbas absum barba currus solvo animus coadunatio.",
    "createdAt": "2024-10-26T03:13:22.716Z"
  },
  {
    "productId": "6814cbfc9ac1ce2619619237",
    "userId": "6822d081c08fdfcf24d49753",
    "rating": 5,
    "comment": "Possimus arguo coepi libero abeo versus texo alienus pecus deludo.",
    "createdAt": "2024-10-27T03:13:22.716Z"
  },
  {
    "productId": "6814c104ca19a92a5b1d5b7f",
    "userId": "6822d081c08fdfcf24d49753",
    "rating": 5,
    "comment": "Verecundia vesica tonsor earum curso alii temeritas adaugeo laborum abutor.",
    "createdAt": "2024-10-29T03:13:22.716Z"
  },
  {
    "productId": "6814d519d4982e02496b64ba",
    "userId": "6822d06ec08fdfcf24d49451",
    "rating": 5,
    "comment": "Incidunt corrumpo solitudo nulla appello enim conscendo consectetur patruus succedo.",
    "createdAt": "2024-10-26T06:01:42.930Z"
  },
  {
    "productId": "6814c03933cd17d446b06384",
    "userId": "6822d068c08fdfcf24d492cd",
    "rating": 5,
    "comment": "Molestiae coniecto utroque volup callide dedico tutis tamen comburo desolo.",
    "createdAt": "2024-10-27T15:25:17.693Z"
  },
  {
    "productId": "6814d886eb6e44f9df4dc011",
    "userId": "6822d068c08fdfcf24d492cd",
    "rating": 4,
    "comment": "Assumenda venio spiculum antepono deinde derideo creta venio recusandae tristis.",
    "createdAt": "2024-10-24T15:25:17.693Z"
  },
  {
    "productId": "6814c2ca511161f3045acbc2",
    "userId": "6822d08bc08fdfcf24d498fb",
    "rating": 5,
    "comment": "Quis odit abutor tendo coerceo denuncio peccatus tamen cuius iste.",
    "createdAt": "2024-10-24T17:41:49.810Z"
  },
  {
    "productId": "6814bcdd958ad8fcad8c544f",
    "userId": "6822d073c08fdfcf24d494ad",
    "rating": 5,
    "comment": "Harum canonicus deporto vomito confero caute sordeo deludo sto at.",
    "createdAt": "2024-10-27T21:12:00.455Z"
  },
  {
    "productId": "6814c75737cb2b415f50f047",
    "userId": "6822d07fc08fdfcf24d496db",
    "rating": 1,
    "comment": "Cubicularis odio cito animi speciosus deinde comes umquam statua vulgus.",
    "createdAt": "2024-10-25T01:00:17.272Z"
  },
  {
    "productId": "6814d31019ffed8d9ec6b55a",
    "userId": "6822d07ec08fdfcf24d49687",
    "rating": 5,
    "comment": "Bis sed clibanus apto delectatio odit alius eligendi deinde demulceo.",
    "createdAt": "2024-10-28T06:13:28.887Z"
  },
  {
    "productId": "6814a1941c10fee4a5286da2",
    "userId": "6822d07ec08fdfcf24d49687",
    "rating": 5,
    "comment": "Pariatur templum ventus comminor pel antiquus ancilla pectus ascisco trans.",
    "createdAt": "2024-10-30T06:13:28.887Z"
  },
  {
    "productId": "6814af8df38840c4bcc37eac",
    "userId": "6822d07ec08fdfcf24d49687",
    "rating": 4,
    "comment": "Umbra paulatim suscipio cruentus corporis tamdiu in centum termes taceo.",
    "createdAt": "2024-10-30T06:13:28.887Z"
  },
  {
    "productId": "6814d30f19ffed8d9ec6b546",
    "userId": "6822d07ec08fdfcf24d49687",
    "rating": 5,
    "comment": "Crebro allatus vel incidunt patria ipsa titulus quo blanditiis tracto.",
    "createdAt": "2024-10-29T06:13:28.887Z"
  },
  {
    "productId": "6814bcdd958ad8fcad8c5412",
    "userId": "6822d08ac08fdfcf24d498b3",
    "rating": 5,
    "comment": "Pecco crudelis vinco collum tres aspicio color attollo armarium vester.",
    "createdAt": "2024-10-28T15:29:31.647Z"
  },
  {
    "productId": "6814d518d4982e02496b64a3",
    "userId": "6822d08fc08fdfcf24d49959",
    "rating": 5,
    "comment": "Benevolentia expedita antea alveus incidunt thalassinus temptatio vel incidunt tabella.",
    "createdAt": "2024-10-29T16:45:49.713Z"
  },
  {
    "productId": "6814b499db8e7421d9054829",
    "userId": "6822d076c08fdfcf24d49593",
    "rating": 5,
    "comment": "Defaeco crapula accedo consequatur decimus totus adfectus conspergo ea animus.",
    "createdAt": "2024-10-29T20:01:34.040Z"
  },
  {
    "productId": "68149cfe30a898aab1f043cb",
    "userId": "6822d089c08fdfcf24d4986b",
    "rating": 4,
    "comment": "Aranea facilis stultus volaticus exercitationem desipio dens vulgus desino desidero.",
    "createdAt": "2024-10-29T20:15:57.130Z"
  },
  {
    "productId": "6814c1b5ba01e3aab8f3f3d0",
    "userId": "6822d07dc08fdfcf24d49655",
    "rating": 5,
    "comment": "Aequus despecto thalassinus aperio antea degero anser amissio acsi adipisci.",
    "createdAt": "2024-10-25T21:40:32.976Z"
  },
  {
    "productId": "6814c75737cb2b415f50f04f",
    "userId": "6822d06ec08fdfcf24d49447",
    "rating": 3,
    "comment": "Tyrannus conscendo tenetur cruentus speciosus summopere maiores solutio cavus clibanus.",
    "createdAt": "2024-10-29T23:21:28.533Z"
  },
  {
    "productId": "6814c2ca511161f3045acbe4",
    "userId": "6822d07fc08fdfcf24d496b1",
    "rating": 5,
    "comment": "Velit vindico cur clibanus commodo suadeo tamisium contabesco basium supellex.",
    "createdAt": "2024-10-31T03:25:50.648Z"
  },
  {
    "productId": "6814d4dbd4982e02496b6368",
    "userId": "6822d07fc08fdfcf24d496b1",
    "rating": 5,
    "comment": "Tempus studio cognatus addo voluptate taceo desolo alius cruentus tego.",
    "createdAt": "2024-10-30T03:25:50.648Z"
  },
  {
    "productId": "6814d31019ffed8d9ec6b553",
    "userId": "6822d07fc08fdfcf24d496b1",
    "rating": 5,
    "comment": "Cura cavus cito currus thermae incidunt conqueror crustulum aperiam crepusculum.",
    "createdAt": "2024-10-26T03:25:50.648Z"
  },
  {
    "productId": "6814c1b4ba01e3aab8f3f3b4",
    "userId": "6822d07fc08fdfcf24d496b1",
    "rating": 5,
    "comment": "Ascisco advoco talio est circumvenio ventito caecus spoliatio curis coniuratio.",
    "createdAt": "2024-10-29T03:25:50.648Z"
  },
  {
    "productId": "6814d519d4982e02496b64ba",
    "userId": "6822d091c08fdfcf24d499f1",
    "rating": 5,
    "comment": "Denego possimus sustineo cervus cubitum aveho dolore inflammatio vitae turba.",
    "createdAt": "2024-10-27T18:07:49.593Z"
  },
  {
    "productId": "6814cabf1780e5204676ce05",
    "userId": "6822d082c08fdfcf24d497af",
    "rating": 5,
    "comment": "Stabilis convoco soluta comminor defleo cogo tabula sumptus blanditiis atrocitas.",
    "createdAt": "2024-10-27T21:24:19.673Z"
  },
  {
    "productId": "6814d3abbcd9b504d290b030",
    "userId": "6822d08fc08fdfcf24d49961",
    "rating": 5,
    "comment": "Adsuesco timor crustulum ventito crustulum consuasor video sed utpote debitis.",
    "createdAt": "2024-10-28T01:22:31.761Z"
  },
  {
    "productId": "6814a81835053cb1544dd151",
    "userId": "6822d08fc08fdfcf24d49961",
    "rating": 3,
    "comment": "Vigilo sum sto vesco toties defleo defungo calco testimonium curis.",
    "createdAt": "2024-10-29T01:22:31.761Z"
  },
  {
    "productId": "6814af8df38840c4bcc37eb8",
    "userId": "6822d08fc08fdfcf24d49961",
    "rating": 4,
    "comment": "Adficio aeternus aggredior claro campana admiratio cohibeo carcer deficio argumentum.",
    "createdAt": "2024-10-31T01:22:31.761Z"
  },
  {
    "productId": "6814d519d4982e02496b64c8",
    "userId": "6822d08bc08fdfcf24d498f3",
    "rating": 5,
    "comment": "Verbum ascit cibus vereor circumvenio tenax calamitas casso despecto audio.",
    "createdAt": "2024-10-27T11:14:55.487Z"
  },
  {
    "productId": "6814c103ca19a92a5b1d5b13",
    "userId": "6822d08bc08fdfcf24d498f3",
    "rating": 3,
    "comment": "Avarus apto vos stultus ter censura suffragium cruciamentum apparatus depulso.",
    "createdAt": "2024-10-29T11:14:55.487Z"
  },
  {
    "productId": "6814c3b3595891202e483a60",
    "userId": "6822d08bc08fdfcf24d498f3",
    "rating": 3,
    "comment": "Illo speculum verecundia vitium atqui caelum solitudo defaeco pax sponte.",
    "createdAt": "2024-11-01T11:14:55.487Z"
  },
  {
    "productId": "6814ccc358f78c505fea9670",
    "userId": "6822d08bc08fdfcf24d498f3",
    "rating": 5,
    "comment": "Doloribus talus aiunt stips arceo deprimo velociter delectus depono voluptatem.",
    "createdAt": "2024-10-29T11:14:55.487Z"
  },
  {
    "productId": "6814c03933cd17d446b063d4",
    "userId": "6822d068c08fdfcf24d492d7",
    "rating": 5,
    "comment": "Substantia suscipio depulso ars caries maxime textus videlicet vos quis.",
    "createdAt": "2024-10-29T22:49:42.422Z"
  },
  {
    "productId": "6814d519d4982e02496b64cd",
    "userId": "6822d068c08fdfcf24d492d7",
    "rating": 4,
    "comment": "Cubitum qui cursim patrocinor assumenda omnis terror comparo patruus addo.",
    "createdAt": "2024-10-27T22:49:42.422Z"
  },
  {
    "productId": "68149cfd30a898aab1f043a7",
    "userId": "6822d068c08fdfcf24d492d7",
    "rating": 5,
    "comment": "Temptatio sustineo calco culpa doloribus caries calcar tamquam magnam velum.",
    "createdAt": "2024-11-01T22:49:42.422Z"
  },
  {
    "productId": "6814be17a67388b7fa2b0388",
    "userId": "6822d068c08fdfcf24d492d7",
    "rating": 5,
    "comment": "Sufficio celer antepono aqua tempus arcesso cedo speculum civitas una.",
    "createdAt": "2024-10-28T22:49:42.422Z"
  },
  {
    "productId": "6814d3abbcd9b504d290b087",
    "userId": "6822d074c08fdfcf24d49515",
    "rating": 3,
    "comment": "Crepusculum thymbra usitas synagoga tondeo amor temptatio vitae tolero cuius.",
    "createdAt": "2024-10-30T01:26:42.397Z"
  },
  {
    "productId": "6814bcdd958ad8fcad8c545f",
    "userId": "6822d07fc08fdfcf24d496dd",
    "rating": 5,
    "comment": "Beneficium aqua cohors tribuo vestrum cui comparo alii iure curtus.",
    "createdAt": "2024-10-29T07:28:23.738Z"
  },
  {
    "productId": "6814cd2505d66cbf2ba763c3",
    "userId": "6822d06ec08fdfcf24d4945b",
    "rating": 3,
    "comment": "Tempore auctus demitto victus angulus repudiandae vae odio claustrum terminatio.",
    "createdAt": "2024-10-28T09:55:08.033Z"
  },
  {
    "productId": "6814af8ef38840c4bcc37edc",
    "userId": "6822d08fc08fdfcf24d49969",
    "rating": 3,
    "comment": "Verecundia ustulo natus cunabula atque defleo animus utilis commemoro decimus.",
    "createdAt": "2024-11-01T18:13:24.603Z"
  },
  {
    "productId": "6814bf386172128284c9bee8",
    "userId": "6822d072c08fdfcf24d49493",
    "rating": 5,
    "comment": "Nesciunt torrens asper cohaero excepturi sperno stipes pecto demitto et.",
    "createdAt": "2024-10-31T21:05:28.417Z"
  },
  {
    "productId": "6814bf386172128284c9becc",
    "userId": "6822d074c08fdfcf24d494e5",
    "rating": 5,
    "comment": "Thymbra theatrum cresco aeger paens comis stabilis clam reiciendis thesis.",
    "createdAt": "2024-10-29T23:01:27.408Z"
  },
  {
    "productId": "6814be17a67388b7fa2b03a4",
    "userId": "6822d078c08fdfcf24d495ef",
    "rating": 5,
    "comment": "Minus aiunt cervus conturbo modi spero pel appono carcer victoria.",
    "createdAt": "2024-11-02T00:32:04.912Z"
  },
  {
    "productId": "6814c104ca19a92a5b1d5b3b",
    "userId": "6822d080c08fdfcf24d496ff",
    "rating": 5,
    "comment": "Vilis cohaero demulceo aufero aestus vinitor crux cicuta aveho harum.",
    "createdAt": "2024-10-29T01:34:27.383Z"
  },
  {
    "productId": "6814af8df38840c4bcc37eb8",
    "userId": "6822d06bc08fdfcf24d49365",
    "rating": 5,
    "comment": "Causa tamquam vilis combibo ustilo facilis dignissimos cresco pauci tandem.",
    "createdAt": "2024-11-03T02:31:17.609Z"
  },
  {
    "productId": "6814c741b44fb7a9e6cbb4bb",
    "userId": "6822d075c08fdfcf24d49551",
    "rating": 5,
    "comment": "Cohors aduro excepturi sonitus curiositas tergum adimpleo pecto texo explicabo.",
    "createdAt": "2024-10-30T06:35:48.114Z"
  },
  {
    "productId": "6814c03933cd17d446b063c4",
    "userId": "6822d080c08fdfcf24d49723",
    "rating": 3,
    "comment": "Aeternus claro statua surgo compono clamo capto spoliatio perspiciatis tenax.",
    "createdAt": "2024-10-30T15:58:51.204Z"
  },
  {
    "productId": "68149cfe30a898aab1f043b8",
    "userId": "6822d082c08fdfcf24d49791",
    "rating": 5,
    "comment": "Defendo alias pectus defero eaque vigor beatae tracto abeo amita.",
    "createdAt": "2024-11-03T23:43:56.603Z"
  },
  {
    "productId": "6814d008dac5e44185ec2233",
    "userId": "6822d090c08fdfcf24d499ad",
    "rating": 2,
    "comment": "Denuncio ratione ubi arma aduro arbitro celo beneficium volva abbas.",
    "createdAt": "2024-11-04T04:38:04.377Z"
  },
  {
    "productId": "6814cf2ef6a78c6dfa308448",
    "userId": "6822d068c08fdfcf24d492b3",
    "rating": 5,
    "comment": "Ultra tertius ventus thema quis tremo alii deorsum caelestis corporis.",
    "createdAt": "2024-11-02T09:10:34.510Z"
  },
  {
    "productId": "6814bf396172128284c9bf1c",
    "userId": "6822d089c08fdfcf24d49853",
    "rating": 5,
    "comment": "Apud vereor dolore aegrotatio quod triumphus sonitus abduco defaeco peccatus.",
    "createdAt": "2024-11-03T17:15:15.016Z"
  },
  {
    "productId": "6814af8df38840c4bcc37ea6",
    "userId": "6822d089c08fdfcf24d49853",
    "rating": 3,
    "comment": "Et animadverto cado varietas utique canis saepe eveniet caute comburo.",
    "createdAt": "2024-11-02T17:15:15.016Z"
  },
  {
    "productId": "6814ccc358f78c505fea964b",
    "userId": "6822d089c08fdfcf24d49853",
    "rating": 3,
    "comment": "Tepidus amiculum vinco acsi sophismata solvo apto talis sulum eos.",
    "createdAt": "2024-11-03T17:15:15.016Z"
  },
  {
    "productId": "6814d245995813a18f27d93e",
    "userId": "6822d076c08fdfcf24d49569",
    "rating": 5,
    "comment": "Taedium quos ubi caelum tempus adaugeo accendo ascisco aspicio traho.",
    "createdAt": "2024-10-31T02:10:10.897Z"
  },
  {
    "productId": "68149cfe30a898aab1f043d7",
    "userId": "6822d073c08fdfcf24d494c7",
    "rating": 5,
    "comment": "Suggero comminor vallum sophismata verus textor spiculum quaerat asper socius.",
    "createdAt": "2024-10-31T03:14:38.965Z"
  },
  {
    "productId": "6814c104ca19a92a5b1d5b53",
    "userId": "6822d089c08fdfcf24d49885",
    "rating": 1,
    "comment": "Aedificium conforto usque spectaculum tres cado tabula volup absque auditor.",
    "createdAt": "2024-11-01T04:32:34.344Z"
  },
  {
    "productId": "6814c03933cd17d446b06374",
    "userId": "6822d06ec08fdfcf24d4942d",
    "rating": 5,
    "comment": "Ars conforto magnam tendo aspicio traho error vesco deporto cruciamentum.",
    "createdAt": "2024-10-31T05:43:59.117Z"
  },
  {
    "productId": "6814b49adb8e7421d9054854",
    "userId": "6822d07fc08fdfcf24d496c1",
    "rating": 5,
    "comment": "Carmen vilitas bonus centum esse supellex delectus cado arcus attonbitus.",
    "createdAt": "2024-11-01T14:15:27.285Z"
  },
  {
    "productId": "6814d30f19ffed8d9ec6b536",
    "userId": "6822d093c08fdfcf24d49a7d",
    "rating": 5,
    "comment": "Vulnus denique depraedor vester non optio audeo tandem blandior ea.",
    "createdAt": "2024-11-01T14:52:25.790Z"
  },
  {
    "productId": "6814c2ca511161f3045acc14",
    "userId": "6822d093c08fdfcf24d49a7d",
    "rating": 4,
    "comment": "Cometes adficio quod possimus eos aperiam tripudio vacuus cerno provident.",
    "createdAt": "2024-11-05T14:52:25.790Z"
  },
  {
    "productId": "6814c3b3595891202e483aa0",
    "userId": "6822d093c08fdfcf24d49a7d",
    "rating": 5,
    "comment": "Tero perspiciatis civitas corpus bellicus iure ab videlicet deleo adipiscor.",
    "createdAt": "2024-11-03T14:52:25.790Z"
  },
  {
    "productId": "6814bcdd958ad8fcad8c547b",
    "userId": "6822d093c08fdfcf24d49a7d",
    "rating": 2,
    "comment": "Aranea benevolentia demulceo absorbeo cursus aliquid vulticulus acerbitas textor certus.",
    "createdAt": "2024-11-01T14:52:25.790Z"
  },
  {
    "productId": "6814d886eb6e44f9df4dbffa",
    "userId": "6822d07fc08fdfcf24d496db",
    "rating": 5,
    "comment": "Caute confugo deleo celebrer adduco amitto tibi adipiscor veniam capillus.",
    "createdAt": "2024-11-04T17:42:50.142Z"
  },
  {
    "productId": "6814daff48198c3c05074c57",
    "userId": "6822d069c08fdfcf24d49307",
    "rating": 4,
    "comment": "Asporto centum culpo deficio desparatus stella degero perferendis venustas quia.",
    "createdAt": "2024-11-04T18:11:19.057Z"
  },
  {
    "productId": "6814c1b4ba01e3aab8f3f39c",
    "userId": "6822d07dc08fdfcf24d4964b",
    "rating": 5,
    "comment": "Unus aduro adfectus tollo utrimque adduco caelestis sunt sufficio alii.",
    "createdAt": "2024-11-04T19:37:15.198Z"
  },
  {
    "productId": "6814bcdd958ad8fcad8c544f",
    "userId": "6822d07dc08fdfcf24d49635",
    "rating": 5,
    "comment": "Beneficium perferendis cito vinco vergo truculenter decens bibo explicabo accedo.",
    "createdAt": "2024-11-05T21:00:54.939Z"
  },
  {
    "productId": "6814cabe1780e5204676cdd0",
    "userId": "6822d083c08fdfcf24d497c9",
    "rating": 5,
    "comment": "Reprehenderit cado verumtamen magni excepturi amicitia tamen tamen contigo incidunt.",
    "createdAt": "2024-11-04T21:14:22.347Z"
  },
  {
    "productId": "6814d31019ffed8d9ec6b569",
    "userId": "6822d07fc08fdfcf24d496c3",
    "rating": 5,
    "comment": "Solitudo depereo inflammatio vilis clamo urbanus allatus aequitas cursus cognomen.",
    "createdAt": "2024-11-03T22:27:17.154Z"
  },
  {
    "productId": "6814ccc358f78c505fea9662",
    "userId": "6822d08cc08fdfcf24d4993f",
    "rating": 5,
    "comment": "Comedo casus autem est undique capitulus constans unus delinquo timidus.",
    "createdAt": "2024-11-01T22:48:04.206Z"
  },
  {
    "productId": "6814a1931c10fee4a5286d55",
    "userId": "6822d093c08fdfcf24d49a41",
    "rating": 5,
    "comment": "Decimus arma beatus eaque error molestiae uter adipiscor termes pecto.",
    "createdAt": "2024-11-03T09:38:20.441Z"
  },
  {
    "productId": "68149cfd30a898aab1f043a1",
    "userId": "6822d08bc08fdfcf24d498e9",
    "rating": 5,
    "comment": "Vehemens curriculum tempus adduco curto ocer tripudio beneficium alii tantum.",
    "createdAt": "2024-11-05T16:04:13.172Z"
  },
  {
    "productId": "6814d4dbd4982e02496b6356",
    "userId": "6822d06cc08fdfcf24d493d1",
    "rating": 2,
    "comment": "Torrens somniculosus decimus absens ipsum adstringo arcus capto thesaurus apto.",
    "createdAt": "2024-11-04T20:13:39.308Z"
  },
  {
    "productId": "6814c740b44fb7a9e6cbb48a",
    "userId": "6822d07fc08fdfcf24d496e7",
    "rating": 5,
    "comment": "Adeptio animus bis sequi peior casso advoco alias pecus ager.",
    "createdAt": "2024-11-05T21:34:16.502Z"
  },
  {
    "productId": "6814c104ca19a92a5b1d5b89",
    "userId": "6822d06dc08fdfcf24d493f1",
    "rating": 2,
    "comment": "Adeo absque peccatus vigor sponte denique dicta sumptus debitis sequi.",
    "createdAt": "2024-11-03T22:44:49.369Z"
  },
  {
    "productId": "68149cfe30a898aab1f043dd",
    "userId": "6822d06dc08fdfcf24d493f1",
    "rating": 5,
    "comment": "Mollitia turpis thesis crastinus abduco architecto admiratio complectus asper armarium.",
    "createdAt": "2024-11-03T22:44:49.369Z"
  },
  {
    "productId": "6814d246995813a18f27d95b",
    "userId": "6822d06dc08fdfcf24d493f1",
    "rating": 5,
    "comment": "Consuasor conicio degusto thymbra amor atavus facilis pauper cras texo.",
    "createdAt": "2024-11-03T22:44:49.369Z"
  },
  {
    "productId": "6814d3abbcd9b504d290b03c",
    "userId": "6822d06dc08fdfcf24d493f1",
    "rating": 5,
    "comment": "Culpo tibi acer conatus vindico toties absorbeo alii casso tempus.",
    "createdAt": "2024-11-01T22:44:49.369Z"
  }
]
