[
  {
    "productId": "6814d245995813a18f27d932",
    "userId": "6822d067c08fdfcf24d49299",
    "rating": 4,
    "comment": "Excepturi natus admoneo conscendo caries acerbitas usus arcus audentia audentia.",
    "createdAt": "2024-06-06T03:59:49.310Z"
  },
  {
    "productId": "68149cfd30a898aab1f04395",
    "userId": "6822d068c08fdfcf24d492a6",
    "rating": 5,
    "comment": "Utique aestus altus tener validus vitiosus ambulo adfero timor brevis.",
    "createdAt": "2024-06-09T08:50:15.810Z"
  },
  {
    "productId": "6814d8faa6b79f1523907edf",
    "userId": "6822d068c08fdfcf24d492a6",
    "rating": 5,
    "comment": "Curo terga tui cedo pauci vomito contabesco conculco soleo speculum.",
    "createdAt": "2024-06-05T13:51:04.755Z"
  },
  {
    "productId": "68149cfd30a898aab1f043a1",
    "userId": "6822d067c08fdfcf24d49299",
    "rating": 1,
    "comment": "Caries tabernus amplus sumptus architecto adicio odit solutio at vaco.",
    "createdAt": "2024-06-09T15:38:56.490Z"
  },
  {
    "productId": "6814d007dac5e44185ec221d",
    "userId": "6822d068c08fdfcf24d492a4",
    "rating": 1,
    "comment": "Audax verto vinitor sublime spectaculum abbas vado ait facilis incidunt.",
    "createdAt": "2024-06-07T16:19:36.665Z"
  },
  {
    "productId": "6814daff48198c3c05074c2f",
    "userId": "6822d068c08fdfcf24d492a4",
    "rating": 5,
    "comment": "Uxor tamisium thesis corrigo cetera usque amplus atqui voluntarius urbanus.",
    "createdAt": "2024-06-04T16:19:36.665Z"
  },
  {
    "productId": "6814cabe1780e5204676cdf7",
    "userId": "6822d068c08fdfcf24d492a4",
    "rating": 4,
    "comment": "Pauci eligendi cimentarius sophismata uterque cum aro aveho caterva somniculosus.",
    "createdAt": "2024-06-04T16:19:36.665Z"
  },
  {
    "productId": "6814c75637cb2b415f50f039",
    "userId": "6822d068c08fdfcf24d492a4",
    "rating": 4,
    "comment": "Vitiosus defendo comedo capio blandior ancilla deinde vomica iste terreo.",
    "createdAt": "2024-06-07T16:19:36.665Z"
  },
  {
    "productId": "6814c104ca19a92a5b1d5b89",
    "userId": "6822d068c08fdfcf24d492af",
    "rating": 5,
    "comment": "Vapulus vito curso deficio repellat compello cupressus tempus aggredior peccatus.",
    "createdAt": "2024-06-06T19:05:19.902Z"
  },
  {
    "productId": "6814a1941c10fee4a5286d95",
    "userId": "6822d067c08fdfcf24d49299",
    "rating": 5,
    "comment": "Ullus altus est delibero aeternus vis denuo animus subnecto deludo.",
    "createdAt": "2024-06-07T20:41:44.207Z"
  },
  {
    "productId": "6814d246995813a18f27d963",
    "userId": "6822d067c08fdfcf24d49299",
    "rating": 5,
    "comment": "Depopulo cometes derideo error illum corrigo confero subito suus spes.",
    "createdAt": "2024-06-06T22:53:30.029Z"
  },
  {
    "productId": "6814af8df38840c4bcc37eac",
    "userId": "6822d068c08fdfcf24d492b7",
    "rating": 5,
    "comment": "Uxor cuppedia pariatur trucido subvenio magnam aequitas ustilo numquam thesaurus.",
    "createdAt": "2024-06-08T00:43:50.530Z"
  },
  {
    "productId": "6814d887eb6e44f9df4dc01f",
    "userId": "6822d068c08fdfcf24d492b9",
    "rating": 5,
    "comment": "Delicate cenaculum universe aperiam abundans usque sit dolores cupiditas dolores.",
    "createdAt": "2024-06-09T02:44:46.556Z"
  },
  {
    "productId": "6814c03933cd17d446b063a8",
    "userId": "6822d068c08fdfcf24d492b9",
    "rating": 5,
    "comment": "Audacia asperiores fugit decens subiungo ciminatio benigne crudelis terror approbo.",
    "createdAt": "2024-06-07T02:44:46.556Z"
  },
  {
    "productId": "6814a81935053cb1544dd159",
    "userId": "6822d068c08fdfcf24d492b9",
    "rating": 4,
    "comment": "Ara totidem volva atrocitas suspendo calculus angelus aiunt corporis thermae.",
    "createdAt": "2024-06-06T02:44:46.556Z"
  },
  {
    "productId": "6814c104ca19a92a5b1d5b2f",
    "userId": "6822d068c08fdfcf24d492b9",
    "rating": 5,
    "comment": "Eveniet delinquo tamdiu molestiae ater sol celebrer argentum depulso contabesco.",
    "createdAt": "2024-06-06T03:50:30.704Z"
  },
  {
    "productId": "6814d8faa6b79f1523907e9d",
    "userId": "6822d068c08fdfcf24d492a4",
    "rating": 5,
    "comment": "Speculum temptatio textor curiositas crux cumque theologus ventus qui contra.",
    "createdAt": "2024-06-10T10:44:35.428Z"
  },
  {
    "productId": "6814c1b5ba01e3aab8f3f3c4",
    "userId": "6822d068c08fdfcf24d492bd",
    "rating": 5,
    "comment": "Volubilis veritatis deripio avaritia corporis aegrotatio bardus correptius nisi corpus.",
    "createdAt": "2024-06-10T11:26:16.456Z"
  },
  {
    "productId": "68149cfe30a898aab1f043d1",
    "userId": "6822d068c08fdfcf24d492a4",
    "rating": 5,
    "comment": "Assumenda uxor amoveo tollo usitas fuga quaerat utique deprimo aveho.",
    "createdAt": "2024-06-05T12:46:46.243Z"
  },
  {
    "productId": "6814c2ca511161f3045acc14",
    "userId": "6822d068c08fdfcf24d492a4",
    "rating": 5,
    "comment": "Spiritus curis tibi virtus id dolor non subito officia tergeo.",
    "createdAt": "2024-06-09T12:46:46.243Z"
  },
  {
    "productId": "6814bf396172128284c9bf30",
    "userId": "6822d068c08fdfcf24d492a4",
    "rating": 5,
    "comment": "Cui cibus creber vetus valetudo tonsor civitas attollo quam suadeo.",
    "createdAt": "2024-06-09T12:46:46.243Z"
  },
  {
    "productId": "6814a81935053cb1544dd163",
    "userId": "6822d068c08fdfcf24d492a4",
    "rating": 5,
    "comment": "Cavus nobis crux ambulo aestus utpote suppellex cursus amaritudo una.",
    "createdAt": "2024-06-10T12:46:46.243Z"
  },
  {
    "productId": "6814d4dbd4982e02496b6368",
    "userId": "6822d068c08fdfcf24d492ad",
    "rating": 5,
    "comment": "Corroboro benevolentia caelestis abstergo sumptus talis cursim culpa vere absens.",
    "createdAt": "2024-06-07T14:04:49.586Z"
  },
  {
    "productId": "6814cbfd9ac1ce261961923f",
    "userId": "6822d068c08fdfcf24d492a6",
    "rating": 5,
    "comment": "Tubineus suasoria subiungo adicio tabernus damno debitis approbo defleo contra.",
    "createdAt": "2024-06-10T18:27:25.056Z"
  },
  {
    "productId": "6814a1931c10fee4a5286d75",
    "userId": "6822d068c08fdfcf24d492b1",
    "rating": 5,
    "comment": "Triumphus absorbeo cado arma quo nesciunt coadunatio quam vesica umerus.",
    "createdAt": "2024-06-08T04:29:09.125Z"
  },
  {
    "productId": "6814bf386172128284c9bec0",
    "userId": "6822d068c08fdfcf24d492b1",
    "rating": 1,
    "comment": "Deserunt vulgivagus in deinde uberrime deserunt ascisco qui tredecim adduco.",
    "createdAt": "2024-06-06T04:29:09.125Z"
  },
  {
    "productId": "6814c741b44fb7a9e6cbb4a6",
    "userId": "6822d068c08fdfcf24d492bd",
    "rating": 5,
    "comment": "Appono coma depopulo quaerat sordeo viriliter crux utilis tantillus curto.",
    "createdAt": "2024-06-07T08:03:17.558Z"
  },
  {
    "productId": "6814cabe1780e5204676cded",
    "userId": "6822d068c08fdfcf24d492cf",
    "rating": 5,
    "comment": "Ara cumque alii cotidie validus absorbeo toties vallum vero neque.",
    "createdAt": "2024-06-07T11:01:23.044Z"
  },
  {
    "productId": "6814d518d4982e02496b648e",
    "userId": "6822d068c08fdfcf24d492a1",
    "rating": 5,
    "comment": "Super tersus vespillo sed contego in facilis trepide conventus maxime.",
    "createdAt": "2024-06-06T12:16:53.286Z"
  },
  {
    "productId": "6814d519d4982e02496b64ba",
    "userId": "6822d068c08fdfcf24d492a1",
    "rating": 5,
    "comment": "Tui cubo conqueror tabesco defaeco tot valeo cito deputo cibus.",
    "createdAt": "2024-06-10T12:16:53.286Z"
  },
  {
    "productId": "6814d3aabcd9b504d290b01c",
    "userId": "6822d068c08fdfcf24d492a1",
    "rating": 5,
    "comment": "Cattus decumbo aqua conservo provident absens bis voluptas adnuo debitis.",
    "createdAt": "2024-06-08T12:16:53.286Z"
  },
  {
    "productId": "6814d886eb6e44f9df4dc00b",
    "userId": "6822d068c08fdfcf24d492b9",
    "rating": 4,
    "comment": "Urbs colo maxime impedit saepe custodia cedo abstergo complectus ullam.",
    "createdAt": "2024-06-09T14:52:15.419Z"
  },
  {
    "productId": "6814d886eb6e44f9df4dc017",
    "userId": "6822d068c08fdfcf24d492b9",
    "rating": 3,
    "comment": "Provident aiunt bestia tonsor tamdiu impedit caterva incidunt rerum patria.",
    "createdAt": "2024-06-08T14:52:15.419Z"
  },
  {
    "productId": "6814c3b3595891202e483ab0",
    "userId": "6822d068c08fdfcf24d492b9",
    "rating": 4,
    "comment": "Conscendo ustilo ea ea uredo dolorem adhuc dolorum autem conqueror.",
    "createdAt": "2024-06-08T14:52:15.419Z"
  },
  {
    "productId": "6814dafe48198c3c05074c24",
    "userId": "6822d068c08fdfcf24d492b9",
    "rating": 3,
    "comment": "Armarium pauper ventito abbas vereor socius soleo arguo quo adamo.",
    "createdAt": "2024-06-08T14:52:15.419Z"
  },
  {
    "productId": "6814c740b44fb7a9e6cbb49e",
    "userId": "6822d068c08fdfcf24d492cf",
    "rating": 5,
    "comment": "Ullus aperiam patruus conculco arto cras similique ullam avarus beneficium.",
    "createdAt": "2024-06-07T21:35:21.256Z"
  },
  {
    "productId": "6814cabe1780e5204676cde3",
    "userId": "6822d068c08fdfcf24d492cf",
    "rating": 5,
    "comment": "Desipio adipiscor nisi annus soluta audeo usque certe quidem adaugeo.",
    "createdAt": "2024-06-08T21:35:21.256Z"
  },
  {
    "productId": "6814c03933cd17d446b063b8",
    "userId": "6822d068c08fdfcf24d492cf",
    "rating": 4,
    "comment": "Ascisco ager talis appositus cunctatio ultio calamitas subseco terminatio anser.",
    "createdAt": "2024-06-08T21:35:21.256Z"
  },
  {
    "productId": "6814be18a67388b7fa2b03cc",
    "userId": "6822d068c08fdfcf24d492cf",
    "rating": 5,
    "comment": "Tui vinitor utique commodo campana magnam cunae delicate terreo peior.",
    "createdAt": "2024-06-08T21:35:21.256Z"
  },
  {
    "productId": "6814c3b2595891202e483a54",
    "userId": "6822d067c08fdfcf24d4929e",
    "rating": 5,
    "comment": "Assumenda thema adfero degero desolo censura aliqua aranea teneo claro.",
    "createdAt": "2024-06-09T21:38:02.376Z"
  },
  {
    "productId": "6814ccc358f78c505fea9670",
    "userId": "6822d068c08fdfcf24d492bb",
    "rating": 4,
    "comment": "Provident dignissimos aurum videlicet demoror advenio cursus adopto bellum toties.",
    "createdAt": "2024-06-11T22:54:07.578Z"
  },
  {
    "productId": "6814daff48198c3c05074c35",
    "userId": "6822d068c08fdfcf24d492bd",
    "rating": 5,
    "comment": "Studio aperio sapiente aliquid coaegresco texo delibero volo theatrum contra.",
    "createdAt": "2024-06-11T23:31:06.807Z"
  },
  {
    "productId": "6814c75637cb2b415f50f031",
    "userId": "6822d068c08fdfcf24d492a4",
    "rating": 5,
    "comment": "Dedico cunae pectus thema absum animadverto capto una theatrum vindico.",
    "createdAt": "2024-06-07T01:40:36.353Z"
  },
  {
    "productId": "6814d3abbcd9b504d290b087",
    "userId": "6822d068c08fdfcf24d492c5",
    "rating": 5,
    "comment": "Depopulo denique tenax architecto creator maxime universe conturbo appono solum.",
    "createdAt": "2024-06-08T03:21:12.769Z"
  },
  {
    "productId": "6814af8ef38840c4bcc37edc",
    "userId": "6822d068c08fdfcf24d492c5",
    "rating": 5,
    "comment": "Demo aegre defendo alii tantillus arceo modi nisi benigne consequatur.",
    "createdAt": "2024-06-10T03:21:12.769Z"
  },
  {
    "productId": "6814b49adb8e7421d905486e",
    "userId": "6822d068c08fdfcf24d492cd",
    "rating": 5,
    "comment": "Advoco commemoro absum temperantia suus depopulo ver possimus vapulus clibanus.",
    "createdAt": "2024-06-10T16:23:52.415Z"
  },
  {
    "productId": "6814a1941c10fee4a5286d9a",
    "userId": "6822d067c08fdfcf24d4929e",
    "rating": 5,
    "comment": "Thorax demens deripio esse vesper basium solio demergo arceo surculus.",
    "createdAt": "2024-06-11T19:05:58.673Z"
  },
  {
    "productId": "6814c2cb511161f3045acc34",
    "userId": "6822d069c08fdfcf24d492f7",
    "rating": 5,
    "comment": "Ascit tondeo sum uberrime bellicus vulgo magni voluptatum delectus calculus.",
    "createdAt": "2024-06-10T02:01:53.961Z"
  },
  {
    "productId": "6814a81935053cb1544dd159",
    "userId": "6822d068c08fdfcf24d492c5",
    "rating": 3,
    "comment": "Avaritia capillus solus decipio tabesco demum cotidie acceptus eius odit.",
    "createdAt": "2024-06-09T04:55:47.872Z"
  },
  {
    "productId": "6814d246995813a18f27d95b",
    "userId": "6822d069c08fdfcf24d492f9",
    "rating": 5,
    "comment": "Amplus argentum undique stella comes vociferor perferendis admoneo dapifer vigor.",
    "createdAt": "2024-06-11T07:42:01.371Z"
  },
  {
    "productId": "6814c3b3595891202e483aa0",
    "userId": "6822d069c08fdfcf24d492df",
    "rating": 5,
    "comment": "Appono ullus conduco maiores sono copia somnus utique bellum sol.",
    "createdAt": "2024-06-10T14:58:31.971Z"
  },
  {
    "productId": "6814a81935053cb1544dd159",
    "userId": "6822d069c08fdfcf24d492f1",
    "rating": 5,
    "comment": "Aufero tamquam crinis anser socius rem pax atqui volo tumultus.",
    "createdAt": "2024-06-09T17:40:47.801Z"
  },
  {
    "productId": "6814d8faa6b79f1523907ed1",
    "userId": "6822d069c08fdfcf24d492f1",
    "rating": 1,
    "comment": "Omnis tergeo denego depromo absens vulgaris stipes virtus admiratio abeo.",
    "createdAt": "2024-06-09T17:40:47.801Z"
  },
  {
    "productId": "6814d4dbd4982e02496b636e",
    "userId": "6822d068c08fdfcf24d492b9",
    "rating": 5,
    "comment": "Aedificium traho subvenio virtus demitto audio adsidue peior adsuesco depulso.",
    "createdAt": "2024-06-11T23:57:54.824Z"
  },
  {
    "productId": "6814d246995813a18f27d94b",
    "userId": "6822d068c08fdfcf24d492a4",
    "rating": 5,
    "comment": "Eos adhuc admiratio adfectus terreo currus tantum repellendus cupressus compono.",
    "createdAt": "2024-06-12T01:50:30.542Z"
  },
  {
    "productId": "6814be18a67388b7fa2b03bc",
    "userId": "6822d069c08fdfcf24d492df",
    "rating": 5,
    "comment": "Pectus subiungo caecus cibo adicio uter vespillo eveniet demergo carus.",
    "createdAt": "2024-06-09T02:19:44.474Z"
  },
  {
    "productId": "6814d49dabc2c4bf4ecaf51e",
    "userId": "6822d069c08fdfcf24d49301",
    "rating": 2,
    "comment": "Tabella tribuo blanditiis crepusculum volup cornu sponte vespillo thermae victus.",
    "createdAt": "2024-06-11T03:36:25.142Z"
  },
  {
    "productId": "6814c740b44fb7a9e6cbb479",
    "userId": "6822d068c08fdfcf24d492dd",
    "rating": 5,
    "comment": "Vehemens aequus cubitum debeo defleo curriculum supra ratione vespillo abstergo.",
    "createdAt": "2024-06-14T09:32:05.813Z"
  },
  {
    "productId": "68149cfe30a898aab1f043b8",
    "userId": "6822d069c08fdfcf24d49309",
    "rating": 5,
    "comment": "Audacia vicissitudo ciminatio provident tum atque curo qui placeat quo.",
    "createdAt": "2024-06-12T09:33:17.708Z"
  },
  {
    "productId": "6814d4dbd4982e02496b6356",
    "userId": "6822d068c08fdfcf24d492db",
    "rating": 4,
    "comment": "Coma cariosus casus cogito absque canis taceo damno conicio tracto.",
    "createdAt": "2024-06-13T09:36:30.341Z"
  },
  {
    "productId": "6814d007dac5e44185ec220c",
    "userId": "6822d068c08fdfcf24d492aa",
    "rating": 5,
    "comment": "Vaco depraedor patruus sumo civitas arca verbum vinco cum clam.",
    "createdAt": "2024-06-13T09:44:43.271Z"
  },
  {
    "productId": "6814bf386172128284c9bec0",
    "userId": "6822d068c08fdfcf24d492c3",
    "rating": 3,
    "comment": "Copia caveo temptatio veritas nam crebro viridis nisi spoliatio sperno.",
    "createdAt": "2024-06-10T10:54:06.315Z"
  },
  {
    "productId": "6814bf386172128284c9bee8",
    "userId": "6822d068c08fdfcf24d492d9",
    "rating": 5,
    "comment": "Crastinus confugo tertius umbra soluta tergum temeritas defaeco cunabula socius.",
    "createdAt": "2024-06-13T11:05:47.926Z"
  },
  {
    "productId": "68149cfe30a898aab1f043be",
    "userId": "6822d069c08fdfcf24d492f1",
    "rating": 1,
    "comment": "Tergeo bis abundans cimentarius absorbeo ascit urbs bellum denique sordeo.",
    "createdAt": "2024-06-13T14:41:52.860Z"
  },
  {
    "productId": "6814d4dbd4982e02496b636e",
    "userId": "6822d068c08fdfcf24d492c1",
    "rating": 2,
    "comment": "Fuga cum sint antiquus vesica temeritas tero deputo eius sortitus.",
    "createdAt": "2024-06-10T15:58:50.562Z"
  },
  {
    "productId": "6814d008dac5e44185ec2247",
    "userId": "6822d067c08fdfcf24d49299",
    "rating": 5,
    "comment": "Conventus vitiosus patruus odit ascit vel speculum administratio cruentus ustulo.",
    "createdAt": "2024-06-13T19:52:32.842Z"
  },
  {
    "productId": "6814d30f19ffed8d9ec6b54e",
    "userId": "6822d067c08fdfcf24d49299",
    "rating": 3,
    "comment": "Laudantium sursum volup celer iste arguo depulso coepi summopere toties.",
    "createdAt": "2024-06-12T19:52:32.842Z"
  },
  {
    "productId": "6814d007dac5e44185ec2202",
    "userId": "6822d067c08fdfcf24d49299",
    "rating": 5,
    "comment": "Abduco conforto cupio crudelis aetas stabilis ara sunt validus bos.",
    "createdAt": "2024-06-14T19:52:32.842Z"
  },
  {
    "productId": "6814c104ca19a92a5b1d5b89",
    "userId": "6822d068c08fdfcf24d492c1",
    "rating": 5,
    "comment": "Ait aeger subito adulatio earum thermae sequi talis placeat territo.",
    "createdAt": "2024-06-12T23:15:35.459Z"
  },
  {
    "productId": "6814a1941c10fee4a5286d87",
    "userId": "6822d069c08fdfcf24d492df",
    "rating": 2,
    "comment": "Doloremque tot ulterius aedificium angulus adipiscor doloremque terebro aufero stabilis.",
    "createdAt": "2024-06-11T23:51:05.970Z"
  },
  {
    "productId": "6814dafe48198c3c05074c24",
    "userId": "6822d068c08fdfcf24d492c9",
    "rating": 4,
    "comment": "Uxor virtus temeritas audio celebrer dens cervus coaegresco ea cervus.",
    "createdAt": "2024-06-14T04:54:40.419Z"
  },
  {
    "productId": "6814bcdd958ad8fcad8c544f",
    "userId": "6822d068c08fdfcf24d492c9",
    "rating": 5,
    "comment": "Vita asperiores eligendi trepide adnuo terebro cito abeo quam curatio.",
    "createdAt": "2024-06-10T04:54:40.419Z"
  },
  {
    "productId": "6814d246995813a18f27d963",
    "userId": "6822d068c08fdfcf24d492c9",
    "rating": 5,
    "comment": "Apud cruentus adsum armarium usus neque acerbitas conturbo angustus ubi.",
    "createdAt": "2024-06-11T04:54:40.419Z"
  },
  {
    "productId": "6814af8df38840c4bcc37eac",
    "userId": "6822d068c08fdfcf24d492c5",
    "rating": 5,
    "comment": "Repellendus arguo vos versus ulciscor ipsam sapiente demonstro sapiente aestivus.",
    "createdAt": "2024-06-12T06:45:19.802Z"
  },
  {
    "productId": "6814c2ca511161f3045acc24",
    "userId": "6822d068c08fdfcf24d492c5",
    "rating": 2,
    "comment": "Cariosus vesper theatrum provident damnatio dolorum derideo quis carmen tenus.",
    "createdAt": "2024-06-14T06:45:19.802Z"
  },
  {
    "productId": "68149cfd30a898aab1f043a1",
    "userId": "6822d068c08fdfcf24d492c5",
    "rating": 5,
    "comment": "Culpa supellex color color basium velociter tamen autus solum viscus.",
    "createdAt": "2024-06-11T06:45:19.802Z"
  },
  {
    "productId": "6814a1941c10fee4a5286d8d",
    "userId": "6822d068c08fdfcf24d492c5",
    "rating": 5,
    "comment": "Perspiciatis aer arceo odit curo bestia tenetur video delego vulnus.",
    "createdAt": "2024-06-14T06:45:19.802Z"
  },
  {
    "productId": "68149cfe30a898aab1f043d1",
    "userId": "6822d068c08fdfcf24d492d3",
    "rating": 1,
    "comment": "Utrimque maxime pel facere consequatur pecto volup copia triduana aperte.",
    "createdAt": "2024-06-15T10:42:35.485Z"
  },
  {
    "productId": "6814be17a67388b7fa2b035a",
    "userId": "6822d068c08fdfcf24d492af",
    "rating": 4,
    "comment": "Vicissitudo ager utpote vigilo artificiose tempora cilicium theologus sulum caelestis.",
    "createdAt": "2024-06-11T12:33:04.313Z"
  },
  {
    "productId": "6814cabe1780e5204676cde3",
    "userId": "6822d068c08fdfcf24d492a4",
    "rating": 4,
    "comment": "Cultellus celebrer vulpes viduo confero tendo censura delego degusto denuo.",
    "createdAt": "2024-06-12T13:50:45.991Z"
  },
  {
    "productId": "6814af8df38840c4bcc37eb8",
    "userId": "6822d069c08fdfcf24d492f3",
    "rating": 2,
    "comment": "Vulpes urbs vulpes defero suffoco culpa complectus strues tot amaritudo.",
    "createdAt": "2024-06-15T15:54:04.349Z"
  },
  {
    "productId": "6814d30f19ffed8d9ec6b54e",
    "userId": "6822d069c08fdfcf24d492f3",
    "rating": 5,
    "comment": "Aurum vulgus solus allatus delinquo volubilis soluta cerno cerno cicuta.",
    "createdAt": "2024-06-10T15:54:04.349Z"
  },
  {
    "productId": "6814be17a67388b7fa2b037c",
    "userId": "6822d069c08fdfcf24d492e7",
    "rating": 2,
    "comment": "Magni subito aer vulariter aeternus accusator et compono caelestis claudeo.",
    "createdAt": "2024-06-14T20:51:50.096Z"
  },
  {
    "productId": "6814d3abbcd9b504d290b07f",
    "userId": "6822d069c08fdfcf24d492e7",
    "rating": 3,
    "comment": "Patior utor velut cognomen sapiente dedico in amplexus succedo depono.",
    "createdAt": "2024-06-12T20:51:50.096Z"
  },
  {
    "productId": "6814d3abbcd9b504d290b05c",
    "userId": "6822d069c08fdfcf24d492df",
    "rating": 4,
    "comment": "Alter defluo conicio thesaurus optio conor desparatus ubi tabesco utique.",
    "createdAt": "2024-06-14T22:06:10.182Z"
  },
  {
    "productId": "6814a81835053cb1544dd151",
    "userId": "6822d068c08fdfcf24d492dd",
    "rating": 5,
    "comment": "Ipsa voluntarius adinventitias deleo adhuc ver amissio agnitio cattus ver.",
    "createdAt": "2024-06-14T23:26:06.264Z"
  },
  {
    "productId": "6814c3b3595891202e483a6c",
    "userId": "6822d069c08fdfcf24d492e9",
    "rating": 4,
    "comment": "Ver maxime corrigo itaque clam chirographum cunae utrum cognomen defendo.",
    "createdAt": "2024-06-13T01:41:44.115Z"
  },
  {
    "productId": "6814d30f19ffed8d9ec6b53c",
    "userId": "6822d069c08fdfcf24d492e9",
    "rating": 5,
    "comment": "Attero demum tremo doloribus maiores arguo antepono cras accusantium similique.",
    "createdAt": "2024-06-15T01:41:44.115Z"
  },
  {
    "productId": "6814c75737cb2b415f50f047",
    "userId": "6822d069c08fdfcf24d492e9",
    "rating": 5,
    "comment": "Succurro strenuus succurro acer theologus cornu ea sunt amplus dolorem.",
    "createdAt": "2024-06-15T01:41:44.115Z"
  },
  {
    "productId": "6814c741b44fb7a9e6cbb4b5",
    "userId": "6822d069c08fdfcf24d492e9",
    "rating": 5,
    "comment": "Depulso terror verumtamen abstergo corporis praesentium pecco thermae volutabrum sit.",
    "createdAt": "2024-06-11T01:41:44.115Z"
  },
  {
    "productId": "6814d30f19ffed8d9ec6b54e",
    "userId": "6822d069c08fdfcf24d49311",
    "rating": 1,
    "comment": "Doloremque curriculum ager tredecim adeo quasi sono patria vitium ocer.",
    "createdAt": "2024-06-15T02:30:34.369Z"
  },
  {
    "productId": "6814c1b4ba01e3aab8f3f39c",
    "userId": "6822d069c08fdfcf24d49311",
    "rating": 4,
    "comment": "Stipes tenax sub caute alo acsi crudelis fugiat harum tum.",
    "createdAt": "2024-06-16T02:30:34.369Z"
  },
  {
    "productId": "6814c103ca19a92a5b1d5b13",
    "userId": "6822d069c08fdfcf24d49311",
    "rating": 1,
    "comment": "Adamo summa bestia cattus consequuntur vae cariosus decimus quis amplitudo.",
    "createdAt": "2024-06-11T02:30:34.369Z"
  },
  {
    "productId": "6814c1b5ba01e3aab8f3f404",
    "userId": "6822d068c08fdfcf24d492d9",
    "rating": 5,
    "comment": "Defluo thermae agnosco suscipit dolorem defendo aro accommodo caput adeptio.",
    "createdAt": "2024-06-11T06:16:42.397Z"
  },
  {
    "productId": "6814d31019ffed8d9ec6b562",
    "userId": "6822d068c08fdfcf24d492bf",
    "rating": 5,
    "comment": "Suffoco suadeo callide caterva thesis terminatio concido cura adipisci subseco.",
    "createdAt": "2024-06-15T07:53:10.690Z"
  },
  {
    "productId": "6814c740b44fb7a9e6cbb479",
    "userId": "6822d069c08fdfcf24d4930d",
    "rating": 5,
    "comment": "Commemoro ex sordeo allatus quidem vulpes nam vae caries apto.",
    "createdAt": "2024-06-14T09:47:43.882Z"
  },
  {
    "productId": "6814cbfd9ac1ce2619619246",
    "userId": "6822d068c08fdfcf24d492d7",
    "rating": 5,
    "comment": "Timor colligo dapifer termes callide labore est depono atrocitas vulgivagus.",
    "createdAt": "2024-06-11T11:36:58.662Z"
  },
  {
    "productId": "6814d886eb6e44f9df4dc011",
    "userId": "6822d069c08fdfcf24d492e5",
    "rating": 5,
    "comment": "Timidus velit desolo auditor sed suffoco nostrum pariatur terreo inflammatio.",
    "createdAt": "2024-06-15T11:37:29.016Z"
  },
  {
    "productId": "6814d3aabcd9b504d290b024",
    "userId": "6822d068c08fdfcf24d492dd",
    "rating": 5,
    "comment": "Solvo coadunatio utpote voluntarius turpis maxime utor reprehenderit aeneus surgo.",
    "createdAt": "2024-06-11T12:02:21.357Z"
  },
  {
    "productId": "6814d8faa6b79f1523907ed8",
    "userId": "6822d069c08fdfcf24d492ff",
    "rating": 5,
    "comment": "Subseco depromo clibanus accedo umquam depulso derideo deleniti minima esse.",
    "createdAt": "2024-06-12T17:26:00.011Z"
  },
  {
    "productId": "6814d8faa6b79f1523907eac",
    "userId": "6822d068c08fdfcf24d492ad",
    "rating": 2,
    "comment": "Spiritus cursim accusamus desolo confido adulatio clamo distinctio deprimo vaco.",
    "createdAt": "2024-06-12T21:03:46.334Z"
  },
  {
    "productId": "6814cf2ef6a78c6dfa308452",
    "userId": "6822d069c08fdfcf24d492f3",
    "rating": 5,
    "comment": "Conqueror labore culpa fuga tempus stultus bos cur inflammatio delectatio.",
    "createdAt": "2024-06-12T23:22:47.043Z"
  },
  {
    "productId": "6814bf396172128284c9bf0c",
    "userId": "6822d068c08fdfcf24d492c3",
    "rating": 5,
    "comment": "Abscido adsuesco tactus cornu umquam claro solvo textilis voluptatum amissio.",
    "createdAt": "2024-06-13T00:09:28.365Z"
  },
  {
    "productId": "6814bcdd958ad8fcad8c544f",
    "userId": "6822d068c08fdfcf24d492c3",
    "rating": 5,
    "comment": "Vereor vinco tricesimus omnis bis benigne surgo alii laboriosam rerum.",
    "createdAt": "2024-06-16T00:09:28.365Z"
  },
  {
    "productId": "6814c75637cb2b415f50f023",
    "userId": "6822d068c08fdfcf24d492c3",
    "rating": 5,
    "comment": "Defluo vero demulceo celer sustineo templum cunae cupiditas coerceo conicio.",
    "createdAt": "2024-06-12T00:09:28.365Z"
  },
  {
    "productId": "6814c03933cd17d446b063c4",
    "userId": "6822d068c08fdfcf24d492c3",
    "rating": 5,
    "comment": "Vulgivagus surgo synagoga vir sub subvenio cena angulus cubo dens.",
    "createdAt": "2024-06-13T00:09:28.365Z"
  },
  {
    "productId": "6814af8ef38840c4bcc37ef0",
    "userId": "6822d069c08fdfcf24d492f5",
    "rating": 2,
    "comment": "Teres aperio coniecto acies tabula cernuus custodia corroboro debeo consequatur.",
    "createdAt": "2024-06-14T05:14:12.910Z"
  },
  {
    "productId": "6814c2ca511161f3045acbf0",
    "userId": "6822d069c08fdfcf24d492f9",
    "rating": 5,
    "comment": "Cinis beneficium cito eius tendo vir depereo pecus vesica voluptates.",
    "createdAt": "2024-06-14T06:57:17.498Z"
  },
  {
    "productId": "6814cf2ef6a78c6dfa308448",
    "userId": "6822d068c08fdfcf24d492d5",
    "rating": 5,
    "comment": "Dolorem comprehendo damnatio ut adsuesco magnam defetiscor aggredior sortitus ut.",
    "createdAt": "2024-06-14T07:21:13.249Z"
  },
  {
    "productId": "6814bf386172128284c9bec0",
    "userId": "6822d069c08fdfcf24d49307",
    "rating": 5,
    "comment": "Claro deporto deputo congregatio sulum corrigo territo carcer deinde cui.",
    "createdAt": "2024-06-16T11:07:19.187Z"
  },
  {
    "productId": "6814a81935053cb1544dd169",
    "userId": "6822d069c08fdfcf24d492f9",
    "rating": 3,
    "comment": "Praesentium vinitor victus anser tribuo venio suscipio vel tui aeternus.",
    "createdAt": "2024-06-17T13:44:18.444Z"
  },
  {
    "productId": "6814d518d4982e02496b6496",
    "userId": "6822d069c08fdfcf24d492f9",
    "rating": 5,
    "comment": "Dolor bonus enim aqua video titulus nostrum barba calculus vitium.",
    "createdAt": "2024-06-15T13:44:18.444Z"
  },
  {
    "productId": "6814af8ef38840c4bcc37ef0",
    "userId": "6822d069c08fdfcf24d492f9",
    "rating": 4,
    "comment": "Cribro surculus ventito vallum adversus vito deleniti officiis depono altus.",
    "createdAt": "2024-06-13T13:44:18.444Z"
  },
  {
    "productId": "6814d886eb6e44f9df4dc000",
    "userId": "6822d069c08fdfcf24d492f9",
    "rating": 1,
    "comment": "Beatae volubilis desparatus antepono cuppedia patrocinor cito succurro spes tamdiu.",
    "createdAt": "2024-06-17T13:44:18.444Z"
  },
  {
    "productId": "6814af8df38840c4bcc37ec5",
    "userId": "6822d06ac08fdfcf24d4932d",
    "rating": 4,
    "comment": "Damno error cogito caecus infit vulnus dedecor sufficio uxor sto.",
    "createdAt": "2024-06-17T14:20:43.894Z"
  },
  {
    "productId": "6814d3abbcd9b504d290b087",
    "userId": "6822d069c08fdfcf24d49319",
    "rating": 3,
    "comment": "Bibo agnosco vulpes tempus taceo ipsa iusto ars aggredior capto.",
    "createdAt": "2024-06-12T16:06:56.884Z"
  },
  {
    "productId": "6814a1941c10fee4a5286d81",
    "userId": "6822d069c08fdfcf24d4930f",
    "rating": 5,
    "comment": "Concido voluptas cubicularis stips color attollo creator acer umquam ustulo.",
    "createdAt": "2024-06-15T20:03:58.195Z"
  },
  {
    "productId": "6814d30f19ffed8d9ec6b53c",
    "userId": "6822d06ac08fdfcf24d49337",
    "rating": 4,
    "comment": "Vetus tolero at campana clam crustulum doloremque decumbo tametsi audax.",
    "createdAt": "2024-06-13T20:06:19.560Z"
  },
  {
    "productId": "6814d8faa6b79f1523907ec4",
    "userId": "6822d069c08fdfcf24d4931d",
    "rating": 5,
    "comment": "Caput inflammatio confugo taceo nulla aestus angulus nam abbas suffoco.",
    "createdAt": "2024-06-12T20:43:10.779Z"
  },
  {
    "productId": "6814a81835053cb1544dd10e",
    "userId": "6822d068c08fdfcf24d492c9",
    "rating": 5,
    "comment": "Calculus a adficio comedo suppellex anser alioqui benigne adnuo degero.",
    "createdAt": "2024-06-16T23:48:42.889Z"
  },
  {
    "productId": "68149cff30a898aab1f043e5",
    "userId": "6822d069c08fdfcf24d49315",
    "rating": 3,
    "comment": "Succedo socius supra curiositas condico abutor vita ustulo aequus sordeo.",
    "createdAt": "2024-06-13T02:18:05.012Z"
  },
  {
    "productId": "6814c1b4ba01e3aab8f3f386",
    "userId": "6822d06ac08fdfcf24d49341",
    "rating": 5,
    "comment": "Minima creator deficio tonsor dedecor cicuta supplanto ascit adeo cruciamentum.",
    "createdAt": "2024-06-13T07:53:31.370Z"
  },
  {
    "productId": "6814d246995813a18f27d968",
    "userId": "6822d06ac08fdfcf24d49341",
    "rating": 5,
    "comment": "Nam terror tutamen demitto ante molestiae sequi colo tametsi perferendis.",
    "createdAt": "2024-06-18T07:53:31.370Z"
  },
  {
    "productId": "6814b49adb8e7421d9054849",
    "userId": "6822d06ac08fdfcf24d49341",
    "rating": 5,
    "comment": "Aequus cura et suppellex ventus adficio voluptate tero valetudo accommodo.",
    "createdAt": "2024-06-17T07:53:31.370Z"
  },
  {
    "productId": "6814ccc358f78c505fea9668",
    "userId": "6822d06ac08fdfcf24d49341",
    "rating": 5,
    "comment": "Vereor xiphias sophismata comminor audio maxime corona absconditus vociferor tamdiu.",
    "createdAt": "2024-06-16T07:53:31.370Z"
  },
  {
    "productId": "6814d008dac5e44185ec2233",
    "userId": "6822d06ac08fdfcf24d4933d",
    "rating": 5,
    "comment": "Sursum viridis truculenter approbo vado creber angulus sponte tripudio harum.",
    "createdAt": "2024-06-17T10:11:58.114Z"
  },
  {
    "productId": "6814d49dabc2c4bf4ecaf516",
    "userId": "6822d069c08fdfcf24d492e9",
    "rating": 5,
    "comment": "Aggero verto absorbeo avarus blanditiis verumtamen talis chirographum versus coma.",
    "createdAt": "2024-06-15T12:25:19.010Z"
  },
  {
    "productId": "6814d30f19ffed8d9ec6b546",
    "userId": "6822d06ac08fdfcf24d49333",
    "rating": 5,
    "comment": "Vaco callide similique cicuta quibusdam civitas quam aestivus solutio acquiro.",
    "createdAt": "2024-06-15T12:44:16.642Z"
  },
  {
    "productId": "68149cfd30a898aab1f043a7",
    "userId": "6822d06ac08fdfcf24d49333",
    "rating": 5,
    "comment": "Virgo aer speciosus inflammatio defleo aperio bardus solutio vaco conor.",
    "createdAt": "2024-06-15T12:44:16.642Z"
  },
  {
    "productId": "6814a81935053cb1544dd159",
    "userId": "6822d06ac08fdfcf24d49333",
    "rating": 5,
    "comment": "Tres eius tot dolores quos cimentarius suscipio administratio aliquam sulum.",
    "createdAt": "2024-06-14T12:44:16.642Z"
  },
  {
    "productId": "6814c1b5ba01e3aab8f3f3d8",
    "userId": "6822d06ac08fdfcf24d49333",
    "rating": 5,
    "comment": "Uredo doloribus architecto timidus verbera arceo numquam demens unus paens.",
    "createdAt": "2024-06-14T12:44:16.642Z"
  },
  {
    "productId": "6814a81835053cb1544dd151",
    "userId": "6822d068c08fdfcf24d492d5",
    "rating": 5,
    "comment": "Adfero occaecati careo curiositas vivo pectus tumultus adficio nesciunt quaerat.",
    "createdAt": "2024-06-18T12:52:12.644Z"
  },
  {
    "productId": "6814d886eb6e44f9df4dc000",
    "userId": "6822d069c08fdfcf24d49311",
    "rating": 5,
    "comment": "Spiculum cogo calco conor utor autem charisma vinitor tempus tabella.",
    "createdAt": "2024-06-13T15:25:15.028Z"
  },
  {
    "productId": "6814a81835053cb1544dd149",
    "userId": "6822d068c08fdfcf24d492cb",
    "rating": 5,
    "comment": "Vociferor absorbeo summa rem demonstro alter dolor urbanus verumtamen dens.",
    "createdAt": "2024-06-19T00:33:50.828Z"
  },
  {
    "productId": "68149cfd30a898aab1f04395",
    "userId": "6822d068c08fdfcf24d492cb",
    "rating": 5,
    "comment": "Tollo tabula vinco defendo tumultus dicta capitulus corpus defluo cavus.",
    "createdAt": "2024-06-16T00:33:50.828Z"
  },
  {
    "productId": "6814c1b5ba01e3aab8f3f3e8",
    "userId": "6822d068c08fdfcf24d492cb",
    "rating": 1,
    "comment": "Quis pecto virgo suppono ut labore comis asperiores toties civis.",
    "createdAt": "2024-06-17T00:33:50.828Z"
  },
  {
    "productId": "6814daff48198c3c05074c35",
    "userId": "6822d068c08fdfcf24d492cb",
    "rating": 3,
    "comment": "Textus delego fugit ultra conitor sol accusantium provident sollicito supellex.",
    "createdAt": "2024-06-18T00:33:50.828Z"
  },
  {
    "productId": "6814d886eb6e44f9df4dbfef",
    "userId": "6822d068c08fdfcf24d492cb",
    "rating": 5,
    "comment": "Colo tamquam aestivus velit subvenio deprimo in adsidue adduco admitto.",
    "createdAt": "2024-06-17T07:26:50.202Z"
  },
  {
    "productId": "6814d30f19ffed8d9ec6b52f",
    "userId": "6822d06ac08fdfcf24d49321",
    "rating": 5,
    "comment": "Architecto accusamus decerno vorax vapulus eum consequatur atrox ventito suffragium.",
    "createdAt": "2024-06-17T14:58:54.594Z"
  },
  {
    "productId": "6814c104ca19a92a5b1d5b43",
    "userId": "6822d068c08fdfcf24d492af",
    "rating": 4,
    "comment": "Delego dolor toties sursum quae quasi confido tristis civis soluta.",
    "createdAt": "2024-06-17T15:58:55.580Z"
  },
  {
    "productId": "6814bf396172128284c9bf0c",
    "userId": "6822d068c08fdfcf24d492b1",
    "rating": 3,
    "comment": "Caute cometes sapiente demitto acsi volo coepi cupiditas cubicularis sollicito.",
    "createdAt": "2024-06-19T19:15:52.739Z"
  },
  {
    "productId": "6814daff48198c3c05074c47",
    "userId": "6822d068c08fdfcf24d492aa",
    "rating": 5,
    "comment": "Villa aureus magnam caput ademptio conatus utroque id aestivus aggredior.",
    "createdAt": "2024-06-16T20:04:12.354Z"
  },
  {
    "productId": "6814c2cb511161f3045acc34",
    "userId": "6822d068c08fdfcf24d492aa",
    "rating": 1,
    "comment": "Cunabula virtus stips comes tergum debeo truculenter libero umquam truculenter.",
    "createdAt": "2024-06-17T20:04:12.354Z"
  },
  {
    "productId": "6814cabe1780e5204676cdd0",
    "userId": "6822d068c08fdfcf24d492aa",
    "rating": 1,
    "comment": "Verumtamen quod catena demens textus curriculum comptus aetas solutio error.",
    "createdAt": "2024-06-14T20:04:12.354Z"
  },
  {
    "productId": "6814d008dac5e44185ec2247",
    "userId": "6822d068c08fdfcf24d492aa",
    "rating": 5,
    "comment": "Aestas ara comes tollo celer comminor paulatim vicissitudo voro nobis.",
    "createdAt": "2024-06-14T20:04:12.354Z"
  },
  {
    "productId": "6814bf386172128284c9becc",
    "userId": "6822d068c08fdfcf24d492bf",
    "rating": 1,
    "comment": "Tactus combibo abutor tredecim bene voveo neque casso acquiro repellat.",
    "createdAt": "2024-06-17T00:48:48.058Z"
  },
  {
    "productId": "6814c1b5ba01e3aab8f3f3c4",
    "userId": "6822d068c08fdfcf24d492c3",
    "rating": 5,
    "comment": "Amissio deprimo virga cras sit deduco est dolorum thesaurus minus.",
    "createdAt": "2024-06-16T00:57:58.761Z"
  },
  {
    "productId": "6814d4dbd4982e02496b635c",
    "userId": "6822d06ac08fdfcf24d49357",
    "rating": 5,
    "comment": "Umerus claro aureus sequi demum clam argentum ventito solutio termes.",
    "createdAt": "2024-06-16T02:03:31.562Z"
  },
  {
    "productId": "6814c103ca19a92a5b1d5af1",
    "userId": "6822d069c08fdfcf24d492e3",
    "rating": 4,
    "comment": "Triumphus aer deleo adicio asper ancilla appello blandior delego cauda.",
    "createdAt": "2024-06-15T07:24:34.073Z"
  },
  {
    "productId": "6814bcdd958ad8fcad8c546f",
    "userId": "6822d069c08fdfcf24d492e3",
    "rating": 5,
    "comment": "Dignissimos texo theatrum subiungo tero sint sperno blandior valens contra.",
    "createdAt": "2024-06-15T07:24:34.073Z"
  },
  {
    "productId": "6814ccc358f78c505fea968c",
    "userId": "6822d069c08fdfcf24d492e3",
    "rating": 5,
    "comment": "Adversus vomica crustulum volaticus decor sollers terreo nostrum tametsi quibusdam.",
    "createdAt": "2024-06-17T07:24:34.073Z"
  },
  {
    "productId": "6814ccc358f78c505fea9655",
    "userId": "6822d069c08fdfcf24d492e3",
    "rating": 5,
    "comment": "Advoco bos itaque conscendo tenax curto ea bestia quo agnitio.",
    "createdAt": "2024-06-16T07:24:34.073Z"
  },
  {
    "productId": "6814c741b44fb7a9e6cbb4af",
    "userId": "6822d069c08fdfcf24d492e3",
    "rating": 5,
    "comment": "Vorago tubineus praesentium vorax abscido bos tolero cognomen cinis comprehendo.",
    "createdAt": "2024-06-19T12:09:03.413Z"
  },
  {
    "productId": "6814c75737cb2b415f50f04f",
    "userId": "6822d069c08fdfcf24d492ff",
    "rating": 4,
    "comment": "Vicinus comprehendo tempora torrens excepturi culpa occaecati avarus acidus aestus.",
    "createdAt": "2024-06-18T13:19:59.828Z"
  },
  {
    "productId": "6814d8faa6b79f1523907ecc",
    "userId": "6822d069c08fdfcf24d492ff",
    "rating": 5,
    "comment": "Subiungo explicabo omnis at viridis consequatur adiuvo arbitro casus arma.",
    "createdAt": "2024-06-17T13:19:59.828Z"
  },
  {
    "productId": "6814d008dac5e44185ec223b",
    "userId": "6822d068c08fdfcf24d492b1",
    "rating": 3,
    "comment": "Sperno cetera canonicus currus valetudo vorago aliquam asper degenero corrupti.",
    "createdAt": "2024-06-20T14:46:10.649Z"
  },
  {
    "productId": "6814af8ef38840c4bcc37ee6",
    "userId": "6822d069c08fdfcf24d4930f",
    "rating": 4,
    "comment": "Defleo vallum tendo arx defetiscor ver verus tabgo voco adamo.",
    "createdAt": "2024-06-18T16:16:09.041Z"
  },
  {
    "productId": "6814c2ca511161f3045acbf0",
    "userId": "6822d06ac08fdfcf24d49349",
    "rating": 5,
    "comment": "Adsum ultra valetudo civitas aperio suscipit arbustum velut attollo aptus.",
    "createdAt": "2024-06-16T16:20:26.140Z"
  },
  {
    "productId": "6814bf396172128284c9bf1c",
    "userId": "6822d069c08fdfcf24d49311",
    "rating": 4,
    "comment": "Aspicio volup video ipsa corrigo territo cursim error voveo catena.",
    "createdAt": "2024-06-16T17:48:07.961Z"
  },
  {
    "productId": "6814d886eb6e44f9df4dc011",
    "userId": "6822d068c08fdfcf24d492a1",
    "rating": 1,
    "comment": "Argentum talio confugo nam vicinus tui trado auctus voluptatum compono.",
    "createdAt": "2024-06-19T20:28:39.757Z"
  },
  {
    "productId": "6814c3b3595891202e483a90",
    "userId": "6822d068c08fdfcf24d492bb",
    "rating": 5,
    "comment": "Vis adstringo comes supplanto molestiae nihil brevis copia quisquam tenuis.",
    "createdAt": "2024-06-18T21:49:35.740Z"
  },
  {
    "productId": "6814d518d4982e02496b6496",
    "userId": "6822d069c08fdfcf24d49313",
    "rating": 5,
    "comment": "Blandior delicate deprimo dicta ulciscor cerno temptatio tepesco abstergo admoneo.",
    "createdAt": "2024-06-19T00:35:51.370Z"
  },
  {
    "productId": "6814ccc358f78c505fea9655",
    "userId": "6822d069c08fdfcf24d4930b",
    "rating": 2,
    "comment": "Adamo cotidie vespillo verecundia ascit tamdiu demum centum sed vilitas.",
    "createdAt": "2024-06-20T03:08:10.503Z"
  },
  {
    "productId": "6814d246995813a18f27d963",
    "userId": "6822d068c08fdfcf24d492c3",
    "rating": 2,
    "comment": "Vomer certus aggero ipsum debitis adipiscor teres odit virgo canis.",
    "createdAt": "2024-06-17T05:12:16.238Z"
  },
  {
    "productId": "6814d245995813a18f27d92c",
    "userId": "6822d06ac08fdfcf24d4933b",
    "rating": 5,
    "comment": "Acsi fugiat crux tondeo sulum turbo veniam colligo averto claustrum.",
    "createdAt": "2024-06-17T05:53:56.311Z"
  },
  {
    "productId": "6814d3abbcd9b504d290b07f",
    "userId": "6822d06ac08fdfcf24d4932f",
    "rating": 5,
    "comment": "Auctor degero comptus asper admitto similique succedo traho harum atque.",
    "createdAt": "2024-06-20T07:58:20.415Z"
  },
  {
    "productId": "6814c03933cd17d446b06368",
    "userId": "6822d068c08fdfcf24d492b3",
    "rating": 3,
    "comment": "Sollicito vociferor amita vespillo abscido campana advenio fuga volup crur.",
    "createdAt": "2024-06-20T08:39:44.155Z"
  },
  {
    "productId": "6814c104ca19a92a5b1d5b1f",
    "userId": "6822d068c08fdfcf24d492bd",
    "rating": 5,
    "comment": "Conscendo tricesimus occaecati adeo dapifer pecco cibo crur coma averto.",
    "createdAt": "2024-06-18T10:15:59.141Z"
  },
  {
    "productId": "6814af8df38840c4bcc37ea6",
    "userId": "6822d068c08fdfcf24d492bd",
    "rating": 5,
    "comment": "Demitto utrum suscipio degusto sequi aggredior conscendo thymum cubo attero.",
    "createdAt": "2024-06-17T10:15:59.141Z"
  },
  {
    "productId": "6814af8df38840c4bcc37ea6",
    "userId": "6822d068c08fdfcf24d492bd",
    "rating": 5,
    "comment": "Despecto depono tamdiu conforto mollitia undique congregatio vitium adamo solium.",
    "createdAt": "2024-06-18T10:15:59.141Z"
  },
  {
    "productId": "68149cfd30a898aab1f0439b",
    "userId": "6822d068c08fdfcf24d492bd",
    "rating": 5,
    "comment": "Caritas voco paens enim acceptus cattus deripio magnam patrocinor numquam.",
    "createdAt": "2024-06-16T10:15:59.141Z"
  },
  {
    "productId": "6814d3abbcd9b504d290b07f",
    "userId": "6822d06bc08fdfcf24d49377",
    "rating": 3,
    "comment": "Super strues cogo catena decimus et eos charisma vesica copiose.",
    "createdAt": "2024-06-17T10:21:27.011Z"
  },
  {
    "productId": "6814cbfd9ac1ce261961923f",
    "userId": "6822d069c08fdfcf24d492ff",
    "rating": 5,
    "comment": "Bibo vere amplitudo doloremque depopulo sonitus anser tredecim benigne virgo.",
    "createdAt": "2024-06-17T14:37:59.232Z"
  },
  {
    "productId": "6814c740b44fb7a9e6cbb471",
    "userId": "6822d06bc08fdfcf24d49369",
    "rating": 4,
    "comment": "Voluptate thorax sapiente paens teres auditor ambulo universe tumultus infit.",
    "createdAt": "2024-06-16T15:08:45.323Z"
  },
  {
    "productId": "6814b49adb8e7421d9054854",
    "userId": "6822d06ac08fdfcf24d49345",
    "rating": 5,
    "comment": "Depromo aequitas deputo alii vivo capio amicitia avaritia ademptio cui.",
    "createdAt": "2024-06-16T17:05:41.852Z"
  },
  {
    "productId": "6814c2ca511161f3045acbf0",
    "userId": "6822d06ac08fdfcf24d49345",
    "rating": 4,
    "comment": "Arguo alienus accusator venustas soluta deserunt uredo natus delego quis.",
    "createdAt": "2024-06-19T17:05:41.852Z"
  },
  {
    "productId": "6814d008dac5e44185ec2241",
    "userId": "6822d06ac08fdfcf24d49345",
    "rating": 5,
    "comment": "Dolores defendo uberrime vir vaco celebrer deorsum tollo thermae conicio.",
    "createdAt": "2024-06-17T17:05:41.852Z"
  },
  {
    "productId": "6814c1b4ba01e3aab8f3f3a8",
    "userId": "6822d06ac08fdfcf24d49345",
    "rating": 5,
    "comment": "Stipes ullus calco villa coadunatio sollers talus adsuesco cuius caries.",
    "createdAt": "2024-06-21T17:05:41.852Z"
  },
  {
    "productId": "6814d886eb6e44f9df4dbfef",
    "userId": "6822d068c08fdfcf24d492b9",
    "rating": 5,
    "comment": "Thymbra verto textilis libero desparatus verbera corrupti decumbo condico aestivus.",
    "createdAt": "2024-06-22T01:04:12.377Z"
  },
  {
    "productId": "6814b49adb8e7421d905486e",
    "userId": "6822d068c08fdfcf24d492b1",
    "rating": 5,
    "comment": "Rerum acsi decet carbo dedecor spoliatio adfero vehemens xiphias nam.",
    "createdAt": "2024-06-21T06:55:40.788Z"
  },
  {
    "productId": "6814c1b5ba01e3aab8f3f3c4",
    "userId": "6822d06ac08fdfcf24d4935d",
    "rating": 5,
    "comment": "Territo vindico vetus sursum curis conicio ipsa studio demoror accedo.",
    "createdAt": "2024-06-19T06:55:55.402Z"
  },
  {
    "productId": "6814af8ef38840c4bcc37edc",
    "userId": "6822d068c08fdfcf24d492db",
    "rating": 5,
    "comment": "Cariosus valde tersus vorax antea vigilo tamen explicabo blandior amplitudo.",
    "createdAt": "2024-06-20T07:37:37.095Z"
  },
  {
    "productId": "6814bcdd958ad8fcad8c547b",
    "userId": "6822d068c08fdfcf24d492db",
    "rating": 5,
    "comment": "Thema qui cupiditate curvo crapula dens aiunt arma vespillo aperte.",
    "createdAt": "2024-06-22T07:37:37.095Z"
  },
  {
    "productId": "6814b49adb8e7421d9054830",
    "userId": "6822d069c08fdfcf24d492e3",
    "rating": 5,
    "comment": "Barba stips consequuntur ciminatio capio adstringo vestrum vergo audax consequuntur.",
    "createdAt": "2024-06-19T08:37:40.166Z"
  },
  {
    "productId": "6814b49adb8e7421d9054849",
    "userId": "6822d06ac08fdfcf24d4932f",
    "rating": 5,
    "comment": "Aliquid tabella defessus depono aegre alter tergo thema aspernatur cohaero.",
    "createdAt": "2024-06-19T08:45:03.441Z"
  },
  {
    "productId": "6814d245995813a18f27d932",
    "userId": "6822d06ac08fdfcf24d4932f",
    "rating": 3,
    "comment": "Acervus venustas sustineo est comprehendo conor crepusculum defaeco comitatus caritas.",
    "createdAt": "2024-06-21T08:45:03.441Z"
  },
  {
    "productId": "6814d8faa6b79f1523907eb6",
    "userId": "6822d06ac08fdfcf24d4932f",
    "rating": 5,
    "comment": "Pectus vulticulus amitto capto avarus audio claudeo summa vinum depono.",
    "createdAt": "2024-06-18T08:45:03.441Z"
  },
  {
    "productId": "6814c75637cb2b415f50f02b",
    "userId": "6822d06ac08fdfcf24d4932f",
    "rating": 3,
    "comment": "Patria tumultus corroboro adsum cubitum cunae amor quibusdam somniculosus laboriosam.",
    "createdAt": "2024-06-22T08:45:03.441Z"
  },
  {
    "productId": "6814bf386172128284c9becc",
    "userId": "6822d06bc08fdfcf24d49367",
    "rating": 5,
    "comment": "Depono uter cariosus adopto illum decumbo speculum creptio cunae tripudio.",
    "createdAt": "2024-06-19T09:57:42.759Z"
  },
  {
    "productId": "6814c104ca19a92a5b1d5b43",
    "userId": "6822d069c08fdfcf24d492f9",
    "rating": 5,
    "comment": "Allatus aduro tepesco comis ipsa vociferor turpis convoco averto aliquid.",
    "createdAt": "2024-06-19T10:18:41.361Z"
  },
  {
    "productId": "6814a1931c10fee4a5286d5d",
    "userId": "6822d069c08fdfcf24d492f1",
    "rating": 5,
    "comment": "Versus victoria repellendus copia voluptatibus quia votum molestias demo modi.",
    "createdAt": "2024-06-20T11:05:46.711Z"
  },
  {
    "productId": "6814a1941c10fee4a5286d9a",
    "userId": "6822d069c08fdfcf24d492f1",
    "rating": 4,
    "comment": "Cura cenaculum illum autus varius apparatus conspergo degenero apparatus ars.",
    "createdAt": "2024-06-19T11:05:46.711Z"
  },
  {
    "productId": "6814bf386172128284c9becc",
    "userId": "6822d06ac08fdfcf24d49331",
    "rating": 3,
    "comment": "Deporto assentator temeritas admiratio conculco voluptas a similique neque cohaero.",
    "createdAt": "2024-06-18T11:40:57.612Z"
  },
  {
    "productId": "6814c75737cb2b415f50f05f",
    "userId": "6822d06bc08fdfcf24d49371",
    "rating": 5,
    "comment": "Usque appello basium demulceo earum ipsum agnitio sponte strenuus acer.",
    "createdAt": "2024-06-18T12:12:43.838Z"
  },
  {
    "productId": "68149cfd30a898aab1f04395",
    "userId": "6822d069c08fdfcf24d492f3",
    "rating": 5,
    "comment": "Aer suscipio denuo comptus usque laudantium accusantium comitatus odio molestiae.",
    "createdAt": "2024-06-21T17:16:17.650Z"
  },
  {
    "productId": "6814c740b44fb7a9e6cbb49e",
    "userId": "6822d069c08fdfcf24d492f7",
    "rating": 5,
    "comment": "Adfectus acceptus virga saepe blandior tripudio thesaurus vitiosus accusantium amo.",
    "createdAt": "2024-06-20T19:03:37.106Z"
  },
  {
    "productId": "6814c03933cd17d446b06368",
    "userId": "6822d06ac08fdfcf24d49349",
    "rating": 5,
    "comment": "Cur itaque tametsi cruciamentum tollo accusator supplanto ipsa ambitus deleniti.",
    "createdAt": "2024-06-19T01:08:11.257Z"
  },
  {
    "productId": "6814c741b44fb7a9e6cbb4af",
    "userId": "6822d06ac08fdfcf24d49349",
    "rating": 5,
    "comment": "Cunabula sed repellendus sponte aegrus tamisium unde audacia apostolus speculum.",
    "createdAt": "2024-06-18T01:08:11.257Z"
  },
  {
    "productId": "6814c75737cb2b415f50f06b",
    "userId": "6822d06bc08fdfcf24d49389",
    "rating": 5,
    "comment": "Patior creo vergo vester impedit spes magnam uxor ustilo dignissimos.",
    "createdAt": "2024-06-23T02:07:32.722Z"
  },
  {
    "productId": "6814c1b5ba01e3aab8f3f3d8",
    "userId": "6822d06bc08fdfcf24d49379",
    "rating": 5,
    "comment": "Adstringo theatrum pariatur contra suppono usitas comedo adeo explicabo cura.",
    "createdAt": "2024-06-18T03:18:34.118Z"
  },
  {
    "productId": "6814d3abbcd9b504d290b087",
    "userId": "6822d06ac08fdfcf24d4933f",
    "rating": 5,
    "comment": "Benigne thema amaritudo contego sperno benevolentia similique pecco vitae volutabrum.",
    "createdAt": "2024-06-20T14:14:41.895Z"
  },
  {
    "productId": "68149cfd30a898aab1f0439b",
    "userId": "6822d069c08fdfcf24d4931b",
    "rating": 1,
    "comment": "Ustilo suscipio caute adsum cresco accendo vulariter verumtamen stella adficio.",
    "createdAt": "2024-06-19T14:41:01.380Z"
  },
  {
    "productId": "6814a1931c10fee4a5286d55",
    "userId": "6822d069c08fdfcf24d4930b",
    "rating": 4,
    "comment": "Viriliter deserunt adversus ultio laboriosam tumultus laudantium aliquid tergiversatio tego.",
    "createdAt": "2024-06-23T18:28:56.854Z"
  },
  {
    "productId": "6814d246995813a18f27d95b",
    "userId": "6822d069c08fdfcf24d4930b",
    "rating": 5,
    "comment": "Contabesco custodia sustineo vae certe ustilo substantia decipio error suffragium.",
    "createdAt": "2024-06-23T18:28:56.854Z"
  },
  {
    "productId": "6814a81835053cb1544dd149",
    "userId": "6822d069c08fdfcf24d4930b",
    "rating": 5,
    "comment": "Deleniti pel hic absque soluta aestus animadverto eligendi calcar timidus.",
    "createdAt": "2024-06-23T18:28:56.854Z"
  },
  {
    "productId": "6814c03a33cd17d446b063e1",
    "userId": "6822d069c08fdfcf24d4930b",
    "rating": 5,
    "comment": "Reiciendis eaque clamo totidem victoria absque cogito consequuntur denique vesper.",
    "createdAt": "2024-06-20T18:28:56.854Z"
  },
  {
    "productId": "6814c104ca19a92a5b1d5b53",
    "userId": "6822d068c08fdfcf24d492cd",
    "rating": 5,
    "comment": "Cinis aliquam aiunt nam terra blanditiis quas accendo claro ipsum.",
    "createdAt": "2024-06-18T20:54:23.282Z"
  },
  {
    "productId": "6814c1b4ba01e3aab8f3f386",
    "userId": "6822d06ac08fdfcf24d4933f",
    "rating": 5,
    "comment": "Admoneo sodalitas charisma toties suggero delibero considero uberrime tepesco at.",
    "createdAt": "2024-06-19T02:15:14.262Z"
  },
  {
    "productId": "6814c2ca511161f3045acbc2",
    "userId": "6822d06ac08fdfcf24d49343",
    "rating": 5,
    "comment": "Venio dolor pauper tristis caterva ultio pariatur theologus volva tendo.",
    "createdAt": "2024-06-20T04:07:07.559Z"
  },
  {
    "productId": "6814cabf1780e5204676cdfd",
    "userId": "6822d06cc08fdfcf24d4939f",
    "rating": 5,
    "comment": "Defero nulla defluo tepesco contabesco demoror adsum confugo bos pecco.",
    "createdAt": "2024-06-21T13:43:07.170Z"
  },
  {
    "productId": "6814b49adb8e7421d905486e",
    "userId": "6822d06cc08fdfcf24d4939f",
    "rating": 5,
    "comment": "Adversus utor thalassinus tamen peccatus sumptus arca solvo canto caries.",
    "createdAt": "2024-06-20T13:43:07.170Z"
  },
  {
    "productId": "6814d886eb6e44f9df4dc011",
    "userId": "6822d06cc08fdfcf24d4939f",
    "rating": 5,
    "comment": "Commodi tener ver arceo varietas asperiores enim timor comitatus apparatus.",
    "createdAt": "2024-06-20T13:43:07.170Z"
  },
  {
    "productId": "6814ccc358f78c505fea9668",
    "userId": "6822d06cc08fdfcf24d4939f",
    "rating": 4,
    "comment": "Audentia sursum caute surculus suffoco assentator valde temperantia conduco aliqua.",
    "createdAt": "2024-06-24T13:43:07.170Z"
  },
  {
    "productId": "6814d245995813a18f27d938",
    "userId": "6822d068c08fdfcf24d492c1",
    "rating": 5,
    "comment": "Omnis comedo conservo iste adduco dens despecto curatio cetera tantum.",
    "createdAt": "2024-06-23T15:38:23.804Z"
  },
  {
    "productId": "6814c3b3595891202e483a60",
    "userId": "6822d068c08fdfcf24d492c1",
    "rating": 5,
    "comment": "Circumvenio vicinus turbo tutamen cuppedia nemo aequus comptus vir cubitum.",
    "createdAt": "2024-06-24T15:38:23.804Z"
  },
  {
    "productId": "6814a81835053cb1544dd151",
    "userId": "6822d068c08fdfcf24d492c1",
    "rating": 1,
    "comment": "Tui triduana modi studio alveus cursus volutabrum cavus arcus defungo.",
    "createdAt": "2024-06-23T15:38:23.804Z"
  },
  {
    "productId": "6814be17a67388b7fa2b03a4",
    "userId": "6822d069c08fdfcf24d492e5",
    "rating": 5,
    "comment": "Esse vesper atavus concedo corporis succurro cometes victus decipio deserunt.",
    "createdAt": "2024-06-24T18:09:47.497Z"
  },
  {
    "productId": "6814c104ca19a92a5b1d5b43",
    "userId": "6822d069c08fdfcf24d492e5",
    "rating": 2,
    "comment": "Avaritia velum adaugeo compono communis odio atavus speciosus arto confero.",
    "createdAt": "2024-06-20T18:09:47.497Z"
  },
  {
    "productId": "6814ccc358f78c505fea9668",
    "userId": "6822d069c08fdfcf24d492e5",
    "rating": 5,
    "comment": "Colligo teneo triumphus succedo utpote deleo sponte tui verto carpo.",
    "createdAt": "2024-06-22T18:09:47.497Z"
  },
  {
    "productId": "6814d3aabcd9b504d290b024",
    "userId": "6822d069c08fdfcf24d492e1",
    "rating": 4,
    "comment": "Antiquus turpis surculus cultellus blandior debilito nostrum depopulo appono aperio.",
    "createdAt": "2024-06-21T18:22:46.900Z"
  },
  {
    "productId": "6814c2cb511161f3045acc34",
    "userId": "6822d06ac08fdfcf24d49339",
    "rating": 5,
    "comment": "Repellendus quibusdam spes tam tracto modi adipiscor certe accusantium cras.",
    "createdAt": "2024-06-20T22:46:42.800Z"
  },
  {
    "productId": "6814d49dabc2c4bf4ecaf524",
    "userId": "6822d06bc08fdfcf24d4936b",
    "rating": 4,
    "comment": "Dolorem tabesco autem cogo turpis subnecto paens compello tredecim caterva.",
    "createdAt": "2024-06-22T00:20:20.931Z"
  },
  {
    "productId": "68149cfe30a898aab1f043d7",
    "userId": "6822d06bc08fdfcf24d4936b",
    "rating": 5,
    "comment": "Officia acervus cunctatio adamo bardus substantia amplitudo comptus conservo sint.",
    "createdAt": "2024-06-21T00:20:20.931Z"
  },
  {
    "productId": "6814d30f19ffed8d9ec6b546",
    "userId": "6822d06ac08fdfcf24d49327",
    "rating": 5,
    "comment": "Voluptatem turbo cumque degusto vilicus clamo sed perspiciatis consuasor doloremque.",
    "createdAt": "2024-06-25T03:32:11.014Z"
  },
  {
    "productId": "6814c3b3595891202e483abc",
    "userId": "6822d068c08fdfcf24d492d5",
    "rating": 5,
    "comment": "Cresco accedo claustrum appositus brevis decumbo ultio sumo accusantium ventosus.",
    "createdAt": "2024-06-23T09:47:11.847Z"
  },
  {
    "productId": "6814d4dbd4982e02496b635c",
    "userId": "6822d06bc08fdfcf24d4938b",
    "rating": 5,
    "comment": "Tersus tumultus amicitia bestia excepturi illum acervus casso credo aestas.",
    "createdAt": "2024-06-22T15:27:35.247Z"
  },
  {
    "productId": "6814d31019ffed8d9ec6b553",
    "userId": "6822d068c08fdfcf24d492b1",
    "rating": 5,
    "comment": "Una ater audacia considero voluptatem repellendus cura solio adnuo tergo.",
    "createdAt": "2024-06-20T17:45:13.719Z"
  },
  {
    "productId": "6814c104ca19a92a5b1d5b53",
    "userId": "6822d06ac08fdfcf24d4934b",
    "rating": 5,
    "comment": "Ocer deorsum temporibus timidus vigilo titulus cohibeo adeo sperno demulceo.",
    "createdAt": "2024-06-24T18:32:53.691Z"
  },
  {
    "productId": "6814c2ca511161f3045acc0c",
    "userId": "6822d06ac08fdfcf24d4934b",
    "rating": 5,
    "comment": "Vitae velit audacia repellat suscipio aer concido corrigo eligendi adopto.",
    "createdAt": "2024-06-20T18:32:53.691Z"
  },
  {
    "productId": "6814d007dac5e44185ec2223",
    "userId": "6822d067c08fdfcf24d49299",
    "rating": 5,
    "comment": "Tergeo baiulus succedo aeneus varius adhuc omnis cetera atque commodo.",
    "createdAt": "2024-06-25T23:17:13.830Z"
  },
  {
    "productId": "6814c104ca19a92a5b1d5b2f",
    "userId": "6822d06ac08fdfcf24d4935b",
    "rating": 5,
    "comment": "Virgo delibero quas deludo una quo amiculum vetus sol commemoro.",
    "createdAt": "2024-06-26T00:24:10.505Z"
  },
  {
    "productId": "68149cfd30a898aab1f0439b",
    "userId": "6822d069c08fdfcf24d492df",
    "rating": 5,
    "comment": "Tamquam uxor viridis ipsam ad correptius video deporto aro tantum.",
    "createdAt": "2024-06-24T01:29:06.172Z"
  },
  {
    "productId": "6814d31019ffed8d9ec6b562",
    "userId": "6822d068c08fdfcf24d492b3",
    "rating": 5,
    "comment": "Spargo vel aperio celer aetas capillus admiratio tersus illo non.",
    "createdAt": "2024-06-23T08:24:06.584Z"
  },
  {
    "productId": "6814be18a67388b7fa2b03bc",
    "userId": "6822d06ac08fdfcf24d4935d",
    "rating": 5,
    "comment": "Villa cultellus a carus vix depromo at velum decipio tactus.",
    "createdAt": "2024-06-25T23:21:43.196Z"
  },
  {
    "productId": "6814c2cb511161f3045acc40",
    "userId": "6822d06ac08fdfcf24d4935d",
    "rating": 3,
    "comment": "Dens agnitio tenuis clarus dapifer amo repellat adeo tempore cunae.",
    "createdAt": "2024-06-23T23:21:43.196Z"
  },
  {
    "productId": "6814c2ca511161f3045acbe4",
    "userId": "6822d06ac08fdfcf24d4935d",
    "rating": 1,
    "comment": "Crebro coruscus advoco cuius id eius votum sapiente capio truculenter.",
    "createdAt": "2024-06-21T23:21:43.196Z"
  },
  {
    "productId": "6814c2ca511161f3045acc0c",
    "userId": "6822d06ac08fdfcf24d4935d",
    "rating": 3,
    "comment": "Ulciscor nihil sto creber crepusculum amita vere conspergo capillus perferendis.",
    "createdAt": "2024-06-21T23:21:43.196Z"
  },
  {
    "productId": "6814c03933cd17d446b06374",
    "userId": "6822d068c08fdfcf24d492d5",
    "rating": 5,
    "comment": "Solutio canis centum amet fugiat odio solvo tergum balbus sortitus.",
    "createdAt": "2024-06-27T04:27:35.177Z"
  },
  {
    "productId": "6814d007dac5e44185ec2202",
    "userId": "6822d068c08fdfcf24d492cd",
    "rating": 3,
    "comment": "Optio cilicium alius abutor perspiciatis quis vesper congregatio tergeo cui.",
    "createdAt": "2024-06-22T04:51:12.281Z"
  },
  {
    "productId": "6814d007dac5e44185ec2202",
    "userId": "6822d06bc08fdfcf24d49389",
    "rating": 5,
    "comment": "Tergum sollicito soleo titulus animadverto sed tutis avarus culpa angulus.",
    "createdAt": "2024-06-23T07:28:44.954Z"
  },
  {
    "productId": "6814ccc358f78c505fea968c",
    "userId": "6822d06bc08fdfcf24d49389",
    "rating": 5,
    "comment": "Arto volaticus amita minima artificiose cotidie animus trepide conventus alius.",
    "createdAt": "2024-06-24T07:28:44.954Z"
  },
  {
    "productId": "6814d3abbcd9b504d290b066",
    "userId": "6822d06bc08fdfcf24d49389",
    "rating": 5,
    "comment": "Denego ab adulescens calcar cuius admitto traho iure canto arbustum.",
    "createdAt": "2024-06-25T07:28:44.954Z"
  },
  {
    "productId": "6814c1b5ba01e3aab8f3f3d0",
    "userId": "6822d06bc08fdfcf24d49389",
    "rating": 5,
    "comment": "Chirographum ratione crebro creator cumque velociter damno vociferor curriculum voco.",
    "createdAt": "2024-06-24T07:28:44.954Z"
  },
  {
    "productId": "6814c75737cb2b415f50f065",
    "userId": "6822d06ac08fdfcf24d49351",
    "rating": 4,
    "comment": "Debeo tum theatrum compono alveus consuasor congregatio laborum tricesimus advenio.",
    "createdAt": "2024-06-25T08:28:10.068Z"
  },
  {
    "productId": "6814a1941c10fee4a5286d81",
    "userId": "6822d06ac08fdfcf24d4934d",
    "rating": 5,
    "comment": "Iusto odio decretum vomica eius abbas admitto uter canonicus arbor.",
    "createdAt": "2024-06-25T14:12:59.766Z"
  },
  {
    "productId": "6814cbfc9ac1ce261961922f",
    "userId": "6822d068c08fdfcf24d492d5",
    "rating": 3,
    "comment": "Textor sufficio ascit aequus aeger crur perspiciatis aperiam vulgivagus reprehenderit.",
    "createdAt": "2024-06-26T14:52:20.135Z"
  },
  {
    "productId": "6814c1b5ba01e3aab8f3f3d0",
    "userId": "6822d068c08fdfcf24d492d5",
    "rating": 5,
    "comment": "Articulus tergum aequitas patior amet veritatis claudeo aestivus curriculum rem.",
    "createdAt": "2024-06-24T14:52:20.135Z"
  },
  {
    "productId": "6814d519d4982e02496b64cd",
    "userId": "6822d068c08fdfcf24d492d5",
    "rating": 4,
    "comment": "Antea acervus tempus aeneus minima contego aequus sortitus adhuc comminor.",
    "createdAt": "2024-06-27T14:52:20.135Z"
  },
  {
    "productId": "6814d519d4982e02496b64c8",
    "userId": "6822d068c08fdfcf24d492d5",
    "rating": 3,
    "comment": "Curia stipes benigne contra censura colo texo canis ceno cibo.",
    "createdAt": "2024-06-26T14:52:20.135Z"
  },
  {
    "productId": "6814c2ca511161f3045acc0c",
    "userId": "6822d069c08fdfcf24d49317",
    "rating": 4,
    "comment": "Comis urbanus vacuus caste advoco vester aqua aeneus somniculosus solum.",
    "createdAt": "2024-06-23T18:22:25.394Z"
  },
  {
    "productId": "6814d3abbcd9b504d290b07f",
    "userId": "6822d069c08fdfcf24d49317",
    "rating": 4,
    "comment": "Statua depopulo quae argumentum creator strues vitae sopor brevis tempora.",
    "createdAt": "2024-06-27T18:22:25.394Z"
  },
  {
    "productId": "6814d30f19ffed8d9ec6b536",
    "userId": "6822d069c08fdfcf24d49317",
    "rating": 3,
    "comment": "Sponte cunae tantum angustus vinitor fugit vel adfectus sollers defessus.",
    "createdAt": "2024-06-22T18:22:25.394Z"
  },
  {
    "productId": "6814d3aabcd9b504d290b01c",
    "userId": "6822d069c08fdfcf24d49317",
    "rating": 5,
    "comment": "Pauci crebro ad cribro alveus compello ago uberrime ipsum iusto.",
    "createdAt": "2024-06-24T18:22:25.394Z"
  },
  {
    "productId": "6814bf386172128284c9bee8",
    "userId": "6822d068c08fdfcf24d492d5",
    "rating": 5,
    "comment": "Rem est alienus adversus confero acervus certus arca ubi utrum.",
    "createdAt": "2024-06-23T22:34:06.620Z"
  },
  {
    "productId": "6814bf396172128284c9bf0c",
    "userId": "6822d06ac08fdfcf24d4935d",
    "rating": 5,
    "comment": "Vitiosus adaugeo asperiores votum venia perspiciatis terminatio dens celer bellicus.",
    "createdAt": "2024-06-27T23:04:51.867Z"
  },
  {
    "productId": "6814c2ca511161f3045acc14",
    "userId": "6822d069c08fdfcf24d492e5",
    "rating": 4,
    "comment": "Adfero acer solutio suffragium strues fugiat terror stipes non ante.",
    "createdAt": "2024-06-24T23:28:03.784Z"
  },
  {
    "productId": "6814be17a67388b7fa2b0398",
    "userId": "6822d068c08fdfcf24d492cb",
    "rating": 5,
    "comment": "Magnam error trado corona delego conventus adopto undique cresco ambitus.",
    "createdAt": "2024-06-28T00:07:49.551Z"
  },
  {
    "productId": "6814d518d4982e02496b64a3",
    "userId": "6822d069c08fdfcf24d49303",
    "rating": 5,
    "comment": "Paens argentum armarium stips vehemens careo spero amplexus ultra laudantium.",
    "createdAt": "2024-06-25T01:19:32.149Z"
  },
  {
    "productId": "6814d886eb6e44f9df4dc00b",
    "userId": "6822d069c08fdfcf24d49307",
    "rating": 3,
    "comment": "Quas vado stillicidium bene deripio tametsi acer cernuus thymbra temeritas.",
    "createdAt": "2024-06-26T02:26:04.431Z"
  },
  {
    "productId": "6814b49adb8e7421d9054830",
    "userId": "6822d068c08fdfcf24d492b9",
    "rating": 5,
    "comment": "Occaecati voluntarius expedita solus vapulus astrum ager angelus combibo aeternus.",
    "createdAt": "2024-06-26T03:38:36.120Z"
  },
  {
    "productId": "6814b49adb8e7421d905484e",
    "userId": "6822d06bc08fdfcf24d49361",
    "rating": 5,
    "comment": "Utilis corrupti turbo damnatio sum perferendis commodo quam paens cursus.",
    "createdAt": "2024-06-23T06:31:20.781Z"
  },
  {
    "productId": "6814af8ef38840c4bcc37edc",
    "userId": "6822d06bc08fdfcf24d49361",
    "rating": 5,
    "comment": "Damnatio nostrum trado triduana textilis defaeco tenetur sunt concido confero.",
    "createdAt": "2024-06-26T06:31:20.781Z"
  },
  {
    "productId": "6814a1931c10fee4a5286d75",
    "userId": "6822d06bc08fdfcf24d49361",
    "rating": 5,
    "comment": "Celebrer aegre earum compono vulpes cunctatio subito tempora averto crustulum.",
    "createdAt": "2024-06-27T06:31:20.781Z"
  },
  {
    "productId": "6814d8faa6b79f1523907e9d",
    "userId": "6822d06bc08fdfcf24d49361",
    "rating": 5,
    "comment": "Supplanto caute beneficium bellicus vestigium carpo volubilis tabernus cubo arceo.",
    "createdAt": "2024-06-27T06:31:20.781Z"
  },
  {
    "productId": "6814c104ca19a92a5b1d5b2f",
    "userId": "6822d069c08fdfcf24d492e1",
    "rating": 5,
    "comment": "Uberrime vereor laboriosam tametsi amaritudo enim sol cubicularis collum clam.",
    "createdAt": "2024-06-24T09:29:27.148Z"
  },
  {
    "productId": "6814c3b3595891202e483abc",
    "userId": "6822d068c08fdfcf24d492a4",
    "rating": 4,
    "comment": "Terra dolorum adhuc creta absum valeo depulso triumphus cauda capto.",
    "createdAt": "2024-06-24T11:17:44.459Z"
  },
  {
    "productId": "6814c75737cb2b415f50f047",
    "userId": "6822d06bc08fdfcf24d4937d",
    "rating": 5,
    "comment": "Adopto ab cultura accommodo certe corona repudiandae vociferor comburo tibi.",
    "createdAt": "2024-06-26T12:46:41.570Z"
  },
  {
    "productId": "6814c03933cd17d446b06398",
    "userId": "6822d068c08fdfcf24d492af",
    "rating": 4,
    "comment": "Facere umbra votum cauda defleo vociferor vilicus adiuvo molestiae decerno.",
    "createdAt": "2024-06-27T16:36:43.722Z"
  },
  {
    "productId": "6814a1931c10fee4a5286d5d",
    "userId": "6822d06bc08fdfcf24d49391",
    "rating": 5,
    "comment": "Sol clementia paulatim spargo desipio paens sum adamo nisi baiulus.",
    "createdAt": "2024-06-26T22:11:50.801Z"
  },
  {
    "productId": "6814cbfd9ac1ce2619619246",
    "userId": "6822d069c08fdfcf24d492df",
    "rating": 5,
    "comment": "Adduco voveo contra vox trucido sum copia adipiscor vulgivagus cultura.",
    "createdAt": "2024-06-26T23:33:43.278Z"
  },
  {
    "productId": "6814a1931c10fee4a5286d55",
    "userId": "6822d06cc08fdfcf24d493b9",
    "rating": 5,
    "comment": "Bellicus vehemens pecus conscendo thema speciosus thymbra avarus volaticus arto.",
    "createdAt": "2024-06-28T01:28:24.464Z"
  },
  {
    "productId": "6814daff48198c3c05074c35",
    "userId": "6822d06bc08fdfcf24d49389",
    "rating": 3,
    "comment": "Ubi degusto canto reiciendis sumo vinco rem ex degero volva.",
    "createdAt": "2024-06-26T05:07:33.143Z"
  },
  {
    "productId": "6814c830fd4ffab5ca02f720",
    "userId": "6822d068c08fdfcf24d492d9",
    "rating": 3,
    "comment": "Delicate thalassinus vita sumptus cerno eos pariatur temporibus benigne coerceo.",
    "createdAt": "2024-06-29T08:54:41.200Z"
  },
  {
    "productId": "6814c2ca511161f3045acbe4",
    "userId": "6822d069c08fdfcf24d49315",
    "rating": 5,
    "comment": "Blanditiis depulso cur vulpes spiculum caritas aestas cariosus aeternus aestivus.",
    "createdAt": "2024-06-28T09:39:49.278Z"
  },
  {
    "productId": "6814be17a67388b7fa2b035a",
    "userId": "6822d069c08fdfcf24d4931b",
    "rating": 1,
    "comment": "Voveo defessus alter confugo coaegresco debeo accusamus amissio delego summopere.",
    "createdAt": "2024-06-26T10:40:42.542Z"
  },
  {
    "productId": "6814c741b44fb7a9e6cbb4c2",
    "userId": "6822d06cc08fdfcf24d493d9",
    "rating": 3,
    "comment": "Vigilo degero desipio aut tantum nostrum corpus caterva arto sufficio.",
    "createdAt": "2024-06-28T15:04:08.874Z"
  },
  {
    "productId": "6814be17a67388b7fa2b03a4",
    "userId": "6822d06bc08fdfcf24d4937b",
    "rating": 5,
    "comment": "Vicissitudo ventito vinculum quo amplitudo thesis correptius ambulo avarus tergiversatio.",
    "createdAt": "2024-06-28T15:48:46.085Z"
  },
  {
    "productId": "6814d886eb6e44f9df4dbff4",
    "userId": "6822d068c08fdfcf24d492bd",
    "rating": 5,
    "comment": "Neque complectus canto tyrannus thorax derelinquo demens cura vorax deputo.",
    "createdAt": "2024-06-26T22:22:26.276Z"
  },
  {
    "productId": "68149cfd30a898aab1f0439b",
    "userId": "6822d06bc08fdfcf24d49399",
    "rating": 4,
    "comment": "Curriculum nemo bibo itaque corrigo assentator vociferor adfectus consequuntur tabesco.",
    "createdAt": "2024-06-25T03:15:48.012Z"
  },
  {
    "productId": "6814c740b44fb7a9e6cbb48a",
    "userId": "6822d06bc08fdfcf24d49399",
    "rating": 5,
    "comment": "Testimonium victus deputo ciminatio uredo antea animi eos dapifer ocer.",
    "createdAt": "2024-06-29T03:15:48.012Z"
  },
  {
    "productId": "6814d3abbcd9b504d290b06d",
    "userId": "6822d06bc08fdfcf24d49399",
    "rating": 5,
    "comment": "Caterva audax dolorem versus versus vero beatus amplitudo iure cernuus.",
    "createdAt": "2024-06-29T03:15:48.012Z"
  },
  {
    "productId": "68149cfe30a898aab1f043b2",
    "userId": "6822d069c08fdfcf24d492e3",
    "rating": 3,
    "comment": "Aurum thesaurus delibero vicinus amet aut inflammatio currus cultellus asper.",
    "createdAt": "2024-06-26T05:48:23.566Z"
  },
  {
    "productId": "6814d8faa6b79f1523907eac",
    "userId": "6822d068c08fdfcf24d492ad",
    "rating": 5,
    "comment": "Absconditus vorax conscendo vis turba vulariter quod curvo tabernus adamo.",
    "createdAt": "2024-06-26T07:24:38.495Z"
  },
  {
    "productId": "68149cfe30a898aab1f043b2",
    "userId": "6822d069c08fdfcf24d492fd",
    "rating": 4,
    "comment": "Vomito candidus cerno talus vigor aequus vos ver currus ager.",
    "createdAt": "2024-06-28T10:28:30.981Z"
  },
  {
    "productId": "6814c03933cd17d446b063b8",
    "userId": "6822d069c08fdfcf24d492fd",
    "rating": 3,
    "comment": "Suus vespillo conatus trucido coaegresco adstringo blanditiis adficio tenuis amiculum.",
    "createdAt": "2024-06-25T10:28:30.981Z"
  },
  {
    "productId": "6814c2ca511161f3045acbf0",
    "userId": "6822d069c08fdfcf24d492fd",
    "rating": 3,
    "comment": "Civitas cenaculum cunae pauci deprecator admitto cur patruus bellicus nesciunt.",
    "createdAt": "2024-06-27T10:28:30.981Z"
  },
  {
    "productId": "6814c75637cb2b415f50f023",
    "userId": "6822d069c08fdfcf24d492fd",
    "rating": 1,
    "comment": "Accendo tonsor arto xiphias trado bos sperno advenio cura summa.",
    "createdAt": "2024-06-25T10:28:30.981Z"
  },
  {
    "productId": "6814a1941c10fee4a5286d8d",
    "userId": "6822d06dc08fdfcf24d493ef",
    "rating": 5,
    "comment": "Somniculosus voveo appositus viscus surgo solvo tersus dapifer volup tam.",
    "createdAt": "2024-06-28T18:46:35.140Z"
  },
  {
    "productId": "6814d4dbd4982e02496b6356",
    "userId": "6822d06bc08fdfcf24d4938f",
    "rating": 5,
    "comment": "Ciminatio decimus uxor appello arbitro amplexus aestas testimonium alius adficio.",
    "createdAt": "2024-06-26T23:31:00.483Z"
  },
  {
    "productId": "6814d8faa6b79f1523907eac",
    "userId": "6822d068c08fdfcf24d492dd",
    "rating": 5,
    "comment": "Ex complectus patrocinor laborum reprehenderit tersus creo copia suus cavus.",
    "createdAt": "2024-07-01T05:39:24.341Z"
  },
  {
    "productId": "6814c741b44fb7a9e6cbb4c8",
    "userId": "6822d06dc08fdfcf24d49405",
    "rating": 1,
    "comment": "Adsuesco voluntarius soluta ipsum patruus allatus desipio auditor adfectus curvo.",
    "createdAt": "2024-06-30T15:00:58.893Z"
  },
  {
    "productId": "6814a81835053cb1544dd143",
    "userId": "6822d06dc08fdfcf24d49405",
    "rating": 4,
    "comment": "Capto apto conculco solvo truculenter sol tam capio nulla auxilium.",
    "createdAt": "2024-06-29T15:00:58.893Z"
  },
  {
    "productId": "6814be17a67388b7fa2b035a",
    "userId": "6822d06dc08fdfcf24d49405",
    "rating": 5,
    "comment": "Tametsi vivo turpis porro conicio perferendis adulatio calcar capto animi.",
    "createdAt": "2024-06-27T15:00:58.893Z"
  },
  {
    "productId": "6814d886eb6e44f9df4dbff4",
    "userId": "6822d06dc08fdfcf24d49405",
    "rating": 4,
    "comment": "Calamitas antea suspendo creptio audentia amor celer varietas tutamen ventito.",
    "createdAt": "2024-06-30T15:00:58.893Z"
  },
  {
    "productId": "6814d007dac5e44185ec2223",
    "userId": "6822d068c08fdfcf24d492c3",
    "rating": 4,
    "comment": "Acsi et benevolentia caelestis occaecati ducimus cur celo vilitas qui.",
    "createdAt": "2024-06-29T00:28:13.145Z"
  },
  {
    "productId": "6814af8df38840c4bcc37eac",
    "userId": "6822d069c08fdfcf24d492e7",
    "rating": 5,
    "comment": "Arx desolo dapifer deprecator ancilla utrimque maiores vallum carpo caries.",
    "createdAt": "2024-06-29T01:25:13.462Z"
  },
  {
    "productId": "6814bf396172128284c9bf0c",
    "userId": "6822d069c08fdfcf24d492e7",
    "rating": 4,
    "comment": "Bene paens amo celer ustulo tero angustus conitor uterque bos.",
    "createdAt": "2024-07-01T01:25:13.462Z"
  },
  {
    "productId": "6814c104ca19a92a5b1d5b6f",
    "userId": "6822d069c08fdfcf24d492e7",
    "rating": 5,
    "comment": "Tot cunabula denique appono abduco abeo tactus sequi virgo dedecor.",
    "createdAt": "2024-07-01T01:25:13.462Z"
  },
  {
    "productId": "6814c741b44fb7a9e6cbb4a6",
    "userId": "6822d069c08fdfcf24d49317",
    "rating": 5,
    "comment": "Terebro ambulo calcar tandem quo cupiditate demoror expedita tempore admitto.",
    "createdAt": "2024-07-02T01:46:28.077Z"
  },
  {
    "productId": "6814bf396172128284c9bf28",
    "userId": "6822d06cc08fdfcf24d493db",
    "rating": 4,
    "comment": "Bellicus solutio deleo pecto amo deleniti vesica cursim demitto voluptatibus.",
    "createdAt": "2024-06-29T05:02:20.484Z"
  },
  {
    "productId": "6814a1931c10fee4a5286d5d",
    "userId": "6822d069c08fdfcf24d4931b",
    "rating": 5,
    "comment": "Umerus curia creator terminatio adicio sufficio veritas avarus viriliter suscipio.",
    "createdAt": "2024-06-27T05:30:23.557Z"
  },
  {
    "productId": "68149cfe30a898aab1f043d7",
    "userId": "6822d069c08fdfcf24d49303",
    "rating": 5,
    "comment": "Cotidie tergeo ambulo id terra tabula villa suscipit studio aliquam.",
    "createdAt": "2024-06-30T10:21:37.397Z"
  },
  {
    "productId": "6814c740b44fb7a9e6cbb479",
    "userId": "6822d06cc08fdfcf24d493cb",
    "rating": 1,
    "comment": "Perspiciatis curso eaque copiose cogo thesis pauci damnatio vivo natus.",
    "createdAt": "2024-06-29T12:46:59.620Z"
  },
  {
    "productId": "6814d519d4982e02496b64c2",
    "userId": "6822d069c08fdfcf24d492f3",
    "rating": 4,
    "comment": "Arbustum conduco sumo denuo crepusculum soleo vomica aufero approbo vespillo.",
    "createdAt": "2024-07-02T14:50:25.254Z"
  },
  {
    "productId": "6814d3abbcd9b504d290b066",
    "userId": "6822d069c08fdfcf24d492e7",
    "rating": 4,
    "comment": "Fugit vado ratione quasi vesco absum teneo solio alioqui tenax.",
    "createdAt": "2024-06-28T19:35:51.293Z"
  },
  {
    "productId": "6814be17a67388b7fa2b0398",
    "userId": "6822d069c08fdfcf24d492e7",
    "rating": 1,
    "comment": "Ducimus repudiandae voveo temporibus culpa cognatus capio cupio antepono stillicidium.",
    "createdAt": "2024-07-02T19:35:51.293Z"
  },
  {
    "productId": "6814a1931c10fee4a5286d69",
    "userId": "6822d069c08fdfcf24d492e7",
    "rating": 3,
    "comment": "Beatus rem ait quasi cometes culpo quod ascisco clibanus nulla.",
    "createdAt": "2024-07-02T19:35:51.293Z"
  },
  {
    "productId": "6814d008dac5e44185ec2247",
    "userId": "6822d069c08fdfcf24d492e7",
    "rating": 5,
    "comment": "Ante vacuus sperno concido amitto constans acsi amo optio tempus.",
    "createdAt": "2024-07-02T19:35:51.293Z"
  },
  {
    "productId": "6814d3abbcd9b504d290b07f",
    "userId": "6822d068c08fdfcf24d492bd",
    "rating": 5,
    "comment": "Repellat benigne allatus votum succurro somniculosus color explicabo velociter aeternus.",
    "createdAt": "2024-06-30T21:49:14.515Z"
  },
  {
    "productId": "6814c1b5ba01e3aab8f3f3f8",
    "userId": "6822d06dc08fdfcf24d493ef",
    "rating": 3,
    "comment": "Conservo circumvenio claro demergo pauci nostrum strues victoria consequuntur candidus.",
    "createdAt": "2024-06-28T23:42:44.892Z"
  },
  {
    "productId": "6814c03a33cd17d446b063db",
    "userId": "6822d06dc08fdfcf24d493fd",
    "rating": 5,
    "comment": "Coruscus vestigium communis ratione voluptatibus molestias temperantia depromo volubilis comptus.",
    "createdAt": "2024-07-01T09:23:14.926Z"
  },
  {
    "productId": "6814d246995813a18f27d95b",
    "userId": "6822d068c08fdfcf24d492bb",
    "rating": 4,
    "comment": "Deputo tepesco synagoga abduco cilicium ab vel alienus administratio fuga.",
    "createdAt": "2024-06-30T11:53:03.041Z"
  },
  {
    "productId": "6814d246995813a18f27d95b",
    "userId": "6822d068c08fdfcf24d492d9",
    "rating": 5,
    "comment": "Tactus defessus eligendi unde ulterius cenaculum ducimus cunctatio votum aliquam.",
    "createdAt": "2024-07-02T15:43:27.911Z"
  },
  {
    "productId": "6814ccc358f78c505fea968c",
    "userId": "6822d069c08fdfcf24d49303",
    "rating": 5,
    "comment": "Cado coma amitto cernuus nulla dolore admoneo adfero suggero comptus.",
    "createdAt": "2024-06-30T20:21:06.802Z"
  },
  {
    "productId": "6814d008dac5e44185ec2241",
    "userId": "6822d06dc08fdfcf24d493eb",
    "rating": 5,
    "comment": "Tepidus depereo calcar crur ascit creber laborum super apostolus desidero.",
    "createdAt": "2024-06-30T01:52:09.220Z"
  },
  {
    "productId": "68149cfe30a898aab1f043b2",
    "userId": "6822d06dc08fdfcf24d493f5",
    "rating": 4,
    "comment": "Tempore adhuc repudiandae explicabo vehemens spiculum copiose condico consuasor bonus.",
    "createdAt": "2024-07-03T04:00:55.050Z"
  },
  {
    "productId": "6814d886eb6e44f9df4dbff4",
    "userId": "6822d06dc08fdfcf24d493f5",
    "rating": 5,
    "comment": "Arguo super labore cursus alioqui strenuus vulnus sortitus volutabrum aduro.",
    "createdAt": "2024-06-30T04:00:55.050Z"
  },
  {
    "productId": "6814c104ca19a92a5b1d5b89",
    "userId": "6822d06dc08fdfcf24d493f5",
    "rating": 4,
    "comment": "Statim canis apud adamo cubitum thesis xiphias repellat communis barba.",
    "createdAt": "2024-07-04T04:00:55.050Z"
  },
  {
    "productId": "6814be17a67388b7fa2b03a4",
    "userId": "6822d06dc08fdfcf24d493f5",
    "rating": 5,
    "comment": "Deserunt inventore cogo molestiae charisma tempora comparo numquam addo vinco.",
    "createdAt": "2024-06-29T04:00:55.050Z"
  },
  {
    "productId": "6814d886eb6e44f9df4dc017",
    "userId": "6822d069c08fdfcf24d49301",
    "rating": 5,
    "comment": "Theatrum capillus consectetur amo aeger compello amplus amaritudo crapula vesco.",
    "createdAt": "2024-07-02T05:11:01.067Z"
  },
  {
    "productId": "6814daff48198c3c05074c2f",
    "userId": "6822d06cc08fdfcf24d493d1",
    "rating": 5,
    "comment": "Iste credo strenuus temptatio ciminatio vilitas tenuis alter suscipit celo.",
    "createdAt": "2024-06-29T08:27:36.443Z"
  },
  {
    "productId": "6814c75637cb2b415f50f031",
    "userId": "6822d069c08fdfcf24d4931b",
    "rating": 5,
    "comment": "Venia arceo curtus alo strues placeat conservo depopulo veritatis volaticus.",
    "createdAt": "2024-06-29T09:00:57.299Z"
  },
  {
    "productId": "6814d007dac5e44185ec2216",
    "userId": "6822d069c08fdfcf24d4930b",
    "rating": 5,
    "comment": "Confugo cumque voluptatem terra viriliter annus cupio non commodi bibo.",
    "createdAt": "2024-06-30T09:59:51.217Z"
  },
  {
    "productId": "6814cabe1780e5204676cde3",
    "userId": "6822d069c08fdfcf24d4930b",
    "rating": 4,
    "comment": "Vel corroboro viduo odio occaecati vorago cursus cupiditas clementia coniuratio.",
    "createdAt": "2024-07-01T09:59:51.217Z"
  },
  {
    "productId": "6814a81835053cb1544dd149",
    "userId": "6822d069c08fdfcf24d4930b",
    "rating": 2,
    "comment": "Desparatus statim audacia depono benevolentia villa cervus umbra depraedor aggredior.",
    "createdAt": "2024-07-02T09:59:51.217Z"
  },
  {
    "productId": "6814d519d4982e02496b64ae",
    "userId": "6822d06cc08fdfcf24d493ad",
    "rating": 5,
    "comment": "Tantillus ad adiuvo molestias contigo talio taedium laboriosam demum solum.",
    "createdAt": "2024-07-04T18:36:06.143Z"
  },
  {
    "productId": "6814d519d4982e02496b64ae",
    "userId": "6822d069c08fdfcf24d492e7",
    "rating": 5,
    "comment": "Valeo thymum pel vestigium tricesimus fugiat vomica trans claro contabesco.",
    "createdAt": "2024-07-01T21:29:15.411Z"
  },
  {
    "productId": "6814ccc358f78c505fea9670",
    "userId": "6822d068c08fdfcf24d492b9",
    "rating": 5,
    "comment": "Tabgo ago sophismata sopor contego truculenter conspergo umerus aequitas tibi.",
    "createdAt": "2024-06-30T02:39:50.372Z"
  },
  {
    "productId": "6814c741b44fb7a9e6cbb4af",
    "userId": "6822d06cc08fdfcf24d493cd",
    "rating": 5,
    "comment": "Cavus custodia officiis vehemens thema bestia adiuvo cursus decumbo adulatio.",
    "createdAt": "2024-07-02T02:58:57.990Z"
  },
  {
    "productId": "6814ccc358f78c505fea9668",
    "userId": "6822d06cc08fdfcf24d493cd",
    "rating": 2,
    "comment": "Decretum auxilium ait amplexus desidero comminor arbor adamo quia sequi.",
    "createdAt": "2024-07-03T02:58:57.990Z"
  },
  {
    "productId": "6814cabe1780e5204676cded",
    "userId": "6822d06cc08fdfcf24d493cd",
    "rating": 4,
    "comment": "Coniuratio vallum vilis calculus adsum rem causa aequus tripudio vel.",
    "createdAt": "2024-06-30T02:58:57.990Z"
  },
  {
    "productId": "6814af8df38840c4bcc37eb2",
    "userId": "6822d06cc08fdfcf24d493cd",
    "rating": 5,
    "comment": "Virtus thorax adaugeo cunabula debitis consectetur solutio sint suppellex tenuis.",
    "createdAt": "2024-07-03T02:58:57.990Z"
  },
  {
    "productId": "6814d3abbcd9b504d290b075",
    "userId": "6822d06ac08fdfcf24d49329",
    "rating": 5,
    "comment": "Curo quo via angelus adhaero debeo iste congregatio confido temptatio.",
    "createdAt": "2024-07-03T05:30:08.375Z"
  },
  {
    "productId": "68149cfe30a898aab1f043d1",
    "userId": "6822d068c08fdfcf24d492af",
    "rating": 5,
    "comment": "Sodalitas aduro xiphias vix claro tempore ventus conservo desolo allatus.",
    "createdAt": "2024-07-02T09:04:49.977Z"
  },
  {
    "productId": "6814c1b4ba01e3aab8f3f386",
    "userId": "6822d06cc08fdfcf24d493cf",
    "rating": 4,
    "comment": "Corona textor aduro trans chirographum termes aspicio aedificium alii conicio.",
    "createdAt": "2024-06-30T20:36:13.167Z"
  },
  {
    "productId": "6814be17a67388b7fa2b037c",
    "userId": "6822d06cc08fdfcf24d493cf",
    "rating": 5,
    "comment": "Tandem quisquam eaque cogo asporto terreo ulterius conservo depulso uberrime.",
    "createdAt": "2024-07-05T20:36:13.167Z"
  },
  {
    "productId": "6814d518d4982e02496b648e",
    "userId": "6822d06cc08fdfcf24d493cf",
    "rating": 5,
    "comment": "Absconditus tristis tibi denique atqui dolor vicinus audio traho defendo.",
    "createdAt": "2024-07-01T20:36:13.167Z"
  },
  {
    "productId": "6814d4dbd4982e02496b636e",
    "userId": "6822d06cc08fdfcf24d493cf",
    "rating": 5,
    "comment": "Clarus clarus nostrum solum ab deserunt creptio doloremque aut aer.",
    "createdAt": "2024-07-04T20:36:13.167Z"
  },
  {
    "productId": "68149cfe30a898aab1f043d7",
    "userId": "6822d06dc08fdfcf24d493f5",
    "rating": 4,
    "comment": "Theca depromo cubitum vivo compello usque defluo acervus cedo canis.",
    "createdAt": "2024-07-01T21:12:29.319Z"
  },
  {
    "productId": "6814bf386172128284c9beaa",
    "userId": "6822d06dc08fdfcf24d493f5",
    "rating": 3,
    "comment": "Administratio aureus vis deserunt considero aut aqua candidus asporto degenero.",
    "createdAt": "2024-06-30T21:12:29.319Z"
  },
  {
    "productId": "68149cfe30a898aab1f043d7",
    "userId": "6822d06dc08fdfcf24d493f5",
    "rating": 3,
    "comment": "Attollo ullus animi praesentium aureus deserunt ullus attollo denique coniuratio.",
    "createdAt": "2024-07-02T21:12:29.319Z"
  },
  {
    "productId": "6814a81835053cb1544dd127",
    "userId": "6822d06dc08fdfcf24d493f5",
    "rating": 5,
    "comment": "Clam tactus sustineo vindico adhaero crustulum alii non cervus defero.",
    "createdAt": "2024-07-05T21:12:29.319Z"
  },
  {
    "productId": "6814d008dac5e44185ec2233",
    "userId": "6822d068c08fdfcf24d492a6",
    "rating": 5,
    "comment": "Defluo verbum uberrime sustineo venia cotidie virgo taedium adipisci audentia.",
    "createdAt": "2024-07-05T00:02:11.389Z"
  },
  {
    "productId": "6814cabe1780e5204676cdd5",
    "userId": "6822d069c08fdfcf24d492e9",
    "rating": 5,
    "comment": "Videlicet nam asporto astrum absum sint degenero ultio trepide patior.",
    "createdAt": "2024-07-06T03:41:18.216Z"
  },
  {
    "productId": "68149cfe30a898aab1f043c5",
    "userId": "6822d069c08fdfcf24d492e9",
    "rating": 5,
    "comment": "Similique adulescens centum tantillus virgo ad anser vinum commemoro animi.",
    "createdAt": "2024-07-03T03:41:18.216Z"
  },
  {
    "productId": "6814c2ca511161f3045acbd8",
    "userId": "6822d069c08fdfcf24d492e9",
    "rating": 5,
    "comment": "Convoco volaticus acerbitas terebro appello officia aptus beatae facilis placeat.",
    "createdAt": "2024-07-04T03:41:18.216Z"
  },
  {
    "productId": "6814c104ca19a92a5b1d5b77",
    "userId": "6822d069c08fdfcf24d492e9",
    "rating": 4,
    "comment": "Crebro amita fugiat cernuus tempus molestias concido amet delicate calamitas.",
    "createdAt": "2024-07-01T03:41:18.216Z"
  },
  {
    "productId": "6814c2ca511161f3045acc14",
    "userId": "6822d068c08fdfcf24d492c1",
    "rating": 3,
    "comment": "Tui blandior termes accusamus accusantium aperiam numquam theca credo deprimo.",
    "createdAt": "2024-07-03T03:59:34.610Z"
  },
  {
    "productId": "6814c03a33cd17d446b063e1",
    "userId": "6822d06ec08fdfcf24d49449",
    "rating": 3,
    "comment": "Abstergo audio eum conculco conspergo quo trans subito subseco voco.",
    "createdAt": "2024-07-01T11:11:50.960Z"
  },
  {
    "productId": "6814d519d4982e02496b64c2",
    "userId": "6822d06ec08fdfcf24d49449",
    "rating": 4,
    "comment": "Quasi desparatus ventosus sui amet subito timor uxor trucido laboriosam.",
    "createdAt": "2024-07-01T11:11:50.960Z"
  },
  {
    "productId": "6814a1941c10fee4a5286d87",
    "userId": "6822d067c08fdfcf24d4929e",
    "rating": 5,
    "comment": "Delectus dapifer decet apud ascisco denuncio neque alias theca teres.",
    "createdAt": "2024-07-02T11:12:57.207Z"
  },
  {
    "productId": "6814af8df38840c4bcc37ecf",
    "userId": "6822d06ac08fdfcf24d4935f",
    "rating": 5,
    "comment": "Doloremque assentator demens eligendi temperantia compello temeritas acidus defessus adipisci.",
    "createdAt": "2024-07-01T17:44:05.684Z"
  },
  {
    "productId": "6814c03933cd17d446b06390",
    "userId": "6822d06ac08fdfcf24d4935f",
    "rating": 4,
    "comment": "Censura theca atrox mollitia adinventitias tumultus communis adversus torqueo enim.",
    "createdAt": "2024-07-05T17:44:05.684Z"
  },
  {
    "productId": "6814c03933cd17d446b06398",
    "userId": "6822d06ac08fdfcf24d4935f",
    "rating": 5,
    "comment": "Cognatus cedo studio amicitia voluntarius currus cilicium laborum suffoco terreo.",
    "createdAt": "2024-07-02T17:44:05.684Z"
  },
  {
    "productId": "6814d3abbcd9b504d290b075",
    "userId": "6822d06ac08fdfcf24d4935f",
    "rating": 4,
    "comment": "Cogito ademptio quo speciosus alii absens aperio umbra truculenter conicio.",
    "createdAt": "2024-07-05T17:44:05.684Z"
  },
  {
    "productId": "6814d886eb6e44f9df4dc000",
    "userId": "6822d069c08fdfcf24d492fd",
    "rating": 2,
    "comment": "Thesaurus calculus perspiciatis aestivus damno civitas tripudio esse pecus adsuesco.",
    "createdAt": "2024-07-04T19:58:08.538Z"
  },
  {
    "productId": "6814bcdd958ad8fcad8c5412",
    "userId": "6822d06bc08fdfcf24d49397",
    "rating": 5,
    "comment": "Demonstro amo animus demulceo candidus cernuus conturbo trans aqua valens.",
    "createdAt": "2024-07-05T20:39:07.785Z"
  },
  {
    "productId": "6814c3b3595891202e483a88",
    "userId": "6822d068c08fdfcf24d492c7",
    "rating": 1,
    "comment": "Quaerat clementia defetiscor comes adicio chirographum vitium cariosus vester deduco.",
    "createdAt": "2024-07-02T21:45:11.295Z"
  }
]
