[
  {
    "productId": "6814bf396172128284c9bf0c",
    "userId": "6822d069c08fdfcf24d49307",
    "rating": 5,
    "comment": "Via maxime nam minima cervus demonstro vos impedit quaerat suspendo.",
    "createdAt": "2024-12-07T00:18:22.032Z"
  },
  {
    "productId": "6814d4dbd4982e02496b6350",
    "userId": "6822d089c08fdfcf24d49863",
    "rating": 5,
    "comment": "Tergo patria vox atrox tantillus cultellus conitor iure eum consuasor.",
    "createdAt": "2024-12-08T10:48:16.369Z"
  },
  {
    "productId": "6814b49adb8e7421d9054864",
    "userId": "6822d099c08fdfcf24d49b07",
    "rating": 5,
    "comment": "Spiritus attero animadverto concedo denego optio abstergo adversus adinventitias advenio.",
    "createdAt": "2024-12-04T11:50:38.257Z"
  },
  {
    "productId": "6814c2ca511161f3045acbf0",
    "userId": "6822d09cc08fdfcf24d49bbd",
    "rating": 3,
    "comment": "Amoveo avarus quibusdam deficio sumo decor voluptatum aegre adipiscor advenio.",
    "createdAt": "2024-12-06T13:02:40.635Z"
  },
  {
    "productId": "6814d246995813a18f27d945",
    "userId": "6822d08fc08fdfcf24d4996f",
    "rating": 5,
    "comment": "Dolor quam arcus vociferor laborum caveo tantillus tui sponte cenaculum.",
    "createdAt": "2024-12-08T21:11:43.975Z"
  },
  {
    "productId": "6814af8ef38840c4bcc37ed5",
    "userId": "6822d08fc08fdfcf24d4996f",
    "rating": 1,
    "comment": "Thymbra spiritus depromo eaque censura delinquo aiunt repudiandae tandem turba.",
    "createdAt": "2024-12-07T21:11:43.975Z"
  },
  {
    "productId": "6814af8ef38840c4bcc37ed5",
    "userId": "6822d08fc08fdfcf24d4996f",
    "rating": 5,
    "comment": "Vulticulus testimonium trepide adaugeo adfectus dedico arcus utroque eos beatus.",
    "createdAt": "2024-12-07T21:11:43.975Z"
  },
  {
    "productId": "6814c75737cb2b415f50f071",
    "userId": "6822d08fc08fdfcf24d4996f",
    "rating": 2,
    "comment": "Temptatio accedo suscipio sapiente defaeco ultra centum subiungo corpus adaugeo.",
    "createdAt": "2024-12-07T21:11:43.975Z"
  },
  {
    "productId": "6814d245995813a18f27d938",
    "userId": "6822d077c08fdfcf24d495b5",
    "rating": 5,
    "comment": "Advoco varius vigilo defendo deserunt abduco turbo candidus adversus ullam.",
    "createdAt": "2024-12-08T22:07:34.829Z"
  },
  {
    "productId": "6814bf396172128284c9befc",
    "userId": "6822d073c08fdfcf24d494cb",
    "rating": 5,
    "comment": "Vilitas sint cunctatio temeritas deleniti conqueror vel earum vulnero deleniti.",
    "createdAt": "2024-12-05T23:51:07.048Z"
  },
  {
    "productId": "6814d008dac5e44185ec2247",
    "userId": "6822d083c08fdfcf24d497c5",
    "rating": 1,
    "comment": "Conservo labore cursus amplexus comitatus verbum aetas auditor cui vicissitudo.",
    "createdAt": "2024-12-10T03:33:20.042Z"
  },
  {
    "productId": "6814be17a67388b7fa2b0370",
    "userId": "6822d083c08fdfcf24d497c5",
    "rating": 5,
    "comment": "Clarus coniuratio vomer succedo creator officiis sto uxor admoneo auctor.",
    "createdAt": "2024-12-08T03:33:20.042Z"
  },
  {
    "productId": "68149cfe30a898aab1f043d7",
    "userId": "6822d07dc08fdfcf24d4965f",
    "rating": 5,
    "comment": "Cubo textus victoria terminatio ultio deorsum pecto deserunt deprimo texo.",
    "createdAt": "2024-12-06T10:40:53.138Z"
  },
  {
    "productId": "6814b49adb8e7421d9054837",
    "userId": "6822d07ec08fdfcf24d49685",
    "rating": 4,
    "comment": "Creber theca tristis adipiscor delectatio consuasor viscus ambitus delectus placeat.",
    "createdAt": "2024-12-06T15:10:00.140Z"
  },
  {
    "productId": "6814c3b2595891202e483a54",
    "userId": "6822d08fc08fdfcf24d4995f",
    "rating": 5,
    "comment": "Crur cito cresco spectaculum canonicus assentator tenus vulgivagus coepi thorax.",
    "createdAt": "2024-12-10T18:24:03.555Z"
  },
  {
    "productId": "6814c75737cb2b415f50f05f",
    "userId": "6822d06bc08fdfcf24d4936f",
    "rating": 5,
    "comment": "Volo suspendo aranea laborum tametsi quis patrocinor terga accedo adicio.",
    "createdAt": "2024-12-09T02:19:37.710Z"
  },
  {
    "productId": "6814c741b44fb7a9e6cbb4af",
    "userId": "6822d08cc08fdfcf24d4991b",
    "rating": 4,
    "comment": "Aequus doloribus suffoco sublime administratio timidus turbo curvo dolores tempore.",
    "createdAt": "2024-12-08T06:33:30.999Z"
  },
  {
    "productId": "6814cf2ef6a78c6dfa308434",
    "userId": "6822d069c08fdfcf24d492f9",
    "rating": 5,
    "comment": "Coniecto verus compono vitiosus tribuo vomica tempus eius defungo vapulus.",
    "createdAt": "2024-12-07T06:49:58.592Z"
  },
  {
    "productId": "6814ccc358f78c505fea965c",
    "userId": "6822d069c08fdfcf24d492f9",
    "rating": 5,
    "comment": "Cito carcer cicuta caterva sollicito odio cohors caelum tamdiu tersus.",
    "createdAt": "2024-12-08T06:49:58.592Z"
  },
  {
    "productId": "68149cfe30a898aab1f043be",
    "userId": "6822d069c08fdfcf24d492f9",
    "rating": 5,
    "comment": "Aptus textor attonbitus officiis somniculosus aptus tepidus unus vado patrocinor.",
    "createdAt": "2024-12-07T06:49:58.592Z"
  },
  {
    "productId": "6814c740b44fb7a9e6cbb49e",
    "userId": "6822d069c08fdfcf24d492f9",
    "rating": 5,
    "comment": "Una tot cuius bellicus uredo corroboro adficio thema consectetur cohaero.",
    "createdAt": "2024-12-11T06:49:58.592Z"
  },
  {
    "productId": "6814d4dbd4982e02496b6350",
    "userId": "6822d06ec08fdfcf24d49431",
    "rating": 5,
    "comment": "Acerbitas aliquid eveniet baiulus somniculosus conculco amitto pauper animus vulnero.",
    "createdAt": "2024-12-10T11:55:38.765Z"
  },
  {
    "productId": "6814cbfd9ac1ce261961923f",
    "userId": "6822d074c08fdfcf24d494e9",
    "rating": 1,
    "comment": "Teneo adipiscor sumptus caecus curiositas totus molestias valetudo decretum repudiandae.",
    "createdAt": "2024-12-06T12:58:11.914Z"
  },
  {
    "productId": "6814c2ca511161f3045acbd8",
    "userId": "6822d06cc08fdfcf24d493bb",
    "rating": 4,
    "comment": "Constans taceo speculum placeat desidero amet umquam tego substantia demens.",
    "createdAt": "2024-12-07T14:10:06.414Z"
  },
  {
    "productId": "6814d3abbcd9b504d290b07f",
    "userId": "6822d0a2c08fdfcf24d49c75",
    "rating": 5,
    "comment": "Conculco textor theca thymum temperantia adstringo cohors textor eligendi tenetur.",
    "createdAt": "2024-12-11T15:08:38.718Z"
  },
  {
    "productId": "6814c03933cd17d446b063cc",
    "userId": "6822d09dc08fdfcf24d49c0b",
    "rating": 1,
    "comment": "Adaugeo ater abstergo addo ago somniculosus caries colo arbustum accusantium.",
    "createdAt": "2024-12-07T20:45:26.194Z"
  },
  {
    "productId": "6814d8faa6b79f1523907ebe",
    "userId": "6822d09ac08fdfcf24d49b29",
    "rating": 5,
    "comment": "Confugo comparo sono timor non comptus vomer ater quaerat apparatus.",
    "createdAt": "2024-12-07T21:53:20.780Z"
  },
  {
    "productId": "6814dafe48198c3c05074c24",
    "userId": "6822d083c08fdfcf24d497b7",
    "rating": 5,
    "comment": "Sed creo casso decor caelestis cohaero celer suasoria comes adinventitias.",
    "createdAt": "2024-12-07T22:10:03.859Z"
  },
  {
    "productId": "6814b49adb8e7421d9054837",
    "userId": "6822d094c08fdfcf24d49a83",
    "rating": 5,
    "comment": "Ustulo unde minus coruscus termes animi non tenetur adstringo cur.",
    "createdAt": "2024-12-10T22:29:03.846Z"
  },
  {
    "productId": "6814d518d4982e02496b64a9",
    "userId": "6822d094c08fdfcf24d49a83",
    "rating": 5,
    "comment": "Tui illo conventus debitis eligendi vado callide vulnus ciminatio benigne.",
    "createdAt": "2024-12-07T22:29:03.846Z"
  },
  {
    "productId": "6814d008dac5e44185ec223b",
    "userId": "6822d094c08fdfcf24d49a83",
    "rating": 1,
    "comment": "Adfero arcesso vociferor tamisium consequatur tibi clarus umquam cultura truculenter.",
    "createdAt": "2024-12-06T22:29:03.846Z"
  },
  {
    "productId": "6814d49dabc2c4bf4ecaf516",
    "userId": "6822d094c08fdfcf24d49a83",
    "rating": 5,
    "comment": "Territo cubo vicinus vae sodalitas eum adstringo crebro officiis adhuc.",
    "createdAt": "2024-12-11T22:29:03.846Z"
  },
  {
    "productId": "6814d246995813a18f27d94b",
    "userId": "6822d08ac08fdfcf24d498cd",
    "rating": 4,
    "comment": "Arbitro cado laboriosam admiratio solio conicio condico ustilo adinventitias stipes.",
    "createdAt": "2024-12-10T01:48:26.706Z"
  },
  {
    "productId": "6814bf386172128284c9bed8",
    "userId": "6822d090c08fdfcf24d499a1",
    "rating": 5,
    "comment": "Bene cruentus tenetur conventus capto callide thymum thorax caritas celer.",
    "createdAt": "2024-12-08T11:55:01.668Z"
  },
  {
    "productId": "68149cfe30a898aab1f043ac",
    "userId": "6822d06ec08fdfcf24d49453",
    "rating": 5,
    "comment": "Casso aurum conatus paulatim advoco subseco toties facilis ulciscor quam.",
    "createdAt": "2024-12-07T12:49:22.772Z"
  },
  {
    "productId": "6814c03933cd17d446b063b8",
    "userId": "6822d0a1c08fdfcf24d49c57",
    "rating": 5,
    "comment": "Comptus curatio caries alias solum blanditiis iste crur appono comedo.",
    "createdAt": "2024-12-11T15:56:21.364Z"
  },
  {
    "productId": "6814af8df38840c4bcc37ec5",
    "userId": "6822d09ec08fdfcf24d49c23",
    "rating": 4,
    "comment": "Curriculum caput colo derelinquo angelus vitiosus tenax bellicus adiuvo animadverto.",
    "createdAt": "2024-12-11T16:38:33.641Z"
  },
  {
    "productId": "6814cf2ef6a78c6dfa308434",
    "userId": "6822d091c08fdfcf24d499cf",
    "rating": 5,
    "comment": "Desolo terra adhaero tabernus arx tertius patrocinor odit unde ver.",
    "createdAt": "2024-12-12T01:45:09.265Z"
  },
  {
    "productId": "6814d887eb6e44f9df4dc01f",
    "userId": "6822d08cc08fdfcf24d49925",
    "rating": 5,
    "comment": "Tremo addo administratio tantum debitis utroque arbustum cupressus coniuratio theologus.",
    "createdAt": "2024-12-12T10:03:20.933Z"
  },
  {
    "productId": "6814c75737cb2b415f50f05f",
    "userId": "6822d09dc08fdfcf24d49bdd",
    "rating": 5,
    "comment": "Demergo aut talis animadverto curiositas tero cena harum pectus arcus.",
    "createdAt": "2024-12-13T10:20:44.709Z"
  },
  {
    "productId": "6814be17a67388b7fa2b0388",
    "userId": "6822d09dc08fdfcf24d49bdd",
    "rating": 2,
    "comment": "Sursum corona victoria decor perspiciatis teneo velum vos sunt bos.",
    "createdAt": "2024-12-12T10:20:44.709Z"
  },
  {
    "productId": "6814d8faa6b79f1523907ee9",
    "userId": "6822d091c08fdfcf24d499c5",
    "rating": 5,
    "comment": "Agnosco vulnus eveniet adhaero bene inventore tam coruscus in considero.",
    "createdAt": "2024-12-09T13:50:47.038Z"
  },
  {
    "productId": "6814d3abbcd9b504d290b030",
    "userId": "6822d091c08fdfcf24d499c5",
    "rating": 5,
    "comment": "Iure absum suppellex textus absorbeo vehemens expedita aqua vero suffragium.",
    "createdAt": "2024-12-09T13:50:47.038Z"
  },
  {
    "productId": "6814cabe1780e5204676cdd0",
    "userId": "6822d091c08fdfcf24d499c5",
    "rating": 5,
    "comment": "Cogo textor curriculum curto curiositas creber spargo perspiciatis sordeo venio.",
    "createdAt": "2024-12-14T13:50:47.038Z"
  },
  {
    "productId": "6814af8df38840c4bcc37eb8",
    "userId": "6822d091c08fdfcf24d499c5",
    "rating": 5,
    "comment": "Laudantium amicitia arma quibusdam stella defendo traho tardus aperio tribuo.",
    "createdAt": "2024-12-11T13:50:47.038Z"
  },
  {
    "productId": "6814c03933cd17d446b063cc",
    "userId": "6822d075c08fdfcf24d4953f",
    "rating": 5,
    "comment": "Advenio tener creber articulus stultus centum iure tondeo ulciscor officia.",
    "createdAt": "2024-12-15T03:12:29.403Z"
  },
  {
    "productId": "6814d519d4982e02496b64ba",
    "userId": "6822d075c08fdfcf24d4953f",
    "rating": 5,
    "comment": "Concedo tepidus textor tres aut vulariter cognatus vos architecto bos.",
    "createdAt": "2024-12-12T03:12:29.403Z"
  },
  {
    "productId": "6814c75737cb2b415f50f057",
    "userId": "6822d080c08fdfcf24d496f3",
    "rating": 3,
    "comment": "Coma conspergo velut votum conforto ultra vester teneo corporis uterque.",
    "createdAt": "2024-12-10T03:25:16.803Z"
  },
  {
    "productId": "6814cabf1780e5204676cdfd",
    "userId": "6822d080c08fdfcf24d496f3",
    "rating": 5,
    "comment": "Crudelis adstringo volup denuo consuasor comprehendo vorago benevolentia quod totam.",
    "createdAt": "2024-12-13T03:25:16.803Z"
  },
  {
    "productId": "6814af8df38840c4bcc37ea6",
    "userId": "6822d080c08fdfcf24d496f3",
    "rating": 5,
    "comment": "Creo tondeo conturbo summa tersus unde sumo una stipes distinctio.",
    "createdAt": "2024-12-15T03:25:16.803Z"
  },
  {
    "productId": "6814d518d4982e02496b648e",
    "userId": "6822d08bc08fdfcf24d498d7",
    "rating": 5,
    "comment": "Verbera cibo suggero uterque canto tenax super qui placeat celer.",
    "createdAt": "2024-12-14T07:36:13.402Z"
  },
  {
    "productId": "6814d246995813a18f27d953",
    "userId": "6822d06cc08fdfcf24d493cb",
    "rating": 4,
    "comment": "Traho adinventitias esse apparatus demens stipes corona debeo adopto auctor.",
    "createdAt": "2024-12-13T15:32:15.873Z"
  },
  {
    "productId": "6814c03933cd17d446b06374",
    "userId": "6822d08bc08fdfcf24d498fd",
    "rating": 5,
    "comment": "Curvo aut deporto thalassinus cedo ancilla tantillus tubineus dedecor solio.",
    "createdAt": "2024-12-13T19:23:48.093Z"
  },
  {
    "productId": "6814d246995813a18f27d963",
    "userId": "6822d093c08fdfcf24d49a5b",
    "rating": 5,
    "comment": "Absorbeo careo vorago urbanus curia apud demulceo coadunatio textor iste.",
    "createdAt": "2024-12-10T20:59:16.335Z"
  },
  {
    "productId": "6814ccc358f78c505fea9670",
    "userId": "6822d089c08fdfcf24d49875",
    "rating": 5,
    "comment": "Canto voluptatum baiulus verus adfero crudelis iusto facere pel degusto.",
    "createdAt": "2024-12-11T04:38:53.424Z"
  },
  {
    "productId": "6814be18a67388b7fa2b03bc",
    "userId": "6822d09dc08fdfcf24d49c15",
    "rating": 3,
    "comment": "Conor auditor adfectus victoria tutamen thymum aptus adsuesco curriculum articulus.",
    "createdAt": "2024-12-16T04:40:37.776Z"
  },
  {
    "productId": "6814ccc358f78c505fea965c",
    "userId": "6822d075c08fdfcf24d49559",
    "rating": 5,
    "comment": "Statim tabernus bibo aveho sordeo comis culpa ratione thesis curis.",
    "createdAt": "2024-12-16T07:31:53.957Z"
  },
  {
    "productId": "6814c740b44fb7a9e6cbb498",
    "userId": "6822d075c08fdfcf24d49559",
    "rating": 5,
    "comment": "Expedita vado labore xiphias ultra eum thermae verbera bardus suadeo.",
    "createdAt": "2024-12-13T07:31:53.957Z"
  },
  {
    "productId": "6814d246995813a18f27d95b",
    "userId": "6822d075c08fdfcf24d49559",
    "rating": 3,
    "comment": "Odio conduco ciminatio anser supra eius abeo curatio vindico tondeo.",
    "createdAt": "2024-12-15T07:31:53.957Z"
  },
  {
    "productId": "6814d518d4982e02496b649c",
    "userId": "6822d075c08fdfcf24d49559",
    "rating": 5,
    "comment": "Id depulso utrum adipisci cometes id auctor tenetur est sed.",
    "createdAt": "2024-12-12T07:31:53.957Z"
  },
  {
    "productId": "6814c2ca511161f3045acc14",
    "userId": "6822d099c08fdfcf24d49ae1",
    "rating": 5,
    "comment": "Fugiat terreo attero vergo necessitatibus subseco tero dolor vinitor molestiae.",
    "createdAt": "2024-12-15T14:02:29.619Z"
  },
  {
    "productId": "6814a1931c10fee4a5286d55",
    "userId": "6822d091c08fdfcf24d499c1",
    "rating": 5,
    "comment": "Torrens depulso aureus defaeco ait torrens cotidie terebro thorax dedico.",
    "createdAt": "2024-12-16T14:23:39.667Z"
  },
  {
    "productId": "6814c2ca511161f3045acc24",
    "userId": "6822d089c08fdfcf24d4986b",
    "rating": 5,
    "comment": "Deludo eos traho patruus vespillo aequus explicabo cibus cito cenaculum.",
    "createdAt": "2024-12-13T14:58:53.575Z"
  },
  {
    "productId": "6814c1b5ba01e3aab8f3f3e8",
    "userId": "6822d08ac08fdfcf24d498b5",
    "rating": 5,
    "comment": "Compello vobis quas amicitia teneo audacia barba adulatio in dicta.",
    "createdAt": "2024-12-12T17:11:38.395Z"
  },
  {
    "productId": "6814c741b44fb7a9e6cbb4af",
    "userId": "6822d091c08fdfcf24d499e3",
    "rating": 5,
    "comment": "Exercitationem ait venio stillicidium aperte agnitio alo acceptus conturbo aliquid.",
    "createdAt": "2024-12-13T18:47:24.926Z"
  },
  {
    "productId": "6814d245995813a18f27d938",
    "userId": "6822d091c08fdfcf24d499e3",
    "rating": 5,
    "comment": "Concedo sonitus vociferor conforto sophismata umquam trucido tonsor atrocitas sit.",
    "createdAt": "2024-12-16T18:47:24.926Z"
  },
  {
    "productId": "6814d518d4982e02496b64a3",
    "userId": "6822d091c08fdfcf24d499e3",
    "rating": 5,
    "comment": "Ab suus taceo nisi brevis labore tamisium stipes baiulus coadunatio.",
    "createdAt": "2024-12-11T18:47:24.926Z"
  },
  {
    "productId": "6814c75737cb2b415f50f065",
    "userId": "6822d091c08fdfcf24d499e3",
    "rating": 5,
    "comment": "Nesciunt crudelis quibusdam adaugeo solutio denique hic tertius carbo paens.",
    "createdAt": "2024-12-14T18:47:24.926Z"
  },
  {
    "productId": "6814d007dac5e44185ec2202",
    "userId": "6822d089c08fdfcf24d4987d",
    "rating": 5,
    "comment": "Tripudio cinis ullam arca teres acer convoco exercitationem curo adstringo.",
    "createdAt": "2024-12-15T05:01:48.694Z"
  },
  {
    "productId": "6814d246995813a18f27d968",
    "userId": "6822d077c08fdfcf24d495cd",
    "rating": 5,
    "comment": "Decor constans aegrotatio atrocitas vobis thorax deprecator sum adflicto molestias.",
    "createdAt": "2024-12-14T06:43:28.490Z"
  },
  {
    "productId": "6814c104ca19a92a5b1d5b2f",
    "userId": "6822d081c08fdfcf24d4973f",
    "rating": 5,
    "comment": "Iure aliqua maiores claustrum nostrum vespillo nihil earum taceo comminor.",
    "createdAt": "2024-12-13T11:06:38.822Z"
  },
  {
    "productId": "6814d3abbcd9b504d290b087",
    "userId": "6822d07fc08fdfcf24d496c9",
    "rating": 5,
    "comment": "Maxime cunctatio optio terebro tricesimus facilis est tenetur acervus clementia.",
    "createdAt": "2024-12-13T12:45:43.767Z"
  },
  {
    "productId": "6814bcdd958ad8fcad8c5433",
    "userId": "6822d0a2c08fdfcf24d49c97",
    "rating": 4,
    "comment": "Adsum animi utrimque caveo cultura brevis accedo crepusculum adulatio tredecim.",
    "createdAt": "2024-12-13T16:17:41.945Z"
  },
  {
    "productId": "6814cabe1780e5204676cdd0",
    "userId": "6822d092c08fdfcf24d49a1f",
    "rating": 5,
    "comment": "Convoco omnis ancilla depereo crur tabella conservo vestigium communis cubitum.",
    "createdAt": "2024-12-13T02:22:11.859Z"
  },
  {
    "productId": "6814d31019ffed8d9ec6b55a",
    "userId": "6822d07dc08fdfcf24d49635",
    "rating": 5,
    "comment": "Abstergo talus magni virtus tametsi vulariter quas utilis conatus adsum.",
    "createdAt": "2024-12-15T02:27:42.327Z"
  },
  {
    "productId": "6814d518d4982e02496b6496",
    "userId": "6822d087c08fdfcf24d4980d",
    "rating": 2,
    "comment": "Arca iure tempora contego demitto vulpes colo denego adamo vox.",
    "createdAt": "2024-12-14T09:37:03.971Z"
  },
  {
    "productId": "6814c1b4ba01e3aab8f3f3b4",
    "userId": "6822d081c08fdfcf24d49749",
    "rating": 5,
    "comment": "Aspernatur callide caelum tolero una commemoro approbo admoneo alter tego.",
    "createdAt": "2024-12-16T11:48:59.257Z"
  },
  {
    "productId": "6814ccc358f78c505fea9670",
    "userId": "6822d080c08fdfcf24d49701",
    "rating": 5,
    "comment": "Solutio deprimo tunc vereor vaco succedo adhuc volo occaecati traho.",
    "createdAt": "2024-12-17T14:38:28.023Z"
  },
  {
    "productId": "6814d3abbcd9b504d290b05c",
    "userId": "6822d080c08fdfcf24d49701",
    "rating": 5,
    "comment": "Aspicio arto a aranea certe considero calcar tener abbas combibo.",
    "createdAt": "2024-12-14T14:38:28.023Z"
  },
  {
    "productId": "68149cfe30a898aab1f043ac",
    "userId": "6822d080c08fdfcf24d49701",
    "rating": 4,
    "comment": "Suppono condico summisse defero adiuvo bestia pecto unus sto terror.",
    "createdAt": "2024-12-16T14:38:28.023Z"
  },
  {
    "productId": "68149cfd30a898aab1f043a7",
    "userId": "6822d080c08fdfcf24d49701",
    "rating": 5,
    "comment": "Quisquam angelus temporibus calamitas alias quae aurum spiculum abscido quia.",
    "createdAt": "2024-12-13T14:38:28.023Z"
  },
  {
    "productId": "6814d8faa6b79f1523907eac",
    "userId": "6822d09ac08fdfcf24d49b13",
    "rating": 5,
    "comment": "Atrox talis attero traho aequitas urbanus catena illum curis tubineus.",
    "createdAt": "2024-12-17T15:48:25.303Z"
  },
  {
    "productId": "6814d008dac5e44185ec222b",
    "userId": "6822d090c08fdfcf24d49979",
    "rating": 5,
    "comment": "Ventito aggero sodalitas torrens amaritudo supellex vita crapula bardus id.",
    "createdAt": "2024-12-16T17:31:25.975Z"
  },
  {
    "productId": "6814ccc358f78c505fea9682",
    "userId": "6822d09ec08fdfcf24d49c41",
    "rating": 2,
    "comment": "Ducimus trado quis iste arbor territo acerbitas torrens derideo accommodo.",
    "createdAt": "2024-12-18T20:02:58.871Z"
  },
  {
    "productId": "6814c1b5ba01e3aab8f3f3d8",
    "userId": "6822d09ec08fdfcf24d49c2b",
    "rating": 5,
    "comment": "Decet suus altus studio dedecor terreo ulterius at depraedor saepe.",
    "createdAt": "2024-12-19T03:53:23.694Z"
  },
  {
    "productId": "6814af8ef38840c4bcc37ed5",
    "userId": "6822d09ec08fdfcf24d49c2b",
    "rating": 5,
    "comment": "Varius sollers torqueo caput vilis ocer cursus ad ait acies.",
    "createdAt": "2024-12-14T03:53:23.694Z"
  },
  {
    "productId": "6814c3b3595891202e483ab0",
    "userId": "6822d09ec08fdfcf24d49c2b",
    "rating": 3,
    "comment": "Caritas usus absorbeo praesentium solvo sortitus admiratio coma adsidue vilis.",
    "createdAt": "2024-12-14T03:53:23.694Z"
  },
  {
    "productId": "6814d30f19ffed8d9ec6b53c",
    "userId": "6822d09ec08fdfcf24d49c2b",
    "rating": 4,
    "comment": "Ver dolorum utrimque teres vix advenio sunt verto provident patria.",
    "createdAt": "2024-12-18T03:53:23.694Z"
  },
  {
    "productId": "6814c03933cd17d446b06374",
    "userId": "6822d093c08fdfcf24d49a5d",
    "rating": 5,
    "comment": "Somniculosus demum tubineus sustineo vigilo censura desipio ulterius defleo stillicidium.",
    "createdAt": "2024-12-15T04:30:40.842Z"
  },
  {
    "productId": "6814ccc358f78c505fea9650",
    "userId": "6822d093c08fdfcf24d49a5d",
    "rating": 5,
    "comment": "Caecus venia contra tolero stipes celer ut defungo accusantium cado.",
    "createdAt": "2024-12-16T04:30:40.842Z"
  },
  {
    "productId": "6814b499db8e7421d9054829",
    "userId": "6822d093c08fdfcf24d49a5d",
    "rating": 5,
    "comment": "Adipisci argentum spiritus adduco altus coma accusamus crinis totam terra.",
    "createdAt": "2024-12-18T04:30:40.842Z"
  },
  {
    "productId": "6814af8ef38840c4bcc37ed5",
    "userId": "6822d093c08fdfcf24d49a5d",
    "rating": 4,
    "comment": "Conduco comis infit utor virtus somnus cito nulla perspiciatis iusto.",
    "createdAt": "2024-12-17T04:30:40.842Z"
  },
  {
    "productId": "6814c3b3595891202e483a88",
    "userId": "6822d074c08fdfcf24d494ff",
    "rating": 5,
    "comment": "Comburo aliqua candidus cariosus subnecto viridis tero capio conor doloribus.",
    "createdAt": "2024-12-14T13:55:56.510Z"
  },
  {
    "productId": "6814c3b3595891202e483ab0",
    "userId": "6822d074c08fdfcf24d494ff",
    "rating": 5,
    "comment": "Ante cauda admoneo aperiam comburo similique torqueo accusantium deprimo quas.",
    "createdAt": "2024-12-15T13:55:56.510Z"
  },
  {
    "productId": "6814ccc458f78c505fea9692",
    "userId": "6822d074c08fdfcf24d494ff",
    "rating": 5,
    "comment": "Apud denego demitto derideo cimentarius copia vulnero arguo delectatio sumo.",
    "createdAt": "2024-12-19T13:55:56.510Z"
  },
  {
    "productId": "6814c103ca19a92a5b1d5b13",
    "userId": "6822d074c08fdfcf24d494ff",
    "rating": 1,
    "comment": "Cerno dolor ante solutio debilito perspiciatis acerbitas vallum aestus asperiores.",
    "createdAt": "2024-12-17T13:55:56.510Z"
  },
  {
    "productId": "6814d8faa6b79f1523907e9d",
    "userId": "6822d074c08fdfcf24d494fd",
    "rating": 3,
    "comment": "Delibero adficio advoco admiratio harum bis cultura ullus tamdiu tribuo.",
    "createdAt": "2024-12-17T17:17:24.914Z"
  },
  {
    "productId": "6814b49adb8e7421d9054837",
    "userId": "6822d074c08fdfcf24d494fd",
    "rating": 1,
    "comment": "Cunctatio terror adipiscor denuo aedificium acceptus caelestis temeritas quibusdam vigilo.",
    "createdAt": "2024-12-18T17:17:24.914Z"
  },
  {
    "productId": "6814c2cb511161f3045acc34",
    "userId": "6822d074c08fdfcf24d494fd",
    "rating": 5,
    "comment": "Capio aeger studio arbitro sit tutis deorsum tonsor stella thermae.",
    "createdAt": "2024-12-17T17:17:24.914Z"
  },
  {
    "productId": "6814d008dac5e44185ec2241",
    "userId": "6822d074c08fdfcf24d494fd",
    "rating": 5,
    "comment": "Avarus benigne cito vitiosus magni ab deprecator alius urbs crustulum.",
    "createdAt": "2024-12-18T17:17:24.914Z"
  },
  {
    "productId": "6814c75737cb2b415f50f05f",
    "userId": "6822d078c08fdfcf24d49619",
    "rating": 5,
    "comment": "Arma urbs communis aspernatur chirographum desidero utique accommodo altus canonicus.",
    "createdAt": "2024-12-18T18:52:12.362Z"
  },
  {
    "productId": "6814c1b5ba01e3aab8f3f3c4",
    "userId": "6822d09cc08fdfcf24d49bb1",
    "rating": 3,
    "comment": "Amoveo capio occaecati modi minus asper depromo suscipit terebro depraedor.",
    "createdAt": "2024-12-15T06:56:09.028Z"
  },
  {
    "productId": "6814c03933cd17d446b06390",
    "userId": "6822d09cc08fdfcf24d49ba5",
    "rating": 5,
    "comment": "Bonus custodia compono adicio sum super adimpleo asper adicio demum.",
    "createdAt": "2024-12-16T07:20:22.311Z"
  },
  {
    "productId": "6814d008dac5e44185ec2247",
    "userId": "6822d090c08fdfcf24d49999",
    "rating": 3,
    "comment": "Cauda aeneus tremo patruus ciminatio crur chirographum contigo aperte et.",
    "createdAt": "2024-12-15T13:30:34.090Z"
  },
  {
    "productId": "6814d518d4982e02496b648e",
    "userId": "6822d06ac08fdfcf24d49349",
    "rating": 4,
    "comment": "Coniuratio conservo utor sumptus iusto aufero consequuntur cuius aedificium absconditus.",
    "createdAt": "2024-12-17T15:34:50.107Z"
  },
  {
    "productId": "6814c1b4ba01e3aab8f3f39c",
    "userId": "6822d093c08fdfcf24d49a49",
    "rating": 5,
    "comment": "Aduro decens adhaero spoliatio tum tantillus soluta denique celebrer contigo.",
    "createdAt": "2024-12-15T15:40:14.222Z"
  },
  {
    "productId": "6814b49adb8e7421d905485e",
    "userId": "6822d07ec08fdfcf24d496a5",
    "rating": 5,
    "comment": "Absens solvo tendo trepide soluta ab casus usque vehemens vulgo.",
    "createdAt": "2024-12-20T17:22:54.353Z"
  },
  {
    "productId": "6814c75637cb2b415f50f031",
    "userId": "6822d07ec08fdfcf24d496a5",
    "rating": 3,
    "comment": "Virga aeternus cupiditate adnuo cena auxilium virtus ipsa adeptio statua.",
    "createdAt": "2024-12-15T17:22:54.353Z"
  },
  {
    "productId": "6814d8faa6b79f1523907ec4",
    "userId": "6822d0a4c08fdfcf24d49ce7",
    "rating": 5,
    "comment": "Utor capio aiunt taedium bellicus censura coerceo tepidus vitium auditor.",
    "createdAt": "2024-12-19T05:29:27.539Z"
  },
  {
    "productId": "6814d246995813a18f27d963",
    "userId": "6822d0a4c08fdfcf24d49ce7",
    "rating": 5,
    "comment": "Summa summopere crinis deserunt hic iste universe conitor vero decet.",
    "createdAt": "2024-12-16T05:29:27.539Z"
  },
  {
    "productId": "6814c740b44fb7a9e6cbb46b",
    "userId": "6822d0a4c08fdfcf24d49ce7",
    "rating": 5,
    "comment": "Theologus pauper spargo tolero iste crudelis volva vestrum ceno cedo.",
    "createdAt": "2024-12-19T05:29:27.539Z"
  },
  {
    "productId": "6814d519d4982e02496b64c2",
    "userId": "6822d099c08fdfcf24d49adf",
    "rating": 2,
    "comment": "Veritatis absconditus depromo adhaero delicate amiculum creo alii vitium curis.",
    "createdAt": "2024-12-18T07:26:07.370Z"
  },
  {
    "productId": "6814c75737cb2b415f50f047",
    "userId": "6822d099c08fdfcf24d49af3",
    "rating": 4,
    "comment": "Confero atque thymbra cruentus cohaero conor terebro sint stillicidium suadeo.",
    "createdAt": "2024-12-19T09:54:17.168Z"
  },
  {
    "productId": "6814cf2ef6a78c6dfa308448",
    "userId": "6822d06dc08fdfcf24d493f5",
    "rating": 4,
    "comment": "Deserunt recusandae amplexus iste adsidue ratione blanditiis conicio vinitor vesper.",
    "createdAt": "2024-12-21T12:12:15.000Z"
  },
  {
    "productId": "6814af8df38840c4bcc37eac",
    "userId": "6822d06dc08fdfcf24d493f5",
    "rating": 5,
    "comment": "Cupiditas solutio amaritudo adaugeo spoliatio tergiversatio virgo beneficium ipsum similique.",
    "createdAt": "2024-12-21T12:12:15.000Z"
  },
  {
    "productId": "68149cfe30a898aab1f043d1",
    "userId": "6822d06dc08fdfcf24d493f5",
    "rating": 5,
    "comment": "Carus ubi spero velociter altus audax vestigium apud quod cresco.",
    "createdAt": "2024-12-19T12:12:15.000Z"
  },
  {
    "productId": "6814daff48198c3c05074c2f",
    "userId": "6822d06dc08fdfcf24d493f5",
    "rating": 5,
    "comment": "Fugiat pecco cohors vigilo supplanto sum tyrannus studio deleniti bardus.",
    "createdAt": "2024-12-21T12:12:15.000Z"
  },
  {
    "productId": "6814d245995813a18f27d93e",
    "userId": "6822d09bc08fdfcf24d49b63",
    "rating": 5,
    "comment": "Aliquid aestus rem demens patior ascisco cedo asperiores adulescens deprecator.",
    "createdAt": "2024-12-17T13:17:03.243Z"
  },
  {
    "productId": "6814c03933cd17d446b063b8",
    "userId": "6822d07fc08fdfcf24d496b9",
    "rating": 5,
    "comment": "Numquam acceptus crudelis cometes tepidus coerceo adeptio advenio rem cohibeo.",
    "createdAt": "2024-12-20T20:59:29.536Z"
  },
  {
    "productId": "6814c03a33cd17d446b063db",
    "userId": "6822d06ac08fdfcf24d49325",
    "rating": 5,
    "comment": "Villa pecco libero stella copiose delinquo cognomen amo consectetur allatus.",
    "createdAt": "2024-12-19T21:53:54.530Z"
  },
  {
    "productId": "6814c1b5ba01e3aab8f3f3d8",
    "userId": "6822d06ac08fdfcf24d49325",
    "rating": 4,
    "comment": "Sui sollers iusto cribro alius vitiosus dapifer acerbitas conor tumultus.",
    "createdAt": "2024-12-17T21:53:54.530Z"
  },
  {
    "productId": "6814c03933cd17d446b06398",
    "userId": "6822d06ac08fdfcf24d49325",
    "rating": 5,
    "comment": "Talis vilicus sit trans cumque paulatim arca adversus compello possimus.",
    "createdAt": "2024-12-20T21:53:54.530Z"
  },
  {
    "productId": "6814d8faa6b79f1523907ec4",
    "userId": "6822d06ac08fdfcf24d49325",
    "rating": 4,
    "comment": "Audio victus despecto beneficium adduco thorax ascit aspicio quia villa.",
    "createdAt": "2024-12-19T21:53:54.530Z"
  },
  {
    "productId": "6814d519d4982e02496b64ba",
    "userId": "6822d09bc08fdfcf24d49b95",
    "rating": 1,
    "comment": "Totus vito aeneus assentator terra cinis quas talis amplus avarus.",
    "createdAt": "2024-12-20T23:39:04.791Z"
  },
  {
    "productId": "6814cabf1780e5204676ce0a",
    "userId": "6822d081c08fdfcf24d4973f",
    "rating": 1,
    "comment": "Agnosco carcer cotidie volo alo umbra cognatus esse coaegresco capto.",
    "createdAt": "2024-12-18T04:24:01.294Z"
  },
  {
    "productId": "6814daff48198c3c05074c4d",
    "userId": "6822d0a4c08fdfcf24d49d11",
    "rating": 3,
    "comment": "Talio celer comburo teres inflammatio perspiciatis cresco nemo suggero thesaurus.",
    "createdAt": "2024-12-21T10:11:13.788Z"
  },
  {
    "productId": "68149cfe30a898aab1f043d7",
    "userId": "6822d091c08fdfcf24d499cf",
    "rating": 5,
    "comment": "Antea combibo possimus vivo bonus comminor tempore votum doloribus verus.",
    "createdAt": "2024-12-18T17:39:12.016Z"
  },
  {
    "productId": "6814a1941c10fee4a5286d8d",
    "userId": "6822d098c08fdfcf24d49abf",
    "rating": 5,
    "comment": "Subvenio tumultus voluptatum summopere tempore carus desolo attero denuo cum.",
    "createdAt": "2024-12-20T18:32:56.159Z"
  },
  {
    "productId": "6814af8ef38840c4bcc37ed5",
    "userId": "6822d07ec08fdfcf24d49681",
    "rating": 5,
    "comment": "Cenaculum strues distinctio comitatus vox quasi confido contigo tam admoneo.",
    "createdAt": "2024-12-21T20:01:30.149Z"
  },
  {
    "productId": "6814d8faa6b79f1523907edf",
    "userId": "6822d06ac08fdfcf24d4931f",
    "rating": 5,
    "comment": "Tutis vestrum cunae alienus aiunt facilis barba venustas una contego.",
    "createdAt": "2024-12-17T21:34:28.528Z"
  },
  {
    "productId": "68149cff30a898aab1f043e5",
    "userId": "6822d0a2c08fdfcf24d49c99",
    "rating": 1,
    "comment": "Ancilla vacuus caries cimentarius volup sollers defaeco aequitas ipsum umerus.",
    "createdAt": "2024-12-20T02:35:36.865Z"
  },
  {
    "productId": "6814b499db8e7421d9054823",
    "userId": "6822d06dc08fdfcf24d493e1",
    "rating": 5,
    "comment": "Strues abutor clamo alienus aetas sodalitas acceptus ater adulatio occaecati.",
    "createdAt": "2024-12-23T04:01:05.765Z"
  },
  {
    "productId": "6814d4dbd4982e02496b6362",
    "userId": "6822d09ec08fdfcf24d49c29",
    "rating": 2,
    "comment": "Trepide deserunt decumbo tricesimus caelestis tibi tabernus creptio comptus somniculosus.",
    "createdAt": "2024-12-20T04:38:01.258Z"
  },
  {
    "productId": "6814cabf1780e5204676cdfd",
    "userId": "6822d08bc08fdfcf24d49913",
    "rating": 4,
    "comment": "Civis calco nesciunt numquam cupio tunc accusamus clam tot sodalitas.",
    "createdAt": "2024-12-19T04:59:18.472Z"
  },
  {
    "productId": "6814c741b44fb7a9e6cbb4c8",
    "userId": "6822d081c08fdfcf24d49747",
    "rating": 5,
    "comment": "Centum tego adipisci consequatur theca vorago cultura pauci argentum amitto.",
    "createdAt": "2024-12-20T07:22:54.023Z"
  },
  {
    "productId": "6814c104ca19a92a5b1d5b6f",
    "userId": "6822d081c08fdfcf24d49747",
    "rating": 5,
    "comment": "Beneficium vacuus demoror tui verbera ter contigo catena coniecto cognomen.",
    "createdAt": "2024-12-18T07:22:54.023Z"
  },
  {
    "productId": "6814a1931c10fee4a5286d75",
    "userId": "6822d081c08fdfcf24d49747",
    "rating": 4,
    "comment": "Tamquam voro decipio volutabrum pel repellat stillicidium aptus victus tener.",
    "createdAt": "2024-12-23T07:22:54.023Z"
  },
  {
    "productId": "6814c3b3595891202e483a7c",
    "userId": "6822d081c08fdfcf24d49747",
    "rating": 4,
    "comment": "Aiunt uredo angulus tenuis perspiciatis ratione facere arto corroboro somniculosus.",
    "createdAt": "2024-12-20T07:22:54.023Z"
  },
  {
    "productId": "6814af8df38840c4bcc37ea6",
    "userId": "6822d092c08fdfcf24d49a21",
    "rating": 5,
    "comment": "Cum utrum auctus aspicio avaritia tantum civis temeritas deduco sopor.",
    "createdAt": "2024-12-20T10:46:28.119Z"
  },
  {
    "productId": "6814c104ca19a92a5b1d5b63",
    "userId": "6822d076c08fdfcf24d49595",
    "rating": 5,
    "comment": "Dolor caterva vulgo esse uberrime caelum utroque cruentus velum arbitro.",
    "createdAt": "2024-12-18T10:47:16.543Z"
  },
  {
    "productId": "6814d8faa6b79f1523907edf",
    "userId": "6822d081c08fdfcf24d49761",
    "rating": 4,
    "comment": "Cerno eos trado approbo suspendo cavus est nam comis clementia.",
    "createdAt": "2024-12-21T11:44:54.136Z"
  },
  {
    "productId": "6814c75737cb2b415f50f071",
    "userId": "6822d081c08fdfcf24d49761",
    "rating": 3,
    "comment": "Utor dolor custodia tres ustulo tantillus tabula conitor vestigium correptius.",
    "createdAt": "2024-12-23T11:44:54.136Z"
  },
  {
    "productId": "6814d008dac5e44185ec2233",
    "userId": "6822d081c08fdfcf24d49761",
    "rating": 5,
    "comment": "Exercitationem theatrum crux accusamus aliquid cruciamentum attonbitus summa non thymum.",
    "createdAt": "2024-12-19T11:44:54.136Z"
  },
  {
    "productId": "6814a81935053cb1544dd169",
    "userId": "6822d081c08fdfcf24d49761",
    "rating": 5,
    "comment": "Quaerat spiritus vox taedium distinctio deludo venia absque ante sumptus.",
    "createdAt": "2024-12-22T11:44:54.136Z"
  },
  {
    "productId": "6814b49adb8e7421d9054849",
    "userId": "6822d08bc08fdfcf24d4990b",
    "rating": 5,
    "comment": "Compello advoco complectus adhuc voco creta sol dolorem denuo suscipio.",
    "createdAt": "2024-12-22T13:23:22.205Z"
  },
  {
    "productId": "6814d246995813a18f27d95b",
    "userId": "6822d08bc08fdfcf24d4990b",
    "rating": 5,
    "comment": "Celer vulticulus suggero ademptio consequatur annus demergo adiuvo balbus summa.",
    "createdAt": "2024-12-23T13:23:22.205Z"
  },
  {
    "productId": "6814d519d4982e02496b64ba",
    "userId": "6822d08bc08fdfcf24d4990b",
    "rating": 5,
    "comment": "Thalassinus spes temporibus vesica truculenter solum corporis cometes arma creo.",
    "createdAt": "2024-12-22T13:23:22.205Z"
  },
  {
    "productId": "6814dafe48198c3c05074c24",
    "userId": "6822d08bc08fdfcf24d4990b",
    "rating": 5,
    "comment": "Beatus cervus suasoria adimpleo stillicidium ipsa surgo acies versus comes.",
    "createdAt": "2024-12-18T13:23:22.205Z"
  },
  {
    "productId": "68149cfe30a898aab1f043cb",
    "userId": "6822d09dc08fdfcf24d49beb",
    "rating": 5,
    "comment": "Depulso vir verus adversus calamitas defungo socius libero bibo confido.",
    "createdAt": "2024-12-18T14:41:03.370Z"
  },
  {
    "productId": "6814af8df38840c4bcc37eb2",
    "userId": "6822d089c08fdfcf24d4988b",
    "rating": 5,
    "comment": "Deduco spargo sophismata molestiae adipiscor adeptio laborum thesaurus considero defleo.",
    "createdAt": "2024-12-21T16:18:53.690Z"
  },
  {
    "productId": "6814c104ca19a92a5b1d5b63",
    "userId": "6822d089c08fdfcf24d4988b",
    "rating": 5,
    "comment": "Maiores aeneus curo cur pectus culpa mollitia adulatio esse solum.",
    "createdAt": "2024-12-22T16:18:53.690Z"
  },
  {
    "productId": "6814bcdd958ad8fcad8c5427",
    "userId": "6822d089c08fdfcf24d4988b",
    "rating": 5,
    "comment": "Incidunt atavus alii talus vos thymbra demum tactus deporto cauda.",
    "createdAt": "2024-12-18T16:18:53.690Z"
  },
  {
    "productId": "6814cabe1780e5204676cdd5",
    "userId": "6822d07ec08fdfcf24d49677",
    "rating": 5,
    "comment": "Admoneo sequi soluta cornu adaugeo aperio quae tamdiu adinventitias tamquam.",
    "createdAt": "2024-12-22T21:59:35.428Z"
  },
  {
    "productId": "6814d886eb6e44f9df4dc017",
    "userId": "6822d08cc08fdfcf24d49933",
    "rating": 5,
    "comment": "Iste vulgaris suspendo carcer audax quasi abeo vicissitudo pariatur ait.",
    "createdAt": "2024-12-20T01:48:33.665Z"
  },
  {
    "productId": "6814b49adb8e7421d905485e",
    "userId": "6822d08cc08fdfcf24d49933",
    "rating": 5,
    "comment": "Solitudo caput cenaculum accendo carmen assentator curso cinis cattus tui.",
    "createdAt": "2024-12-24T01:48:33.665Z"
  },
  {
    "productId": "6814c2cb511161f3045acc40",
    "userId": "6822d08cc08fdfcf24d49933",
    "rating": 5,
    "comment": "Caritas caritas degenero appello alveus corporis sub dicta solitudo subseco.",
    "createdAt": "2024-12-24T01:48:33.665Z"
  },
  {
    "productId": "6814c03933cd17d446b063c4",
    "userId": "6822d08cc08fdfcf24d49933",
    "rating": 5,
    "comment": "Delibero tergo accusamus caries quidem vel textor amo comburo allatus.",
    "createdAt": "2024-12-24T01:48:33.665Z"
  },
  {
    "productId": "6814b49adb8e7421d905485e",
    "userId": "6822d077c08fdfcf24d495cb",
    "rating": 4,
    "comment": "Subiungo utilis sonitus talus calcar voluptatem vestrum depereo ipsam vesper.",
    "createdAt": "2024-12-21T09:28:26.858Z"
  },
  {
    "productId": "6814daff48198c3c05074c2f",
    "userId": "6822d07dc08fdfcf24d4962d",
    "rating": 2,
    "comment": "Vesica temporibus triduana talus abduco aliqua in thermae assentator nam.",
    "createdAt": "2024-12-21T10:01:01.315Z"
  },
  {
    "productId": "6814a81835053cb1544dd139",
    "userId": "6822d06ac08fdfcf24d4932b",
    "rating": 4,
    "comment": "Viscus libero creber possimus sodalitas tersus sustineo viriliter calamitas trucido.",
    "createdAt": "2024-12-22T10:15:43.378Z"
  },
  {
    "productId": "6814d8faa6b79f1523907ed8",
    "userId": "6822d06ac08fdfcf24d4932b",
    "rating": 1,
    "comment": "Summisse pectus volubilis molestiae chirographum tolero antea nemo corona aedificium.",
    "createdAt": "2024-12-23T10:15:43.378Z"
  },
  {
    "productId": "6814cbfc9ac1ce2619619237",
    "userId": "6822d06ac08fdfcf24d4932b",
    "rating": 5,
    "comment": "Uterque delibero reiciendis contabesco desidero coadunatio adfectus utrum denuo stabilis.",
    "createdAt": "2024-12-20T10:15:43.378Z"
  },
  {
    "productId": "6814d31019ffed8d9ec6b553",
    "userId": "6822d06ac08fdfcf24d4932b",
    "rating": 5,
    "comment": "Aurum error vulpes caecus bibo placeat deleo delicate victoria sponte.",
    "createdAt": "2024-12-23T10:15:43.378Z"
  },
  {
    "productId": "68149cfe30a898aab1f043d1",
    "userId": "6822d07fc08fdfcf24d496e5",
    "rating": 5,
    "comment": "Velut carcer contego vilitas caveo officiis creo convoco deputo sol.",
    "createdAt": "2024-12-22T21:40:16.338Z"
  },
  {
    "productId": "6814d246995813a18f27d968",
    "userId": "6822d07fc08fdfcf24d496e5",
    "rating": 5,
    "comment": "Curatio tutis velum calamitas vesper statua venustas ex tutamen denuncio.",
    "createdAt": "2024-12-21T21:40:16.338Z"
  },
  {
    "productId": "6814c740b44fb7a9e6cbb49e",
    "userId": "6822d07fc08fdfcf24d496e5",
    "rating": 3,
    "comment": "Certe colo iure voluptatem caute tracto conculco desparatus vulnus voluptatibus.",
    "createdAt": "2024-12-22T21:40:16.338Z"
  },
  {
    "productId": "6814be17a67388b7fa2b037c",
    "userId": "6822d07fc08fdfcf24d496e5",
    "rating": 3,
    "comment": "Talis dolorum verbera arma ad vigilo sperno pax vomer adflicto.",
    "createdAt": "2024-12-23T21:40:16.338Z"
  },
  {
    "productId": "6814c2ca511161f3045acbd8",
    "userId": "6822d080c08fdfcf24d49711",
    "rating": 5,
    "comment": "Spiculum defaeco umbra arguo atque theca absconditus averto velociter officiis.",
    "createdAt": "2024-12-19T22:08:08.466Z"
  },
  {
    "productId": "6814c1b4ba01e3aab8f3f3b4",
    "userId": "6822d080c08fdfcf24d49711",
    "rating": 1,
    "comment": "Amiculum accedo eum crepusculum amitto demum delectus molestias sperno comburo.",
    "createdAt": "2024-12-23T22:08:08.466Z"
  },
  {
    "productId": "6814daff48198c3c05074c4d",
    "userId": "6822d080c08fdfcf24d49711",
    "rating": 4,
    "comment": "Ocer adamo cribro tandem cornu suggero beatus cogo numquam temptatio.",
    "createdAt": "2024-12-21T22:08:08.466Z"
  },
  {
    "productId": "6814c3b2595891202e483a3e",
    "userId": "6822d080c08fdfcf24d49711",
    "rating": 4,
    "comment": "Comparo tristis titulus canto cubitum allatus studio utpote subito error.",
    "createdAt": "2024-12-23T22:08:08.466Z"
  },
  {
    "productId": "6814d008dac5e44185ec2241",
    "userId": "6822d07fc08fdfcf24d496db",
    "rating": 5,
    "comment": "Admiratio ratione numquam caries soleo speciosus tempus atrocitas defungo voco.",
    "createdAt": "2024-12-23T10:09:47.126Z"
  },
  {
    "productId": "6814a1931c10fee4a5286d5d",
    "userId": "6822d07dc08fdfcf24d49661",
    "rating": 3,
    "comment": "Perferendis sum decretum contego tibi synagoga magni adipiscor officiis valde.",
    "createdAt": "2024-12-25T10:21:59.697Z"
  },
  {
    "productId": "6814bcdd958ad8fcad8c5427",
    "userId": "6822d076c08fdfcf24d49575",
    "rating": 5,
    "comment": "Sto super vestigium depopulo congregatio color tremo aptus tum antiquus.",
    "createdAt": "2024-12-24T12:42:26.469Z"
  },
  {
    "productId": "6814d4dbd4982e02496b6356",
    "userId": "6822d076c08fdfcf24d49575",
    "rating": 5,
    "comment": "Crinis cometes virgo timidus caterva socius cinis audeo quasi quo.",
    "createdAt": "2024-12-24T12:42:26.469Z"
  },
  {
    "productId": "6814d245995813a18f27d93e",
    "userId": "6822d076c08fdfcf24d49575",
    "rating": 5,
    "comment": "Virgo cribro tendo decet atavus contigo aestas sponte sapiente patria.",
    "createdAt": "2024-12-20T12:42:26.469Z"
  },
  {
    "productId": "6814a81835053cb1544dd133",
    "userId": "6822d076c08fdfcf24d49575",
    "rating": 5,
    "comment": "Delibero testimonium curso correptius contego truculenter contigo verbera cura averto.",
    "createdAt": "2024-12-23T12:42:26.469Z"
  },
  {
    "productId": "6814c75737cb2b415f50f071",
    "userId": "6822d0a2c08fdfcf24d49c81",
    "rating": 5,
    "comment": "Suasoria denique molestiae creptio crastinus advenio statua arbustum tot tergo.",
    "createdAt": "2024-12-22T13:51:12.253Z"
  },
  {
    "productId": "6814bcdd958ad8fcad8c5449",
    "userId": "6822d0a2c08fdfcf24d49c81",
    "rating": 5,
    "comment": "Corrumpo abutor infit vinum aequitas sit crinis optio astrum pecco.",
    "createdAt": "2024-12-23T13:51:12.253Z"
  },
  {
    "productId": "6814b49adb8e7421d905486e",
    "userId": "6822d0a2c08fdfcf24d49c81",
    "rating": 1,
    "comment": "Studio adipisci conqueror ipsa corrupti summopere cruciamentum nulla adhaero valens.",
    "createdAt": "2024-12-21T13:51:12.253Z"
  },
  {
    "productId": "6814be18a67388b7fa2b03d8",
    "userId": "6822d0a2c08fdfcf24d49c91",
    "rating": 5,
    "comment": "Succurro ex tutis crapula vomito cavus patrocinor consectetur confero confido.",
    "createdAt": "2024-12-20T20:02:46.961Z"
  },
  {
    "productId": "6814cabe1780e5204676cdd5",
    "userId": "6822d0a2c08fdfcf24d49c91",
    "rating": 5,
    "comment": "Accedo arbitro terror communis exercitationem demulceo tracto ea bonus quaerat.",
    "createdAt": "2024-12-20T20:02:46.961Z"
  },
  {
    "productId": "6814bf386172128284c9becc",
    "userId": "6822d0a2c08fdfcf24d49c91",
    "rating": 5,
    "comment": "At patruus arca succurro aestas torrens confugo traho eos comburo.",
    "createdAt": "2024-12-25T20:02:46.961Z"
  },
  {
    "productId": "6814d886eb6e44f9df4dc00b",
    "userId": "6822d0a2c08fdfcf24d49c91",
    "rating": 4,
    "comment": "Tendo uxor denuo via teres succedo custodia truculenter aestivus viriliter.",
    "createdAt": "2024-12-24T20:02:46.961Z"
  },
  {
    "productId": "6814b499db8e7421d9054823",
    "userId": "6822d069c08fdfcf24d492f1",
    "rating": 5,
    "comment": "Tenus decipio suffoco tres aegre comburo terminatio asperiores adsidue enim.",
    "createdAt": "2024-12-20T21:49:23.447Z"
  },
  {
    "productId": "6814c03933cd17d446b063cc",
    "userId": "6822d075c08fdfcf24d49547",
    "rating": 5,
    "comment": "Aegrotatio despecto vita tamisium titulus tubineus acceptus turba beatus pauper.",
    "createdAt": "2024-12-25T22:20:18.319Z"
  },
  {
    "productId": "6814c741b44fb7a9e6cbb4bb",
    "userId": "6822d092c08fdfcf24d49a33",
    "rating": 4,
    "comment": "Suscipit termes amaritudo causa corroboro vicissitudo defetiscor ad valde natus.",
    "createdAt": "2024-12-22T01:00:13.628Z"
  },
  {
    "productId": "6814c3b2595891202e483a54",
    "userId": "6822d08ac08fdfcf24d498a3",
    "rating": 5,
    "comment": "Subiungo demum apparatus comprehendo inventore rem decipio sunt venia adinventitias.",
    "createdAt": "2024-12-23T01:15:35.391Z"
  },
  {
    "productId": "6814a1941c10fee4a5286d81",
    "userId": "6822d083c08fdfcf24d497b9",
    "rating": 5,
    "comment": "Deleniti subvenio stillicidium aduro chirographum trucido urbanus paulatim sub cupiditate.",
    "createdAt": "2024-12-21T04:16:39.236Z"
  },
  {
    "productId": "6814d4dbd4982e02496b6350",
    "userId": "6822d083c08fdfcf24d497b9",
    "rating": 5,
    "comment": "Bonus tui odio acceptus cimentarius delectatio utilis aqua talis adsum.",
    "createdAt": "2024-12-25T04:16:39.236Z"
  },
  {
    "productId": "6814d007dac5e44185ec2216",
    "userId": "6822d083c08fdfcf24d497b9",
    "rating": 5,
    "comment": "Utpote degero temeritas aliquid vinco sono adulatio statua magnam civitas.",
    "createdAt": "2024-12-25T04:16:39.236Z"
  },
  {
    "productId": "6814c2ca511161f3045acc00",
    "userId": "6822d083c08fdfcf24d497b9",
    "rating": 5,
    "comment": "Virga xiphias attollo suus cui abscido virga nostrum adulescens acidus.",
    "createdAt": "2024-12-21T04:16:39.236Z"
  },
  {
    "productId": "6814c740b44fb7a9e6cbb471",
    "userId": "6822d094c08fdfcf24d49a81",
    "rating": 5,
    "comment": "Cotidie caute tergeo eaque benevolentia volva trado debilito ambulo ait.",
    "createdAt": "2024-12-22T06:10:11.037Z"
  },
  {
    "productId": "6814bcdd958ad8fcad8c5433",
    "userId": "6822d094c08fdfcf24d49a81",
    "rating": 3,
    "comment": "Adipisci velut suscipio valens ut amitto commodo collum cunae dens.",
    "createdAt": "2024-12-25T06:10:11.037Z"
  },
  {
    "productId": "6814cabf1780e5204676ce05",
    "userId": "6822d094c08fdfcf24d49a81",
    "rating": 5,
    "comment": "Volo cinis depono corona canis placeat sodalitas curis adversus saepe.",
    "createdAt": "2024-12-23T06:10:11.037Z"
  },
  {
    "productId": "6814c2ca511161f3045acbc2",
    "userId": "6822d094c08fdfcf24d49a81",
    "rating": 5,
    "comment": "Tametsi aiunt atavus curtus voluptatibus arma via bellum nulla quis.",
    "createdAt": "2024-12-22T06:10:11.037Z"
  },
  {
    "productId": "6814daff48198c3c05074c2f",
    "userId": "6822d09ac08fdfcf24d49b37",
    "rating": 3,
    "comment": "Timor cubo thorax virga adeo fugit ubi victoria capio curto.",
    "createdAt": "2024-12-26T11:06:15.059Z"
  },
  {
    "productId": "6814d3abbcd9b504d290b03c",
    "userId": "6822d06ac08fdfcf24d49335",
    "rating": 1,
    "comment": "Correptius absum conqueror tum cras tantillus officiis teres dedico concido.",
    "createdAt": "2024-12-23T15:17:00.908Z"
  },
  {
    "productId": "6814cabe1780e5204676cde3",
    "userId": "6822d082c08fdfcf24d49779",
    "rating": 5,
    "comment": "Absque campana aeternus perferendis certe colligo ascisco tolero sapiente ab.",
    "createdAt": "2024-12-23T19:54:53.696Z"
  },
  {
    "productId": "6814c2ca511161f3045acbc2",
    "userId": "6822d0a5c08fdfcf24d49d35",
    "rating": 1,
    "comment": "Apparatus quis audacia caste taedium labore commodi strenuus illo ullam.",
    "createdAt": "2024-12-24T22:08:16.246Z"
  },
  {
    "productId": "6814cbfc9ac1ce261961922f",
    "userId": "6822d082c08fdfcf24d49777",
    "rating": 3,
    "comment": "Est crustulum truculenter est tui bene demulceo coniecto dens similique.",
    "createdAt": "2024-12-25T02:32:04.148Z"
  },
  {
    "productId": "6814c2ca511161f3045acc24",
    "userId": "6822d092c08fdfcf24d49a17",
    "rating": 3,
    "comment": "Et approbo victus abbas uterque degero delectus adimpleo adimpleo casus.",
    "createdAt": "2024-12-24T05:34:57.534Z"
  },
  {
    "productId": "6814cbfd9ac1ce261961923f",
    "userId": "6822d09dc08fdfcf24d49be5",
    "rating": 5,
    "comment": "Vindico clementia eligendi suadeo quasi circumvenio curis ascit utroque tum.",
    "createdAt": "2024-12-24T06:33:44.392Z"
  },
  {
    "productId": "6814c3b3595891202e483abc",
    "userId": "6822d06bc08fdfcf24d4936d",
    "rating": 5,
    "comment": "Thymum amaritudo inflammatio aliqua texo valetudo conscendo defetiscor ex tardus.",
    "createdAt": "2024-12-27T09:09:48.702Z"
  },
  {
    "productId": "6814c741b44fb7a9e6cbb4c2",
    "userId": "6822d09bc08fdfcf24d49b65",
    "rating": 5,
    "comment": "Appono tyrannus decens campana nihil ars speciosus veritas ratione sufficio.",
    "createdAt": "2024-12-25T14:24:39.611Z"
  },
  {
    "productId": "6814bf386172128284c9bed8",
    "userId": "6822d082c08fdfcf24d4978b",
    "rating": 5,
    "comment": "Peior depromo comminor amor debitis sed spectaculum pecco adimpleo caelum.",
    "createdAt": "2024-12-23T22:27:36.268Z"
  },
  {
    "productId": "6814a81835053cb1544dd151",
    "userId": "6822d092c08fdfcf24d49a25",
    "rating": 4,
    "comment": "Consectetur bestia corroboro aeger cursus apto commodi combibo attollo surculus.",
    "createdAt": "2024-12-27T04:01:16.979Z"
  },
  {
    "productId": "6814d519d4982e02496b64cd",
    "userId": "6822d099c08fdfcf24d49b0b",
    "rating": 5,
    "comment": "Argentum causa velut eum tumultus tenetur suspendo ubi tempus volubilis.",
    "createdAt": "2024-12-25T08:16:26.642Z"
  },
  {
    "productId": "6814c3b3595891202e483aa0",
    "userId": "6822d099c08fdfcf24d49b0b",
    "rating": 4,
    "comment": "Solium velit similique capio est excepturi video carmen amplitudo tripudio.",
    "createdAt": "2024-12-24T08:16:26.642Z"
  },
  {
    "productId": "6814be17a67388b7fa2b03ac",
    "userId": "6822d099c08fdfcf24d49b0b",
    "rating": 2,
    "comment": "Animi amplus teneo victus desidero defessus accommodo curiositas depraedor absorbeo.",
    "createdAt": "2024-12-24T08:16:26.642Z"
  },
  {
    "productId": "6814a1931c10fee4a5286d69",
    "userId": "6822d099c08fdfcf24d49b0b",
    "rating": 5,
    "comment": "Claudeo derelinquo vobis ceno callide qui supellex surculus quia curiositas.",
    "createdAt": "2024-12-25T08:16:26.642Z"
  },
  {
    "productId": "6814d8faa6b79f1523907eac",
    "userId": "6822d09dc08fdfcf24d49c07",
    "rating": 5,
    "comment": "Quidem subseco arcesso alii statim provident creo bardus strues alienus.",
    "createdAt": "2024-12-24T08:52:12.110Z"
  },
  {
    "productId": "6814b49adb8e7421d9054837",
    "userId": "6822d090c08fdfcf24d49985",
    "rating": 5,
    "comment": "Corrupti carbo nesciunt atavus voluptatibus aedificium cado accusantium damno adnuo.",
    "createdAt": "2024-12-28T09:58:55.016Z"
  },
  {
    "productId": "6814bf386172128284c9becc",
    "userId": "6822d08ac08fdfcf24d498b9",
    "rating": 4,
    "comment": "Careo a super taceo volaticus vomito conculco alioqui stips acidus.",
    "createdAt": "2024-12-27T10:12:44.091Z"
  },
  {
    "productId": "6814c03933cd17d446b06384",
    "userId": "6822d0a1c08fdfcf24d49c59",
    "rating": 4,
    "comment": "Solus debeo vergo amaritudo adficio aperio sodalitas deduco solum arca.",
    "createdAt": "2024-12-27T12:20:09.399Z"
  },
  {
    "productId": "68149cfd30a898aab1f043a7",
    "userId": "6822d07ec08fdfcf24d4967b",
    "rating": 5,
    "comment": "Accendo veniam cruentus fugit minus celebrer casus altus bardus verus.",
    "createdAt": "2024-12-28T20:01:22.997Z"
  },
  {
    "productId": "6814af8df38840c4bcc37ec5",
    "userId": "6822d06ec08fdfcf24d4945d",
    "rating": 5,
    "comment": "Audax terminatio super colo cibo crinis accedo crepusculum cursus sponte.",
    "createdAt": "2024-12-24T00:00:49.119Z"
  },
  {
    "productId": "6814d886eb6e44f9df4dbff4",
    "userId": "6822d0a3c08fdfcf24d49cdf",
    "rating": 5,
    "comment": "Crustulum victoria vos vinum umerus id stabilis agnosco urbs corrigo.",
    "createdAt": "2024-12-26T00:45:49.231Z"
  },
  {
    "productId": "6814c2cb511161f3045acc34",
    "userId": "6822d06fc08fdfcf24d49469",
    "rating": 3,
    "comment": "Acquiro conqueror taedium deleo alias autem absum aranea aegre soluta.",
    "createdAt": "2024-12-27T02:32:20.598Z"
  },
  {
    "productId": "6814c1b4ba01e3aab8f3f3a8",
    "userId": "6822d09dc08fdfcf24d49c01",
    "rating": 5,
    "comment": "Advenio deripio pecus voluntarius tabernus suus atrox volubilis aliqua tantillus.",
    "createdAt": "2024-12-27T05:07:02.627Z"
  },
  {
    "productId": "6814d886eb6e44f9df4dc011",
    "userId": "6822d073c08fdfcf24d494c7",
    "rating": 1,
    "comment": "Alias temperantia fuga clamo clam ater subito atque veniam adfero.",
    "createdAt": "2024-12-28T13:40:47.859Z"
  },
  {
    "productId": "6814c03933cd17d446b063a8",
    "userId": "6822d076c08fdfcf24d4959f",
    "rating": 5,
    "comment": "Terreo volutabrum tardus derelinquo vinculum abscido tremo earum strues accommodo.",
    "createdAt": "2024-12-26T17:29:55.460Z"
  },
  {
    "productId": "6814af8df38840c4bcc37ebe",
    "userId": "6822d06ec08fdfcf24d49443",
    "rating": 5,
    "comment": "Vitiosus caput dens cognomen delectus video ipsa caute centum trans.",
    "createdAt": "2024-12-24T18:01:04.094Z"
  },
  {
    "productId": "6814be17a67388b7fa2b03ac",
    "userId": "6822d06ec08fdfcf24d49443",
    "rating": 5,
    "comment": "Caries unus sperno canonicus aurum stultus defetiscor aequitas clarus argumentum.",
    "createdAt": "2024-12-28T18:01:04.094Z"
  },
  {
    "productId": "6814d3aabcd9b504d290b024",
    "userId": "6822d077c08fdfcf24d495e3",
    "rating": 5,
    "comment": "Despecto collum aeternus iure aperiam versus cimentarius thymum dolores verto.",
    "createdAt": "2024-12-24T23:45:33.678Z"
  },
  {
    "productId": "6814bf396172128284c9bf28",
    "userId": "6822d08fc08fdfcf24d49965",
    "rating": 5,
    "comment": "Tandem fugiat occaecati apud spiculum crustulum conscendo credo vivo sol.",
    "createdAt": "2024-12-26T15:07:40.064Z"
  },
  {
    "productId": "6814c103ca19a92a5b1d5af1",
    "userId": "6822d08fc08fdfcf24d49965",
    "rating": 5,
    "comment": "Speciosus crux confido nobis depulso utroque adsuesco corrupti consectetur vigilo.",
    "createdAt": "2024-12-26T15:07:40.064Z"
  },
  {
    "productId": "6814c75737cb2b415f50f071",
    "userId": "6822d08fc08fdfcf24d49965",
    "rating": 5,
    "comment": "Tenax attonbitus dolores audax cuius texo subito repellat sponte colo.",
    "createdAt": "2024-12-30T15:07:40.064Z"
  },
  {
    "productId": "6814c741b44fb7a9e6cbb4b5",
    "userId": "6822d08fc08fdfcf24d49965",
    "rating": 5,
    "comment": "Sodalitas adversus adfero magnam sit suggero succurro vere torrens vindico.",
    "createdAt": "2024-12-27T15:07:40.064Z"
  },
  {
    "productId": "6814d007dac5e44185ec2202",
    "userId": "6822d0a2c08fdfcf24d49c95",
    "rating": 5,
    "comment": "Termes contabesco cubitum tabula ancilla eius officia sapiente amissio similique.",
    "createdAt": "2024-12-30T16:44:00.780Z"
  },
  {
    "productId": "6814d8faa6b79f1523907ed1",
    "userId": "6822d075c08fdfcf24d49529",
    "rating": 5,
    "comment": "Aperio labore cum charisma curiositas valetudo crur claudeo virgo adipiscor.",
    "createdAt": "2024-12-25T18:05:45.533Z"
  },
  {
    "productId": "6814c1b5ba01e3aab8f3f404",
    "userId": "6822d075c08fdfcf24d49529",
    "rating": 3,
    "comment": "Sto condico sordeo supplanto magni audio aedificium vomer deludo aedificium.",
    "createdAt": "2024-12-28T18:05:45.533Z"
  },
  {
    "productId": "6814c830fd4ffab5ca02f720",
    "userId": "6822d075c08fdfcf24d49529",
    "rating": 5,
    "comment": "Comparo desipio arca commodi peior officiis usque studio vitium cornu.",
    "createdAt": "2024-12-30T18:05:45.533Z"
  },
  {
    "productId": "6814c740b44fb7a9e6cbb471",
    "userId": "6822d075c08fdfcf24d49529",
    "rating": 3,
    "comment": "Admoneo vindico spiritus alo cicuta ipsam avarus quisquam sollicito cado.",
    "createdAt": "2024-12-26T18:05:45.533Z"
  },
  {
    "productId": "6814d8faa6b79f1523907eac",
    "userId": "6822d087c08fdfcf24d497ef",
    "rating": 2,
    "comment": "Molestias auxilium tabula accusamus soluta suffoco vel consequatur adeo perspiciatis.",
    "createdAt": "2024-12-29T19:34:34.879Z"
  },
  {
    "productId": "6814c740b44fb7a9e6cbb49e",
    "userId": "6822d09ec08fdfcf24d49c21",
    "rating": 5,
    "comment": "Vito colo cenaculum curtus collum cuppedia vinco usus bonus ocer.",
    "createdAt": "2024-12-28T20:08:32.307Z"
  },
  {
    "productId": "6814c2ca511161f3045acbf0",
    "userId": "6822d09bc08fdfcf24d49b7f",
    "rating": 3,
    "comment": "Eligendi sponte ademptio iusto coepi subvenio tui demens sit reiciendis.",
    "createdAt": "2024-12-27T01:51:12.102Z"
  },
  {
    "productId": "6814d49dabc2c4bf4ecaf516",
    "userId": "6822d093c08fdfcf24d49a75",
    "rating": 5,
    "comment": "Cum arbitro mollitia totam adipisci deserunt solum patior curso vereor.",
    "createdAt": "2024-12-26T04:34:58.073Z"
  },
  {
    "productId": "6814d31019ffed8d9ec6b56f",
    "userId": "6822d093c08fdfcf24d49a75",
    "rating": 1,
    "comment": "Neque aptus viridis creptio coadunatio molestias repellat comburo causa virga.",
    "createdAt": "2024-12-27T04:34:58.073Z"
  },
  {
    "productId": "6814c104ca19a92a5b1d5b77",
    "userId": "6822d093c08fdfcf24d49a75",
    "rating": 5,
    "comment": "Asper defluo patior bellicus ipsum trucido torrens accusamus odio adduco.",
    "createdAt": "2024-12-29T04:34:58.073Z"
  },
  {
    "productId": "6814d245995813a18f27d93e",
    "userId": "6822d093c08fdfcf24d49a75",
    "rating": 5,
    "comment": "Vox expedita caute atrocitas adversus id carpo abduco venia totus.",
    "createdAt": "2024-12-27T04:34:58.073Z"
  },
  {
    "productId": "6814c1b5ba01e3aab8f3f3d8",
    "userId": "6822d0a3c08fdfcf24d49cd7",
    "rating": 5,
    "comment": "Conqueror degusto urbanus decretum sursum minima uter ultio alius cohaero.",
    "createdAt": "2024-12-30T06:22:32.557Z"
  },
  {
    "productId": "68149cfe30a898aab1f043cb",
    "userId": "6822d0a3c08fdfcf24d49cd7",
    "rating": 5,
    "comment": "Copia taedium callide argumentum torqueo amissio recusandae causa umbra ulciscor.",
    "createdAt": "2024-12-26T06:22:32.557Z"
  },
  {
    "productId": "6814c104ca19a92a5b1d5b6f",
    "userId": "6822d0a3c08fdfcf24d49cd7",
    "rating": 5,
    "comment": "Tero centum compono tripudio deprecator cetera varius avarus vehemens dapifer.",
    "createdAt": "2024-12-27T06:22:32.557Z"
  },
  {
    "productId": "6814c1b4ba01e3aab8f3f39c",
    "userId": "6822d0a3c08fdfcf24d49cd7",
    "rating": 2,
    "comment": "Tactus umbra pax sonitus asporto subito saepe vulnero crux defungo.",
    "createdAt": "2024-12-27T06:22:32.557Z"
  },
  {
    "productId": "6814c104ca19a92a5b1d5b6f",
    "userId": "6822d093c08fdfcf24d49a4d",
    "rating": 5,
    "comment": "Adipiscor sumptus voco rerum pecus surculus vito sapiente vinculum tolero.",
    "createdAt": "2024-12-29T08:42:20.815Z"
  },
  {
    "productId": "6814bcdd958ad8fcad8c546f",
    "userId": "6822d06dc08fdfcf24d4941f",
    "rating": 5,
    "comment": "Advenio timidus iusto coepi auctor demitto damno ars cursim clibanus.",
    "createdAt": "2024-12-29T10:01:49.713Z"
  },
  {
    "productId": "6814a1931c10fee4a5286d69",
    "userId": "6822d083c08fdfcf24d497c3",
    "rating": 5,
    "comment": "Auditor aspicio atque speculum corporis sub thesis caelestis defendo complectus.",
    "createdAt": "2024-12-27T16:38:04.558Z"
  },
  {
    "productId": "6814c741b44fb7a9e6cbb4b5",
    "userId": "6822d09cc08fdfcf24d49ba1",
    "rating": 4,
    "comment": "Quisquam demonstro tabernus claustrum cariosus despecto vociferor subnecto comminor adficio.",
    "createdAt": "2024-12-26T16:48:54.356Z"
  },
  {
    "productId": "6814af8ef38840c4bcc37ed5",
    "userId": "6822d073c08fdfcf24d4949b",
    "rating": 4,
    "comment": "Ater circumvenio vomito denuo iste curtus beneficium delego degusto agnosco.",
    "createdAt": "2024-12-27T20:17:32.930Z"
  },
  {
    "productId": "6814d518d4982e02496b6496",
    "userId": "6822d0a3c08fdfcf24d49ca5",
    "rating": 4,
    "comment": "Praesentium sequi anser modi qui comedo pecto usus adficio tui.",
    "createdAt": "2024-12-27T22:26:29.183Z"
  },
  {
    "productId": "6814d8faa6b79f1523907ebe",
    "userId": "6822d0a3c08fdfcf24d49ca5",
    "rating": 5,
    "comment": "Aveho taedium occaecati casus succurro somniculosus arto iste tametsi quasi.",
    "createdAt": "2024-12-30T22:26:29.183Z"
  },
  {
    "productId": "6814a81835053cb1544dd10e",
    "userId": "6822d0a3c08fdfcf24d49ca5",
    "rating": 5,
    "comment": "Venustas decet usitas amplus calcar nesciunt cibo illo ab conor.",
    "createdAt": "2024-12-31T22:26:29.183Z"
  },
  {
    "productId": "6814b499db8e7421d9054829",
    "userId": "6822d06bc08fdfcf24d4937f",
    "rating": 5,
    "comment": "Amiculum vindico antea alioqui tubineus harum amor decerno vetus clamo.",
    "createdAt": "2024-12-27T10:01:36.012Z"
  },
  {
    "productId": "6814d30f19ffed8d9ec6b546",
    "userId": "6822d09dc08fdfcf24d49be5",
    "rating": 5,
    "comment": "Charisma vitium claro amaritudo altus desino casso vesica abstergo comes.",
    "createdAt": "2024-12-27T10:13:43.361Z"
  },
  {
    "productId": "6814af8df38840c4bcc37eac",
    "userId": "6822d068c08fdfcf24d492bb",
    "rating": 5,
    "comment": "Comprehendo villa bestia amiculum aut cuius deduco arcesso sumo canonicus.",
    "createdAt": "2024-12-29T10:21:34.991Z"
  },
  {
    "productId": "6814c104ca19a92a5b1d5b7f",
    "userId": "6822d068c08fdfcf24d492bb",
    "rating": 4,
    "comment": "Stipes subseco demo volutabrum explicabo tabernus laborum attonbitus custodia degusto.",
    "createdAt": "2025-01-01T10:21:34.991Z"
  },
  {
    "productId": "6814d31019ffed8d9ec6b553",
    "userId": "6822d068c08fdfcf24d492bb",
    "rating": 5,
    "comment": "Vesica consequuntur vaco articulus assumenda tracto cenaculum aequitas officiis ancilla.",
    "createdAt": "2024-12-28T10:21:34.991Z"
  },
  {
    "productId": "6814a81835053cb1544dd133",
    "userId": "6822d068c08fdfcf24d492bb",
    "rating": 5,
    "comment": "Stultus aveho damnatio exercitationem tenax creta alioqui vesper terga odio.",
    "createdAt": "2024-12-31T10:21:34.991Z"
  },
  {
    "productId": "68149cfe30a898aab1f043be",
    "userId": "6822d0a3c08fdfcf24d49cc3",
    "rating": 5,
    "comment": "Audacia quibusdam alias tricesimus vulgus alter accusator cuppedia artificiose adversus.",
    "createdAt": "2025-01-01T12:02:36.488Z"
  },
  {
    "productId": "6814d518d4982e02496b64a9",
    "userId": "6822d0a3c08fdfcf24d49cc3",
    "rating": 5,
    "comment": "Succurro curo aveho temptatio delibero terra dedecor tertius vulgo delicate.",
    "createdAt": "2024-12-31T12:02:36.488Z"
  },
  {
    "productId": "6814bf386172128284c9bee8",
    "userId": "6822d0a3c08fdfcf24d49cc3",
    "rating": 5,
    "comment": "Aspicio subseco tribuo universe vis omnis triumphus animi amo ullus.",
    "createdAt": "2024-12-30T12:02:36.488Z"
  },
  {
    "productId": "6814cabf1780e5204676cdfd",
    "userId": "6822d0a3c08fdfcf24d49cc3",
    "rating": 5,
    "comment": "Tamisium inventore velociter ipsam supellex supra creator taedium ipsam aeneus.",
    "createdAt": "2024-12-27T12:02:36.488Z"
  },
  {
    "productId": "6814d3abbcd9b504d290b066",
    "userId": "6822d08fc08fdfcf24d4995f",
    "rating": 3,
    "comment": "Conventus numquam teneo turpis defessus una delinquo admitto cado defungo.",
    "createdAt": "2024-12-29T14:31:51.532Z"
  },
  {
    "productId": "6814d30f19ffed8d9ec6b546",
    "userId": "6822d08fc08fdfcf24d4995f",
    "rating": 5,
    "comment": "Comparo aliquam callide aperio aliquid officia architecto voro bibo cresco.",
    "createdAt": "2024-12-29T14:31:51.532Z"
  },
  {
    "productId": "6814d31019ffed8d9ec6b56f",
    "userId": "6822d08fc08fdfcf24d4995f",
    "rating": 5,
    "comment": "Vespillo adipisci tremo comes verecundia molestias cuius abbas aranea consequatur.",
    "createdAt": "2024-12-30T14:31:51.532Z"
  },
  {
    "productId": "6814bf396172128284c9bef4",
    "userId": "6822d08fc08fdfcf24d4995f",
    "rating": 5,
    "comment": "Tutis certe voco veniam dolorum usitas contigo conduco amicitia vinitor.",
    "createdAt": "2024-12-27T14:31:51.532Z"
  },
  {
    "productId": "6814c2ca511161f3045acbe4",
    "userId": "6822d090c08fdfcf24d499a1",
    "rating": 5,
    "comment": "Taedium pecto coaegresco addo atrox a depereo solitudo congregatio tendo.",
    "createdAt": "2025-01-01T16:44:06.027Z"
  },
  {
    "productId": "6814c03933cd17d446b06368",
    "userId": "6822d090c08fdfcf24d499a1",
    "rating": 5,
    "comment": "Tenetur taedium voluptate ars cubo in comitatus dolorem quaerat censura.",
    "createdAt": "2024-12-31T16:44:06.027Z"
  },
  {
    "productId": "6814a81835053cb1544dd151",
    "userId": "6822d09cc08fdfcf24d49bcd",
    "rating": 5,
    "comment": "Neque optio coadunatio alo victoria nihil curis ab adimpleo conservo.",
    "createdAt": "2024-12-31T17:48:57.415Z"
  },
  {
    "productId": "6814d008dac5e44185ec2241",
    "userId": "6822d067c08fdfcf24d49299",
    "rating": 5,
    "comment": "Absum angelus aut ipsam est colligo velit suspendo cohors labore.",
    "createdAt": "2024-12-27T20:21:54.104Z"
  },
  {
    "productId": "6814bf396172128284c9bf28",
    "userId": "6822d090c08fdfcf24d4997d",
    "rating": 5,
    "comment": "Velociter volo deleo defleo defessus claro auxilium subnecto tepidus ad.",
    "createdAt": "2024-12-28T21:45:57.840Z"
  },
  {
    "productId": "6814ccc458f78c505fea9692",
    "userId": "6822d091c08fdfcf24d499e3",
    "rating": 3,
    "comment": "Creptio ago veritas sit decumbo dolorum vulgaris tabgo velut colo.",
    "createdAt": "2025-01-02T06:38:51.293Z"
  },
  {
    "productId": "6814bcdd958ad8fcad8c5433",
    "userId": "6822d0a4c08fdfcf24d49d0b",
    "rating": 5,
    "comment": "Censura tracto molestiae cruentus illum tametsi aiunt decumbo accusator universe.",
    "createdAt": "2024-12-28T06:43:16.035Z"
  },
  {
    "productId": "6814bcdd958ad8fcad8c547b",
    "userId": "6822d08bc08fdfcf24d4990b",
    "rating": 5,
    "comment": "Pel uterque modi eos cohaero copiose abeo aufero ater vetus.",
    "createdAt": "2025-01-02T12:11:22.361Z"
  },
  {
    "productId": "6814d007dac5e44185ec220c",
    "userId": "6822d08bc08fdfcf24d4990b",
    "rating": 3,
    "comment": "Repudiandae solus vere pauper denuncio vae delicate conturbo terreo facilis.",
    "createdAt": "2025-01-02T12:11:22.361Z"
  },
  {
    "productId": "6814ccc458f78c505fea9692",
    "userId": "6822d08bc08fdfcf24d4990b",
    "rating": 5,
    "comment": "Copia antepono depromo arcus culpa crebro voluntarius dolores enim undique.",
    "createdAt": "2024-12-29T12:11:22.361Z"
  },
  {
    "productId": "6814d007dac5e44185ec221d",
    "userId": "6822d08bc08fdfcf24d4990b",
    "rating": 5,
    "comment": "Comparo virtus auxilium causa dens terreo termes assentator inflammatio sustineo.",
    "createdAt": "2024-12-30T12:11:22.361Z"
  },
  {
    "productId": "6814c03933cd17d446b06398",
    "userId": "6822d078c08fdfcf24d49621",
    "rating": 5,
    "comment": "Thorax maxime tamisium advoco temporibus vis curso conservo deorsum textor.",
    "createdAt": "2025-01-01T16:10:55.330Z"
  },
  {
    "productId": "6814c2ca511161f3045acbf0",
    "userId": "6822d078c08fdfcf24d49621",
    "rating": 4,
    "comment": "Unde brevis deludo credo vallum corona vindico vorago tollo trado.",
    "createdAt": "2024-12-28T16:10:55.330Z"
  },
  {
    "productId": "6814c104ca19a92a5b1d5b2f",
    "userId": "6822d092c08fdfcf24d49a19",
    "rating": 5,
    "comment": "Eaque acceptus advenio sodalitas cavus celebrer cresco tamdiu tendo victoria.",
    "createdAt": "2025-01-02T16:48:02.858Z"
  },
  {
    "productId": "6814c03933cd17d446b06346",
    "userId": "6822d08fc08fdfcf24d49973",
    "rating": 5,
    "comment": "Ascit sublime incidunt creber aestus perspiciatis subseco corrupti convoco est.",
    "createdAt": "2024-12-31T01:03:28.503Z"
  },
  {
    "productId": "6814d4dbd4982e02496b6368",
    "userId": "6822d08fc08fdfcf24d49973",
    "rating": 5,
    "comment": "Coniecto adeptio aequitas speciosus deduco crebro vita libero suscipit theatrum.",
    "createdAt": "2025-01-01T01:03:28.503Z"
  },
  {
    "productId": "6814c03933cd17d446b06346",
    "userId": "6822d090c08fdfcf24d499b5",
    "rating": 5,
    "comment": "Debeo cumque trepide terminatio acidus arma carbo atque valde crudelis.",
    "createdAt": "2025-01-01T06:43:40.515Z"
  },
  {
    "productId": "6814d31019ffed8d9ec6b55a",
    "userId": "6822d089c08fdfcf24d4988b",
    "rating": 5,
    "comment": "Deporto compono caelestis voluptates averto beatus caterva corporis aedificium truculenter.",
    "createdAt": "2024-12-29T08:17:53.440Z"
  },
  {
    "productId": "6814d519d4982e02496b64ae",
    "userId": "6822d089c08fdfcf24d4988b",
    "rating": 5,
    "comment": "Tero assentator summopere acerbitas pecto aiunt vinitor umquam confido veritatis.",
    "createdAt": "2025-01-03T08:17:53.440Z"
  },
  {
    "productId": "6814c740b44fb7a9e6cbb471",
    "userId": "6822d089c08fdfcf24d4988b",
    "rating": 3,
    "comment": "Commemoro coma thorax suggero considero agnitio collum adduco usque derelinquo.",
    "createdAt": "2024-12-29T08:17:53.440Z"
  },
  {
    "productId": "6814c2ca511161f3045acbd8",
    "userId": "6822d089c08fdfcf24d4988b",
    "rating": 5,
    "comment": "Patria vix deputo attero arbustum taceo congregatio aranea succedo aperte.",
    "createdAt": "2025-01-01T08:17:53.440Z"
  },
  {
    "productId": "6814c741b44fb7a9e6cbb4c2",
    "userId": "6822d08fc08fdfcf24d49967",
    "rating": 5,
    "comment": "Tremo vito statim apostolus reiciendis aranea credo ait usus spoliatio.",
    "createdAt": "2024-12-30T10:18:01.700Z"
  },
  {
    "productId": "68149cff30a898aab1f043e5",
    "userId": "6822d077c08fdfcf24d495e1",
    "rating": 5,
    "comment": "Accendo ante uxor beneficium dicta decipio clarus adimpleo harum clarus.",
    "createdAt": "2024-12-31T15:19:44.411Z"
  },
  {
    "productId": "6814d4dbd4982e02496b6350",
    "userId": "6822d08cc08fdfcf24d49947",
    "rating": 5,
    "comment": "Optio varius molestiae vomer ver angustus vorago summopere altus sint.",
    "createdAt": "2025-01-02T02:04:06.998Z"
  },
  {
    "productId": "6814c104ca19a92a5b1d5b1f",
    "userId": "6822d093c08fdfcf24d49a75",
    "rating": 4,
    "comment": "Cernuus corrigo curia tabgo aufero adficio absconditus xiphias totus bellum.",
    "createdAt": "2025-01-02T07:29:21.244Z"
  },
  {
    "productId": "6814c1b4ba01e3aab8f3f39c",
    "userId": "6822d06dc08fdfcf24d493f9",
    "rating": 5,
    "comment": "Carbo curiositas apto corpus aufero desidero capillus torrens voluptas cunae.",
    "createdAt": "2024-12-31T07:36:27.779Z"
  },
  {
    "productId": "6814c03933cd17d446b063c4",
    "userId": "6822d08cc08fdfcf24d49927",
    "rating": 4,
    "comment": "Amet verus cupiditate asperiores tubineus magnam ars nam theatrum decretum.",
    "createdAt": "2024-12-31T09:45:25.333Z"
  },
  {
    "productId": "6814d30f19ffed8d9ec6b546",
    "userId": "6822d092c08fdfcf24d49a19",
    "rating": 4,
    "comment": "Autem deserunt dapifer vesco damno catena dapifer inflammatio comis fugit.",
    "createdAt": "2025-01-02T15:22:35.258Z"
  },
  {
    "productId": "6814c03933cd17d446b063b8",
    "userId": "6822d092c08fdfcf24d49a19",
    "rating": 3,
    "comment": "Dignissimos defaeco uter clarus aspicio asper apostolus callide undique cicuta.",
    "createdAt": "2025-01-02T15:22:35.258Z"
  },
  {
    "productId": "6814c740b44fb7a9e6cbb46b",
    "userId": "6822d092c08fdfcf24d49a19",
    "rating": 1,
    "comment": "Admitto tremo iure laboriosam calco stips validus enim censura cervus.",
    "createdAt": "2025-01-03T15:22:35.258Z"
  },
  {
    "productId": "6814be18a67388b7fa2b03bc",
    "userId": "6822d076c08fdfcf24d49569",
    "rating": 5,
    "comment": "Natus voro temptatio textor antea degero thema adhaero audentia celo.",
    "createdAt": "2025-01-04T16:01:55.177Z"
  },
  {
    "productId": "6814c2ca511161f3045acc00",
    "userId": "6822d080c08fdfcf24d49719",
    "rating": 5,
    "comment": "Timor aer alo vorax nesciunt speculum curiositas torrens sto addo.",
    "createdAt": "2024-12-30T17:31:00.592Z"
  },
  {
    "productId": "6814d3abbcd9b504d290b03c",
    "userId": "6822d06ec08fdfcf24d4942b",
    "rating": 5,
    "comment": "Corpus termes advoco convoco tergiversatio vester tardus viscus cinis carbo.",
    "createdAt": "2024-12-30T18:34:27.810Z"
  },
  {
    "productId": "6814a81835053cb1544dd143",
    "userId": "6822d09bc08fdfcf24d49b89",
    "rating": 5,
    "comment": "Cunae studio amplus autem provident deserunt ocer delibero laborum fugiat.",
    "createdAt": "2025-01-04T20:12:16.998Z"
  },
  {
    "productId": "6814c2ca511161f3045acbe4",
    "userId": "6822d06cc08fdfcf24d493c1",
    "rating": 1,
    "comment": "Sustineo surculus adhuc cito terebro dolor dolore pecco assumenda congregatio.",
    "createdAt": "2024-12-30T21:09:56.003Z"
  },
  {
    "productId": "6814c104ca19a92a5b1d5b89",
    "userId": "6822d068c08fdfcf24d492b1",
    "rating": 5,
    "comment": "Adulatio caelestis tutis acervus clementia dolores vulgivagus vita sto sol.",
    "createdAt": "2024-12-30T23:06:32.923Z"
  },
  {
    "productId": "6814d30f19ffed8d9ec6b52f",
    "userId": "6822d081c08fdfcf24d49749",
    "rating": 5,
    "comment": "Ara vir campana ara aliquam antepono consequatur casso audentia concedo.",
    "createdAt": "2024-12-31T23:18:42.276Z"
  },
  {
    "productId": "6814c104ca19a92a5b1d5b7f",
    "userId": "6822d081c08fdfcf24d49749",
    "rating": 5,
    "comment": "Ciminatio cunctatio abstergo cubitum corporis porro eos adficio bis ratione.",
    "createdAt": "2024-12-30T23:18:42.276Z"
  },
  {
    "productId": "6814d3abbcd9b504d290b075",
    "userId": "6822d081c08fdfcf24d49749",
    "rating": 5,
    "comment": "Super bellum celo decretum depereo vestigium conatus cuius reiciendis asper.",
    "createdAt": "2024-12-31T23:18:42.276Z"
  },
  {
    "productId": "6814c104ca19a92a5b1d5b7f",
    "userId": "6822d06ec08fdfcf24d49441",
    "rating": 5,
    "comment": "Sophismata officia ventus arbitro somniculosus calculus valeo timidus ciminatio angelus.",
    "createdAt": "2025-01-04T23:22:03.516Z"
  },
  {
    "productId": "6814cd2505d66cbf2ba763c3",
    "userId": "6822d07dc08fdfcf24d49659",
    "rating": 5,
    "comment": "Uredo peior adstringo ater territo despecto culpa abstergo solitudo acsi.",
    "createdAt": "2025-01-02T23:34:20.678Z"
  },
  {
    "productId": "6814c3b3595891202e483a6c",
    "userId": "6822d06bc08fdfcf24d49367",
    "rating": 5,
    "comment": "Sursum subito defaeco fugiat tabesco in veritatis taceo socius aliqua.",
    "createdAt": "2025-01-05T01:07:08.014Z"
  },
  {
    "productId": "6814c104ca19a92a5b1d5b43",
    "userId": "6822d09dc08fdfcf24d49c05",
    "rating": 4,
    "comment": "Corroboro agnosco celebrer tollo aperio amplexus vero vorago pecus carpo.",
    "createdAt": "2025-01-02T08:12:36.103Z"
  },
  {
    "productId": "6814d8faa6b79f1523907eac",
    "userId": "6822d0a6c08fdfcf24d49d85",
    "rating": 1,
    "comment": "Aestas somnus absum coruscus cernuus addo deporto id chirographum vespillo.",
    "createdAt": "2025-01-04T09:59:20.878Z"
  },
  {
    "productId": "6814d008dac5e44185ec222b",
    "userId": "6822d090c08fdfcf24d499b1",
    "rating": 5,
    "comment": "Adnuo acies caterva odit depono torrens volo vereor solum vinum.",
    "createdAt": "2025-01-05T10:03:02.265Z"
  },
  {
    "productId": "6814c75737cb2b415f50f04f",
    "userId": "6822d0a7c08fdfcf24d49dc9",
    "rating": 4,
    "comment": "Bellum terror amor clarus compello tepidus vindico coma itaque sto.",
    "createdAt": "2024-12-31T14:29:44.064Z"
  },
  {
    "productId": "6814bf386172128284c9bed8",
    "userId": "6822d09ac08fdfcf24d49b25",
    "rating": 5,
    "comment": "Una aptus consequuntur tergiversatio dolorum vacuus abscido pauper abutor volaticus.",
    "createdAt": "2025-01-05T14:51:36.365Z"
  },
  {
    "productId": "6814bf386172128284c9beaa",
    "userId": "6822d09ac08fdfcf24d49b25",
    "rating": 5,
    "comment": "Adipisci delectus cito convoco atque alias abscido alius vita alveus.",
    "createdAt": "2025-01-03T14:51:36.365Z"
  },
  {
    "productId": "6814a81935053cb1544dd159",
    "userId": "6822d09ac08fdfcf24d49b25",
    "rating": 5,
    "comment": "Capitulus cetera calco ocer vulticulus stabilis repellat calculus desolo verbera.",
    "createdAt": "2025-01-01T14:51:36.365Z"
  },
  {
    "productId": "6814d3abbcd9b504d290b050",
    "userId": "6822d09ac08fdfcf24d49b25",
    "rating": 5,
    "comment": "Solutio super commodi denique sollers convoco terror auxilium crux maiores.",
    "createdAt": "2025-01-02T14:51:36.365Z"
  },
  {
    "productId": "6814a1941c10fee4a5286da2",
    "userId": "6822d07fc08fdfcf24d496bd",
    "rating": 2,
    "comment": "Virgo tero assumenda cicuta adinventitias supellex comprehendo votum delego voco.",
    "createdAt": "2025-01-01T15:08:17.143Z"
  },
  {
    "productId": "68149cff30a898aab1f043e5",
    "userId": "6822d06dc08fdfcf24d493e7",
    "rating": 4,
    "comment": "Ceno defaeco eum coruscus ad aspernatur vacuus accusator aduro vos.",
    "createdAt": "2025-01-01T16:27:01.303Z"
  },
  {
    "productId": "6814ccc358f78c505fea967a",
    "userId": "6822d06dc08fdfcf24d493e7",
    "rating": 5,
    "comment": "Celebrer deripio arca tumultus amoveo cariosus vel ipsa despecto acquiro.",
    "createdAt": "2025-01-03T05:29:21.653Z"
  },
  {
    "productId": "6814cd2505d66cbf2ba763c9",
    "userId": "6822d098c08fdfcf24d49aa5",
    "rating": 5,
    "comment": "Tantillus cuius speculum armarium stabilis termes trucido centum amicitia perspiciatis.",
    "createdAt": "2025-01-03T08:45:54.938Z"
  },
  {
    "productId": "6814d49dabc2c4bf4ecaf51e",
    "userId": "6822d099c08fdfcf24d49add",
    "rating": 5,
    "comment": "Valetudo amo ascit modi cotidie vero turba confugo terga adaugeo.",
    "createdAt": "2025-01-03T10:36:52.897Z"
  },
  {
    "productId": "6814ccc358f78c505fea9670",
    "userId": "6822d06cc08fdfcf24d493a9",
    "rating": 5,
    "comment": "Vesper auditor speciosus vergo deporto tametsi deorsum crudelis aranea undique.",
    "createdAt": "2025-01-02T10:37:32.933Z"
  },
  {
    "productId": "6814d3abbcd9b504d290b066",
    "userId": "6822d07fc08fdfcf24d496e3",
    "rating": 4,
    "comment": "Provident ventosus dedico tamisium aut sono vestrum curo subiungo apud.",
    "createdAt": "2025-01-05T15:38:59.706Z"
  },
  {
    "productId": "6814c03933cd17d446b063d4",
    "userId": "6822d06ac08fdfcf24d49347",
    "rating": 5,
    "comment": "Ait sit aptus degusto acsi adhaero delinquo aeneus vulgus deinde.",
    "createdAt": "2025-01-04T17:22:46.706Z"
  },
  {
    "productId": "6814c2ca511161f3045acc14",
    "userId": "6822d0a4c08fdfcf24d49cfd",
    "rating": 5,
    "comment": "Temeritas absum supplanto colligo attonbitus cerno adipisci desolo atqui arbor.",
    "createdAt": "2025-01-05T19:55:07.419Z"
  },
  {
    "productId": "6814ccc358f78c505fea9670",
    "userId": "6822d09ac08fdfcf24d49b47",
    "rating": 2,
    "comment": "Tempore cervus defendo verecundia unus accusantium modi demitto corona cum.",
    "createdAt": "2025-01-03T20:18:53.046Z"
  }
]
