[
  {
    "productId": "6814c03933cd17d446b06368",
    "userId": "6822d069c08fdfcf24d492f7",
    "rating": 3,
    "comment": "Absens ultio cum sulum doloribus coepi tui adinventitias curvo chirographum.",
    "createdAt": "2024-07-04T04:08:32.657Z"
  },
  {
    "productId": "6814d886eb6e44f9df4dbffa",
    "userId": "6822d06ac08fdfcf24d49327",
    "rating": 3,
    "comment": "Teres amplexus chirographum debeo amaritudo usitas truculenter caelestis iure sperno.",
    "createdAt": "2024-07-07T08:12:27.965Z"
  },
  {
    "productId": "6814a81935053cb1544dd159",
    "userId": "6822d06bc08fdfcf24d49377",
    "rating": 4,
    "comment": "Cohors dapifer desparatus culpa substantia tricesimus suadeo aegrotatio demo vitae.",
    "createdAt": "2024-07-09T10:57:27.346Z"
  },
  {
    "productId": "68149cfe30a898aab1f043b2",
    "userId": "6822d06ec08fdfcf24d4943b",
    "rating": 5,
    "comment": "Qui comis acies absconditus alias blandior cervus crur sequi facere.",
    "createdAt": "2024-07-04T15:53:06.999Z"
  },
  {
    "productId": "6814d3abbcd9b504d290b07f",
    "userId": "6822d06fc08fdfcf24d4946d",
    "rating": 5,
    "comment": "Fuga colo clementia amor volup carmen repudiandae spiritus vociferor vado.",
    "createdAt": "2024-07-04T18:08:28.280Z"
  },
  {
    "productId": "6814d886eb6e44f9df4dc00b",
    "userId": "6822d06ac08fdfcf24d49333",
    "rating": 5,
    "comment": "Bibo comburo venio uterque assumenda validus dolorum decerno taedium contigo.",
    "createdAt": "2024-07-04T19:51:13.957Z"
  },
  {
    "productId": "6814d8faa6b79f1523907ed8",
    "userId": "6822d068c08fdfcf24d492cd",
    "rating": 5,
    "comment": "Anser autem accommodo tabesco sed bestia sopor tamisium conventus laboriosam.",
    "createdAt": "2024-07-07T23:28:51.006Z"
  },
  {
    "productId": "6814bf396172128284c9bef4",
    "userId": "6822d068c08fdfcf24d492cd",
    "rating": 1,
    "comment": "Tantillus abeo magnam est deleo repudiandae ancilla vesco antepono vacuus.",
    "createdAt": "2024-07-09T23:28:51.006Z"
  },
  {
    "productId": "6814cbfd9ac1ce261961923f",
    "userId": "6822d068c08fdfcf24d492cd",
    "rating": 5,
    "comment": "Tepidus saepe commodi utroque somnus sed adfero tricesimus vulticulus vinum.",
    "createdAt": "2024-07-09T23:28:51.006Z"
  },
  {
    "productId": "6814d519d4982e02496b64c2",
    "userId": "6822d068c08fdfcf24d492cd",
    "rating": 5,
    "comment": "Contabesco quidem agnitio alveus denuo in absque vinum defessus abbas.",
    "createdAt": "2024-07-04T23:28:51.006Z"
  },
  {
    "productId": "6814b499db8e7421d9054823",
    "userId": "6822d06cc08fdfcf24d493c9",
    "rating": 2,
    "comment": "Ascisco sollers cattus terreo vigilo admiratio illum cicuta demum comes.",
    "createdAt": "2024-07-04T23:35:42.467Z"
  },
  {
    "productId": "6814ccc358f78c505fea9650",
    "userId": "6822d069c08fdfcf24d49317",
    "rating": 5,
    "comment": "Ager avarus quos aurum tenax quidem conventus magnam crebro cogito.",
    "createdAt": "2024-07-05T00:26:58.167Z"
  },
  {
    "productId": "6814bcdd958ad8fcad8c5427",
    "userId": "6822d06dc08fdfcf24d493eb",
    "rating": 5,
    "comment": "Apostolus audeo quos ciminatio vulnus urbs beatae quas spiritus sono.",
    "createdAt": "2024-07-09T01:20:58.422Z"
  },
  {
    "productId": "6814bf396172128284c9bf30",
    "userId": "6822d06dc08fdfcf24d493eb",
    "rating": 5,
    "comment": "Claro depromo tergiversatio tantum decens odit desparatus tutis arbitro timidus.",
    "createdAt": "2024-07-09T01:20:58.422Z"
  },
  {
    "productId": "6814c3b3595891202e483abc",
    "userId": "6822d06dc08fdfcf24d493eb",
    "rating": 1,
    "comment": "Vinitor amoveo atrocitas caste arma denique cavus verto deserunt ultio.",
    "createdAt": "2024-07-07T01:20:58.422Z"
  },
  {
    "productId": "6814d518d4982e02496b64a3",
    "userId": "6822d06dc08fdfcf24d493eb",
    "rating": 5,
    "comment": "Capitulus totam agnitio subito talio coruscus facere doloribus centum dapifer.",
    "createdAt": "2024-07-07T01:20:58.422Z"
  },
  {
    "productId": "6814d245995813a18f27d932",
    "userId": "6822d06ec08fdfcf24d4942b",
    "rating": 4,
    "comment": "Delectatio voco adulescens nostrum vallum coruscus dens nam tabernus taceo.",
    "createdAt": "2024-07-05T02:25:48.361Z"
  },
  {
    "productId": "6814d246995813a18f27d945",
    "userId": "6822d06dc08fdfcf24d49401",
    "rating": 4,
    "comment": "Sollicito verto adsum demum aeneus adamo vix delectus sortitus esse.",
    "createdAt": "2024-07-10T03:21:09.871Z"
  },
  {
    "productId": "6814c75637cb2b415f50f023",
    "userId": "6822d068c08fdfcf24d492bf",
    "rating": 5,
    "comment": "Denuncio venustas amissio spiculum summa porro careo non tamen confugo.",
    "createdAt": "2024-07-08T06:32:33.697Z"
  },
  {
    "productId": "6814d3abbcd9b504d290b030",
    "userId": "6822d06bc08fdfcf24d49361",
    "rating": 5,
    "comment": "Torrens thorax debilito cohaero commemoro adsidue conturbo conor basium tenetur.",
    "createdAt": "2024-07-05T11:25:00.020Z"
  },
  {
    "productId": "6814b49adb8e7421d9054844",
    "userId": "6822d068c08fdfcf24d492dd",
    "rating": 5,
    "comment": "Audio tunc victus approbo aestivus terga decor attero attonbitus cupio.",
    "createdAt": "2024-07-08T12:07:46.417Z"
  },
  {
    "productId": "6814c2cb511161f3045acc48",
    "userId": "6822d069c08fdfcf24d492f9",
    "rating": 4,
    "comment": "Admoneo vulgo cubitum arceo uterque tabesco nulla cotidie defero consuasor.",
    "createdAt": "2024-07-07T13:53:30.864Z"
  },
  {
    "productId": "6814d886eb6e44f9df4dc017",
    "userId": "6822d069c08fdfcf24d492f9",
    "rating": 4,
    "comment": "Cibo thymbra artificiose itaque colo via consuasor cogo pauper supellex.",
    "createdAt": "2024-07-09T13:53:30.864Z"
  },
  {
    "productId": "6814daff48198c3c05074c2f",
    "userId": "6822d06ac08fdfcf24d49325",
    "rating": 5,
    "comment": "Amor supplanto verbera victoria asper teneo cognatus vicissitudo infit theatrum.",
    "createdAt": "2024-07-05T19:29:12.984Z"
  },
  {
    "productId": "6814d30f19ffed8d9ec6b53c",
    "userId": "6822d069c08fdfcf24d492eb",
    "rating": 5,
    "comment": "Arcesso odio cursim canis ante appono modi deserunt derelinquo uberrime.",
    "createdAt": "2024-07-07T22:32:34.423Z"
  },
  {
    "productId": "6814bcdd958ad8fcad8c546f",
    "userId": "6822d06bc08fdfcf24d4938d",
    "rating": 5,
    "comment": "Adnuo spero sui peccatus vero confugo capto cogo tam aperio.",
    "createdAt": "2024-07-10T03:58:25.337Z"
  },
  {
    "productId": "6814d8faa6b79f1523907ed1",
    "userId": "6822d06cc08fdfcf24d493d9",
    "rating": 4,
    "comment": "Somniculosus ullus corrumpo asper versus consequatur carmen arceo pecco vulpes.",
    "createdAt": "2024-07-08T07:22:27.977Z"
  },
  {
    "productId": "6814bf386172128284c9bed8",
    "userId": "6822d06cc08fdfcf24d493d9",
    "rating": 5,
    "comment": "Dolorum clibanus cilicium nulla terminatio tendo cui commemoro aegrotatio capillus.",
    "createdAt": "2024-07-08T07:22:27.977Z"
  },
  {
    "productId": "6814af8df38840c4bcc37eb2",
    "userId": "6822d06cc08fdfcf24d493d9",
    "rating": 5,
    "comment": "Occaecati cado vulnus vitae desino culpo bellum sono videlicet tribuo.",
    "createdAt": "2024-07-06T07:22:27.977Z"
  },
  {
    "productId": "6814be17a67388b7fa2b0370",
    "userId": "6822d06cc08fdfcf24d493d9",
    "rating": 2,
    "comment": "Debeo deporto acidus capto videlicet tergum iste absorbeo alveus ullus.",
    "createdAt": "2024-07-09T07:22:27.977Z"
  },
  {
    "productId": "6814a1931c10fee4a5286d5d",
    "userId": "6822d068c08fdfcf24d492d3",
    "rating": 5,
    "comment": "Ara adipiscor tam creator substantia dolor auxilium succurro aveho alter.",
    "createdAt": "2024-07-07T11:25:01.033Z"
  },
  {
    "productId": "6814c2ca511161f3045acbd8",
    "userId": "6822d06bc08fdfcf24d4937b",
    "rating": 5,
    "comment": "Trepide curatio adhaero adversus totidem comis nam consequatur adiuvo creator.",
    "createdAt": "2024-07-11T12:09:50.546Z"
  },
  {
    "productId": "6814be18a67388b7fa2b03d8",
    "userId": "6822d06cc08fdfcf24d493b9",
    "rating": 5,
    "comment": "Strenuus tertius vapulus stips cras surculus consequatur ancilla adamo odit.",
    "createdAt": "2024-07-07T05:49:41.539Z"
  },
  {
    "productId": "6814d886eb6e44f9df4dbffa",
    "userId": "6822d06bc08fdfcf24d49397",
    "rating": 1,
    "comment": "Cornu calamitas aer centum vilicus amplitudo bonus vicinus cura avarus.",
    "createdAt": "2024-07-11T10:11:24.270Z"
  },
  {
    "productId": "6814c03933cd17d446b063c4",
    "userId": "6822d06bc08fdfcf24d49397",
    "rating": 5,
    "comment": "Qui voluptatem pecus ut sursum aspernatur coepi tricesimus aufero sequi.",
    "createdAt": "2024-07-10T10:11:24.270Z"
  },
  {
    "productId": "6814a81835053cb1544dd151",
    "userId": "6822d06bc08fdfcf24d49397",
    "rating": 5,
    "comment": "Auditor ambulo bos cena culpa territo adficio pel caterva suffoco.",
    "createdAt": "2024-07-10T10:11:24.270Z"
  },
  {
    "productId": "6814d30f19ffed8d9ec6b546",
    "userId": "6822d06bc08fdfcf24d49397",
    "rating": 5,
    "comment": "Studio abstergo pecco terror canto tertius articulus adopto coma optio.",
    "createdAt": "2024-07-12T10:11:24.270Z"
  },
  {
    "productId": "6814d49dabc2c4bf4ecaf524",
    "userId": "6822d06ac08fdfcf24d49347",
    "rating": 5,
    "comment": "Patria crudelis vigilo tenetur templum deinde tantum congregatio utpote optio.",
    "createdAt": "2024-07-09T19:04:10.659Z"
  },
  {
    "productId": "6814c75737cb2b415f50f071",
    "userId": "6822d06cc08fdfcf24d493b7",
    "rating": 5,
    "comment": "Debitis deprimo beneficium concido corrigo toties considero anser conduco curiositas.",
    "createdAt": "2024-07-12T21:09:24.749Z"
  },
  {
    "productId": "6814af8ef38840c4bcc37ee6",
    "userId": "6822d06cc08fdfcf24d493b7",
    "rating": 4,
    "comment": "Tertius vir modi strenuus atqui audax ultio excepturi facilis beneficium.",
    "createdAt": "2024-07-08T21:09:24.749Z"
  },
  {
    "productId": "6814d3abbcd9b504d290b044",
    "userId": "6822d06cc08fdfcf24d493b7",
    "rating": 5,
    "comment": "Tendo concedo eaque virtus clarus adeo spectaculum cernuus adhuc tergiversatio.",
    "createdAt": "2024-07-11T21:09:24.749Z"
  },
  {
    "productId": "6814c3b3595891202e483a90",
    "userId": "6822d06cc08fdfcf24d493b7",
    "rating": 4,
    "comment": "Brevis territo apto maxime undique vereor amaritudo callide conservo aegrus.",
    "createdAt": "2024-07-09T21:09:24.749Z"
  },
  {
    "productId": "6814d4dbd4982e02496b636e",
    "userId": "6822d06cc08fdfcf24d493b5",
    "rating": 5,
    "comment": "Aut cuppedia textus textilis vapulus placeat verbera villa vulpes vivo.",
    "createdAt": "2024-07-12T21:15:33.898Z"
  },
  {
    "productId": "6814daff48198c3c05074c57",
    "userId": "6822d06bc08fdfcf24d4939d",
    "rating": 5,
    "comment": "Ipsam vestigium conculco sint solutio nemo bonus molestiae aequus depulso.",
    "createdAt": "2024-07-07T21:22:11.437Z"
  },
  {
    "productId": "6814ccc358f78c505fea965c",
    "userId": "6822d06bc08fdfcf24d4939d",
    "rating": 5,
    "comment": "Voluptatibus adficio coerceo vix acervus aegrotatio comes conatus thesis umerus.",
    "createdAt": "2024-07-11T21:22:11.437Z"
  },
  {
    "productId": "6814c1b5ba01e3aab8f3f404",
    "userId": "6822d06bc08fdfcf24d4939d",
    "rating": 5,
    "comment": "Cubicularis careo alter aetas conitor caelestis ultra architecto non spoliatio.",
    "createdAt": "2024-07-09T21:22:11.437Z"
  },
  {
    "productId": "6814d3abbcd9b504d290b044",
    "userId": "6822d06bc08fdfcf24d4939d",
    "rating": 5,
    "comment": "Advoco modi accusantium uter succedo possimus arx deorsum demum sortitus.",
    "createdAt": "2024-07-11T21:22:11.437Z"
  },
  {
    "productId": "68149cfe30a898aab1f043b2",
    "userId": "6822d069c08fdfcf24d49315",
    "rating": 3,
    "comment": "Apto degenero incidunt confido crux tendo angulus aegrotatio strues ulciscor.",
    "createdAt": "2024-07-11T21:37:34.578Z"
  },
  {
    "productId": "6814d007dac5e44185ec220c",
    "userId": "6822d069c08fdfcf24d49319",
    "rating": 3,
    "comment": "Comparo surculus tero stillicidium ustulo curvo sulum dolorem triduana terror.",
    "createdAt": "2024-07-12T23:34:08.526Z"
  },
  {
    "productId": "6814d007dac5e44185ec221d",
    "userId": "6822d072c08fdfcf24d49475",
    "rating": 5,
    "comment": "Conventus copiose acer tubineus uxor subiungo clamo voro alo voluptates.",
    "createdAt": "2024-07-13T01:28:05.853Z"
  },
  {
    "productId": "6814c2cb511161f3045acc40",
    "userId": "6822d06fc08fdfcf24d4946d",
    "rating": 4,
    "comment": "Cogito strues ducimus dedico occaecati quod ullus carcer barba quaerat.",
    "createdAt": "2024-07-10T05:54:35.618Z"
  },
  {
    "productId": "6814c3b3595891202e483a6c",
    "userId": "6822d06fc08fdfcf24d4946d",
    "rating": 5,
    "comment": "Umquam comitatus nesciunt asper tamdiu arcesso bos veritatis officiis volaticus.",
    "createdAt": "2024-07-08T05:54:35.618Z"
  },
  {
    "productId": "6814be17a67388b7fa2b0370",
    "userId": "6822d06fc08fdfcf24d4946d",
    "rating": 5,
    "comment": "Laborum strenuus admitto caste subito ars stultus baiulus ustulo cras.",
    "createdAt": "2024-07-12T05:54:35.618Z"
  },
  {
    "productId": "6814d519d4982e02496b64ae",
    "userId": "6822d06fc08fdfcf24d4946d",
    "rating": 5,
    "comment": "Attollo administratio quod vilis sono benevolentia tersus compono sperno viridis.",
    "createdAt": "2024-07-13T05:54:35.618Z"
  },
  {
    "productId": "6814b49adb8e7421d9054837",
    "userId": "6822d06ac08fdfcf24d49329",
    "rating": 2,
    "comment": "Cupiditate coma adfectus crudelis uredo communis considero degusto tracto coerceo.",
    "createdAt": "2024-07-10T06:02:00.313Z"
  },
  {
    "productId": "6814b49adb8e7421d9054854",
    "userId": "6822d06ac08fdfcf24d49329",
    "rating": 4,
    "comment": "Acceptus talio ater nobis suffragium abutor capillus similique arguo ulterius.",
    "createdAt": "2024-07-09T06:02:00.313Z"
  },
  {
    "productId": "6814cf2ef6a78c6dfa308452",
    "userId": "6822d06ac08fdfcf24d49329",
    "rating": 5,
    "comment": "Ad defetiscor libero temptatio terebro capto conculco spectaculum contabesco calco.",
    "createdAt": "2024-07-13T06:02:00.313Z"
  },
  {
    "productId": "6814a1941c10fee4a5286d95",
    "userId": "6822d06ac08fdfcf24d49329",
    "rating": 5,
    "comment": "Armarium thesis bene decor velum abeo arbor stipes sonitus universe.",
    "createdAt": "2024-07-11T06:02:00.313Z"
  },
  {
    "productId": "68149cfd30a898aab1f04395",
    "userId": "6822d06ec08fdfcf24d49445",
    "rating": 3,
    "comment": "Neque dapifer calcar corrumpo angelus praesentium demum cohaero minus sonitus.",
    "createdAt": "2024-07-09T06:23:31.666Z"
  },
  {
    "productId": "6814d49dabc2c4bf4ecaf516",
    "userId": "6822d06ac08fdfcf24d49329",
    "rating": 3,
    "comment": "Hic bellicus laborum teres paens accusantium ultra denique theologus corrigo.",
    "createdAt": "2024-07-09T07:50:19.948Z"
  },
  {
    "productId": "6814c741b44fb7a9e6cbb4bb",
    "userId": "6822d06bc08fdfcf24d4939d",
    "rating": 2,
    "comment": "Vorago tristis decor bestia acidus auctor agnosco umbra ambulo comis.",
    "createdAt": "2024-07-12T18:01:10.355Z"
  },
  {
    "productId": "6814daff48198c3c05074c47",
    "userId": "6822d06ac08fdfcf24d49323",
    "rating": 5,
    "comment": "Harum voluptatem fuga ea copia comis cruentus bis celo dedecor.",
    "createdAt": "2024-07-13T20:07:49.207Z"
  },
  {
    "productId": "6814d8faa6b79f1523907eac",
    "userId": "6822d073c08fdfcf24d4949b",
    "rating": 2,
    "comment": "Cui velum defleo curiositas thesaurus ait nesciunt appono coaegresco tui.",
    "createdAt": "2024-07-11T23:28:15.319Z"
  },
  {
    "productId": "6814d30f19ffed8d9ec6b52f",
    "userId": "6822d069c08fdfcf24d492f5",
    "rating": 5,
    "comment": "Clibanus delectus bis agnosco adaugeo adipiscor coma deputo natus appositus.",
    "createdAt": "2024-07-14T05:40:01.451Z"
  },
  {
    "productId": "6814ccc358f78c505fea9655",
    "userId": "6822d06cc08fdfcf24d493b5",
    "rating": 5,
    "comment": "Vilitas theca clarus uter ventus odit nesciunt tamisium eligendi aggredior.",
    "createdAt": "2024-07-12T06:44:02.557Z"
  },
  {
    "productId": "6814c03a33cd17d446b063db",
    "userId": "6822d06ec08fdfcf24d4944f",
    "rating": 5,
    "comment": "Vallum utpote capto deripio asperiores sopor commodo somniculosus sollers amplexus.",
    "createdAt": "2024-07-12T09:53:26.000Z"
  },
  {
    "productId": "68149cfe30a898aab1f043d1",
    "userId": "6822d06ac08fdfcf24d4934f",
    "rating": 5,
    "comment": "Provident cursus dolorum administratio decens circumvenio cuppedia tracto crapula cognatus.",
    "createdAt": "2024-07-14T11:47:39.811Z"
  },
  {
    "productId": "68149cfe30a898aab1f043dd",
    "userId": "6822d073c08fdfcf24d494ab",
    "rating": 5,
    "comment": "Cuius casso civitas tantum articulus aureus sto cognatus ipsam cilicium.",
    "createdAt": "2024-07-10T13:21:32.496Z"
  },
  {
    "productId": "6814d4dbd4982e02496b635c",
    "userId": "6822d069c08fdfcf24d492f7",
    "rating": 3,
    "comment": "Ustilo nam tepidus decet trans degusto paens tego texo spoliatio.",
    "createdAt": "2024-07-10T14:03:27.756Z"
  },
  {
    "productId": "6814c2ca511161f3045acbf0",
    "userId": "6822d06ec08fdfcf24d4942d",
    "rating": 5,
    "comment": "Cohibeo eos cicuta ea modi curtus saepe verumtamen spes tum.",
    "createdAt": "2024-07-12T15:25:03.315Z"
  },
  {
    "productId": "6814ccc358f78c505fea9668",
    "userId": "6822d06ec08fdfcf24d4942d",
    "rating": 5,
    "comment": "Truculenter uredo velociter facere speculum vicissitudo ullam nemo solutio bos.",
    "createdAt": "2024-07-11T15:25:03.315Z"
  },
  {
    "productId": "6814cf2ef6a78c6dfa30843e",
    "userId": "6822d06ec08fdfcf24d4942d",
    "rating": 5,
    "comment": "Tergo cribro cubo illum theca celer desparatus teneo rem stips.",
    "createdAt": "2024-07-14T15:25:03.315Z"
  },
  {
    "productId": "6814d246995813a18f27d94b",
    "userId": "6822d06ec08fdfcf24d4942d",
    "rating": 5,
    "comment": "Abundans communis nulla teres denuncio degenero congregatio audeo tego thesis.",
    "createdAt": "2024-07-09T15:25:03.315Z"
  },
  {
    "productId": "6814d007dac5e44185ec220c",
    "userId": "6822d06dc08fdfcf24d4941f",
    "rating": 4,
    "comment": "Vilitas cariosus et tabesco caste vespillo vester ratione subvenio dolorum.",
    "createdAt": "2024-07-13T16:54:17.383Z"
  },
  {
    "productId": "6814d245995813a18f27d92c",
    "userId": "6822d06ac08fdfcf24d4932f",
    "rating": 3,
    "comment": "Copiose tamisium adsuesco combibo cresco theatrum ara dolore omnis tredecim.",
    "createdAt": "2024-07-11T02:09:01.489Z"
  },
  {
    "productId": "6814d245995813a18f27d92c",
    "userId": "6822d073c08fdfcf24d494bd",
    "rating": 2,
    "comment": "Trepide impedit comminor perferendis tremo omnis ultra aliquam fuga varietas.",
    "createdAt": "2024-07-13T02:20:00.856Z"
  },
  {
    "productId": "6814c75737cb2b415f50f057",
    "userId": "6822d073c08fdfcf24d494bd",
    "rating": 5,
    "comment": "Censura velit trucido deprimo officiis appello sumptus quae aggredior aro.",
    "createdAt": "2024-07-13T02:20:00.856Z"
  },
  {
    "productId": "6814c2cb511161f3045acc34",
    "userId": "6822d073c08fdfcf24d494bd",
    "rating": 5,
    "comment": "Decimus suasoria substantia adimpleo antiquus caute tamquam subseco aut viscus.",
    "createdAt": "2024-07-12T02:20:00.856Z"
  },
  {
    "productId": "6814cabe1780e5204676cdc6",
    "userId": "6822d073c08fdfcf24d494bd",
    "rating": 4,
    "comment": "Reiciendis ventosus deduco vesica tum tempora coniecto laborum eaque coadunatio.",
    "createdAt": "2024-07-12T02:20:00.856Z"
  },
  {
    "productId": "68149cff30a898aab1f043e5",
    "userId": "6822d06ac08fdfcf24d49337",
    "rating": 5,
    "comment": "Deserunt vilis depulso voveo sub vigilo verecundia natus spes delibero.",
    "createdAt": "2024-07-14T08:25:58.046Z"
  },
  {
    "productId": "6814a1941c10fee4a5286da2",
    "userId": "6822d06ac08fdfcf24d49337",
    "rating": 5,
    "comment": "Curiositas spiritus voluptatibus patria defetiscor cinis cursim eum stultus aut.",
    "createdAt": "2024-07-14T08:25:58.046Z"
  },
  {
    "productId": "6814daff48198c3c05074c47",
    "userId": "6822d06ac08fdfcf24d49337",
    "rating": 5,
    "comment": "Corroboro amor aestas vinco adinventitias vorax ventus dolore timor tunc.",
    "createdAt": "2024-07-10T08:25:58.046Z"
  },
  {
    "productId": "6814cabe1780e5204676cded",
    "userId": "6822d06ac08fdfcf24d49337",
    "rating": 5,
    "comment": "Apostolus cimentarius adflicto ducimus adaugeo combibo assentator demoror curriculum turpis.",
    "createdAt": "2024-07-14T08:25:58.046Z"
  },
  {
    "productId": "6814d007dac5e44185ec2202",
    "userId": "6822d06cc08fdfcf24d493cf",
    "rating": 1,
    "comment": "Tot dens depereo argumentum minima causa totam laudantium ipsam asper.",
    "createdAt": "2024-07-12T10:19:13.983Z"
  },
  {
    "productId": "6814c3b3595891202e483aa0",
    "userId": "6822d06cc08fdfcf24d493cf",
    "rating": 5,
    "comment": "Ars adeptio validus asporto ulterius volaticus sit vulnero cras rerum.",
    "createdAt": "2024-07-15T10:19:13.983Z"
  },
  {
    "productId": "6814bcdd958ad8fcad8c546f",
    "userId": "6822d06cc08fdfcf24d493cf",
    "rating": 5,
    "comment": "Spectaculum sursum sophismata voro ullus ex validus sed ultio conqueror.",
    "createdAt": "2024-07-10T10:19:13.983Z"
  },
  {
    "productId": "6814a81835053cb1544dd143",
    "userId": "6822d06cc08fdfcf24d493cf",
    "rating": 5,
    "comment": "Ademptio cribro clibanus repellendus suppono tantillus deserunt odit clamo suspendo.",
    "createdAt": "2024-07-14T10:19:13.983Z"
  },
  {
    "productId": "6814c1b5ba01e3aab8f3f3e8",
    "userId": "6822d06ec08fdfcf24d49423",
    "rating": 5,
    "comment": "Nisi argentum vir cavus socius advenio nam custodia bos curia.",
    "createdAt": "2024-07-15T16:04:40.975Z"
  },
  {
    "productId": "6814a1941c10fee4a5286d8d",
    "userId": "6822d073c08fdfcf24d494bb",
    "rating": 3,
    "comment": "Cultura cohors velum agnosco cupiditate concedo curis xiphias tredecim nemo.",
    "createdAt": "2024-07-10T17:52:41.720Z"
  },
  {
    "productId": "68149cfd30a898aab1f0439b",
    "userId": "6822d073c08fdfcf24d494bb",
    "rating": 5,
    "comment": "Tepesco cerno degenero acerbitas cotidie totam vilitas quibusdam curatio thema.",
    "createdAt": "2024-07-11T17:52:41.720Z"
  },
  {
    "productId": "6814a81935053cb1544dd169",
    "userId": "6822d06bc08fdfcf24d49373",
    "rating": 1,
    "comment": "Officiis vulnus cena conventus terga cui cura comis admoveo spiritus.",
    "createdAt": "2024-07-12T19:15:36.240Z"
  },
  {
    "productId": "6814a81935053cb1544dd163",
    "userId": "6822d06dc08fdfcf24d493f3",
    "rating": 1,
    "comment": "Spargo asporto considero vilitas tricesimus crur antiquus balbus contigo combibo.",
    "createdAt": "2024-07-14T20:28:50.035Z"
  },
  {
    "productId": "6814cbfd9ac1ce2619619246",
    "userId": "6822d06cc08fdfcf24d493a1",
    "rating": 4,
    "comment": "Triduana aduro torqueo venia crapula cornu ad denego sub consequuntur.",
    "createdAt": "2024-07-10T21:11:04.137Z"
  },
  {
    "productId": "6814a81935053cb1544dd163",
    "userId": "6822d06cc08fdfcf24d493a1",
    "rating": 5,
    "comment": "Bonus tui statua sit cena ambitus nobis summisse succurro contra.",
    "createdAt": "2024-07-14T21:11:04.137Z"
  },
  {
    "productId": "6814c104ca19a92a5b1d5b6f",
    "userId": "6822d06cc08fdfcf24d493a1",
    "rating": 5,
    "comment": "Blandior turbo careo testimonium enim carpo demulceo vivo aiunt alter.",
    "createdAt": "2024-07-14T21:11:04.137Z"
  },
  {
    "productId": "6814d886eb6e44f9df4dc00b",
    "userId": "6822d06cc08fdfcf24d493a1",
    "rating": 5,
    "comment": "Inventore denego stabilis abeo tener aduro verecundia ulterius canis aeternus.",
    "createdAt": "2024-07-14T21:11:04.137Z"
  },
  {
    "productId": "6814a81835053cb1544dd127",
    "userId": "6822d06ec08fdfcf24d49453",
    "rating": 5,
    "comment": "Subnecto accendo cilicium capio subito cresco vulariter depereo ad solus.",
    "createdAt": "2024-07-14T22:25:03.057Z"
  },
  {
    "productId": "6814ccc358f78c505fea9650",
    "userId": "6822d06ec08fdfcf24d49453",
    "rating": 5,
    "comment": "Audacia cito utroque ventus atrox consequuntur aggredior adipisci vociferor vallum.",
    "createdAt": "2024-07-11T22:25:03.057Z"
  },
  {
    "productId": "6814d31019ffed8d9ec6b569",
    "userId": "6822d06ec08fdfcf24d49453",
    "rating": 5,
    "comment": "Deduco sophismata tolero armarium delectatio vorax denique talis solutio possimus.",
    "createdAt": "2024-07-12T22:25:03.057Z"
  },
  {
    "productId": "6814d3abbcd9b504d290b050",
    "userId": "6822d06ec08fdfcf24d49453",
    "rating": 5,
    "comment": "Volup aspicio auctor vulgivagus coma suffoco peior validus valens corrigo.",
    "createdAt": "2024-07-15T22:25:03.057Z"
  },
  {
    "productId": "6814bf386172128284c9bed8",
    "userId": "6822d06dc08fdfcf24d493ff",
    "rating": 4,
    "comment": "Tribuo capitulus validus videlicet fugit cornu utpote confero ara animadverto.",
    "createdAt": "2024-07-12T23:05:37.974Z"
  },
  {
    "productId": "6814d518d4982e02496b6496",
    "userId": "6822d06dc08fdfcf24d493ff",
    "rating": 5,
    "comment": "Aranea vestigium necessitatibus contego viscus cras via studio aiunt delego.",
    "createdAt": "2024-07-11T23:05:37.974Z"
  },
  {
    "productId": "6814d246995813a18f27d968",
    "userId": "6822d06dc08fdfcf24d493ff",
    "rating": 2,
    "comment": "Cunae appono aegrotatio decet tenuis substantia casus suffoco facilis reiciendis.",
    "createdAt": "2024-07-15T23:05:37.974Z"
  },
  {
    "productId": "6814d3abbcd9b504d290b030",
    "userId": "6822d06dc08fdfcf24d493ff",
    "rating": 4,
    "comment": "Amiculum substantia tametsi certe nesciunt centum conventus vulgo adulatio aufero.",
    "createdAt": "2024-07-12T23:05:37.974Z"
  },
  {
    "productId": "6814af8df38840c4bcc37eb2",
    "userId": "6822d06ac08fdfcf24d4934b",
    "rating": 5,
    "comment": "Vallum stultus incidunt super ocer delectus valeo tredecim cursim aptus.",
    "createdAt": "2024-07-12T23:53:21.130Z"
  },
  {
    "productId": "6814d886eb6e44f9df4dc017",
    "userId": "6822d069c08fdfcf24d492f9",
    "rating": 4,
    "comment": "Adopto vix tamdiu torqueo conforto pecus virgo rem comburo credo.",
    "createdAt": "2024-07-14T03:28:02.178Z"
  },
  {
    "productId": "6814c75737cb2b415f50f071",
    "userId": "6822d06ec08fdfcf24d4944f",
    "rating": 5,
    "comment": "Atque vitiosus capio arbor comburo caute sollicito adamo nam ter.",
    "createdAt": "2024-07-11T05:14:15.409Z"
  },
  {
    "productId": "6814b499db8e7421d9054829",
    "userId": "6822d06ec08fdfcf24d4944f",
    "rating": 4,
    "comment": "Somnus allatus vox ratione suscipio ventosus laborum at distinctio audeo.",
    "createdAt": "2024-07-15T05:14:15.409Z"
  },
  {
    "productId": "6814cd2505d66cbf2ba763c3",
    "userId": "6822d06ec08fdfcf24d4944f",
    "rating": 5,
    "comment": "Stipes at demitto repellat agnosco adhaero cultellus ante vulnus contego.",
    "createdAt": "2024-07-16T05:14:15.409Z"
  },
  {
    "productId": "6814a81835053cb1544dd143",
    "userId": "6822d06ec08fdfcf24d4944f",
    "rating": 5,
    "comment": "Vitae conventus ascit crapula ulciscor terreo apud adicio delectatio apto.",
    "createdAt": "2024-07-15T05:14:15.409Z"
  },
  {
    "productId": "6814c741b44fb7a9e6cbb4c8",
    "userId": "6822d072c08fdfcf24d49499",
    "rating": 1,
    "comment": "Ex excepturi suus adsidue aut sapiente tepesco atrocitas canis averto.",
    "createdAt": "2024-07-13T06:28:13.760Z"
  },
  {
    "productId": "6814c104ca19a92a5b1d5b3b",
    "userId": "6822d072c08fdfcf24d49499",
    "rating": 5,
    "comment": "Maxime arcus ab crepusculum decumbo quasi assentator quam contra placeat.",
    "createdAt": "2024-07-13T06:28:13.760Z"
  },
  {
    "productId": "6814bf386172128284c9bed8",
    "userId": "6822d072c08fdfcf24d49499",
    "rating": 5,
    "comment": "Vigilo coepi bos conculco vulpes sit corpus cilicium astrum clamo.",
    "createdAt": "2024-07-13T06:28:13.760Z"
  },
  {
    "productId": "6814af8ef38840c4bcc37ee6",
    "userId": "6822d072c08fdfcf24d49499",
    "rating": 5,
    "comment": "Creptio cultellus ullus socius triumphus cupressus caveo cimentarius patrocinor tabella.",
    "createdAt": "2024-07-15T06:28:13.760Z"
  },
  {
    "productId": "6814c3b2595891202e483a3e",
    "userId": "6822d06ec08fdfcf24d4942b",
    "rating": 1,
    "comment": "Sufficio iste capitulus voluptatem cubicularis trans curriculum correptius bardus colligo.",
    "createdAt": "2024-07-15T10:16:03.597Z"
  },
  {
    "productId": "6814c104ca19a92a5b1d5b77",
    "userId": "6822d06bc08fdfcf24d4938b",
    "rating": 5,
    "comment": "Uberrime sufficio adflicto aliquid conor voluntarius quasi arcus altus consectetur.",
    "createdAt": "2024-07-13T12:47:42.854Z"
  },
  {
    "productId": "6814a1941c10fee4a5286d81",
    "userId": "6822d06bc08fdfcf24d4938b",
    "rating": 1,
    "comment": "Causa in impedit alienus veritatis cervus voluptatum arbustum peior cohibeo.",
    "createdAt": "2024-07-11T12:47:42.854Z"
  },
  {
    "productId": "6814d886eb6e44f9df4dc005",
    "userId": "6822d06bc08fdfcf24d4938b",
    "rating": 5,
    "comment": "Vulnero consequuntur abundans attonbitus reiciendis pauper virtus clementia adsum triduana.",
    "createdAt": "2024-07-15T12:47:42.854Z"
  },
  {
    "productId": "6814c3b3595891202e483a88",
    "userId": "6822d06ec08fdfcf24d49451",
    "rating": 5,
    "comment": "Succedo temporibus suscipit video tripudio commodi demonstro aetas studio considero.",
    "createdAt": "2024-07-13T14:01:18.161Z"
  },
  {
    "productId": "6814d8faa6b79f1523907ed1",
    "userId": "6822d06ac08fdfcf24d4933d",
    "rating": 4,
    "comment": "Clamo delectatio depopulo audentia sit sumo surgo vita cornu cariosus.",
    "createdAt": "2024-07-11T22:42:52.944Z"
  },
  {
    "productId": "6814a81835053cb1544dd143",
    "userId": "6822d06ac08fdfcf24d4933d",
    "rating": 3,
    "comment": "Similique verumtamen accusamus confugo incidunt tempus aetas facere curso templum.",
    "createdAt": "2024-07-16T22:42:52.944Z"
  },
  {
    "productId": "6814c2ca511161f3045acbd8",
    "userId": "6822d06ac08fdfcf24d4933d",
    "rating": 1,
    "comment": "Caterva ciminatio tutamen ipsam assumenda truculenter porro dolores dolores correptius.",
    "createdAt": "2024-07-12T22:42:52.944Z"
  },
  {
    "productId": "6814c3b3595891202e483a60",
    "userId": "6822d068c08fdfcf24d492c3",
    "rating": 5,
    "comment": "Beneficium desipio aeneus cunae tutamen subnecto cupio cunae titulus auditor.",
    "createdAt": "2024-07-13T02:11:31.155Z"
  },
  {
    "productId": "6814d008dac5e44185ec2233",
    "userId": "6822d06dc08fdfcf24d49413",
    "rating": 4,
    "comment": "Ascit aspicio ipsa tres quos cupio thesis id clementia ars.",
    "createdAt": "2024-07-15T03:07:15.573Z"
  },
  {
    "productId": "6814d30f19ffed8d9ec6b536",
    "userId": "6822d06dc08fdfcf24d493ff",
    "rating": 5,
    "comment": "Unde clementia aeger deputo curtus censura thalassinus certus cariosus agnosco.",
    "createdAt": "2024-07-15T11:28:05.503Z"
  },
  {
    "productId": "68149cfd30a898aab1f043a1",
    "userId": "6822d06cc08fdfcf24d493c5",
    "rating": 5,
    "comment": "Unus suppono odit armarium utor cibus animadverto cunctatio nemo stipes.",
    "createdAt": "2024-07-17T14:56:39.771Z"
  },
  {
    "productId": "6814d007dac5e44185ec2216",
    "userId": "6822d06cc08fdfcf24d493c5",
    "rating": 5,
    "comment": "Minus arx angustus stabilis derideo corrumpo adsuesco optio degero conatus.",
    "createdAt": "2024-07-12T14:56:39.771Z"
  },
  {
    "productId": "6814c3b3595891202e483a60",
    "userId": "6822d068c08fdfcf24d492a8",
    "rating": 5,
    "comment": "Bibo adipisci sordeo tenax ascit dolores sono acquiro tabernus capillus.",
    "createdAt": "2024-07-17T17:58:41.757Z"
  },
  {
    "productId": "6814d008dac5e44185ec223b",
    "userId": "6822d068c08fdfcf24d492b7",
    "rating": 4,
    "comment": "Curis audentia non placeat autem tui tertius thalassinus texo paens.",
    "createdAt": "2024-07-14T18:12:04.116Z"
  },
  {
    "productId": "6814c104ca19a92a5b1d5b43",
    "userId": "6822d068c08fdfcf24d492b7",
    "rating": 2,
    "comment": "Aestivus vitiosus sui audeo demulceo vehemens censura aeternus desparatus caritas.",
    "createdAt": "2024-07-14T18:12:04.116Z"
  },
  {
    "productId": "68149cfe30a898aab1f043d7",
    "userId": "6822d068c08fdfcf24d492b7",
    "rating": 5,
    "comment": "Casus creber bestia defluo amicitia depraedor corroboro vulariter a vapulus.",
    "createdAt": "2024-07-16T18:12:04.116Z"
  },
  {
    "productId": "6814d4dbd4982e02496b6356",
    "userId": "6822d068c08fdfcf24d492b7",
    "rating": 5,
    "comment": "Canto usus tres verto architecto consectetur bestia verto viscus apud.",
    "createdAt": "2024-07-16T18:12:04.116Z"
  },
  {
    "productId": "6814c03933cd17d446b06398",
    "userId": "6822d06bc08fdfcf24d49391",
    "rating": 5,
    "comment": "Tui causa suspendo aetas beatus utpote comptus nulla aedificium cognomen.",
    "createdAt": "2024-07-17T19:41:27.145Z"
  },
  {
    "productId": "6814bf386172128284c9bee8",
    "userId": "6822d06ec08fdfcf24d49421",
    "rating": 5,
    "comment": "Crur defluo sol sollicito cubicularis cras corporis aut corroboro corona.",
    "createdAt": "2024-07-13T09:59:27.922Z"
  },
  {
    "productId": "6814cabe1780e5204676cded",
    "userId": "6822d06ec08fdfcf24d49459",
    "rating": 5,
    "comment": "Adulescens comis venio volo vel quos viduo coaegresco ipsam copiose.",
    "createdAt": "2024-07-17T11:56:17.215Z"
  },
  {
    "productId": "6814c103ca19a92a5b1d5b07",
    "userId": "6822d06dc08fdfcf24d493e7",
    "rating": 5,
    "comment": "Comparo defessus virgo comprehendo deleo abstergo tergo surculus aptus aedificium.",
    "createdAt": "2024-07-15T15:36:56.624Z"
  },
  {
    "productId": "68149cfe30a898aab1f043ac",
    "userId": "6822d06cc08fdfcf24d4939f",
    "rating": 1,
    "comment": "Vallum causa paens absorbeo aegre accedo tres rerum numquam confugo.",
    "createdAt": "2024-07-16T15:45:10.337Z"
  },
  {
    "productId": "6814c104ca19a92a5b1d5b89",
    "userId": "6822d06bc08fdfcf24d49379",
    "rating": 4,
    "comment": "Exercitationem casso dolores balbus cunae nisi excepturi caries turba accedo.",
    "createdAt": "2024-07-13T16:16:46.669Z"
  },
  {
    "productId": "68149cfe30a898aab1f043b2",
    "userId": "6822d06ec08fdfcf24d4942f",
    "rating": 4,
    "comment": "Pauci tamisium degenero dedecor molestias beatus vomica vesper tener decor.",
    "createdAt": "2024-07-17T19:33:19.505Z"
  },
  {
    "productId": "6814d8faa6b79f1523907ee9",
    "userId": "6822d06ac08fdfcf24d49357",
    "rating": 5,
    "comment": "Adulatio condico artificiose cibo centum volup adulescens villa patrocinor debitis.",
    "createdAt": "2024-07-16T19:59:16.546Z"
  },
  {
    "productId": "6814c2ca511161f3045acc24",
    "userId": "6822d068c08fdfcf24d492d5",
    "rating": 5,
    "comment": "Defetiscor attonbitus absum centum asper voluptas talis confido tactus porro.",
    "createdAt": "2024-07-13T22:52:04.549Z"
  },
  {
    "productId": "6814ccc358f78c505fea9650",
    "userId": "6822d06dc08fdfcf24d49417",
    "rating": 5,
    "comment": "Theca synagoga vesica commodo candidus vir umerus damnatio angulus auctor.",
    "createdAt": "2024-07-18T23:27:36.773Z"
  },
  {
    "productId": "6814cabe1780e5204676cde3",
    "userId": "6822d06dc08fdfcf24d49417",
    "rating": 5,
    "comment": "Vesper aperiam conqueror tabula spectaculum corrupti quia contabesco adipiscor velit.",
    "createdAt": "2024-07-16T23:27:36.773Z"
  },
  {
    "productId": "6814be18a67388b7fa2b03d8",
    "userId": "6822d06dc08fdfcf24d49417",
    "rating": 4,
    "comment": "Laborum charisma ante debeo usus corrigo delectatio vehemens audax astrum.",
    "createdAt": "2024-07-13T23:27:36.773Z"
  },
  {
    "productId": "6814d518d4982e02496b6496",
    "userId": "6822d06dc08fdfcf24d49417",
    "rating": 4,
    "comment": "Est cernuus aspernatur cruciamentum vilis peior claustrum synagoga templum synagoga.",
    "createdAt": "2024-07-13T23:27:36.773Z"
  },
  {
    "productId": "6814b49adb8e7421d9054864",
    "userId": "6822d069c08fdfcf24d492f9",
    "rating": 5,
    "comment": "Curtus undique conqueror capillus urbs trado adopto uterque cattus commodo.",
    "createdAt": "2024-07-16T14:04:16.850Z"
  },
  {
    "productId": "6814d886eb6e44f9df4dbfef",
    "userId": "6822d069c08fdfcf24d492f9",
    "rating": 5,
    "comment": "Impedit calco vesper collum acceptus vinum utrimque caecus vesco crebro.",
    "createdAt": "2024-07-19T14:04:16.850Z"
  },
  {
    "productId": "6814c104ca19a92a5b1d5b63",
    "userId": "6822d069c08fdfcf24d492f9",
    "rating": 5,
    "comment": "Supellex aequitas talus uterque temptatio torrens vilitas sollers somnus capio.",
    "createdAt": "2024-07-15T14:04:16.850Z"
  },
  {
    "productId": "6814d8faa6b79f1523907eb6",
    "userId": "6822d069c08fdfcf24d492f9",
    "rating": 5,
    "comment": "Vere valetudo crustulum subito vivo umerus vomer solitudo carmen arbitro.",
    "createdAt": "2024-07-19T14:04:16.850Z"
  },
  {
    "productId": "6814be18a67388b7fa2b03cc",
    "userId": "6822d06cc08fdfcf24d493c5",
    "rating": 3,
    "comment": "Ultra cunabula blanditiis verbera ustulo earum trans angustus ciminatio sunt.",
    "createdAt": "2024-07-16T16:02:29.460Z"
  },
  {
    "productId": "68149cfd30a898aab1f04395",
    "userId": "6822d06cc08fdfcf24d493c5",
    "rating": 5,
    "comment": "Ut umbra aeneus valde certe aggero desino omnis advoco testimonium.",
    "createdAt": "2024-07-16T16:02:29.460Z"
  },
  {
    "productId": "6814ccc358f78c505fea9668",
    "userId": "6822d06ec08fdfcf24d49441",
    "rating": 5,
    "comment": "Calculus aperte venustas tumultus appono vinum commemoro custodia audentia viridis.",
    "createdAt": "2024-07-17T18:39:11.039Z"
  },
  {
    "productId": "6814c03933cd17d446b063a8",
    "userId": "6822d073c08fdfcf24d494bd",
    "rating": 5,
    "comment": "Bos consequuntur carmen arca adhaero sortitus cuppedia aranea culpa usque.",
    "createdAt": "2024-07-18T21:48:20.809Z"
  },
  {
    "productId": "68149cfe30a898aab1f043ac",
    "userId": "6822d073c08fdfcf24d494b7",
    "rating": 5,
    "comment": "Textor sto corpus stillicidium quia candidus deporto theatrum quia terminatio.",
    "createdAt": "2024-07-17T00:14:47.948Z"
  },
  {
    "productId": "6814c2ca511161f3045acc24",
    "userId": "6822d073c08fdfcf24d494b7",
    "rating": 5,
    "comment": "Tergiversatio admoveo aptus soleo calamitas cura copiose nihil vulticulus sublime.",
    "createdAt": "2024-07-20T00:14:47.948Z"
  },
  {
    "productId": "6814d31019ffed8d9ec6b569",
    "userId": "6822d073c08fdfcf24d494b7",
    "rating": 3,
    "comment": "Repudiandae creo aperio cubitum viridis arx curatio videlicet conspergo video.",
    "createdAt": "2024-07-15T00:14:47.948Z"
  },
  {
    "productId": "6814c1b4ba01e3aab8f3f3b4",
    "userId": "6822d073c08fdfcf24d494b7",
    "rating": 5,
    "comment": "Statim circumvenio totam demens ea supellex aperio antiquus terreo demonstro.",
    "createdAt": "2024-07-19T00:14:47.948Z"
  },
  {
    "productId": "6814c2ca511161f3045acc24",
    "userId": "6822d074c08fdfcf24d494eb",
    "rating": 5,
    "comment": "Territo carbo saepe terra fuga supra denique explicabo ea averto.",
    "createdAt": "2024-07-18T01:34:07.113Z"
  },
  {
    "productId": "6814a1941c10fee4a5286d9a",
    "userId": "6822d06fc08fdfcf24d4946f",
    "rating": 4,
    "comment": "Atque beatae qui quisquam cenaculum reprehenderit damnatio minus accusantium defetiscor.",
    "createdAt": "2024-07-20T03:52:52.724Z"
  },
  {
    "productId": "6814d3abbcd9b504d290b030",
    "userId": "6822d06fc08fdfcf24d4946f",
    "rating": 4,
    "comment": "Adulatio terra decipio video patior ullam amoveo eligendi defendo earum.",
    "createdAt": "2024-07-19T03:52:52.724Z"
  },
  {
    "productId": "6814be18a67388b7fa2b03bc",
    "userId": "6822d06fc08fdfcf24d4946f",
    "rating": 4,
    "comment": "Suffragium aetas temptatio ceno similique alius autem demitto decerno careo.",
    "createdAt": "2024-07-15T03:52:52.724Z"
  },
  {
    "productId": "6814c75737cb2b415f50f057",
    "userId": "6822d06bc08fdfcf24d49361",
    "rating": 5,
    "comment": "Sit eligendi venia autus corona crur cervus demulceo solio pecto.",
    "createdAt": "2024-07-19T05:14:06.571Z"
  },
  {
    "productId": "6814d3abbcd9b504d290b030",
    "userId": "6822d072c08fdfcf24d49499",
    "rating": 2,
    "comment": "Aeternus similique tendo synagoga valde causa tepesco delicate minima trepide.",
    "createdAt": "2024-07-15T05:29:05.894Z"
  },
  {
    "productId": "6814a81835053cb1544dd149",
    "userId": "6822d06ac08fdfcf24d4935f",
    "rating": 5,
    "comment": "Cenaculum stultus celer cilicium sustineo statua coerceo creptio viriliter alii.",
    "createdAt": "2024-07-16T05:35:32.491Z"
  },
  {
    "productId": "6814a81835053cb1544dd10e",
    "userId": "6822d073c08fdfcf24d494ab",
    "rating": 5,
    "comment": "Varius cognomen crastinus adipisci taceo clam vos utrimque decumbo vapulus.",
    "createdAt": "2024-07-15T06:14:17.054Z"
  },
  {
    "productId": "6814c03933cd17d446b063b8",
    "userId": "6822d06ec08fdfcf24d49445",
    "rating": 1,
    "comment": "Vulgus aestas temperantia tribuo ademptio confero vomito debitis somnus dolore.",
    "createdAt": "2024-07-20T07:38:23.891Z"
  },
  {
    "productId": "6814cabe1780e5204676cdf7",
    "userId": "6822d06dc08fdfcf24d4940d",
    "rating": 4,
    "comment": "Comptus caries contabesco subnecto sopor delego deinde bellicus verbum decet.",
    "createdAt": "2024-07-17T23:58:46.295Z"
  },
  {
    "productId": "6814cabe1780e5204676cdc6",
    "userId": "6822d06cc08fdfcf24d493c5",
    "rating": 5,
    "comment": "Abundans creator deinde vergo blanditiis facilis viridis baiulus comis argentum.",
    "createdAt": "2024-07-20T00:31:27.088Z"
  },
  {
    "productId": "6814c03933cd17d446b063c4",
    "userId": "6822d06ac08fdfcf24d49331",
    "rating": 1,
    "comment": "Decor depraedor decretum officia consequuntur comes titulus aiunt derideo aliquid.",
    "createdAt": "2024-07-18T08:29:36.745Z"
  },
  {
    "productId": "6814cabf1780e5204676cdfd",
    "userId": "6822d06dc08fdfcf24d493e7",
    "rating": 5,
    "comment": "Theca vespillo deinde brevis ut anser velum somniculosus demitto aliqua.",
    "createdAt": "2024-07-20T20:39:20.195Z"
  },
  {
    "productId": "6814c740b44fb7a9e6cbb479",
    "userId": "6822d06dc08fdfcf24d493e7",
    "rating": 5,
    "comment": "Alias approbo tersus adipisci reiciendis cursus quam speciosus tondeo sonitus.",
    "createdAt": "2024-07-19T20:39:20.195Z"
  },
  {
    "productId": "6814d8faa6b79f1523907ed8",
    "userId": "6822d06dc08fdfcf24d493e7",
    "rating": 5,
    "comment": "Vicissitudo incidunt asporto cubitum aureus vulgaris necessitatibus abscido tabernus tutis.",
    "createdAt": "2024-07-18T20:39:20.195Z"
  },
  {
    "productId": "6814c740b44fb7a9e6cbb46b",
    "userId": "6822d06dc08fdfcf24d493e7",
    "rating": 1,
    "comment": "Tremo suscipio spectaculum tubineus usus commodo sumo voluptatibus tibi casso.",
    "createdAt": "2024-07-19T20:39:20.195Z"
  },
  {
    "productId": "6814c75637cb2b415f50f02b",
    "userId": "6822d073c08fdfcf24d494b5",
    "rating": 4,
    "comment": "Aptus dedecor suffragium temptatio cognatus cribro antepono correptius libero cubitum.",
    "createdAt": "2024-07-20T20:43:34.181Z"
  },
  {
    "productId": "6814daff48198c3c05074c4d",
    "userId": "6822d074c08fdfcf24d494e3",
    "rating": 5,
    "comment": "Dolorem claro velociter suppono animus degero audio cuppedia tero vita.",
    "createdAt": "2024-07-17T01:36:36.872Z"
  },
  {
    "productId": "6814d3abbcd9b504d290b050",
    "userId": "6822d074c08fdfcf24d494e7",
    "rating": 5,
    "comment": "Synagoga armarium tunc stabilis abduco occaecati velociter spargo calculus summa.",
    "createdAt": "2024-07-21T06:06:30.917Z"
  },
  {
    "productId": "6814c740b44fb7a9e6cbb46b",
    "userId": "6822d073c08fdfcf24d494cf",
    "rating": 5,
    "comment": "Auditor celer similique condico cerno non aegrus contigo clam amo.",
    "createdAt": "2024-07-17T09:07:43.159Z"
  },
  {
    "productId": "6814d518d4982e02496b649c",
    "userId": "6822d072c08fdfcf24d4948b",
    "rating": 2,
    "comment": "Ut neque spiculum statim ultra cumque venustas talus terebro antepono.",
    "createdAt": "2024-07-21T11:01:11.522Z"
  },
  {
    "productId": "6814bf396172128284c9bf30",
    "userId": "6822d06cc08fdfcf24d493c7",
    "rating": 2,
    "comment": "Curatio volutabrum ancilla delectus depraedor admiratio minus quod aggero amoveo.",
    "createdAt": "2024-07-20T21:04:00.378Z"
  },
  {
    "productId": "6814cbfc9ac1ce261961922f",
    "userId": "6822d06ac08fdfcf24d4934b",
    "rating": 4,
    "comment": "Succedo celebrer apto sursum convoco correptius copiose cubicularis concido neque.",
    "createdAt": "2024-07-22T23:24:22.120Z"
  },
  {
    "productId": "6814d245995813a18f27d92c",
    "userId": "6822d06ac08fdfcf24d4934b",
    "rating": 5,
    "comment": "Voluptatem dolore vilitas casus vindico vitae surgo summisse pecus volaticus.",
    "createdAt": "2024-07-22T23:24:22.120Z"
  },
  {
    "productId": "6814a81835053cb1544dd11b",
    "userId": "6822d06dc08fdfcf24d493f1",
    "rating": 4,
    "comment": "Casso vapulus somnus talis ventito cohors volutabrum versus congregatio ultra.",
    "createdAt": "2024-07-22T09:00:30.710Z"
  },
  {
    "productId": "6814bf386172128284c9beaa",
    "userId": "6822d06cc08fdfcf24d493b1",
    "rating": 5,
    "comment": "Compono aperio solus nobis demitto vis antea saepe carpo theca.",
    "createdAt": "2024-07-21T16:36:19.570Z"
  },
  {
    "productId": "6814cabf1780e5204676ce0a",
    "userId": "6822d074c08fdfcf24d49515",
    "rating": 5,
    "comment": "Careo ut unde textus varietas ulterius cado decretum via blandior.",
    "createdAt": "2024-07-21T06:35:32.875Z"
  },
  {
    "productId": "6814be17a67388b7fa2b03a4",
    "userId": "6822d074c08fdfcf24d49515",
    "rating": 5,
    "comment": "Quae coaegresco talio clamo cavus adeo perspiciatis alter cursim volubilis.",
    "createdAt": "2024-07-20T06:35:32.875Z"
  },
  {
    "productId": "6814c740b44fb7a9e6cbb471",
    "userId": "6822d074c08fdfcf24d49515",
    "rating": 3,
    "comment": "Ex temeritas vesica cornu cunae corona autem arbitro arbustum talus.",
    "createdAt": "2024-07-19T06:35:32.875Z"
  },
  {
    "productId": "6814af8df38840c4bcc37eb2",
    "userId": "6822d074c08fdfcf24d49515",
    "rating": 5,
    "comment": "Varietas stultus attonbitus turpis beneficium thymum vir auctor animus ultio.",
    "createdAt": "2024-07-22T06:35:32.875Z"
  },
  {
    "productId": "6814bf386172128284c9beaa",
    "userId": "6822d06ac08fdfcf24d49355",
    "rating": 4,
    "comment": "Conatus versus colligo adaugeo accusator vox antea desipio blanditiis audeo.",
    "createdAt": "2024-07-20T07:14:58.877Z"
  },
  {
    "productId": "6814ccc358f78c505fea964b",
    "userId": "6822d06cc08fdfcf24d493b1",
    "rating": 5,
    "comment": "Administratio antepono conatus demoror trucido strenuus vapulus capitulus cum acceptus.",
    "createdAt": "2024-07-20T10:39:51.057Z"
  },
  {
    "productId": "6814d8faa6b79f1523907edf",
    "userId": "6822d06bc08fdfcf24d49399",
    "rating": 4,
    "comment": "Versus cognomen casus minus baiulus arceo hic maiores vir crapula.",
    "createdAt": "2024-07-24T13:47:56.308Z"
  },
  {
    "productId": "6814d518d4982e02496b6488",
    "userId": "6822d06cc08fdfcf24d493b5",
    "rating": 5,
    "comment": "Sonitus tergeo terra impedit clibanus coma uberrime adficio auditor certe.",
    "createdAt": "2024-07-22T15:38:40.100Z"
  },
  {
    "productId": "6814a81835053cb1544dd143",
    "userId": "6822d06ac08fdfcf24d4933f",
    "rating": 5,
    "comment": "Architecto carpo asper saepe voluptatibus enim sto tempora accusantium usus.",
    "createdAt": "2024-07-23T20:09:46.982Z"
  },
  {
    "productId": "6814c75637cb2b415f50f02b",
    "userId": "6822d06ac08fdfcf24d4933f",
    "rating": 5,
    "comment": "Spargo video sed amplexus atqui desidero pauci deduco conatus tempora.",
    "createdAt": "2024-07-19T20:09:46.982Z"
  },
  {
    "productId": "6814c104ca19a92a5b1d5b7f",
    "userId": "6822d06ac08fdfcf24d4933f",
    "rating": 4,
    "comment": "Deludo utor comptus traho cur doloremque dolores auxilium patruus strues.",
    "createdAt": "2024-07-19T20:09:46.982Z"
  },
  {
    "productId": "6814d007dac5e44185ec221d",
    "userId": "6822d06ac08fdfcf24d4933f",
    "rating": 5,
    "comment": "Totam thymum antepono voluptates voluptatem desipio civitas quisquam deprecator arca.",
    "createdAt": "2024-07-22T20:09:46.982Z"
  },
  {
    "productId": "6814a1931c10fee4a5286d69",
    "userId": "6822d06ac08fdfcf24d49343",
    "rating": 5,
    "comment": "Solvo molestias vesco quidem trepide ratione summa inflammatio arx degenero.",
    "createdAt": "2024-07-23T21:22:36.981Z"
  },
  {
    "productId": "6814daff48198c3c05074c35",
    "userId": "6822d074c08fdfcf24d494f5",
    "rating": 1,
    "comment": "Succurro cogo amaritudo earum curvo creo sophismata debilito veritas adicio.",
    "createdAt": "2024-07-19T22:19:54.332Z"
  },
  {
    "productId": "6814c75637cb2b415f50f023",
    "userId": "6822d074c08fdfcf24d494f5",
    "rating": 2,
    "comment": "Defendo nesciunt viriliter tollo tribuo coepi demens templum corroboro cauda.",
    "createdAt": "2024-07-20T22:19:54.332Z"
  },
  {
    "productId": "6814c104ca19a92a5b1d5b63",
    "userId": "6822d074c08fdfcf24d494f5",
    "rating": 4,
    "comment": "Centum appono summisse ter curvo vallum sodalitas curto approbo delectus.",
    "createdAt": "2024-07-22T22:19:54.332Z"
  },
  {
    "productId": "6814d008dac5e44185ec222b",
    "userId": "6822d06ac08fdfcf24d49347",
    "rating": 5,
    "comment": "Agnosco cena pariatur eius desolo tricesimus vulgus vacuus vomer valens.",
    "createdAt": "2024-07-20T22:38:40.611Z"
  },
  {
    "productId": "6814c75737cb2b415f50f04f",
    "userId": "6822d06ac08fdfcf24d49347",
    "rating": 4,
    "comment": "Solus cauda corroboro cohaero sublime decimus caritas spiritus deserunt absens.",
    "createdAt": "2024-07-23T22:38:40.611Z"
  },
  {
    "productId": "6814cabe1780e5204676cdd0",
    "userId": "6822d06ac08fdfcf24d49347",
    "rating": 3,
    "comment": "Sustineo via velit aureus bonus dolor concedo deludo delectatio patrocinor.",
    "createdAt": "2024-07-24T22:38:40.611Z"
  },
  {
    "productId": "6814c740b44fb7a9e6cbb46b",
    "userId": "6822d06ac08fdfcf24d49347",
    "rating": 5,
    "comment": "Suppellex decipio victus demulceo cultellus spectaculum nulla annus conspergo abutor.",
    "createdAt": "2024-07-19T22:38:40.611Z"
  },
  {
    "productId": "6814c2ca511161f3045acc14",
    "userId": "6822d068c08fdfcf24d492b7",
    "rating": 5,
    "comment": "Cetera quos rem depulso audax cultellus aestivus sordeo depereo adflicto.",
    "createdAt": "2024-07-24T23:08:46.979Z"
  },
  {
    "productId": "6814bf396172128284c9bf28",
    "userId": "6822d069c08fdfcf24d49315",
    "rating": 1,
    "comment": "Auctor tubineus ante audeo laudantium audacia blandior cohaero commodo vesco.",
    "createdAt": "2024-07-20T04:42:46.427Z"
  },
  {
    "productId": "6814c1b4ba01e3aab8f3f3b4",
    "userId": "6822d069c08fdfcf24d49315",
    "rating": 5,
    "comment": "Beneficium libero amiculum antiquus suffragium apparatus beatae crapula caries custodia.",
    "createdAt": "2024-07-25T04:42:46.427Z"
  },
  {
    "productId": "6814cf2ef6a78c6dfa30843e",
    "userId": "6822d068c08fdfcf24d492aa",
    "rating": 5,
    "comment": "Balbus arx eum catena suppono ullus vereor tabesco baiulus laudantium.",
    "createdAt": "2024-07-22T04:50:29.051Z"
  },
  {
    "productId": "6814a1941c10fee4a5286d9a",
    "userId": "6822d06ec08fdfcf24d4944b",
    "rating": 5,
    "comment": "Truculenter depono arma ex sumptus acervus aliquid nostrum decor curso.",
    "createdAt": "2024-07-25T06:46:18.696Z"
  },
  {
    "productId": "6814d3abbcd9b504d290b066",
    "userId": "6822d074c08fdfcf24d4951d",
    "rating": 5,
    "comment": "Derideo advenio centum asporto nostrum creta copiose conor tricesimus absconditus.",
    "createdAt": "2024-07-21T09:42:28.650Z"
  },
  {
    "productId": "6814a81835053cb1544dd151",
    "userId": "6822d069c08fdfcf24d49309",
    "rating": 5,
    "comment": "Defero adstringo vomer voluptate colligo distinctio ultio conitor quis reprehenderit.",
    "createdAt": "2024-07-23T10:02:31.295Z"
  },
  {
    "productId": "6814d519d4982e02496b64ba",
    "userId": "6822d069c08fdfcf24d49309",
    "rating": 5,
    "comment": "Speciosus via denuncio creator xiphias uterque uberrime ea suffragium aegrotatio.",
    "createdAt": "2024-07-24T10:02:31.295Z"
  },
  {
    "productId": "6814d4dbd4982e02496b636e",
    "userId": "6822d068c08fdfcf24d492dd",
    "rating": 5,
    "comment": "Verus adeptio cometes ademptio adhaero ara corroboro libero vereor carcer.",
    "createdAt": "2024-07-20T10:18:39.809Z"
  },
  {
    "productId": "6814a81835053cb1544dd11b",
    "userId": "6822d069c08fdfcf24d492e5",
    "rating": 5,
    "comment": "Copiose articulus voluptatum vos cras agnitio cubo color pauci degusto.",
    "createdAt": "2024-07-21T14:03:25.571Z"
  },
  {
    "productId": "6814af8df38840c4bcc37ecf",
    "userId": "6822d06ec08fdfcf24d4944d",
    "rating": 5,
    "comment": "Pecco tamen accusator depereo decumbo addo trans talio caveo coerceo.",
    "createdAt": "2024-07-21T15:41:38.244Z"
  },
  {
    "productId": "6814d3abbcd9b504d290b066",
    "userId": "6822d06cc08fdfcf24d493b3",
    "rating": 1,
    "comment": "Doloremque cibus comprehendo crudelis deserunt ulterius tergum tyrannus caritas cum.",
    "createdAt": "2024-07-20T16:11:25.437Z"
  },
  {
    "productId": "6814c740b44fb7a9e6cbb479",
    "userId": "6822d06ec08fdfcf24d4945b",
    "rating": 5,
    "comment": "Nemo corrupti unus vitium civitas ciminatio magnam velociter certe adsum.",
    "createdAt": "2024-07-22T19:49:16.551Z"
  },
  {
    "productId": "6814c03933cd17d446b063c4",
    "userId": "6822d069c08fdfcf24d492e3",
    "rating": 5,
    "comment": "Expedita animus corona cornu nulla repellendus nisi tabgo solum deprecator.",
    "createdAt": "2024-07-22T20:26:15.218Z"
  },
  {
    "productId": "6814d246995813a18f27d963",
    "userId": "6822d069c08fdfcf24d492e3",
    "rating": 3,
    "comment": "Delibero abutor vita tepesco vinculum conatus commemoro vero quia caelum.",
    "createdAt": "2024-07-20T20:26:15.218Z"
  },
  {
    "productId": "6814d8faa6b79f1523907e9d",
    "userId": "6822d069c08fdfcf24d492e3",
    "rating": 5,
    "comment": "Fugiat quis vulgaris cubo laboriosam creptio votum dedecor admoveo adnuo.",
    "createdAt": "2024-07-21T20:26:15.218Z"
  },
  {
    "productId": "6814c03933cd17d446b06390",
    "userId": "6822d069c08fdfcf24d492e3",
    "rating": 5,
    "comment": "Vestigium speciosus custodia corrupti surculus una despecto tabernus amor consectetur.",
    "createdAt": "2024-07-20T20:26:15.218Z"
  },
  {
    "productId": "6814a81835053cb1544dd10e",
    "userId": "6822d074c08fdfcf24d494df",
    "rating": 5,
    "comment": "Vestrum carcer conspergo attero quod taceo deprecator ipsa comedo statua.",
    "createdAt": "2024-07-26T02:24:45.865Z"
  },
  {
    "productId": "6814be17a67388b7fa2b035a",
    "userId": "6822d06cc08fdfcf24d493cd",
    "rating": 5,
    "comment": "Tabesco occaecati universe pauper atque cimentarius laboriosam at stillicidium solum.",
    "createdAt": "2024-07-22T11:03:56.758Z"
  },
  {
    "productId": "6814c75737cb2b415f50f047",
    "userId": "6822d06fc08fdfcf24d49465",
    "rating": 5,
    "comment": "Adamo somnus colligo tego tamquam admiratio bardus reiciendis surculus odio.",
    "createdAt": "2024-07-26T13:37:44.286Z"
  },
  {
    "productId": "6814d30f19ffed8d9ec6b536",
    "userId": "6822d075c08fdfcf24d49531",
    "rating": 5,
    "comment": "Tempore terra turpis cogo videlicet cum neque nostrum adficio barba.",
    "createdAt": "2024-07-25T14:10:56.537Z"
  },
  {
    "productId": "6814d518d4982e02496b64a3",
    "userId": "6822d075c08fdfcf24d49531",
    "rating": 4,
    "comment": "Undique blanditiis denego sollers speciosus animus cohibeo altus rem ipsam.",
    "createdAt": "2024-07-26T14:10:56.537Z"
  },
  {
    "productId": "6814bcdd958ad8fcad8c5433",
    "userId": "6822d075c08fdfcf24d49531",
    "rating": 3,
    "comment": "Admitto animi cariosus atque vorago theologus abutor certe alveus accusamus.",
    "createdAt": "2024-07-22T14:10:56.537Z"
  },
  {
    "productId": "6814d886eb6e44f9df4dbff4",
    "userId": "6822d074c08fdfcf24d494e1",
    "rating": 4,
    "comment": "Trado vesco cuius attero volubilis videlicet degusto una bellum canis.",
    "createdAt": "2024-07-26T15:04:23.778Z"
  },
  {
    "productId": "6814c03933cd17d446b06346",
    "userId": "6822d074c08fdfcf24d494e1",
    "rating": 5,
    "comment": "Substantia sopor eaque tamquam comptus cavus crastinus debitis vinculum termes.",
    "createdAt": "2024-07-25T15:04:23.778Z"
  },
  {
    "productId": "6814c75737cb2b415f50f06b",
    "userId": "6822d074c08fdfcf24d494e1",
    "rating": 5,
    "comment": "Ventus debitis carbo votum repellendus caries temptatio adsum denuo turba.",
    "createdAt": "2024-07-26T15:04:23.778Z"
  },
  {
    "productId": "6814cf2ef6a78c6dfa308448",
    "userId": "6822d074c08fdfcf24d494e1",
    "rating": 5,
    "comment": "Ademptio amaritudo auxilium vox succurro vitae ultio stultus utor damno.",
    "createdAt": "2024-07-23T15:04:23.778Z"
  },
  {
    "productId": "6814be17a67388b7fa2b0398",
    "userId": "6822d06cc08fdfcf24d493c9",
    "rating": 5,
    "comment": "Arcesso reiciendis autem creator termes temporibus admoveo ter beatus trucido.",
    "createdAt": "2024-07-24T17:05:04.126Z"
  },
  {
    "productId": "6814c2ca511161f3045acbf0",
    "userId": "6822d06cc08fdfcf24d493c9",
    "rating": 5,
    "comment": "Pecco adulatio comis vulgivagus campana contego cattus stella deripio aedificium.",
    "createdAt": "2024-07-26T17:05:04.126Z"
  },
  {
    "productId": "6814a81835053cb1544dd115",
    "userId": "6822d06cc08fdfcf24d493c9",
    "rating": 5,
    "comment": "Utroque tyrannus ullus abscido damno sed libero articulus thesaurus ulterius.",
    "createdAt": "2024-07-21T17:05:04.126Z"
  },
  {
    "productId": "6814d3abbcd9b504d290b06d",
    "userId": "6822d06cc08fdfcf24d493c9",
    "rating": 5,
    "comment": "Peior corrupti conicio solvo ciminatio atque decipio solvo depono cerno.",
    "createdAt": "2024-07-22T17:05:04.126Z"
  },
  {
    "productId": "6814b49adb8e7421d9054830",
    "userId": "6822d073c08fdfcf24d494c5",
    "rating": 5,
    "comment": "Deserunt theologus suspendo taceo somniculosus adsuesco audeo ter urbanus rem.",
    "createdAt": "2024-07-25T19:25:14.755Z"
  },
  {
    "productId": "6814c75737cb2b415f50f065",
    "userId": "6822d06bc08fdfcf24d4938f",
    "rating": 2,
    "comment": "Numquam deprecator vesica terror vestrum administratio deludo verumtamen cena dedecor.",
    "createdAt": "2024-07-23T20:36:29.880Z"
  },
  {
    "productId": "6814be17a67388b7fa2b0370",
    "userId": "6822d072c08fdfcf24d49493",
    "rating": 5,
    "comment": "Alius certe provident cicuta adduco speciosus ater accusamus acceptus utique.",
    "createdAt": "2024-07-21T21:51:38.844Z"
  },
  {
    "productId": "6814a1931c10fee4a5286d69",
    "userId": "6822d06dc08fdfcf24d4941f",
    "rating": 5,
    "comment": "Vestrum cuius terebro aspicio via solio aequitas commemoro adsidue praesentium.",
    "createdAt": "2024-07-23T23:22:10.498Z"
  },
  {
    "productId": "6814a1941c10fee4a5286d8d",
    "userId": "6822d075c08fdfcf24d4953f",
    "rating": 3,
    "comment": "Dolorem timor theologus placeat terebro barba acceptus contego carcer viriliter.",
    "createdAt": "2024-07-22T00:25:52.661Z"
  },
  {
    "productId": "6814d518d4982e02496b6488",
    "userId": "6822d075c08fdfcf24d4953f",
    "rating": 5,
    "comment": "Cresco stultus minus illum conitor quos depereo amoveo utilis volo.",
    "createdAt": "2024-07-23T00:25:52.661Z"
  },
  {
    "productId": "6814c741b44fb7a9e6cbb4c2",
    "userId": "6822d06ec08fdfcf24d49431",
    "rating": 1,
    "comment": "Terra civitas uterque totus commodi ustilo earum vitae admiratio velociter.",
    "createdAt": "2024-07-25T00:43:37.286Z"
  },
  {
    "productId": "68149cfe30a898aab1f043be",
    "userId": "6822d074c08fdfcf24d4951b",
    "rating": 5,
    "comment": "Voro solio vestigium attero antiquus tempore socius spero solvo distinctio.",
    "createdAt": "2024-07-27T02:38:09.333Z"
  },
  {
    "productId": "6814d3abbcd9b504d290b066",
    "userId": "6822d074c08fdfcf24d4951b",
    "rating": 5,
    "comment": "Bestia vomito comis harum tepidus succedo degusto admiratio vorago cubicularis.",
    "createdAt": "2024-07-27T02:38:09.333Z"
  },
  {
    "productId": "6814d008dac5e44185ec223b",
    "userId": "6822d06cc08fdfcf24d493c1",
    "rating": 5,
    "comment": "Deleniti auxilium virgo uredo solutio deinde sit compono utilis tres.",
    "createdAt": "2024-07-25T07:06:36.080Z"
  },
  {
    "productId": "6814d007dac5e44185ec2216",
    "userId": "6822d06cc08fdfcf24d493a7",
    "rating": 1,
    "comment": "Voluptas provident vereor vitium nam tibi eveniet benevolentia suscipio compono.",
    "createdAt": "2024-07-22T08:33:52.621Z"
  },
  {
    "productId": "6814c3b2595891202e483a3e",
    "userId": "6822d06ac08fdfcf24d49331",
    "rating": 4,
    "comment": "Derelinquo antiquus nulla armarium cunctatio coadunatio aedificium cursus arceo confugo.",
    "createdAt": "2024-07-25T09:35:52.595Z"
  },
  {
    "productId": "6814c1b4ba01e3aab8f3f3a8",
    "userId": "6822d06ac08fdfcf24d49331",
    "rating": 5,
    "comment": "Contego stella centum cervus thermae corrigo pectus patria capitulus tantum.",
    "createdAt": "2024-07-27T09:35:52.595Z"
  },
  {
    "productId": "6814b49adb8e7421d905484e",
    "userId": "6822d06ac08fdfcf24d49331",
    "rating": 5,
    "comment": "Perferendis tego corrigo patrocinor esse asperiores aut tum tero tabella.",
    "createdAt": "2024-07-22T09:35:52.595Z"
  },
  {
    "productId": "6814d3abbcd9b504d290b05c",
    "userId": "6822d06ac08fdfcf24d49331",
    "rating": 5,
    "comment": "Numquam tumultus aer cimentarius modi terror omnis valetudo vomica sumo.",
    "createdAt": "2024-07-24T09:35:52.595Z"
  },
  {
    "productId": "6814c1b5ba01e3aab8f3f3d0",
    "userId": "6822d06ec08fdfcf24d49441",
    "rating": 3,
    "comment": "Blandior vaco delectus defaeco utique sumptus thorax pecus ambitus acquiro.",
    "createdAt": "2024-07-24T18:29:55.938Z"
  },
  {
    "productId": "6814c2cb511161f3045acc40",
    "userId": "6822d073c08fdfcf24d494cd",
    "rating": 5,
    "comment": "Aveho verto cruciamentum sto theca sublime debilito validus aurum commodo.",
    "createdAt": "2024-07-22T19:24:56.038Z"
  },
  {
    "productId": "6814d886eb6e44f9df4dc005",
    "userId": "6822d073c08fdfcf24d494cf",
    "rating": 5,
    "comment": "Adaugeo stabilis tripudio sum synagoga appono coerceo statua subnecto culpo.",
    "createdAt": "2024-07-27T20:16:47.636Z"
  },
  {
    "productId": "6814a81835053cb1544dd149",
    "userId": "6822d073c08fdfcf24d494d5",
    "rating": 5,
    "comment": "Vacuus tabernus agnitio vere acquiro adinventitias urbanus cenaculum abscido absconditus.",
    "createdAt": "2024-07-26T22:32:21.390Z"
  },
  {
    "productId": "6814d3abbcd9b504d290b06d",
    "userId": "6822d06ec08fdfcf24d4945b",
    "rating": 5,
    "comment": "Aliquam comparo versus temperantia venio copia arcus quisquam ustulo color.",
    "createdAt": "2024-07-24T23:51:47.471Z"
  },
  {
    "productId": "6814c2cb511161f3045acc40",
    "userId": "6822d074c08fdfcf24d494df",
    "rating": 5,
    "comment": "Dolore stillicidium cogito capillus amaritudo atqui tepesco defleo aqua subseco.",
    "createdAt": "2024-07-24T01:53:05.260Z"
  },
  {
    "productId": "6814c741b44fb7a9e6cbb4af",
    "userId": "6822d073c08fdfcf24d494bf",
    "rating": 1,
    "comment": "Concido concedo video supellex adiuvo viriliter volutabrum repellendus campana nesciunt.",
    "createdAt": "2024-07-23T03:11:25.609Z"
  },
  {
    "productId": "6814af8ef38840c4bcc37edc",
    "userId": "6822d06bc08fdfcf24d4937f",
    "rating": 5,
    "comment": "Concido tego corroboro validus tamen collum statim decimus volubilis infit.",
    "createdAt": "2024-07-26T05:46:42.917Z"
  },
  {
    "productId": "6814cabe1780e5204676cdf7",
    "userId": "6822d06bc08fdfcf24d4937f",
    "rating": 3,
    "comment": "Solum vapulus campana accedo ducimus triduana conventus templum claudeo delinquo.",
    "createdAt": "2024-07-23T05:46:42.917Z"
  },
  {
    "productId": "6814be17a67388b7fa2b03ac",
    "userId": "6822d06ec08fdfcf24d49457",
    "rating": 5,
    "comment": "Deduco tam alioqui causa acsi trepide acquiro apto trans subnecto.",
    "createdAt": "2024-07-27T06:51:44.653Z"
  },
  {
    "productId": "6814d008dac5e44185ec2233",
    "userId": "6822d06bc08fdfcf24d49381",
    "rating": 1,
    "comment": "Nesciunt sui derideo quia patria incidunt adflicto valetudo temeritas consectetur.",
    "createdAt": "2024-07-23T08:33:40.978Z"
  },
  {
    "productId": "6814a1941c10fee4a5286da8",
    "userId": "6822d06dc08fdfcf24d49403",
    "rating": 3,
    "comment": "Sperno delectatio tepesco ipsam stillicidium optio valeo claudeo validus sumptus.",
    "createdAt": "2024-07-24T15:24:42.632Z"
  },
  {
    "productId": "6814a81835053cb1544dd139",
    "userId": "6822d074c08fdfcf24d494ff",
    "rating": 5,
    "comment": "Comedo conduco dolor ter sortitus placeat quae thesaurus trans commemoro.",
    "createdAt": "2024-07-24T16:11:22.972Z"
  },
  {
    "productId": "6814d886eb6e44f9df4dc017",
    "userId": "6822d074c08fdfcf24d494ff",
    "rating": 1,
    "comment": "Vicinus defaeco tener alioqui cultellus vulgo coniuratio similique adstringo caput.",
    "createdAt": "2024-07-27T16:11:22.972Z"
  },
  {
    "productId": "6814cabf1780e5204676cdfd",
    "userId": "6822d074c08fdfcf24d494ff",
    "rating": 5,
    "comment": "Utpote conculco venustas paulatim aliqua uberrime arguo causa usus tristis.",
    "createdAt": "2024-07-24T16:11:22.972Z"
  },
  {
    "productId": "6814c2cb511161f3045acc34",
    "userId": "6822d074c08fdfcf24d494ff",
    "rating": 5,
    "comment": "Deripio cultura paulatim bardus campana convoco deleo venia tabula videlicet.",
    "createdAt": "2024-07-25T16:11:22.972Z"
  },
  {
    "productId": "6814b49adb8e7421d9054837",
    "userId": "6822d06bc08fdfcf24d49399",
    "rating": 5,
    "comment": "Communis anser animadverto creo callide agnosco audentia venio inflammatio vindico.",
    "createdAt": "2024-07-24T16:26:27.239Z"
  },
  {
    "productId": "6814a1931c10fee4a5286d55",
    "userId": "6822d06ac08fdfcf24d4932f",
    "rating": 2,
    "comment": "Attero adulescens ut capto deprecator ciminatio universe commodo magni commodo.",
    "createdAt": "2024-07-23T19:20:33.445Z"
  },
  {
    "productId": "6814c104ca19a92a5b1d5b89",
    "userId": "6822d06dc08fdfcf24d493ff",
    "rating": 5,
    "comment": "Comitatus subnecto depromo claro cedo antiquus tutis tum illum conatus.",
    "createdAt": "2024-07-23T21:56:43.360Z"
  },
  {
    "productId": "6814c2ca511161f3045acc24",
    "userId": "6822d074c08fdfcf24d494ff",
    "rating": 5,
    "comment": "Tersus voluptatem ratione omnis necessitatibus adulescens auctus defungo deduco libero.",
    "createdAt": "2024-07-24T22:19:37.986Z"
  },
  {
    "productId": "6814ccc358f78c505fea964b",
    "userId": "6822d076c08fdfcf24d4958f",
    "rating": 3,
    "comment": "Amicitia cattus praesentium traho celo spiculum acceptus depulso laudantium confugo.",
    "createdAt": "2024-07-29T01:53:41.028Z"
  },
  {
    "productId": "6814a81935053cb1544dd159",
    "userId": "6822d076c08fdfcf24d49567",
    "rating": 5,
    "comment": "Terminatio tabella peccatus soluta adaugeo corporis coepi delicate denique deinde.",
    "createdAt": "2024-07-24T03:34:32.826Z"
  },
  {
    "productId": "6814bf386172128284c9becc",
    "userId": "6822d072c08fdfcf24d49481",
    "rating": 4,
    "comment": "Sumo aeneus clamo demulceo sto taceo vinitor sulum suppellex terra.",
    "createdAt": "2024-07-27T13:04:59.061Z"
  },
  {
    "productId": "68149cff30a898aab1f043e5",
    "userId": "6822d075c08fdfcf24d4955b",
    "rating": 2,
    "comment": "Solium talio avarus facilis ab crux voluptates conitor demo verus.",
    "createdAt": "2024-07-25T17:46:23.805Z"
  },
  {
    "productId": "6814c03933cd17d446b063cc",
    "userId": "6822d06dc08fdfcf24d4941d",
    "rating": 4,
    "comment": "Tener conscendo aegrotatio atrocitas quasi facere allatus caecus sordeo argentum.",
    "createdAt": "2024-07-25T17:56:34.835Z"
  },
  {
    "productId": "6814c03933cd17d446b06346",
    "userId": "6822d06dc08fdfcf24d4941d",
    "rating": 4,
    "comment": "Valeo uredo summisse textilis thorax allatus deputo conventus mollitia vinum.",
    "createdAt": "2024-07-24T17:56:34.835Z"
  },
  {
    "productId": "6814cabe1780e5204676cdd0",
    "userId": "6822d06ac08fdfcf24d4935b",
    "rating": 5,
    "comment": "Annus pariatur carus tempora totam delibero cimentarius uberrime tricesimus ascisco.",
    "createdAt": "2024-07-27T20:31:43.503Z"
  },
  {
    "productId": "6814d30f19ffed8d9ec6b536",
    "userId": "6822d06ac08fdfcf24d4935b",
    "rating": 5,
    "comment": "Curo victus deputo iste facere ara ratione caput tredecim compello.",
    "createdAt": "2024-07-27T20:31:43.503Z"
  },
  {
    "productId": "6814d519d4982e02496b64ae",
    "userId": "6822d06ac08fdfcf24d4935b",
    "rating": 5,
    "comment": "Sui cornu talus utroque conduco tamdiu trado thorax vinitor combibo.",
    "createdAt": "2024-07-24T20:31:43.503Z"
  },
  {
    "productId": "6814af8ef38840c4bcc37ee6",
    "userId": "6822d06ac08fdfcf24d4935b",
    "rating": 2,
    "comment": "Voco calcar nulla clementia itaque tertius aiunt versus arguo aureus.",
    "createdAt": "2024-07-27T20:31:43.503Z"
  },
  {
    "productId": "6814c740b44fb7a9e6cbb498",
    "userId": "6822d06fc08fdfcf24d49467",
    "rating": 5,
    "comment": "Accedo accedo aranea super avaritia conicio absorbeo asperiores vulticulus defaeco.",
    "createdAt": "2024-07-25T00:28:40.787Z"
  },
  {
    "productId": "6814c2ca511161f3045acc24",
    "userId": "6822d06cc08fdfcf24d493ab",
    "rating": 5,
    "comment": "Minima absque vesica ultio laboriosam adhaero vilicus capio tumultus decet.",
    "createdAt": "2024-07-26T02:07:40.015Z"
  },
  {
    "productId": "6814d49dabc2c4bf4ecaf524",
    "userId": "6822d06ec08fdfcf24d4944d",
    "rating": 5,
    "comment": "Abbas voro amplexus tendo vos virgo demulceo patrocinor audentia pectus.",
    "createdAt": "2024-07-25T03:23:41.452Z"
  },
  {
    "productId": "6814c03933cd17d446b0635c",
    "userId": "6822d06bc08fdfcf24d49373",
    "rating": 5,
    "comment": "Cornu caute auxilium adstringo atrox usitas adamo recusandae pauci utroque.",
    "createdAt": "2024-07-26T04:19:16.482Z"
  },
  {
    "productId": "6814c741b44fb7a9e6cbb4c8",
    "userId": "6822d073c08fdfcf24d494d7",
    "rating": 4,
    "comment": "Vulticulus validus aggredior valde pel mollitia curiositas verus ventito fugiat.",
    "createdAt": "2024-07-27T16:04:40.529Z"
  },
  {
    "productId": "6814c1b5ba01e3aab8f3f3d0",
    "userId": "6822d068c08fdfcf24d492b9",
    "rating": 5,
    "comment": "Atavus baiulus degero coerceo aestas dolor allatus tui arcesso verbera.",
    "createdAt": "2024-07-27T16:58:34.739Z"
  },
  {
    "productId": "6814c740b44fb7a9e6cbb48a",
    "userId": "6822d069c08fdfcf24d492fd",
    "rating": 5,
    "comment": "Ustilo vesper truculenter charisma patria candidus alii vestrum fuga aequus.",
    "createdAt": "2024-07-29T19:45:11.938Z"
  },
  {
    "productId": "6814ccc358f78c505fea9682",
    "userId": "6822d069c08fdfcf24d492fd",
    "rating": 5,
    "comment": "Conor taceo cohibeo damnatio dolores cinis ultio asperiores voveo curvo.",
    "createdAt": "2024-07-26T19:45:11.938Z"
  },
  {
    "productId": "6814d49dabc2c4bf4ecaf516",
    "userId": "6822d069c08fdfcf24d492fd",
    "rating": 5,
    "comment": "In vinitor utrimque conculco contigo claudeo minima curo curso reprehenderit.",
    "createdAt": "2024-07-30T19:45:11.938Z"
  },
  {
    "productId": "6814af8df38840c4bcc37ecf",
    "userId": "6822d069c08fdfcf24d492fd",
    "rating": 1,
    "comment": "Adimpleo adsum cribro adfero vomica illum minus theatrum taceo cruentus.",
    "createdAt": "2024-07-28T19:45:11.938Z"
  },
  {
    "productId": "6814d3abbcd9b504d290b03c",
    "userId": "6822d06ec08fdfcf24d4942b",
    "rating": 5,
    "comment": "Abutor vulnus unde deduco vita tantillus appono decor conculco dolor.",
    "createdAt": "2024-07-26T21:43:49.505Z"
  },
  {
    "productId": "6814cf2ef6a78c6dfa308452",
    "userId": "6822d06ec08fdfcf24d49425",
    "rating": 4,
    "comment": "Solvo congregatio aedificium tergum aegrus compono curso explicabo crastinus certe.",
    "createdAt": "2024-07-30T22:43:56.112Z"
  },
  {
    "productId": "68149cfe30a898aab1f043b8",
    "userId": "6822d06ec08fdfcf24d49425",
    "rating": 5,
    "comment": "Coerceo advenio autem vomito tametsi depromo repellendus cibus patruus autem.",
    "createdAt": "2024-07-30T22:43:56.112Z"
  },
  {
    "productId": "6814c2cb511161f3045acc48",
    "userId": "6822d06ec08fdfcf24d49425",
    "rating": 5,
    "comment": "Acquiro cohibeo similique voluptate ratione solio sumo atrox animadverto dedecor.",
    "createdAt": "2024-07-26T22:43:56.112Z"
  },
  {
    "productId": "6814a81835053cb1544dd115",
    "userId": "6822d06ec08fdfcf24d49425",
    "rating": 2,
    "comment": "Beatae quisquam desino antea recusandae abutor cohors audeo distinctio tutis.",
    "createdAt": "2024-07-27T22:43:56.112Z"
  },
  {
    "productId": "6814c3b3595891202e483aa0",
    "userId": "6822d075c08fdfcf24d49551",
    "rating": 5,
    "comment": "Antiquus appositus vulgo contego acerbitas tenus cogito caute caput tollo.",
    "createdAt": "2024-07-30T00:42:00.187Z"
  },
  {
    "productId": "6814d8faa6b79f1523907ebe",
    "userId": "6822d06cc08fdfcf24d493c5",
    "rating": 4,
    "comment": "Cena suffragium deporto adflicto cupio decimus subnecto dolore cribro teres.",
    "createdAt": "2024-07-30T03:07:59.111Z"
  },
  {
    "productId": "6814cabe1780e5204676cdd0",
    "userId": "6822d06cc08fdfcf24d493c5",
    "rating": 4,
    "comment": "Error viduo comminor thesis aperte dolore alveus comis arcesso tergo.",
    "createdAt": "2024-07-28T03:07:59.111Z"
  },
  {
    "productId": "6814d31019ffed8d9ec6b56f",
    "userId": "6822d06cc08fdfcf24d493c5",
    "rating": 4,
    "comment": "Debilito dolorem nam caute supplanto curvo xiphias laborum statua deleniti.",
    "createdAt": "2024-07-30T03:07:59.111Z"
  },
  {
    "productId": "6814d30f19ffed8d9ec6b52f",
    "userId": "6822d06cc08fdfcf24d493c5",
    "rating": 1,
    "comment": "Vehemens hic admoveo acerbitas curriculum demulceo animi debilito attero culpo.",
    "createdAt": "2024-07-27T03:07:59.111Z"
  },
  {
    "productId": "6814c75737cb2b415f50f047",
    "userId": "6822d076c08fdfcf24d4958f",
    "rating": 2,
    "comment": "Aegrotatio arguo timidus calculus damnatio tergo aeneus cernuus triduana caveo.",
    "createdAt": "2024-07-27T03:41:31.938Z"
  },
  {
    "productId": "6814d31019ffed8d9ec6b55a",
    "userId": "6822d076c08fdfcf24d4958f",
    "rating": 5,
    "comment": "Crastinus asper amitto et cilicium auxilium animus vinculum depopulo admoneo.",
    "createdAt": "2024-07-26T03:41:31.938Z"
  },
  {
    "productId": "6814ccc358f78c505fea9682",
    "userId": "6822d076c08fdfcf24d4958f",
    "rating": 5,
    "comment": "Subito avaritia valde adfero clamo tremo demo contego deinde cohors.",
    "createdAt": "2024-07-29T03:41:31.938Z"
  },
  {
    "productId": "6814af8df38840c4bcc37eb8",
    "userId": "6822d076c08fdfcf24d4958f",
    "rating": 5,
    "comment": "Aqua demo thymbra explicabo curso adulatio impedit victoria calcar itaque.",
    "createdAt": "2024-07-31T03:41:31.938Z"
  },
  {
    "productId": "6814d886eb6e44f9df4dc00b",
    "userId": "6822d06bc08fdfcf24d49397",
    "rating": 5,
    "comment": "Patior vergo aveho vomica sub aspernatur comptus adamo substantia cinis.",
    "createdAt": "2024-07-26T08:47:31.869Z"
  },
  {
    "productId": "6814d518d4982e02496b6496",
    "userId": "6822d06bc08fdfcf24d49397",
    "rating": 5,
    "comment": "Ustulo amita alo suasoria vulgo celo exercitationem tamquam ipsam temptatio.",
    "createdAt": "2024-07-29T08:47:31.869Z"
  },
  {
    "productId": "6814cbfc9ac1ce261961922f",
    "userId": "6822d06bc08fdfcf24d49397",
    "rating": 3,
    "comment": "Vita vestigium expedita demulceo argentum denuo vigor aliquid solium decens.",
    "createdAt": "2024-07-31T08:47:31.869Z"
  },
  {
    "productId": "6814d31019ffed8d9ec6b553",
    "userId": "6822d06bc08fdfcf24d49397",
    "rating": 5,
    "comment": "Strenuus articulus tristis beatus solus stabilis eos caute avarus accusator.",
    "createdAt": "2024-07-29T08:47:31.869Z"
  },
  {
    "productId": "6814c740b44fb7a9e6cbb46b",
    "userId": "6822d06ac08fdfcf24d49335",
    "rating": 5,
    "comment": "Defungo vacuus verbera adeptio caterva adsum auditor uberrime thema odit.",
    "createdAt": "2024-07-30T08:52:40.209Z"
  },
  {
    "productId": "6814cbfc9ac1ce261961922f",
    "userId": "6822d06ac08fdfcf24d49335",
    "rating": 5,
    "comment": "Uberrime sumptus corroboro audax victoria undique dolor contabesco quo cruentus.",
    "createdAt": "2024-07-29T08:52:40.209Z"
  },
  {
    "productId": "6814d519d4982e02496b64c2",
    "userId": "6822d06ac08fdfcf24d49335",
    "rating": 5,
    "comment": "Reiciendis ustilo traho adfero tripudio in error utrum natus correptius.",
    "createdAt": "2024-07-29T08:52:40.209Z"
  },
  {
    "productId": "6814d4dbd4982e02496b635c",
    "userId": "6822d06ac08fdfcf24d49335",
    "rating": 3,
    "comment": "Amplitudo supplanto attonbitus thesaurus pecus ambulo minus totam ultio denique.",
    "createdAt": "2024-07-30T08:52:40.209Z"
  },
  {
    "productId": "6814c3b2595891202e483a3e",
    "userId": "6822d06fc08fdfcf24d49463",
    "rating": 3,
    "comment": "Spiculum certus theatrum trado tergeo error accommodo deduco cumque arca.",
    "createdAt": "2024-07-26T09:14:09.896Z"
  },
  {
    "productId": "6814c104ca19a92a5b1d5b63",
    "userId": "6822d068c08fdfcf24d492bb",
    "rating": 5,
    "comment": "Sulum conturbo termes rerum varietas peccatus caelestis peior abscido urbanus.",
    "createdAt": "2024-07-31T16:34:16.724Z"
  },
  {
    "productId": "6814c03933cd17d446b063b8",
    "userId": "6822d068c08fdfcf24d492bb",
    "rating": 5,
    "comment": "Dolore turpis cupiditas consuasor eos autus ara decerno vulariter eveniet.",
    "createdAt": "2024-07-27T16:34:16.724Z"
  },
  {
    "productId": "6814be17a67388b7fa2b0388",
    "userId": "6822d068c08fdfcf24d492bb",
    "rating": 3,
    "comment": "Illum socius virga modi cribro commodo volva virgo volutabrum aro.",
    "createdAt": "2024-07-30T16:34:16.724Z"
  },
  {
    "productId": "6814be17a67388b7fa2b0398",
    "userId": "6822d068c08fdfcf24d492bb",
    "rating": 5,
    "comment": "Rem cubicularis curso apparatus adhuc vomer abeo tenetur animadverto acceptus.",
    "createdAt": "2024-07-31T16:34:16.724Z"
  },
  {
    "productId": "6814bcdd958ad8fcad8c545f",
    "userId": "6822d073c08fdfcf24d494c5",
    "rating": 5,
    "comment": "Defleo voluptates pariatur aestivus tactus tantum expedita ratione pariatur dolorum.",
    "createdAt": "2024-07-26T18:31:41.425Z"
  },
  {
    "productId": "6814c1b5ba01e3aab8f3f3c4",
    "userId": "6822d069c08fdfcf24d492f9",
    "rating": 3,
    "comment": "Baiulus cauda uter subnecto caterva volva candidus alter viriliter varietas.",
    "createdAt": "2024-07-26T20:43:53.508Z"
  },
  {
    "productId": "6814c75737cb2b415f50f047",
    "userId": "6822d075c08fdfcf24d49559",
    "rating": 4,
    "comment": "Veritatis deorsum quos capio voluptatum uberrime corona voluntarius thesis audeo.",
    "createdAt": "2024-07-29T21:39:54.449Z"
  },
  {
    "productId": "6814a1941c10fee4a5286d81",
    "userId": "6822d06ec08fdfcf24d4945d",
    "rating": 5,
    "comment": "Aeger cui auctor comedo arx esse statim aeneus nemo colo.",
    "createdAt": "2024-07-26T23:47:52.771Z"
  },
  {
    "productId": "6814b499db8e7421d9054823",
    "userId": "6822d06ec08fdfcf24d4945d",
    "rating": 5,
    "comment": "Tamdiu arma debilito cupressus delectus patior curtus triumphus veniam utilis.",
    "createdAt": "2024-07-26T23:47:52.771Z"
  },
  {
    "productId": "6814c3b3595891202e483a6c",
    "userId": "6822d06ec08fdfcf24d4945d",
    "rating": 4,
    "comment": "Similique trado unde baiulus casus artificiose vero vivo demergo umbra.",
    "createdAt": "2024-07-26T23:47:52.771Z"
  },
  {
    "productId": "6814c104ca19a92a5b1d5b63",
    "userId": "6822d06ec08fdfcf24d4945d",
    "rating": 3,
    "comment": "Statim amitto deripio defessus somnus auctor vinitor tantum depraedor deserunt.",
    "createdAt": "2024-07-27T23:47:52.771Z"
  },
  {
    "productId": "6814daff48198c3c05074c4d",
    "userId": "6822d06dc08fdfcf24d4940d",
    "rating": 4,
    "comment": "Eveniet taedium ciminatio coruscus absconditus possimus absens varius crepusculum avarus.",
    "createdAt": "2024-07-30T04:35:41.605Z"
  },
  {
    "productId": "6814d8faa6b79f1523907ec4",
    "userId": "6822d06dc08fdfcf24d4940f",
    "rating": 5,
    "comment": "Laborum curriculum aliquam tempus congregatio sed umquam esse vereor utique.",
    "createdAt": "2024-07-29T05:16:28.175Z"
  },
  {
    "productId": "6814d886eb6e44f9df4dbffa",
    "userId": "6822d074c08fdfcf24d4950f",
    "rating": 5,
    "comment": "Somniculosus quasi distinctio decens tres ambitus caste admitto clibanus apparatus.",
    "createdAt": "2024-07-28T05:22:30.414Z"
  },
  {
    "productId": "6814d3abbcd9b504d290b05c",
    "userId": "6822d068c08fdfcf24d492d7",
    "rating": 5,
    "comment": "Aedificium cubicularis carbo abeo beatae terreo tempore supra quae aperte.",
    "createdAt": "2024-07-31T09:55:11.133Z"
  },
  {
    "productId": "6814c1b4ba01e3aab8f3f39c",
    "userId": "6822d06bc08fdfcf24d4937b",
    "rating": 5,
    "comment": "Cunae sponte quas vigilo vitiosus territo conculco anser officiis degenero.",
    "createdAt": "2024-07-31T10:15:30.314Z"
  },
  {
    "productId": "6814c104ca19a92a5b1d5b2f",
    "userId": "6822d06ac08fdfcf24d49331",
    "rating": 3,
    "comment": "Confugo cibus cicuta adipisci creta amplus curia absens conculco itaque.",
    "createdAt": "2024-07-27T13:39:41.752Z"
  },
  {
    "productId": "6814d886eb6e44f9df4dbfef",
    "userId": "6822d073c08fdfcf24d494c9",
    "rating": 5,
    "comment": "Verecundia aut clibanus defleo aliquid aeternus teres atrox concido teneo.",
    "createdAt": "2024-07-28T21:30:58.073Z"
  },
  {
    "productId": "6814daff48198c3c05074c4d",
    "userId": "6822d069c08fdfcf24d49315",
    "rating": 5,
    "comment": "Sopor altus vinculum sulum concedo crinis teneo sortitus vociferor bellicus.",
    "createdAt": "2024-07-29T23:48:35.413Z"
  },
  {
    "productId": "6814bcdd958ad8fcad8c5412",
    "userId": "6822d075c08fdfcf24d4952b",
    "rating": 5,
    "comment": "Alioqui vacuus comparo cultellus temporibus spiritus ullam alveus usus spiritus.",
    "createdAt": "2024-07-29T08:51:48.937Z"
  },
  {
    "productId": "6814bcdd958ad8fcad8c545f",
    "userId": "6822d076c08fdfcf24d49599",
    "rating": 5,
    "comment": "Verbera amor campana atque debitis umquam versus voluptate dedecor spero.",
    "createdAt": "2024-08-01T13:08:42.391Z"
  },
  {
    "productId": "6814a1931c10fee4a5286d55",
    "userId": "6822d075c08fdfcf24d49555",
    "rating": 5,
    "comment": "Tot coniecto tutis tergo desparatus atavus suggero turba conventus supplanto.",
    "createdAt": "2024-08-02T13:33:22.287Z"
  },
  {
    "productId": "6814a81835053cb1544dd115",
    "userId": "6822d075c08fdfcf24d49555",
    "rating": 5,
    "comment": "Audentia alo accusamus solutio depopulo quis certus ambulo sortitus contabesco.",
    "createdAt": "2024-07-31T13:33:22.287Z"
  },
  {
    "productId": "6814c740b44fb7a9e6cbb49e",
    "userId": "6822d075c08fdfcf24d49555",
    "rating": 3,
    "comment": "Adimpleo super infit temeritas patria debeo tyrannus cariosus auxilium carcer.",
    "createdAt": "2024-07-28T13:33:22.287Z"
  },
  {
    "productId": "6814af8df38840c4bcc37ebe",
    "userId": "6822d075c08fdfcf24d49555",
    "rating": 3,
    "comment": "Creptio ventito tripudio coniuratio cursus amoveo aeternus tergiversatio architecto ambulo.",
    "createdAt": "2024-08-02T13:33:22.287Z"
  },
  {
    "productId": "6814c104ca19a92a5b1d5b53",
    "userId": "6822d06ec08fdfcf24d4944f",
    "rating": 5,
    "comment": "Acquiro vir corrumpo demo utilis tot aperiam demoror speciosus antea.",
    "createdAt": "2024-07-28T22:23:32.397Z"
  },
  {
    "productId": "6814d886eb6e44f9df4dc005",
    "userId": "6822d06ec08fdfcf24d4944f",
    "rating": 5,
    "comment": "Somnus illum arma utroque spes defetiscor copia desipio degero deorsum.",
    "createdAt": "2024-07-28T22:23:32.397Z"
  },
  {
    "productId": "6814d8faa6b79f1523907edf",
    "userId": "6822d06ec08fdfcf24d4944f",
    "rating": 5,
    "comment": "Vinculum thermae crur contego stella vociferor avaritia tutamen utique consequuntur.",
    "createdAt": "2024-07-31T22:23:32.397Z"
  },
  {
    "productId": "6814cabe1780e5204676cded",
    "userId": "6822d06ec08fdfcf24d4944f",
    "rating": 5,
    "comment": "Tabula crustulum textus argumentum vulgivagus minus commemoro debitis vix curia.",
    "createdAt": "2024-08-02T22:23:32.397Z"
  },
  {
    "productId": "6814c1b5ba01e3aab8f3f3c4",
    "userId": "6822d069c08fdfcf24d49317",
    "rating": 5,
    "comment": "Turba defessus reiciendis argumentum causa fugiat antiquus cultura vespillo coruscus.",
    "createdAt": "2024-07-29T23:39:18.225Z"
  },
  {
    "productId": "6814c2ca511161f3045acc00",
    "userId": "6822d073c08fdfcf24d494bf",
    "rating": 3,
    "comment": "Tardus amplitudo cito subseco modi tenuis depono crudelis colligo sophismata.",
    "createdAt": "2024-07-31T23:42:43.040Z"
  },
  {
    "productId": "6814d007dac5e44185ec2223",
    "userId": "6822d06cc08fdfcf24d493d3",
    "rating": 2,
    "comment": "Quos cetera distinctio vinco avarus volutabrum ocer cumque ad argentum.",
    "createdAt": "2024-07-30T03:09:16.993Z"
  },
  {
    "productId": "6814c03933cd17d446b063d4",
    "userId": "6822d074c08fdfcf24d494e9",
    "rating": 5,
    "comment": "Tondeo uxor subito amplitudo aro verbera comitatus vomito cultellus sopor.",
    "createdAt": "2024-08-01T04:24:50.411Z"
  },
  {
    "productId": "68149cfe30a898aab1f043d1",
    "userId": "6822d06ec08fdfcf24d49451",
    "rating": 4,
    "comment": "Admiratio cumque succedo audio decens allatus ut depromo coruscus curatio.",
    "createdAt": "2024-08-02T04:29:28.576Z"
  },
  {
    "productId": "68149cfe30a898aab1f043ac",
    "userId": "6822d073c08fdfcf24d494cb",
    "rating": 5,
    "comment": "Supra consuasor dolore villa appello attero acerbitas audeo compono cibus.",
    "createdAt": "2024-08-01T09:07:46.591Z"
  },
  {
    "productId": "6814daff48198c3c05074c2f",
    "userId": "6822d073c08fdfcf24d494cb",
    "rating": 3,
    "comment": "Compello altus expedita turba adfero certe antea addo derelinquo omnis.",
    "createdAt": "2024-07-29T09:07:46.591Z"
  },
  {
    "productId": "6814d3abbcd9b504d290b087",
    "userId": "6822d073c08fdfcf24d494cb",
    "rating": 3,
    "comment": "Cicuta aurum laboriosam unde carmen allatus canto aiunt mollitia tricesimus.",
    "createdAt": "2024-08-03T09:07:46.591Z"
  },
  {
    "productId": "6814a81935053cb1544dd159",
    "userId": "6822d073c08fdfcf24d494cb",
    "rating": 5,
    "comment": "Commodo cernuus causa triumphus communis cupiditate volva tamisium ancilla minima.",
    "createdAt": "2024-07-31T09:07:46.591Z"
  },
  {
    "productId": "6814d886eb6e44f9df4dc005",
    "userId": "6822d077c08fdfcf24d495d7",
    "rating": 5,
    "comment": "Deludo confero creta amitto vulnero nam brevis casso cicuta cattus.",
    "createdAt": "2024-07-31T09:11:55.242Z"
  },
  {
    "productId": "6814bf386172128284c9bee8",
    "userId": "6822d06ac08fdfcf24d4934b",
    "rating": 2,
    "comment": "Animi desino vos calculus caelum sordeo culpo tricesimus defendo conatus.",
    "createdAt": "2024-07-31T11:30:36.178Z"
  },
  {
    "productId": "6814cabe1780e5204676cdc6",
    "userId": "6822d06ac08fdfcf24d4934b",
    "rating": 5,
    "comment": "Derelinquo villa utrum combibo porro casso utpote magni adduco terminatio.",
    "createdAt": "2024-07-29T11:30:36.178Z"
  },
  {
    "productId": "6814d886eb6e44f9df4dbff4",
    "userId": "6822d06ac08fdfcf24d4934b",
    "rating": 2,
    "comment": "Theologus coniuratio textilis bellicus damno bibo soleo consectetur catena adhuc.",
    "createdAt": "2024-08-02T11:30:36.178Z"
  },
  {
    "productId": "6814c2ca511161f3045acc0c",
    "userId": "6822d06ac08fdfcf24d4934b",
    "rating": 5,
    "comment": "Esse angelus terra tendo eius curis calcar cetera amitto nihil.",
    "createdAt": "2024-08-02T11:30:36.178Z"
  },
  {
    "productId": "6814d519d4982e02496b64ae",
    "userId": "6822d077c08fdfcf24d495cf",
    "rating": 5,
    "comment": "Admoneo animi voveo magni assentator tergum venustas doloremque copia viscus.",
    "createdAt": "2024-07-31T12:02:52.359Z"
  },
  {
    "productId": "6814c740b44fb7a9e6cbb48a",
    "userId": "6822d077c08fdfcf24d495cf",
    "rating": 4,
    "comment": "Denique cimentarius adamo curriculum labore valeo conventus umerus patria solvo.",
    "createdAt": "2024-07-29T12:02:52.359Z"
  },
  {
    "productId": "6814c741b44fb7a9e6cbb4bb",
    "userId": "6822d077c08fdfcf24d495cf",
    "rating": 5,
    "comment": "Amor damno vallum adduco vindico modi vilicus derelinquo talis depono.",
    "createdAt": "2024-08-03T12:02:52.359Z"
  },
  {
    "productId": "6814d49dabc2c4bf4ecaf51e",
    "userId": "6822d077c08fdfcf24d495cf",
    "rating": 5,
    "comment": "Canto damnatio sol convoco calamitas adiuvo degero cursus thymum vicinus.",
    "createdAt": "2024-07-31T12:02:52.359Z"
  },
  {
    "productId": "6814d30f19ffed8d9ec6b53c",
    "userId": "6822d06ac08fdfcf24d49331",
    "rating": 5,
    "comment": "Toties supra curriculum crux carmen caterva varius congregatio cubicularis decerno.",
    "createdAt": "2024-08-01T13:49:49.473Z"
  },
  {
    "productId": "6814d4dbd4982e02496b6368",
    "userId": "6822d069c08fdfcf24d49313",
    "rating": 5,
    "comment": "Canto clementia amplitudo una coepi adsuesco addo vestigium neque quaerat.",
    "createdAt": "2024-07-29T13:53:39.207Z"
  },
  {
    "productId": "6814cd2505d66cbf2ba763c3",
    "userId": "6822d06ec08fdfcf24d49457",
    "rating": 1,
    "comment": "Amiculum omnis una thorax advenio subvenio conspergo aut vado summa.",
    "createdAt": "2024-07-31T19:46:22.088Z"
  },
  {
    "productId": "6814d8faa6b79f1523907ebe",
    "userId": "6822d075c08fdfcf24d49521",
    "rating": 5,
    "comment": "Auctus abscido sollicito strenuus depraedor cimentarius centum damno aduro crux.",
    "createdAt": "2024-08-03T00:04:51.576Z"
  },
  {
    "productId": "6814d886eb6e44f9df4dbfef",
    "userId": "6822d075c08fdfcf24d4953b",
    "rating": 3,
    "comment": "Vis subseco pariatur allatus curo tener quasi degenero capto alioqui.",
    "createdAt": "2024-07-31T03:43:41.290Z"
  },
  {
    "productId": "6814c1b5ba01e3aab8f3f3f8",
    "userId": "6822d06ac08fdfcf24d49333",
    "rating": 5,
    "comment": "Deorsum qui calculus delectus solum voluptas timor velit acceptus arca.",
    "createdAt": "2024-08-03T07:45:26.028Z"
  },
  {
    "productId": "6814c75737cb2b415f50f04f",
    "userId": "6822d06dc08fdfcf24d49419",
    "rating": 5,
    "comment": "Valens sulum vero delibero super animus socius natus illum conduco.",
    "createdAt": "2024-07-30T08:08:58.243Z"
  },
  {
    "productId": "6814c2ca511161f3045acbf0",
    "userId": "6822d06dc08fdfcf24d49419",
    "rating": 2,
    "comment": "Tempore amor canto versus arma admoneo spiculum trans ab dedecor.",
    "createdAt": "2024-07-30T08:08:58.243Z"
  },
  {
    "productId": "6814d31019ffed8d9ec6b562",
    "userId": "6822d06dc08fdfcf24d49419",
    "rating": 2,
    "comment": "Vigilo celer articulus bis utpote creator ademptio considero curriculum aegrotatio.",
    "createdAt": "2024-07-30T08:08:58.243Z"
  },
  {
    "productId": "6814c741b44fb7a9e6cbb4b5",
    "userId": "6822d06dc08fdfcf24d49419",
    "rating": 5,
    "comment": "Cultellus vomica ventosus veritatis despecto talis ducimus sol alienus suadeo.",
    "createdAt": "2024-07-30T08:08:58.243Z"
  },
  {
    "productId": "6814daff48198c3c05074c35",
    "userId": "6822d077c08fdfcf24d495bf",
    "rating": 5,
    "comment": "Desidero thorax earum blandior demitto audio depraedor confero depromo aduro.",
    "createdAt": "2024-07-30T13:20:53.006Z"
  },
  {
    "productId": "6814d49dabc2c4bf4ecaf51e",
    "userId": "6822d069c08fdfcf24d49303",
    "rating": 3,
    "comment": "Supra brevis suus utroque tenetur similique quo denuncio voro timidus.",
    "createdAt": "2024-07-30T15:31:51.140Z"
  },
  {
    "productId": "6814c75737cb2b415f50f071",
    "userId": "6822d069c08fdfcf24d49303",
    "rating": 5,
    "comment": "Rem suppono tero totam blandior cribro urbs virgo adfectus chirographum.",
    "createdAt": "2024-08-04T15:31:51.140Z"
  },
  {
    "productId": "6814d007dac5e44185ec221d",
    "userId": "6822d069c08fdfcf24d49303",
    "rating": 5,
    "comment": "Cognatus cui templum patior adaugeo vorago tactus ait voluptatibus deduco.",
    "createdAt": "2024-08-03T15:31:51.140Z"
  },
  {
    "productId": "6814bf396172128284c9befc",
    "userId": "6822d069c08fdfcf24d49303",
    "rating": 5,
    "comment": "Comitatus decens casso rem bonus defero ventosus paens substantia libero.",
    "createdAt": "2024-08-03T15:31:51.140Z"
  },
  {
    "productId": "6814c740b44fb7a9e6cbb498",
    "userId": "6822d074c08fdfcf24d4950d",
    "rating": 1,
    "comment": "Arbustum videlicet thema averto viridis tactus aureus cogito colo ante.",
    "createdAt": "2024-07-30T19:22:16.825Z"
  },
  {
    "productId": "6814d519d4982e02496b64ba",
    "userId": "6822d069c08fdfcf24d492fb",
    "rating": 4,
    "comment": "Crinis alias depereo alius deleo turba thymum dapifer acies terra.",
    "createdAt": "2024-08-03T22:21:59.912Z"
  },
  {
    "productId": "68149cfd30a898aab1f043a1",
    "userId": "6822d075c08fdfcf24d49559",
    "rating": 5,
    "comment": "Tamen atque tollo solvo conculco cubo tepidus abundans sub advoco.",
    "createdAt": "2024-08-03T02:38:22.188Z"
  },
  {
    "productId": "6814b49adb8e7421d9054837",
    "userId": "6822d075c08fdfcf24d49559",
    "rating": 5,
    "comment": "Molestiae stultus venia tenetur suggero theca copiose incidunt alioqui allatus.",
    "createdAt": "2024-08-04T02:38:22.188Z"
  },
  {
    "productId": "6814d518d4982e02496b649c",
    "userId": "6822d075c08fdfcf24d49559",
    "rating": 5,
    "comment": "Conduco ab creta voluptatibus accusantium astrum decerno valde clementia urbs.",
    "createdAt": "2024-08-02T02:38:22.188Z"
  },
  {
    "productId": "6814bcdd958ad8fcad8c543d",
    "userId": "6822d075c08fdfcf24d49559",
    "rating": 5,
    "comment": "Ultio venio doloribus utroque itaque curiositas super conturbo ars magnam.",
    "createdAt": "2024-08-01T02:38:22.188Z"
  },
  {
    "productId": "6814d49dabc2c4bf4ecaf516",
    "userId": "6822d06cc08fdfcf24d493dd",
    "rating": 4,
    "comment": "Tredecim conculco unde speculum virgo hic traho ex texo stillicidium.",
    "createdAt": "2024-08-04T09:38:33.916Z"
  },
  {
    "productId": "6814a81835053cb1544dd10e",
    "userId": "6822d06dc08fdfcf24d49405",
    "rating": 4,
    "comment": "Aeneus aeneus tamdiu antea creptio deprecator depromo audacia saepe hic.",
    "createdAt": "2024-08-02T13:16:36.005Z"
  },
  {
    "productId": "6814d246995813a18f27d968",
    "userId": "6822d075c08fdfcf24d49551",
    "rating": 2,
    "comment": "Arx vallum patria repellat culpo comparo argentum incidunt sustineo sortitus.",
    "createdAt": "2024-08-04T21:40:37.783Z"
  },
  {
    "productId": "6814c75737cb2b415f50f057",
    "userId": "6822d06cc08fdfcf24d493df",
    "rating": 5,
    "comment": "Avarus alius aeger sapiente vulticulus somnus synagoga confido coniuratio voluptatum.",
    "createdAt": "2024-08-02T23:23:43.306Z"
  },
  {
    "productId": "6814c03933cd17d446b06390",
    "userId": "6822d077c08fdfcf24d495cb",
    "rating": 5,
    "comment": "Caecus blandior venio vesco peior aeternus avarus attero casso confugo.",
    "createdAt": "2024-08-01T01:34:46.968Z"
  },
  {
    "productId": "6814d008dac5e44185ec2241",
    "userId": "6822d077c08fdfcf24d495cb",
    "rating": 5,
    "comment": "Conservo quas thema vindico cariosus debilito cotidie versus utor abbas.",
    "createdAt": "2024-08-04T01:34:46.968Z"
  },
  {
    "productId": "6814af8df38840c4bcc37ecf",
    "userId": "6822d077c08fdfcf24d495cb",
    "rating": 5,
    "comment": "Capto laboriosam cogito tertius volup tamquam ulciscor cervus textilis terror.",
    "createdAt": "2024-08-05T01:34:46.968Z"
  },
  {
    "productId": "6814a1941c10fee4a5286da8",
    "userId": "6822d06ac08fdfcf24d49323",
    "rating": 5,
    "comment": "Depono ait attonbitus tibi sursum tremo thorax aureus ventito strenuus.",
    "createdAt": "2024-08-03T01:54:18.849Z"
  },
  {
    "productId": "6814bcdd958ad8fcad8c546f",
    "userId": "6822d06ac08fdfcf24d4934b",
    "rating": 2,
    "comment": "Blanditiis incidunt statua asperiores cubo decipio timor cognatus strues angulus.",
    "createdAt": "2024-08-04T05:45:37.953Z"
  },
  {
    "productId": "6814c03933cd17d446b0635c",
    "userId": "6822d06ac08fdfcf24d4934b",
    "rating": 5,
    "comment": "Debeo denuo deprimo quae creber pax cuius deleniti aut demens.",
    "createdAt": "2024-08-04T05:45:37.953Z"
  },
  {
    "productId": "6814d31019ffed8d9ec6b55a",
    "userId": "6822d06ac08fdfcf24d4934b",
    "rating": 5,
    "comment": "Antiquus cohaero agnitio aequitas acies patria ultra sordeo pecus bibo.",
    "createdAt": "2024-08-06T05:45:37.953Z"
  },
  {
    "productId": "6814b499db8e7421d9054829",
    "userId": "6822d06ac08fdfcf24d4934b",
    "rating": 1,
    "comment": "Vehemens delinquo amo adsidue adsuesco creo conturbo amicitia anser ratione.",
    "createdAt": "2024-08-06T05:45:37.953Z"
  },
  {
    "productId": "6814c03933cd17d446b06374",
    "userId": "6822d074c08fdfcf24d494ef",
    "rating": 3,
    "comment": "Acies suggero adicio velum conduco trans ago corrumpo coepi nisi.",
    "createdAt": "2024-08-06T07:36:33.122Z"
  },
  {
    "productId": "6814c740b44fb7a9e6cbb498",
    "userId": "6822d069c08fdfcf24d4931d",
    "rating": 5,
    "comment": "Cumque pax compello defetiscor claro vester coniuratio alter subiungo quo.",
    "createdAt": "2024-08-05T08:40:35.341Z"
  },
  {
    "productId": "6814d30f19ffed8d9ec6b53c",
    "userId": "6822d06dc08fdfcf24d4941f",
    "rating": 4,
    "comment": "Cubicularis abstergo admiratio sulum appono desolo sopor calamitas vilis hic.",
    "createdAt": "2024-08-04T16:44:21.640Z"
  },
  {
    "productId": "6814d245995813a18f27d938",
    "userId": "6822d073c08fdfcf24d494d3",
    "rating": 3,
    "comment": "Ventito cruciamentum cohaero aegre eveniet sophismata cum decipio compono aestus.",
    "createdAt": "2024-08-02T20:00:16.539Z"
  }
]
