[
  {
    "productId": "6814cabe1780e5204676cddc",
    "userId": "6822d06cc08fdfcf24d493ad",
    "rating": 3,
    "comment": "Supplanto aro sperno super utrimque sperno cohors capto tempore talio.",
    "createdAt": "2024-08-09T01:03:55.173Z"
  },
  {
    "productId": "6814bf396172128284c9befc",
    "userId": "6822d077c08fdfcf24d495b9",
    "rating": 5,
    "comment": "Curatio civis vestrum virtus curatio umerus stips cenaculum distinctio desino.",
    "createdAt": "2024-08-04T09:36:15.350Z"
  },
  {
    "productId": "6814d886eb6e44f9df4dc017",
    "userId": "6822d078c08fdfcf24d4960b",
    "rating": 5,
    "comment": "Mollitia velit avarus tyrannus acies blanditiis absorbeo neque adulescens viduo.",
    "createdAt": "2024-08-04T13:29:30.789Z"
  },
  {
    "productId": "6814bcdd958ad8fcad8c5433",
    "userId": "6822d06cc08fdfcf24d493bb",
    "rating": 5,
    "comment": "Ubi textus adinventitias vinculum chirographum laborum cerno approbo officia capillus.",
    "createdAt": "2024-08-07T13:45:45.213Z"
  },
  {
    "productId": "6814cabe1780e5204676cded",
    "userId": "6822d06cc08fdfcf24d493bb",
    "rating": 5,
    "comment": "Veritatis aperte expedita spectaculum ipsa non curriculum velociter aperiam commodi.",
    "createdAt": "2024-08-05T13:45:45.213Z"
  },
  {
    "productId": "6814c104ca19a92a5b1d5b43",
    "userId": "6822d06cc08fdfcf24d493bb",
    "rating": 5,
    "comment": "Bonus eaque depopulo omnis titulus creta statim cuppedia thesis vitae.",
    "createdAt": "2024-08-09T13:45:45.213Z"
  },
  {
    "productId": "6814bf396172128284c9bef4",
    "userId": "6822d06cc08fdfcf24d493bb",
    "rating": 5,
    "comment": "Asporto repellat quibusdam careo vulticulus blandior nostrum ceno alter incidunt.",
    "createdAt": "2024-08-05T13:45:45.213Z"
  },
  {
    "productId": "6814c740b44fb7a9e6cbb471",
    "userId": "6822d078c08fdfcf24d49609",
    "rating": 5,
    "comment": "Verecundia rerum adstringo armarium ocer voluptate supellex pecco dignissimos comminor.",
    "createdAt": "2024-08-04T17:22:10.349Z"
  },
  {
    "productId": "6814d008dac5e44185ec222b",
    "userId": "6822d076c08fdfcf24d49577",
    "rating": 5,
    "comment": "Caecus terror alii delego aurum substantia uter copia capto alioqui.",
    "createdAt": "2024-08-07T18:05:33.880Z"
  },
  {
    "productId": "6814d30f19ffed8d9ec6b52f",
    "userId": "6822d075c08fdfcf24d4955b",
    "rating": 5,
    "comment": "Cohaero depromo adduco timidus suscipio calco timidus amo sed derelinquo.",
    "createdAt": "2024-08-07T07:47:41.398Z"
  },
  {
    "productId": "6814af8df38840c4bcc37eac",
    "userId": "6822d075c08fdfcf24d4955b",
    "rating": 5,
    "comment": "Annus victus defetiscor tabernus minima desino auxilium temporibus subseco acidus.",
    "createdAt": "2024-08-08T07:47:41.398Z"
  },
  {
    "productId": "6814c1b5ba01e3aab8f3f3c4",
    "userId": "6822d075c08fdfcf24d4955b",
    "rating": 5,
    "comment": "Ultra compello tumultus beatae dedecor patrocinor auditor pauci assentator adstringo.",
    "createdAt": "2024-08-07T07:47:41.398Z"
  },
  {
    "productId": "6814c104ca19a92a5b1d5b7f",
    "userId": "6822d075c08fdfcf24d4955b",
    "rating": 4,
    "comment": "Talus tamdiu cavus spectaculum paens arto quis tamdiu depromo commodo.",
    "createdAt": "2024-08-09T07:47:41.398Z"
  },
  {
    "productId": "6814c3b2595891202e483a3e",
    "userId": "6822d06ac08fdfcf24d49353",
    "rating": 1,
    "comment": "Tracto derelinquo terminatio comminor cicuta abutor optio claudeo neque vorago.",
    "createdAt": "2024-08-07T09:46:20.695Z"
  },
  {
    "productId": "6814c75737cb2b415f50f047",
    "userId": "6822d06ac08fdfcf24d49353",
    "rating": 3,
    "comment": "Conduco uberrime conicio nobis abundans thymbra currus advenio cupiditate cupiditas.",
    "createdAt": "2024-08-07T09:46:20.695Z"
  },
  {
    "productId": "6814a1931c10fee4a5286d69",
    "userId": "6822d06ac08fdfcf24d49353",
    "rating": 5,
    "comment": "Corporis cruentus amaritudo aedificium sonitus tenetur viduo dolore asporto summisse.",
    "createdAt": "2024-08-05T09:46:20.695Z"
  },
  {
    "productId": "6814ccc358f78c505fea968c",
    "userId": "6822d06ac08fdfcf24d49353",
    "rating": 5,
    "comment": "Calcar volaticus supellex adaugeo vilis dolorum auditor conscendo terra audeo.",
    "createdAt": "2024-08-06T09:46:20.695Z"
  },
  {
    "productId": "6814d007dac5e44185ec221d",
    "userId": "6822d06dc08fdfcf24d49417",
    "rating": 5,
    "comment": "Argentum provident admoneo dolorum color clam deputo urbs ullam tristis.",
    "createdAt": "2024-08-05T14:21:53.874Z"
  },
  {
    "productId": "6814b499db8e7421d9054829",
    "userId": "6822d07dc08fdfcf24d4962f",
    "rating": 3,
    "comment": "Crustulum impedit corroboro adipiscor velum eaque armarium sumptus coadunatio aeneus.",
    "createdAt": "2024-08-07T20:23:52.333Z"
  },
  {
    "productId": "6814d31019ffed8d9ec6b55a",
    "userId": "6822d07dc08fdfcf24d4962f",
    "rating": 5,
    "comment": "Spoliatio aeneus ver tertius bonus altus suppellex pel facere valde.",
    "createdAt": "2024-08-08T20:23:52.333Z"
  },
  {
    "productId": "6814d4dbd4982e02496b636e",
    "userId": "6822d07dc08fdfcf24d4962f",
    "rating": 2,
    "comment": "Ultra deleniti suasoria terebro civitas amo aduro adaugeo denuo tabesco.",
    "createdAt": "2024-08-06T20:23:52.333Z"
  },
  {
    "productId": "6814c1b5ba01e3aab8f3f3e8",
    "userId": "6822d07dc08fdfcf24d4962f",
    "rating": 3,
    "comment": "Depulso timidus decipio apud reiciendis molestias defungo bene attonbitus venio.",
    "createdAt": "2024-08-08T20:23:52.333Z"
  },
  {
    "productId": "6814b49adb8e7421d905486e",
    "userId": "6822d07dc08fdfcf24d49633",
    "rating": 4,
    "comment": "Derelinquo carbo vociferor vulpes considero creta curso et vicinus autus.",
    "createdAt": "2024-08-09T03:24:56.087Z"
  },
  {
    "productId": "6814c104ca19a92a5b1d5b2f",
    "userId": "6822d07dc08fdfcf24d49633",
    "rating": 3,
    "comment": "Alienus cilicium cura stella dicta consectetur denuo asporto denique bardus.",
    "createdAt": "2024-08-08T03:24:56.087Z"
  },
  {
    "productId": "6814bf396172128284c9bf30",
    "userId": "6822d07dc08fdfcf24d49633",
    "rating": 5,
    "comment": "Crux vulnus quia varius textor cuppedia tardus velociter consuasor ver.",
    "createdAt": "2024-08-11T03:24:56.087Z"
  },
  {
    "productId": "6814d30f19ffed8d9ec6b546",
    "userId": "6822d073c08fdfcf24d494a9",
    "rating": 5,
    "comment": "Adhuc defendo perferendis depopulo umerus dedecor cuius deludo coerceo textilis.",
    "createdAt": "2024-08-11T06:39:36.057Z"
  },
  {
    "productId": "6814c740b44fb7a9e6cbb479",
    "userId": "6822d069c08fdfcf24d49311",
    "rating": 5,
    "comment": "Animadverto timor adulatio eligendi voluntarius tollo cibo venia eius commemoro.",
    "createdAt": "2024-08-10T12:20:04.813Z"
  },
  {
    "productId": "6814c03933cd17d446b06390",
    "userId": "6822d069c08fdfcf24d49311",
    "rating": 5,
    "comment": "Alter quibusdam vinco somniculosus subnecto vere bonus ullus tam denuncio.",
    "createdAt": "2024-08-10T12:20:04.813Z"
  },
  {
    "productId": "6814d3abbcd9b504d290b030",
    "userId": "6822d069c08fdfcf24d49311",
    "rating": 4,
    "comment": "Ter laborum crapula officiis vae administratio desolo totam benevolentia denego.",
    "createdAt": "2024-08-09T12:20:04.813Z"
  },
  {
    "productId": "6814daff48198c3c05074c4d",
    "userId": "6822d069c08fdfcf24d49311",
    "rating": 3,
    "comment": "Autus super quae acidus vox terga tenus suspendo velociter subiungo.",
    "createdAt": "2024-08-07T12:20:04.813Z"
  },
  {
    "productId": "6814a1931c10fee4a5286d55",
    "userId": "6822d06bc08fdfcf24d49377",
    "rating": 5,
    "comment": "Alias truculenter admoveo aliquam tactus spero ipsa conitor vivo depromo.",
    "createdAt": "2024-08-08T15:09:52.917Z"
  },
  {
    "productId": "6814b49adb8e7421d9054849",
    "userId": "6822d06cc08fdfcf24d493bb",
    "rating": 5,
    "comment": "Super contabesco appello adipisci confugo contabesco depono hic dedico acsi.",
    "createdAt": "2024-08-10T22:45:29.613Z"
  },
  {
    "productId": "6814c75637cb2b415f50f041",
    "userId": "6822d075c08fdfcf24d49529",
    "rating": 5,
    "comment": "Impedit carcer carmen cena ventus versus cura deserunt despecto corrupti.",
    "createdAt": "2024-08-10T23:49:49.617Z"
  },
  {
    "productId": "6814c75637cb2b415f50f023",
    "userId": "6822d06ec08fdfcf24d49435",
    "rating": 1,
    "comment": "Optio vivo articulus arbustum ex similique utrum cras tres accommodo.",
    "createdAt": "2024-08-08T10:51:02.387Z"
  },
  {
    "productId": "6814be18a67388b7fa2b03bc",
    "userId": "6822d06ec08fdfcf24d49435",
    "rating": 5,
    "comment": "Testimonium cunctatio vix sono sortitus assumenda tracto suppono turba patria.",
    "createdAt": "2024-08-07T10:51:02.387Z"
  },
  {
    "productId": "6814a81835053cb1544dd133",
    "userId": "6822d06ec08fdfcf24d49435",
    "rating": 5,
    "comment": "Commodi consectetur perspiciatis pax quis inventore omnis crapula vulnero virtus.",
    "createdAt": "2024-08-11T10:51:02.387Z"
  },
  {
    "productId": "6814d245995813a18f27d938",
    "userId": "6822d06ec08fdfcf24d49435",
    "rating": 4,
    "comment": "Adimpleo ascisco doloremque ver truculenter cultellus adhuc despecto suggero consuasor.",
    "createdAt": "2024-08-09T10:51:02.387Z"
  },
  {
    "productId": "6814d31019ffed8d9ec6b553",
    "userId": "6822d075c08fdfcf24d49537",
    "rating": 5,
    "comment": "Delibero audio tristis tyrannus utor depopulo causa aequitas socius sonitus.",
    "createdAt": "2024-08-09T12:15:00.596Z"
  },
  {
    "productId": "6814c1b5ba01e3aab8f3f3c4",
    "userId": "6822d077c08fdfcf24d495df",
    "rating": 4,
    "comment": "Cervus fugit odit varius desidero aggero dolor spoliatio adsum victoria.",
    "createdAt": "2024-08-08T15:40:33.310Z"
  },
  {
    "productId": "6814d246995813a18f27d94b",
    "userId": "6822d077c08fdfcf24d495df",
    "rating": 5,
    "comment": "Usque caveo canonicus tamdiu solum anser audeo adnuo sulum acervus.",
    "createdAt": "2024-08-10T15:40:33.310Z"
  },
  {
    "productId": "6814cbfd9ac1ce2619619246",
    "userId": "6822d077c08fdfcf24d495df",
    "rating": 1,
    "comment": "Concido curto iure chirographum optio suspendo delectatio suffoco varietas aptus.",
    "createdAt": "2024-08-10T15:40:33.310Z"
  },
  {
    "productId": "6814d886eb6e44f9df4dc00b",
    "userId": "6822d077c08fdfcf24d495df",
    "rating": 5,
    "comment": "Solutio ante absconditus iure volutabrum tempore sollicito basium dolore adeptio.",
    "createdAt": "2024-08-09T15:40:33.310Z"
  },
  {
    "productId": "6814af8df38840c4bcc37ecf",
    "userId": "6822d078c08fdfcf24d49609",
    "rating": 4,
    "comment": "Laudantium temptatio villa stips magnam amor solum volo vita demulceo.",
    "createdAt": "2024-08-12T17:24:00.172Z"
  },
  {
    "productId": "6814c741b44fb7a9e6cbb4c8",
    "userId": "6822d069c08fdfcf24d49311",
    "rating": 5,
    "comment": "Sublime quas et crux accedo dedecor volutabrum cruciamentum compello brevis.",
    "createdAt": "2024-08-11T18:22:51.277Z"
  },
  {
    "productId": "6814b49adb8e7421d9054854",
    "userId": "6822d068c08fdfcf24d492db",
    "rating": 3,
    "comment": "Ante cetera antepono laborum hic sodalitas desino cui stabilis virgo.",
    "createdAt": "2024-08-09T21:44:52.920Z"
  },
  {
    "productId": "6814af8df38840c4bcc37ea6",
    "userId": "6822d068c08fdfcf24d492cd",
    "rating": 1,
    "comment": "Trado thymum dolorum valens sum sum facilis curtus censura correptius.",
    "createdAt": "2024-08-08T22:58:32.105Z"
  },
  {
    "productId": "6814ccc358f78c505fea9662",
    "userId": "6822d069c08fdfcf24d492fb",
    "rating": 5,
    "comment": "Benevolentia demonstro capio stillicidium pecto aperio vester esse autem sumo.",
    "createdAt": "2024-08-12T01:36:06.597Z"
  },
  {
    "productId": "6814d31019ffed8d9ec6b553",
    "userId": "6822d06cc08fdfcf24d493d1",
    "rating": 3,
    "comment": "Vito arcesso cado tener clam damno temperantia virgo supra aiunt.",
    "createdAt": "2024-08-13T04:41:01.030Z"
  },
  {
    "productId": "6814d4dbd4982e02496b636e",
    "userId": "6822d07dc08fdfcf24d49645",
    "rating": 2,
    "comment": "Sulum conculco supellex via ambitus avarus colligo ut acer ullam.",
    "createdAt": "2024-08-11T09:28:31.798Z"
  },
  {
    "productId": "6814d246995813a18f27d953",
    "userId": "6822d078c08fdfcf24d495ff",
    "rating": 2,
    "comment": "Blanditiis excepturi defaeco veritas tumultus vulnus vae veritas supellex vulgus.",
    "createdAt": "2024-08-12T19:12:44.708Z"
  },
  {
    "productId": "6814b49adb8e7421d9054837",
    "userId": "6822d078c08fdfcf24d495ff",
    "rating": 1,
    "comment": "Contigo charisma curo subito candidus velum utrum crastinus tutis verecundia.",
    "createdAt": "2024-08-13T19:12:44.708Z"
  },
  {
    "productId": "6814c1b5ba01e3aab8f3f3c4",
    "userId": "6822d06fc08fdfcf24d49473",
    "rating": 5,
    "comment": "Degenero cuppedia vallum super vergo temeritas appello pecus collum vilis.",
    "createdAt": "2024-08-09T05:03:37.798Z"
  },
  {
    "productId": "6814d245995813a18f27d932",
    "userId": "6822d06fc08fdfcf24d49473",
    "rating": 5,
    "comment": "Eligendi vox commodo ex vigor cena sublime capitulus cena velum.",
    "createdAt": "2024-08-11T05:03:37.798Z"
  },
  {
    "productId": "6814c740b44fb7a9e6cbb498",
    "userId": "6822d06fc08fdfcf24d49473",
    "rating": 5,
    "comment": "Aequitas molestiae patior capitulus animi eveniet carus despecto delibero depereo.",
    "createdAt": "2024-08-09T05:03:37.798Z"
  },
  {
    "productId": "6814c740b44fb7a9e6cbb49e",
    "userId": "6822d06fc08fdfcf24d49473",
    "rating": 5,
    "comment": "Acsi calculus bestia tibi crapula desparatus cognomen villa bestia cattus.",
    "createdAt": "2024-08-14T05:03:37.798Z"
  },
  {
    "productId": "6814af8df38840c4bcc37eb8",
    "userId": "6822d077c08fdfcf24d495b1",
    "rating": 5,
    "comment": "Comis vociferor ago viridis capto verbum turbo ver voro unde.",
    "createdAt": "2024-08-11T14:33:26.323Z"
  },
  {
    "productId": "6814c741b44fb7a9e6cbb4a6",
    "userId": "6822d076c08fdfcf24d49587",
    "rating": 3,
    "comment": "Torqueo balbus tricesimus omnis ducimus cerno aspernatur strenuus desidero deputo.",
    "createdAt": "2024-08-11T15:50:31.584Z"
  },
  {
    "productId": "6814bcdd958ad8fcad8c546f",
    "userId": "6822d076c08fdfcf24d49587",
    "rating": 5,
    "comment": "Conspergo temporibus cogo theca nostrum villa deleniti amitto ciminatio villa.",
    "createdAt": "2024-08-10T15:50:31.584Z"
  },
  {
    "productId": "6814d886eb6e44f9df4dc00b",
    "userId": "6822d06bc08fdfcf24d49391",
    "rating": 5,
    "comment": "Esse cedo ustilo volubilis ventus substantia eius facilis sublime demulceo.",
    "createdAt": "2024-08-12T20:16:48.300Z"
  },
  {
    "productId": "6814d30f19ffed8d9ec6b546",
    "userId": "6822d06bc08fdfcf24d49391",
    "rating": 5,
    "comment": "Vereor varius aranea currus delinquo depromo tribuo cum sum depromo.",
    "createdAt": "2024-08-10T20:16:48.300Z"
  },
  {
    "productId": "6814c1b5ba01e3aab8f3f3c4",
    "userId": "6822d06bc08fdfcf24d49391",
    "rating": 5,
    "comment": "Ventito tergum abeo veniam ultra avarus utroque spectaculum acceptus eum.",
    "createdAt": "2024-08-14T20:16:48.300Z"
  },
  {
    "productId": "6814be17a67388b7fa2b0370",
    "userId": "6822d06bc08fdfcf24d49391",
    "rating": 3,
    "comment": "Fugiat bonus desolo sophismata velum astrum ante amoveo cognomen nostrum.",
    "createdAt": "2024-08-09T20:16:48.300Z"
  },
  {
    "productId": "6814a1931c10fee4a5286d55",
    "userId": "6822d073c08fdfcf24d494cd",
    "rating": 3,
    "comment": "Auctus tollo depulso summopere dolore qui temperantia creber qui cerno.",
    "createdAt": "2024-08-12T04:48:09.771Z"
  },
  {
    "productId": "6814c104ca19a92a5b1d5b77",
    "userId": "6822d07dc08fdfcf24d49653",
    "rating": 5,
    "comment": "Voluptatibus tres coepi ulterius cauda abscido enim calcar antepono pariatur.",
    "createdAt": "2024-08-15T05:44:38.181Z"
  },
  {
    "productId": "6814be18a67388b7fa2b03cc",
    "userId": "6822d06cc08fdfcf24d493d7",
    "rating": 5,
    "comment": "Tantillus decet illum delibero tenax illo cornu vester antea xiphias.",
    "createdAt": "2024-08-14T06:58:42.425Z"
  },
  {
    "productId": "6814d3abbcd9b504d290b044",
    "userId": "6822d077c08fdfcf24d495c3",
    "rating": 5,
    "comment": "Decumbo supra tardus umbra communis in vespillo voluptate clementia harum.",
    "createdAt": "2024-08-15T14:27:48.508Z"
  },
  {
    "productId": "6814c2ca511161f3045acc0c",
    "userId": "6822d077c08fdfcf24d495c3",
    "rating": 5,
    "comment": "Unus veniam apud delectus enim bestia suasoria caries beatus arbustum.",
    "createdAt": "2024-08-13T14:27:48.508Z"
  },
  {
    "productId": "6814d4dbd4982e02496b6356",
    "userId": "6822d077c08fdfcf24d495c3",
    "rating": 5,
    "comment": "Tero cura totus cervus degenero validus dolorum allatus vicinus summopere.",
    "createdAt": "2024-08-13T14:27:48.508Z"
  },
  {
    "productId": "6814c104ca19a92a5b1d5b6f",
    "userId": "6822d077c08fdfcf24d495c3",
    "rating": 4,
    "comment": "Adsidue cognatus sum solitudo decipio optio canis uter virtus toties.",
    "createdAt": "2024-08-14T14:27:48.508Z"
  },
  {
    "productId": "6814c75737cb2b415f50f05f",
    "userId": "6822d06ac08fdfcf24d4931f",
    "rating": 4,
    "comment": "Perspiciatis compono taceo voro cunae desidero conventus dolorem curso stips.",
    "createdAt": "2024-08-10T16:31:01.132Z"
  },
  {
    "productId": "6814c2ca511161f3045acc24",
    "userId": "6822d072c08fdfcf24d49483",
    "rating": 5,
    "comment": "Annus deludo tendo cunae absorbeo triumphus autem odit astrum verbum.",
    "createdAt": "2024-08-11T22:06:30.024Z"
  },
  {
    "productId": "6814ccc458f78c505fea9692",
    "userId": "6822d068c08fdfcf24d492af",
    "rating": 5,
    "comment": "Patria tot clibanus cado succurro corrigo charisma cognatus attollo ancilla.",
    "createdAt": "2024-08-13T03:13:24.358Z"
  },
  {
    "productId": "6814c03933cd17d446b063b8",
    "userId": "6822d06dc08fdfcf24d493f1",
    "rating": 5,
    "comment": "Atqui usque dolorum accusantium coruscus una spargo ratione provident volo.",
    "createdAt": "2024-08-11T07:22:01.990Z"
  },
  {
    "productId": "6814c3b3595891202e483ab0",
    "userId": "6822d078c08fdfcf24d495f5",
    "rating": 4,
    "comment": "Crastinus tutis abstergo bellum deorsum aeneus adsuesco deputo usque cattus.",
    "createdAt": "2024-08-13T07:59:57.079Z"
  },
  {
    "productId": "6814a81935053cb1544dd159",
    "userId": "6822d076c08fdfcf24d4959b",
    "rating": 4,
    "comment": "Tendo auxilium aro quis allatus amiculum administratio summa corrumpo aranea.",
    "createdAt": "2024-08-16T12:19:06.631Z"
  },
  {
    "productId": "6814c104ca19a92a5b1d5b1f",
    "userId": "6822d077c08fdfcf24d495ab",
    "rating": 2,
    "comment": "Eum audax comprehendo vitium volutabrum ars timidus adicio bis certus.",
    "createdAt": "2024-08-13T12:50:24.218Z"
  },
  {
    "productId": "6814d519d4982e02496b64ae",
    "userId": "6822d075c08fdfcf24d49535",
    "rating": 5,
    "comment": "Altus cernuus cimentarius accedo coerceo thesaurus suppono consequatur vulgivagus demo.",
    "createdAt": "2024-08-16T18:19:20.655Z"
  },
  {
    "productId": "6814a1941c10fee4a5286d95",
    "userId": "6822d068c08fdfcf24d492c7",
    "rating": 2,
    "comment": "Derideo tepesco pecco quas turpis adaugeo damnatio suus terreo comptus.",
    "createdAt": "2024-08-13T21:03:14.913Z"
  },
  {
    "productId": "6814bcdd958ad8fcad8c5427",
    "userId": "6822d072c08fdfcf24d4947d",
    "rating": 5,
    "comment": "Urbs atavus statua corpus admoveo tribuo vere bene comis contra.",
    "createdAt": "2024-08-12T21:38:53.735Z"
  },
  {
    "productId": "6814d518d4982e02496b64a9",
    "userId": "6822d072c08fdfcf24d4947d",
    "rating": 3,
    "comment": "Culpa cur vociferor tergo desparatus depulso censura traho degenero at.",
    "createdAt": "2024-08-15T21:38:53.735Z"
  },
  {
    "productId": "6814d4dbd4982e02496b6362",
    "userId": "6822d072c08fdfcf24d4947d",
    "rating": 3,
    "comment": "Adsuesco surculus antepono demergo sollers vulpes canto deprecator amaritudo clamo.",
    "createdAt": "2024-08-14T21:38:53.735Z"
  },
  {
    "productId": "6814c1b5ba01e3aab8f3f404",
    "userId": "6822d072c08fdfcf24d4947d",
    "rating": 5,
    "comment": "Coerceo conservo bene cruciamentum trepide clarus textilis textor tutis veritatis.",
    "createdAt": "2024-08-11T21:38:53.735Z"
  },
  {
    "productId": "6814cabe1780e5204676cdd0",
    "userId": "6822d072c08fdfcf24d49491",
    "rating": 5,
    "comment": "Paens convoco capitulus uxor cumque tamdiu conicio ullam accusamus clam.",
    "createdAt": "2024-08-13T01:18:22.009Z"
  },
  {
    "productId": "6814c740b44fb7a9e6cbb49e",
    "userId": "6822d06bc08fdfcf24d4938b",
    "rating": 3,
    "comment": "Patruus sophismata civitas pel clibanus cauda caritas caste bos despecto.",
    "createdAt": "2024-08-17T04:34:30.652Z"
  },
  {
    "productId": "6814cabe1780e5204676cddc",
    "userId": "6822d06ac08fdfcf24d4935f",
    "rating": 5,
    "comment": "Solus deprecator vinum temporibus aestas cado turpis amplus quae vindico.",
    "createdAt": "2024-08-12T05:30:01.136Z"
  },
  {
    "productId": "6814a1941c10fee4a5286d95",
    "userId": "6822d078c08fdfcf24d495f5",
    "rating": 5,
    "comment": "Tres ascit adipiscor dicta viridis cena subnecto verumtamen adficio exercitationem.",
    "createdAt": "2024-08-16T06:45:08.067Z"
  },
  {
    "productId": "6814cf2ef6a78c6dfa308448",
    "userId": "6822d078c08fdfcf24d495f5",
    "rating": 5,
    "comment": "Utpote civitas venio deleo venustas non saepe depulso crudelis quaerat.",
    "createdAt": "2024-08-13T06:45:08.067Z"
  },
  {
    "productId": "6814d519d4982e02496b64c2",
    "userId": "6822d078c08fdfcf24d495f5",
    "rating": 1,
    "comment": "Deduco sapiente cenaculum veritas adinventitias careo statim somnus acceptus abduco.",
    "createdAt": "2024-08-12T06:45:08.067Z"
  },
  {
    "productId": "6814d007dac5e44185ec220c",
    "userId": "6822d076c08fdfcf24d49565",
    "rating": 5,
    "comment": "Valetudo virga ad summa magni caries dolorum animus ascit abscido.",
    "createdAt": "2024-08-15T10:11:51.535Z"
  },
  {
    "productId": "6814a81835053cb1544dd127",
    "userId": "6822d077c08fdfcf24d495a5",
    "rating": 5,
    "comment": "Volo talus conforto thermae volaticus cariosus cursus copiose vulgivagus excepturi.",
    "createdAt": "2024-08-17T23:05:34.113Z"
  },
  {
    "productId": "6814c830fd4ffab5ca02f720",
    "userId": "6822d06cc08fdfcf24d493dd",
    "rating": 5,
    "comment": "Pecco aspernatur vorago culpa necessitatibus tricesimus cubicularis odio appositus valens.",
    "createdAt": "2024-08-15T02:51:53.647Z"
  },
  {
    "productId": "6814c104ca19a92a5b1d5b3b",
    "userId": "6822d06cc08fdfcf24d493d5",
    "rating": 5,
    "comment": "Capillus abutor adopto cena paens aestus volubilis amicitia adfero dedecor.",
    "createdAt": "2024-08-18T08:38:06.077Z"
  },
  {
    "productId": "6814a81835053cb1544dd10e",
    "userId": "6822d06cc08fdfcf24d493d5",
    "rating": 5,
    "comment": "Vereor cohors impedit odit impedit harum rem causa perspiciatis virga.",
    "createdAt": "2024-08-14T08:38:06.077Z"
  },
  {
    "productId": "6814daff48198c3c05074c57",
    "userId": "6822d06cc08fdfcf24d493d5",
    "rating": 5,
    "comment": "Suscipit uxor claro amita volup delego peior cribro capillus adimpleo.",
    "createdAt": "2024-08-14T08:38:06.077Z"
  },
  {
    "productId": "6814cabf1780e5204676ce05",
    "userId": "6822d06cc08fdfcf24d493d5",
    "rating": 1,
    "comment": "Bellum aeger hic pecco ulterius dolor adduco socius tremo solio.",
    "createdAt": "2024-08-17T08:38:06.077Z"
  },
  {
    "productId": "6814cf2ef6a78c6dfa308452",
    "userId": "6822d07ec08fdfcf24d49693",
    "rating": 2,
    "comment": "Dignissimos summopere ipsum atque curriculum ait adinventitias communis sophismata saepe.",
    "createdAt": "2024-08-14T12:36:19.475Z"
  },
  {
    "productId": "6814cf2ef6a78c6dfa308452",
    "userId": "6822d07ec08fdfcf24d49693",
    "rating": 4,
    "comment": "Territo annus testimonium reprehenderit itaque ter abscido thymbra tubineus claudeo.",
    "createdAt": "2024-08-14T12:36:19.475Z"
  },
  {
    "productId": "6814a1931c10fee4a5286d69",
    "userId": "6822d07ec08fdfcf24d49693",
    "rating": 1,
    "comment": "Explicabo eius vestrum adicio baiulus ipsam tenax suggero color iusto.",
    "createdAt": "2024-08-17T12:36:19.475Z"
  },
  {
    "productId": "6814d518d4982e02496b64a9",
    "userId": "6822d07ec08fdfcf24d49693",
    "rating": 5,
    "comment": "Iste claustrum coaegresco talis suspendo alo bibo via delicate cunabula.",
    "createdAt": "2024-08-15T12:36:19.475Z"
  },
  {
    "productId": "6814a81835053cb1544dd149",
    "userId": "6822d07fc08fdfcf24d496bf",
    "rating": 5,
    "comment": "Tres cernuus vorago aperio argumentum circumvenio tabgo amiculum recusandae claustrum.",
    "createdAt": "2024-08-15T12:36:30.690Z"
  },
  {
    "productId": "6814c104ca19a92a5b1d5b77",
    "userId": "6822d074c08fdfcf24d494fb",
    "rating": 5,
    "comment": "Voluntarius non defero demo sol termes delicate accusantium color sequi.",
    "createdAt": "2024-08-14T12:36:48.160Z"
  },
  {
    "productId": "6814c75737cb2b415f50f047",
    "userId": "6822d074c08fdfcf24d494fb",
    "rating": 2,
    "comment": "Trepide demum tolero adversus mollitia conqueror suffragium degero fugit id.",
    "createdAt": "2024-08-13T12:36:48.160Z"
  },
  {
    "productId": "6814dafe48198c3c05074c24",
    "userId": "6822d06ac08fdfcf24d4935d",
    "rating": 1,
    "comment": "Adopto degenero vilis adfero aliquam acquiro decor desparatus beneficium curto.",
    "createdAt": "2024-08-15T15:27:39.110Z"
  },
  {
    "productId": "6814bcdd958ad8fcad8c546f",
    "userId": "6822d068c08fdfcf24d492a4",
    "rating": 4,
    "comment": "Depono stella corroboro amplexus astrum tenax infit absconditus tutamen degenero.",
    "createdAt": "2024-08-18T17:57:13.530Z"
  },
  {
    "productId": "6814be17a67388b7fa2b03ac",
    "userId": "6822d06ac08fdfcf24d4932f",
    "rating": 5,
    "comment": "Repudiandae tracto ea contego demoror facilis odit ut tristis certus.",
    "createdAt": "2024-08-17T18:20:36.813Z"
  },
  {
    "productId": "6814c75737cb2b415f50f06b",
    "userId": "6822d06ac08fdfcf24d4932f",
    "rating": 3,
    "comment": "Solium suppono adfero spiculum callide damnatio vis volubilis eos thymbra.",
    "createdAt": "2024-08-16T23:09:12.979Z"
  },
  {
    "productId": "6814a1941c10fee4a5286d81",
    "userId": "6822d06ac08fdfcf24d4932f",
    "rating": 1,
    "comment": "Id adulatio accedo quidem coaegresco depopulo cernuus verus aiunt crastinus.",
    "createdAt": "2024-08-17T23:09:12.979Z"
  },
  {
    "productId": "6814c1b5ba01e3aab8f3f3d0",
    "userId": "6822d06ac08fdfcf24d4932f",
    "rating": 5,
    "comment": "Cras curtus adipiscor aranea circumvenio amoveo arx sumptus temptatio cognomen.",
    "createdAt": "2024-08-14T23:09:12.979Z"
  },
  {
    "productId": "6814c740b44fb7a9e6cbb471",
    "userId": "6822d06ac08fdfcf24d4932f",
    "rating": 3,
    "comment": "Arma virga provident damnatio aspernatur conitor stillicidium socius adulatio cena.",
    "createdAt": "2024-08-17T23:09:12.979Z"
  },
  {
    "productId": "6814c75737cb2b415f50f047",
    "userId": "6822d074c08fdfcf24d4951f",
    "rating": 5,
    "comment": "Acerbitas validus tabella vae tabella absorbeo adversus abduco nulla aedificium.",
    "createdAt": "2024-08-16T02:21:48.540Z"
  },
  {
    "productId": "6814d3abbcd9b504d290b087",
    "userId": "6822d06dc08fdfcf24d49417",
    "rating": 5,
    "comment": "Aspernatur centum facere calculus addo tristis validus absconditus atque tabesco.",
    "createdAt": "2024-08-14T03:45:33.463Z"
  },
  {
    "productId": "6814d008dac5e44185ec2233",
    "userId": "6822d06dc08fdfcf24d49417",
    "rating": 5,
    "comment": "Calcar unus arx possimus audeo aedificium sit suppono qui acerbitas.",
    "createdAt": "2024-08-17T03:45:33.463Z"
  },
  {
    "productId": "6814cf2ef6a78c6dfa308448",
    "userId": "6822d06dc08fdfcf24d49417",
    "rating": 3,
    "comment": "Rem conicio volup cursim aiunt possimus correptius quae suscipit bibo.",
    "createdAt": "2024-08-15T03:45:33.463Z"
  },
  {
    "productId": "6814c03933cd17d446b063c4",
    "userId": "6822d06dc08fdfcf24d49417",
    "rating": 5,
    "comment": "Validus ipsa vorax tergeo alius ut una suscipit caveo ubi.",
    "createdAt": "2024-08-15T03:45:33.463Z"
  },
  {
    "productId": "6814c2ca511161f3045acc14",
    "userId": "6822d06ec08fdfcf24d4943b",
    "rating": 5,
    "comment": "Xiphias spectaculum ceno depraedor absque vinculum sumo tui argumentum aliqua.",
    "createdAt": "2024-08-16T09:10:40.244Z"
  },
  {
    "productId": "6814cabe1780e5204676cdd0",
    "userId": "6822d06ec08fdfcf24d4943b",
    "rating": 5,
    "comment": "Delinquo vestrum suscipit dapifer timidus votum summa patria adeo volutabrum.",
    "createdAt": "2024-08-18T09:10:40.244Z"
  },
  {
    "productId": "6814bcdd958ad8fcad8c5449",
    "userId": "6822d06ec08fdfcf24d4943b",
    "rating": 4,
    "comment": "Minus utilis vis odio cribro ratione volup utroque depopulo delectus.",
    "createdAt": "2024-08-17T09:10:40.244Z"
  },
  {
    "productId": "6814d3aabcd9b504d290b024",
    "userId": "6822d06ec08fdfcf24d4943b",
    "rating": 5,
    "comment": "Ad delibero caries cetera curto agnosco audacia stultus cognatus vindico.",
    "createdAt": "2024-08-19T09:10:40.244Z"
  },
  {
    "productId": "6814d31019ffed8d9ec6b55a",
    "userId": "6822d06cc08fdfcf24d493b7",
    "rating": 3,
    "comment": "Stultus abduco dedecor adaugeo canonicus sint crebro animus similique illo.",
    "createdAt": "2024-08-19T11:22:26.695Z"
  },
  {
    "productId": "6814d887eb6e44f9df4dc01f",
    "userId": "6822d06cc08fdfcf24d493b7",
    "rating": 5,
    "comment": "Deleniti usque tempora talis conturbo audax nihil uredo alii despecto.",
    "createdAt": "2024-08-14T11:22:26.695Z"
  },
  {
    "productId": "6814d4dbd4982e02496b6356",
    "userId": "6822d06cc08fdfcf24d493b7",
    "rating": 5,
    "comment": "Architecto ver vereor abstergo paulatim cerno aestus votum approbo vere.",
    "createdAt": "2024-08-16T11:22:26.695Z"
  },
  {
    "productId": "6814c1b4ba01e3aab8f3f39c",
    "userId": "6822d06cc08fdfcf24d493b7",
    "rating": 5,
    "comment": "Victoria aliqua aequus unus omnis callide ustilo tondeo vix ars.",
    "createdAt": "2024-08-17T11:22:26.695Z"
  },
  {
    "productId": "6814d8faa6b79f1523907ea4",
    "userId": "6822d06ec08fdfcf24d49431",
    "rating": 5,
    "comment": "Urbs suscipio denuncio deprecator vere teneo vomica avarus venia aureus.",
    "createdAt": "2024-08-15T17:26:36.308Z"
  },
  {
    "productId": "6814cabe1780e5204676cddc",
    "userId": "6822d076c08fdfcf24d4959f",
    "rating": 5,
    "comment": "Sto causa dens cunabula confido timor patrocinor nulla baiulus facilis.",
    "createdAt": "2024-08-20T12:33:46.638Z"
  },
  {
    "productId": "6814d519d4982e02496b64cd",
    "userId": "6822d075c08fdfcf24d4954b",
    "rating": 5,
    "comment": "Surgo crudelis venustas decipio acidus delego cinis demum argumentum carpo.",
    "createdAt": "2024-08-20T13:52:26.171Z"
  },
  {
    "productId": "6814d886eb6e44f9df4dc000",
    "userId": "6822d075c08fdfcf24d4954b",
    "rating": 5,
    "comment": "Teres teneo crinis amplexus patria tempus suffoco umquam ademptio canto.",
    "createdAt": "2024-08-15T13:52:26.171Z"
  },
  {
    "productId": "6814d31019ffed8d9ec6b562",
    "userId": "6822d075c08fdfcf24d4954b",
    "rating": 3,
    "comment": "Custodia totidem paens fugiat ducimus aegrotatio curo inflammatio caelestis copiose.",
    "createdAt": "2024-08-19T13:52:26.171Z"
  },
  {
    "productId": "6814cabf1780e5204676cdfd",
    "userId": "6822d075c08fdfcf24d4954b",
    "rating": 5,
    "comment": "Neque dolores speculum adinventitias animadverto quis venustas caelum spiritus tutamen.",
    "createdAt": "2024-08-18T13:52:26.171Z"
  },
  {
    "productId": "6814be18a67388b7fa2b03bc",
    "userId": "6822d07fc08fdfcf24d496e1",
    "rating": 3,
    "comment": "Culpa assentator ducimus asper aduro ventito comminor delectus saepe benevolentia.",
    "createdAt": "2024-08-19T16:53:15.707Z"
  },
  {
    "productId": "68149cfd30a898aab1f043a1",
    "userId": "6822d06ec08fdfcf24d4945f",
    "rating": 5,
    "comment": "Utor dedico odio soleo demoror via deduco utrum casus beatae.",
    "createdAt": "2024-08-20T17:48:26.439Z"
  },
  {
    "productId": "6814c1b5ba01e3aab8f3f3e8",
    "userId": "6822d06cc08fdfcf24d493b7",
    "rating": 5,
    "comment": "Dicta tenuis cariosus traho vitiosus atrocitas libero strenuus deinde quae.",
    "createdAt": "2024-08-20T19:09:59.654Z"
  },
  {
    "productId": "6814a1941c10fee4a5286d81",
    "userId": "6822d072c08fdfcf24d49481",
    "rating": 5,
    "comment": "Utrimque coepi tego aut ara addo atqui ancilla coerceo degero.",
    "createdAt": "2024-08-16T19:22:39.116Z"
  },
  {
    "productId": "6814b49adb8e7421d9054830",
    "userId": "6822d073c08fdfcf24d494d9",
    "rating": 5,
    "comment": "Expedita consequuntur aequus vinco dolorem thorax tutamen cunae absum defaeco.",
    "createdAt": "2024-08-18T09:53:13.127Z"
  },
  {
    "productId": "6814be17a67388b7fa2b03a4",
    "userId": "6822d068c08fdfcf24d492c9",
    "rating": 5,
    "comment": "Cunctatio vobis quaerat facere templum vester vigilo degero audax deleo.",
    "createdAt": "2024-08-17T13:05:49.993Z"
  },
  {
    "productId": "6814c1b4ba01e3aab8f3f3b4",
    "userId": "6822d069c08fdfcf24d4930d",
    "rating": 2,
    "comment": "Anser volva doloremque statim volup vapulus advenio utrum comparo cunae.",
    "createdAt": "2024-08-19T06:18:34.229Z"
  },
  {
    "productId": "6814dafe48198c3c05074c24",
    "userId": "6822d072c08fdfcf24d49493",
    "rating": 5,
    "comment": "Traho adsuesco vinco cerno terminatio dolor voluptates ultra textilis supplanto.",
    "createdAt": "2024-08-20T08:41:11.825Z"
  },
  {
    "productId": "6814bcdd958ad8fcad8c544f",
    "userId": "6822d069c08fdfcf24d492ff",
    "rating": 4,
    "comment": "Adfectus volubilis sordeo chirographum balbus adiuvo cubitum tabesco suspendo sulum.",
    "createdAt": "2024-08-19T19:54:28.206Z"
  },
  {
    "productId": "6814b49adb8e7421d9054864",
    "userId": "6822d069c08fdfcf24d492ff",
    "rating": 5,
    "comment": "Verto solitudo nisi bonus angulus suus neque eaque cohors vociferor.",
    "createdAt": "2024-08-18T19:54:28.206Z"
  },
  {
    "productId": "6814c2ca511161f3045acc00",
    "userId": "6822d069c08fdfcf24d492ff",
    "rating": 5,
    "comment": "Unde vitae solitudo vergo tergiversatio allatus adicio admiratio tandem copiose.",
    "createdAt": "2024-08-18T19:54:28.206Z"
  },
  {
    "productId": "6814daff48198c3c05074c4d",
    "userId": "6822d07ec08fdfcf24d4967d",
    "rating": 5,
    "comment": "Arma arto ubi temporibus denego utrimque architecto veritas toties alioqui.",
    "createdAt": "2024-08-21T21:55:16.038Z"
  },
  {
    "productId": "6814c1b4ba01e3aab8f3f3a8",
    "userId": "6822d07ec08fdfcf24d4967d",
    "rating": 5,
    "comment": "Dicta tolero desino tepesco deserunt tolero audeo aetas volup surgo.",
    "createdAt": "2024-08-17T21:55:16.038Z"
  },
  {
    "productId": "6814bf396172128284c9bef4",
    "userId": "6822d07dc08fdfcf24d49635",
    "rating": 3,
    "comment": "Decor decens totam aestus amplitudo occaecati amor administratio suadeo officiis.",
    "createdAt": "2024-08-17T23:06:47.583Z"
  },
  {
    "productId": "6814c75737cb2b415f50f047",
    "userId": "6822d074c08fdfcf24d49511",
    "rating": 3,
    "comment": "Creo varietas quam sponte curvo arbustum terga bellum atrox laboriosam.",
    "createdAt": "2024-08-17T23:44:38.415Z"
  },
  {
    "productId": "6814be17a67388b7fa2b03a4",
    "userId": "6822d06cc08fdfcf24d493d5",
    "rating": 5,
    "comment": "Vulgus cattus spiculum decipio ciminatio stabilis provident corporis currus candidus.",
    "createdAt": "2024-08-21T23:50:00.290Z"
  },
  {
    "productId": "6814c03933cd17d446b06346",
    "userId": "6822d07ec08fdfcf24d49683",
    "rating": 3,
    "comment": "Thorax antea advoco nam solum deserunt peccatus deficio speculum clamo.",
    "createdAt": "2024-08-23T06:30:39.724Z"
  },
  {
    "productId": "6814c741b44fb7a9e6cbb4c2",
    "userId": "6822d06ec08fdfcf24d4944b",
    "rating": 5,
    "comment": "Sollers doloribus capillus ipsam cursus ducimus deputo dignissimos utroque demoror.",
    "createdAt": "2024-08-19T17:37:53.717Z"
  },
  {
    "productId": "6814d30f19ffed8d9ec6b53c",
    "userId": "6822d080c08fdfcf24d49711",
    "rating": 1,
    "comment": "Bis aperiam pauci admoveo absens accusamus doloribus eveniet talus explicabo.",
    "createdAt": "2024-08-21T18:41:49.034Z"
  },
  {
    "productId": "6814d519d4982e02496b64ae",
    "userId": "6822d080c08fdfcf24d49711",
    "rating": 3,
    "comment": "Totus annus maiores virtus virtus aetas tempus vilis quo patria.",
    "createdAt": "2024-08-20T18:41:49.034Z"
  },
  {
    "productId": "6814c75637cb2b415f50f031",
    "userId": "6822d07ec08fdfcf24d4968d",
    "rating": 5,
    "comment": "Spes demo cuppedia arca acies crapula clementia vinculum cupio ago.",
    "createdAt": "2024-08-20T22:35:39.484Z"
  },
  {
    "productId": "6814c104ca19a92a5b1d5b77",
    "userId": "6822d07ec08fdfcf24d4968d",
    "rating": 5,
    "comment": "Demoror testimonium colligo temptatio ubi censura cupiditas asporto pecus spero.",
    "createdAt": "2024-08-19T22:35:39.484Z"
  },
  {
    "productId": "68149cfe30a898aab1f043dd",
    "userId": "6822d07ec08fdfcf24d4968d",
    "rating": 4,
    "comment": "Officiis conatus traho cumque delectatio vilicus dens iure vitae verbera.",
    "createdAt": "2024-08-21T22:35:39.484Z"
  },
  {
    "productId": "6814d8faa6b79f1523907ed8",
    "userId": "6822d077c08fdfcf24d495b3",
    "rating": 5,
    "comment": "Appello cervus ulciscor varietas vulgaris amiculum architecto aeternus cohibeo vomito.",
    "createdAt": "2024-08-18T23:11:44.518Z"
  },
  {
    "productId": "6814d49dabc2c4bf4ecaf524",
    "userId": "6822d06ac08fdfcf24d4931f",
    "rating": 5,
    "comment": "Colo infit civitas copia vigor vulgaris territo cibo defungo subnecto.",
    "createdAt": "2024-08-22T10:42:56.938Z"
  },
  {
    "productId": "6814dafe48198c3c05074c24",
    "userId": "6822d06dc08fdfcf24d493ff",
    "rating": 4,
    "comment": "Quidem aranea condico amplitudo amplexus vinculum venia pauper claustrum tubineus.",
    "createdAt": "2024-08-23T22:08:26.996Z"
  },
  {
    "productId": "6814c75737cb2b415f50f065",
    "userId": "6822d07dc08fdfcf24d4963f",
    "rating": 5,
    "comment": "Utpote totus tempore ullus animi denique fuga vester vobis vere.",
    "createdAt": "2024-08-25T04:35:45.326Z"
  },
  {
    "productId": "6814d245995813a18f27d93e",
    "userId": "6822d07dc08fdfcf24d4963f",
    "rating": 5,
    "comment": "Impedit conscendo capto astrum odit cicuta avaritia aut calco saepe.",
    "createdAt": "2024-08-25T04:35:45.326Z"
  },
  {
    "productId": "6814c03933cd17d446b063d4",
    "userId": "6822d07dc08fdfcf24d4963f",
    "rating": 5,
    "comment": "Ultra benigne ascit sufficio venia atavus defero valde acies patria.",
    "createdAt": "2024-08-20T04:35:45.326Z"
  },
  {
    "productId": "6814d246995813a18f27d94b",
    "userId": "6822d07dc08fdfcf24d4963f",
    "rating": 1,
    "comment": "Corrigo crustulum tres cognomen corrumpo uterque correptius decumbo capio incidunt.",
    "createdAt": "2024-08-20T04:35:45.326Z"
  },
  {
    "productId": "6814bcdd958ad8fcad8c543d",
    "userId": "6822d069c08fdfcf24d49307",
    "rating": 5,
    "comment": "Creber arcesso tabesco tempus pecto tergum vulgo amicitia vir curso.",
    "createdAt": "2024-08-21T07:56:01.758Z"
  },
  {
    "productId": "6814bcdd958ad8fcad8c543d",
    "userId": "6822d074c08fdfcf24d494e5",
    "rating": 5,
    "comment": "Cultellus arcus dolorum temperantia pariatur crebro aequus denique vae collum.",
    "createdAt": "2024-08-22T08:18:29.547Z"
  },
  {
    "productId": "6814a1941c10fee4a5286d9a",
    "userId": "6822d076c08fdfcf24d49593",
    "rating": 5,
    "comment": "Triduana anser cado totus coaegresco annus carbo vulticulus demonstro curatio.",
    "createdAt": "2024-08-22T11:39:11.951Z"
  },
  {
    "productId": "6814d245995813a18f27d93e",
    "userId": "6822d081c08fdfcf24d4972f",
    "rating": 5,
    "comment": "Compello ciminatio deludo succurro abscido porro ustulo recusandae aperio teneo.",
    "createdAt": "2024-08-26T02:57:24.763Z"
  },
  {
    "productId": "6814cd2505d66cbf2ba763c9",
    "userId": "6822d06bc08fdfcf24d49369",
    "rating": 5,
    "comment": "Temporibus teres comparo conicio qui ceno appono vivo denuo deorsum.",
    "createdAt": "2024-08-26T03:04:38.538Z"
  },
  {
    "productId": "6814d245995813a18f27d932",
    "userId": "6822d074c08fdfcf24d494f9",
    "rating": 3,
    "comment": "Viscus supplanto deficio comminor admoneo patria angelus autus patrocinor voco.",
    "createdAt": "2024-08-24T03:30:20.152Z"
  },
  {
    "productId": "6814d886eb6e44f9df4dc000",
    "userId": "6822d07dc08fdfcf24d49633",
    "rating": 5,
    "comment": "Beneficium canonicus minima amor creo adipiscor quisquam odit aestus et.",
    "createdAt": "2024-08-25T04:32:35.181Z"
  },
  {
    "productId": "6814b49adb8e7421d905484e",
    "userId": "6822d080c08fdfcf24d4972b",
    "rating": 5,
    "comment": "Debitis contigo vitium capitulus aedificium adinventitias apostolus architecto iure exercitationem.",
    "createdAt": "2024-08-26T05:52:55.033Z"
  },
  {
    "productId": "6814c740b44fb7a9e6cbb46b",
    "userId": "6822d074c08fdfcf24d49517",
    "rating": 5,
    "comment": "Conservo adversus commodo solum tripudio ipsam aer cultellus assumenda aeternus.",
    "createdAt": "2024-08-21T07:43:28.663Z"
  },
  {
    "productId": "6814bf396172128284c9bf28",
    "userId": "6822d06ac08fdfcf24d49333",
    "rating": 5,
    "comment": "Ago quod ex veritas iure sumo adimpleo color cupiditate umbra.",
    "createdAt": "2024-08-22T11:47:58.712Z"
  },
  {
    "productId": "6814d008dac5e44185ec2247",
    "userId": "6822d06ec08fdfcf24d49435",
    "rating": 5,
    "comment": "Repellendus defessus virgo anser careo deripio tabgo apud officiis alienus.",
    "createdAt": "2024-08-26T12:04:21.531Z"
  },
  {
    "productId": "6814af8df38840c4bcc37ec5",
    "userId": "6822d077c08fdfcf24d495a3",
    "rating": 5,
    "comment": "Odit terreo audeo minus necessitatibus molestias curso tempus suppellex dolorem.",
    "createdAt": "2024-08-23T12:52:23.865Z"
  },
  {
    "productId": "6814c03933cd17d446b063cc",
    "userId": "6822d077c08fdfcf24d495a3",
    "rating": 3,
    "comment": "Sonitus beneficium aufero crapula coniecto distinctio termes volup validus pecto.",
    "createdAt": "2024-08-23T12:52:23.865Z"
  },
  {
    "productId": "6814d30f19ffed8d9ec6b546",
    "userId": "6822d077c08fdfcf24d495a3",
    "rating": 5,
    "comment": "Deleniti vorax iure spoliatio blanditiis vulgus sollers tempora adflicto cernuus.",
    "createdAt": "2024-08-25T12:52:23.865Z"
  },
  {
    "productId": "6814c03933cd17d446b063d4",
    "userId": "6822d077c08fdfcf24d495a3",
    "rating": 5,
    "comment": "Utpote comparo versus vigor impedit barba careo stultus bellicus eum.",
    "createdAt": "2024-08-21T12:52:23.865Z"
  },
  {
    "productId": "6814c104ca19a92a5b1d5b6f",
    "userId": "6822d068c08fdfcf24d492aa",
    "rating": 5,
    "comment": "Vulticulus angulus adsidue tandem textor laborum valeo cito subnecto cattus.",
    "createdAt": "2024-08-26T15:41:47.963Z"
  },
  {
    "productId": "6814d3aabcd9b504d290b024",
    "userId": "6822d074c08fdfcf24d494f7",
    "rating": 4,
    "comment": "Impedit dolorum aliqua degero tondeo utrimque conatus vallum sustineo amplitudo.",
    "createdAt": "2024-08-23T18:49:26.141Z"
  },
  {
    "productId": "6814c3b3595891202e483a90",
    "userId": "6822d06ec08fdfcf24d49441",
    "rating": 5,
    "comment": "Atrocitas aetas cogo cetera conservo auctor optio pel decimus atqui.",
    "createdAt": "2024-08-22T20:14:37.293Z"
  },
  {
    "productId": "6814d008dac5e44185ec2241",
    "userId": "6822d06bc08fdfcf24d49395",
    "rating": 5,
    "comment": "Certus delectus voro libero solum comminor aut celo minus spiculum.",
    "createdAt": "2024-08-26T00:05:42.402Z"
  },
  {
    "productId": "6814d518d4982e02496b64a3",
    "userId": "6822d06ec08fdfcf24d4942d",
    "rating": 3,
    "comment": "Benevolentia usus ustilo agnitio utpote aer uredo claudeo thalassinus solitudo.",
    "createdAt": "2024-08-22T10:57:40.952Z"
  },
  {
    "productId": "6814cf2ef6a78c6dfa308448",
    "userId": "6822d06ec08fdfcf24d4942d",
    "rating": 5,
    "comment": "Stultus coadunatio admoneo audentia vis cogo commodo iure creo quis.",
    "createdAt": "2024-08-27T10:57:40.952Z"
  },
  {
    "productId": "6814c03933cd17d446b063d4",
    "userId": "6822d072c08fdfcf24d49479",
    "rating": 3,
    "comment": "Concido sit quam cupiditate vestigium ullus temperantia circumvenio vado voluptas.",
    "createdAt": "2024-08-25T12:12:25.786Z"
  },
  {
    "productId": "6814d30f19ffed8d9ec6b536",
    "userId": "6822d072c08fdfcf24d49483",
    "rating": 5,
    "comment": "Eius est absque cunctatio conventus absum solitudo vigor corroboro clementia.",
    "createdAt": "2024-08-27T21:36:58.518Z"
  },
  {
    "productId": "6814d30f19ffed8d9ec6b53c",
    "userId": "6822d068c08fdfcf24d492c1",
    "rating": 5,
    "comment": "Canis degusto voco patior sufficio votum sui beatus adduco tristis.",
    "createdAt": "2024-08-25T00:25:27.418Z"
  },
  {
    "productId": "6814d519d4982e02496b64ba",
    "userId": "6822d075c08fdfcf24d4952b",
    "rating": 3,
    "comment": "Terminatio testimonium asperiores comis cras deputo vulgus supplanto aggredior ocer.",
    "createdAt": "2024-08-28T05:56:48.424Z"
  },
  {
    "productId": "68149cfe30a898aab1f043b8",
    "userId": "6822d07ec08fdfcf24d496a1",
    "rating": 5,
    "comment": "Iusto creta adipisci sit textus caelestis conitor verto xiphias libero.",
    "createdAt": "2024-08-27T06:03:26.828Z"
  },
  {
    "productId": "6814c104ca19a92a5b1d5b43",
    "userId": "6822d078c08fdfcf24d495f5",
    "rating": 5,
    "comment": "Textus usitas angelus ultio astrum acquiro vivo adicio spoliatio baiulus.",
    "createdAt": "2024-08-25T09:49:54.222Z"
  },
  {
    "productId": "6814c1b4ba01e3aab8f3f39c",
    "userId": "6822d078c08fdfcf24d495f5",
    "rating": 4,
    "comment": "Denuo clam candidus cubo deprecator confido tubineus sum vita verecundia.",
    "createdAt": "2024-08-27T09:49:54.222Z"
  },
  {
    "productId": "6814d008dac5e44185ec222b",
    "userId": "6822d078c08fdfcf24d495f5",
    "rating": 1,
    "comment": "Ullam odit deorsum celo debeo teneo vetus beatae crinis conforto.",
    "createdAt": "2024-08-26T09:49:54.222Z"
  },
  {
    "productId": "6814c3b3595891202e483abc",
    "userId": "6822d078c08fdfcf24d495f5",
    "rating": 4,
    "comment": "Ipsam audeo numquam virga damnatio venio iure crinis venio id.",
    "createdAt": "2024-08-28T09:49:54.222Z"
  },
  {
    "productId": "6814d007dac5e44185ec2202",
    "userId": "6822d06cc08fdfcf24d493dd",
    "rating": 5,
    "comment": "Depraedor torrens considero absorbeo voluptatum uterque cognomen culpa pax atqui.",
    "createdAt": "2024-08-25T12:25:46.065Z"
  },
  {
    "productId": "6814d518d4982e02496b64a9",
    "userId": "6822d07ec08fdfcf24d4967b",
    "rating": 5,
    "comment": "Eos cavus vel ipsa terga caste incidunt aegrotatio cursim vulnus.",
    "createdAt": "2024-08-23T13:27:51.175Z"
  },
  {
    "productId": "6814af8ef38840c4bcc37ef0",
    "userId": "6822d07ec08fdfcf24d4967b",
    "rating": 5,
    "comment": "Congregatio cernuus animadverto beneficium animus thalassinus cattus verumtamen caveo civis.",
    "createdAt": "2024-08-28T13:27:51.175Z"
  },
  {
    "productId": "6814b49adb8e7421d9054854",
    "userId": "6822d07ec08fdfcf24d4967b",
    "rating": 5,
    "comment": "Somnus amicitia cupressus coaegresco talio correptius in temporibus tui contego.",
    "createdAt": "2024-08-25T13:27:51.175Z"
  },
  {
    "productId": "6814c1b4ba01e3aab8f3f3a8",
    "userId": "6822d07ec08fdfcf24d4967b",
    "rating": 5,
    "comment": "Degenero aggredior ustilo textilis similique commemoro doloribus audio attero ocer.",
    "createdAt": "2024-08-26T13:27:51.175Z"
  },
  {
    "productId": "6814c75637cb2b415f50f039",
    "userId": "6822d076c08fdfcf24d49595",
    "rating": 5,
    "comment": "Circumvenio fuga sequi cena arcesso testimonium inflammatio corona bis debitis.",
    "createdAt": "2024-08-26T03:31:05.266Z"
  },
  {
    "productId": "6814af8ef38840c4bcc37ee6",
    "userId": "6822d06fc08fdfcf24d49467",
    "rating": 5,
    "comment": "Claro cometes reiciendis timidus testimonium neque sophismata tollo cupio beatae.",
    "createdAt": "2024-08-26T04:01:03.787Z"
  },
  {
    "productId": "6814b49adb8e7421d9054864",
    "userId": "6822d07ec08fdfcf24d49691",
    "rating": 5,
    "comment": "Substantia surculus vociferor thymum articulus tergo comedo thermae aedificium tribuo.",
    "createdAt": "2024-08-26T04:34:08.793Z"
  },
  {
    "productId": "6814d007dac5e44185ec221d",
    "userId": "6822d07dc08fdfcf24d49645",
    "rating": 2,
    "comment": "Benevolentia arca unus surgo cui surgo sumo adstringo versus tabgo.",
    "createdAt": "2024-08-27T12:35:03.176Z"
  },
  {
    "productId": "6814af8df38840c4bcc37ebe",
    "userId": "6822d06cc08fdfcf24d493d7",
    "rating": 4,
    "comment": "Deludo thorax libero video ait damno suasoria tertius aestivus cimentarius.",
    "createdAt": "2024-08-26T13:01:16.816Z"
  },
  {
    "productId": "6814d3abbcd9b504d290b07f",
    "userId": "6822d074c08fdfcf24d494e3",
    "rating": 5,
    "comment": "Accusator amoveo vivo verumtamen adfero clibanus contigo cito censura thymum.",
    "createdAt": "2024-08-25T16:58:53.622Z"
  },
  {
    "productId": "6814d31019ffed8d9ec6b55a",
    "userId": "6822d06ac08fdfcf24d4933b",
    "rating": 4,
    "comment": "Contigo viscus peior apud agnosco esse certus color caritas beatus.",
    "createdAt": "2024-08-28T03:38:39.296Z"
  },
  {
    "productId": "6814bf396172128284c9befc",
    "userId": "6822d06ac08fdfcf24d4933b",
    "rating": 3,
    "comment": "Illum vaco crinis sollers vesper dapifer adsum arguo audax provident.",
    "createdAt": "2024-08-26T03:38:39.296Z"
  },
  {
    "productId": "6814c75637cb2b415f50f023",
    "userId": "6822d06ac08fdfcf24d4933b",
    "rating": 5,
    "comment": "Accusator doloribus reprehenderit acervus tego acidus surgo constans blandior umbra.",
    "createdAt": "2024-08-26T11:40:31.217Z"
  },
  {
    "productId": "6814c2cb511161f3045acc34",
    "userId": "6822d077c08fdfcf24d495a7",
    "rating": 4,
    "comment": "Audio vinculum sit alias voluptatum amplexus suasoria comprehendo amplus rerum.",
    "createdAt": "2024-08-26T19:06:26.944Z"
  },
  {
    "productId": "6814a81835053cb1544dd151",
    "userId": "6822d077c08fdfcf24d495a7",
    "rating": 5,
    "comment": "Placeat nihil sponte spoliatio abeo cupio cupio sperno vergo tertius.",
    "createdAt": "2024-08-25T19:06:26.944Z"
  },
  {
    "productId": "6814d008dac5e44185ec2233",
    "userId": "6822d077c08fdfcf24d495a7",
    "rating": 2,
    "comment": "Cavus una stabilis credo stultus adhaero crur subiungo turbo deinde.",
    "createdAt": "2024-08-29T19:06:26.944Z"
  },
  {
    "productId": "6814c3b2595891202e483a54",
    "userId": "6822d077c08fdfcf24d495a7",
    "rating": 5,
    "comment": "Tempore cupiditate ago autus recusandae vulpes nisi cunabula abscido spectaculum.",
    "createdAt": "2024-08-28T19:06:26.944Z"
  },
  {
    "productId": "6814d886eb6e44f9df4dbfef",
    "userId": "6822d080c08fdfcf24d496ef",
    "rating": 4,
    "comment": "Patrocinor corporis canis ustulo corporis adulatio sufficio thalassinus calcar caterva.",
    "createdAt": "2024-08-28T20:06:03.893Z"
  },
  {
    "productId": "6814a81835053cb1544dd149",
    "userId": "6822d06dc08fdfcf24d49419",
    "rating": 4,
    "comment": "Magni campana decipio est vulgaris cupiditas annus caecus sed calculus.",
    "createdAt": "2024-08-29T21:59:02.298Z"
  },
  {
    "productId": "6814d886eb6e44f9df4dbffa",
    "userId": "6822d074c08fdfcf24d494eb",
    "rating": 3,
    "comment": "Careo tero caveo pax coaegresco coma inflammatio appello possimus a.",
    "createdAt": "2024-08-29T05:37:23.015Z"
  },
  {
    "productId": "6814c75737cb2b415f50f047",
    "userId": "6822d07fc08fdfcf24d496af",
    "rating": 5,
    "comment": "Curo caput ad fugit temperantia adeptio peccatus deserunt delicate architecto.",
    "createdAt": "2024-08-29T13:19:25.217Z"
  },
  {
    "productId": "6814a81935053cb1544dd169",
    "userId": "6822d07ec08fdfcf24d49673",
    "rating": 4,
    "comment": "Nobis aurum commodo alienus compello temptatio cresco arbitro summopere collum.",
    "createdAt": "2024-08-30T18:07:49.764Z"
  },
  {
    "productId": "6814c103ca19a92a5b1d5b13",
    "userId": "6822d07ec08fdfcf24d4967f",
    "rating": 3,
    "comment": "Coma acquiro mollitia carus uberrime caveo artificiose atrocitas volubilis sperno.",
    "createdAt": "2024-08-30T18:33:28.334Z"
  },
  {
    "productId": "6814c75737cb2b415f50f04f",
    "userId": "6822d07fc08fdfcf24d496c5",
    "rating": 4,
    "comment": "Triduana bardus degero voluptates valde rerum cerno tantillus demens sollers.",
    "createdAt": "2024-08-30T01:32:16.489Z"
  },
  {
    "productId": "6814af8ef38840c4bcc37edc",
    "userId": "6822d073c08fdfcf24d494d3",
    "rating": 5,
    "comment": "Ullam dolores atque desparatus incidunt arca alienus vulgaris defaeco vulgo.",
    "createdAt": "2024-08-27T03:24:08.144Z"
  },
  {
    "productId": "6814c3b3595891202e483a88",
    "userId": "6822d074c08fdfcf24d494fd",
    "rating": 5,
    "comment": "Conforto iusto delego excepturi earum depraedor ascit mollitia cetera tenuis.",
    "createdAt": "2024-08-28T04:13:07.071Z"
  },
  {
    "productId": "6814ccc358f78c505fea968c",
    "userId": "6822d076c08fdfcf24d49587",
    "rating": 5,
    "comment": "Tametsi creo verus thalassinus depereo cogito vilis caute cohors aut.",
    "createdAt": "2024-08-31T06:56:04.267Z"
  },
  {
    "productId": "6814d886eb6e44f9df4dc005",
    "userId": "6822d076c08fdfcf24d49587",
    "rating": 1,
    "comment": "Ascit magni carbo deleniti culpo sto perspiciatis rerum angulus capitulus.",
    "createdAt": "2024-08-30T06:56:04.267Z"
  },
  {
    "productId": "6814d4dbd4982e02496b6350",
    "userId": "6822d076c08fdfcf24d49587",
    "rating": 5,
    "comment": "Tener aestivus varietas ait video iste harum quasi amitto approbo.",
    "createdAt": "2024-09-01T06:56:04.267Z"
  },
  {
    "productId": "6814d8faa6b79f1523907edf",
    "userId": "6822d076c08fdfcf24d49587",
    "rating": 3,
    "comment": "Vinco vilis spoliatio utrimque venustas deleniti tonsor patruus sufficio animi.",
    "createdAt": "2024-08-29T06:56:04.267Z"
  },
  {
    "productId": "6814c03933cd17d446b063c4",
    "userId": "6822d068c08fdfcf24d492bf",
    "rating": 4,
    "comment": "Spectaculum accusamus caritas solium altus copiose arceo depromo suus solus.",
    "createdAt": "2024-08-27T07:55:56.116Z"
  },
  {
    "productId": "6814a1931c10fee4a5286d69",
    "userId": "6822d07ec08fdfcf24d4967f",
    "rating": 5,
    "comment": "Ratione vulnus umquam eum cognatus amissio degenero curriculum vesper strenuus.",
    "createdAt": "2024-08-27T08:54:22.346Z"
  },
  {
    "productId": "6814b499db8e7421d9054829",
    "userId": "6822d074c08fdfcf24d494e9",
    "rating": 5,
    "comment": "Earum clementia avaritia attero tutamen ustilo decerno assentator valeo sto.",
    "createdAt": "2024-09-01T09:05:01.732Z"
  },
  {
    "productId": "6814be17a67388b7fa2b03a4",
    "userId": "6822d06ac08fdfcf24d4934f",
    "rating": 5,
    "comment": "Autus tenetur hic alii tendo tantum porro claudeo aro curis.",
    "createdAt": "2024-08-31T10:00:49.111Z"
  },
  {
    "productId": "6814d30f19ffed8d9ec6b52f",
    "userId": "6822d06ac08fdfcf24d4934f",
    "rating": 5,
    "comment": "Adnuo confido abundans beatus vere cognomen aequus attollo adhuc tertius.",
    "createdAt": "2024-08-29T10:00:49.111Z"
  },
  {
    "productId": "68149cfe30a898aab1f043dd",
    "userId": "6822d06ac08fdfcf24d4934f",
    "rating": 4,
    "comment": "Vulgaris sit iste paens clamo vorax aegrus debitis adversus charisma.",
    "createdAt": "2024-08-28T10:00:49.111Z"
  },
  {
    "productId": "6814c740b44fb7a9e6cbb481",
    "userId": "6822d06ac08fdfcf24d4934f",
    "rating": 5,
    "comment": "Vado creator autus candidus tricesimus tametsi bellum stultus magnam fugiat.",
    "createdAt": "2024-09-01T10:00:49.111Z"
  },
  {
    "productId": "6814cf2ef6a78c6dfa308452",
    "userId": "6822d07dc08fdfcf24d49667",
    "rating": 5,
    "comment": "Suscipio advoco cometes depromo adeptio sunt vestrum via temporibus synagoga.",
    "createdAt": "2024-09-01T18:59:43.593Z"
  },
  {
    "productId": "6814bf396172128284c9bf0c",
    "userId": "6822d075c08fdfcf24d49535",
    "rating": 5,
    "comment": "Iure quisquam solum clamo adopto attero rerum aureus sum usque.",
    "createdAt": "2024-08-31T19:36:57.069Z"
  },
  {
    "productId": "6814c03933cd17d446b06384",
    "userId": "6822d07fc08fdfcf24d496b1",
    "rating": 1,
    "comment": "Mollitia deinde vito commodo tricesimus civis sollers deficio harum quaerat.",
    "createdAt": "2024-08-31T04:07:48.507Z"
  },
  {
    "productId": "6814d31019ffed8d9ec6b553",
    "userId": "6822d069c08fdfcf24d492f1",
    "rating": 5,
    "comment": "Hic statim deputo ventito non certus solio arbitro sunt sufficio.",
    "createdAt": "2024-08-29T08:46:58.979Z"
  },
  {
    "productId": "6814c3b2595891202e483a3e",
    "userId": "6822d076c08fdfcf24d49579",
    "rating": 5,
    "comment": "Fugiat comes tonsor uter carbo dapifer curto abduco sollicito terror.",
    "createdAt": "2024-09-01T09:55:51.640Z"
  },
  {
    "productId": "6814dafe48198c3c05074c24",
    "userId": "6822d06fc08fdfcf24d4946b",
    "rating": 2,
    "comment": "Atrox umquam demulceo ara attonbitus tui terminatio caput videlicet accommodo.",
    "createdAt": "2024-08-28T10:01:46.753Z"
  },
  {
    "productId": "6814cabf1780e5204676ce05",
    "userId": "6822d06bc08fdfcf24d49387",
    "rating": 5,
    "comment": "Callide admoneo subseco vesco amicitia depraedor communis thesaurus cura aptus.",
    "createdAt": "2024-09-01T10:47:11.512Z"
  },
  {
    "productId": "6814c75737cb2b415f50f05f",
    "userId": "6822d06bc08fdfcf24d49387",
    "rating": 2,
    "comment": "Universe patria nihil ustulo delicate vix celo aranea consequuntur arma.",
    "createdAt": "2024-08-31T10:47:11.512Z"
  },
  {
    "productId": "6814b499db8e7421d9054823",
    "userId": "6822d06bc08fdfcf24d49387",
    "rating": 5,
    "comment": "Adfero textilis accusamus paens harum vado toties calco callide vito.",
    "createdAt": "2024-08-30T10:47:11.512Z"
  },
  {
    "productId": "68149cfe30a898aab1f043b2",
    "userId": "6822d06bc08fdfcf24d49387",
    "rating": 5,
    "comment": "Spargo audio crebro depereo arbor vado civis decet tenax admoneo.",
    "createdAt": "2024-08-30T10:47:11.512Z"
  },
  {
    "productId": "68149cfe30a898aab1f043d7",
    "userId": "6822d077c08fdfcf24d495bd",
    "rating": 5,
    "comment": "Denique circumvenio vobis pariatur alioqui veniam aspernatur spiritus bardus amo.",
    "createdAt": "2024-08-28T11:40:39.084Z"
  },
  {
    "productId": "68149cfe30a898aab1f043dd",
    "userId": "6822d07dc08fdfcf24d49659",
    "rating": 3,
    "comment": "Claro nisi ullus sum aegrotatio veritas consuasor comminor labore voluptas.",
    "createdAt": "2024-08-30T19:49:22.904Z"
  },
  {
    "productId": "6814bf396172128284c9bf30",
    "userId": "6822d06ec08fdfcf24d4943d",
    "rating": 4,
    "comment": "Itaque reprehenderit ante tracto ocer utrum pecco cenaculum cursim chirographum.",
    "createdAt": "2024-09-02T21:23:56.680Z"
  },
  {
    "productId": "6814d518d4982e02496b6488",
    "userId": "6822d075c08fdfcf24d4953b",
    "rating": 5,
    "comment": "Amita demoror vestigium considero tricesimus sustineo odit pecco coniecto dignissimos.",
    "createdAt": "2024-09-03T02:34:22.869Z"
  },
  {
    "productId": "6814d8faa6b79f1523907ecc",
    "userId": "6822d075c08fdfcf24d4953b",
    "rating": 5,
    "comment": "Spes tergum adflicto acquiro modi commodi quos deduco alveus facilis.",
    "createdAt": "2024-09-01T02:34:22.869Z"
  },
  {
    "productId": "68149cfe30a898aab1f043dd",
    "userId": "6822d075c08fdfcf24d49527",
    "rating": 5,
    "comment": "Subito comes varius campana addo praesentium soleo statua admoveo velum.",
    "createdAt": "2024-09-02T06:25:36.450Z"
  },
  {
    "productId": "6814c75637cb2b415f50f023",
    "userId": "6822d075c08fdfcf24d49527",
    "rating": 2,
    "comment": "Claro approbo curvo depromo non bellum repudiandae depono asporto tenuis.",
    "createdAt": "2024-08-29T06:25:36.450Z"
  },
  {
    "productId": "6814d3aabcd9b504d290b01c",
    "userId": "6822d082c08fdfcf24d49799",
    "rating": 5,
    "comment": "Celo accedo aeternus asporto vicinus canto xiphias viscus solus uberrime.",
    "createdAt": "2024-08-30T07:15:53.535Z"
  },
  {
    "productId": "6814c103ca19a92a5b1d5af1",
    "userId": "6822d072c08fdfcf24d49495",
    "rating": 3,
    "comment": "Calamitas crastinus dapifer voco caste porro sumo solus sumptus crustulum.",
    "createdAt": "2024-09-03T07:39:43.940Z"
  },
  {
    "productId": "6814c75737cb2b415f50f04f",
    "userId": "6822d072c08fdfcf24d49495",
    "rating": 5,
    "comment": "Cupressus ademptio vilitas mollitia summopere tantum ulterius iure totidem adipisci.",
    "createdAt": "2024-08-30T07:39:43.940Z"
  },
  {
    "productId": "6814d4dbd4982e02496b6350",
    "userId": "6822d072c08fdfcf24d49495",
    "rating": 5,
    "comment": "Acsi aeger neque admiratio possimus libero neque super cuppedia utrum.",
    "createdAt": "2024-09-01T07:39:43.940Z"
  },
  {
    "productId": "6814bf386172128284c9bec0",
    "userId": "6822d072c08fdfcf24d49495",
    "rating": 5,
    "comment": "Suggero cupiditas asporto fugit tempore curis auxilium sortitus avaritia comitatus.",
    "createdAt": "2024-09-02T07:39:43.940Z"
  },
  {
    "productId": "6814d245995813a18f27d93e",
    "userId": "6822d082c08fdfcf24d497a3",
    "rating": 4,
    "comment": "Sustineo arx ea defluo patior atrox debitis adamo tempora aspernatur.",
    "createdAt": "2024-08-30T13:17:57.013Z"
  },
  {
    "productId": "6814c104ca19a92a5b1d5b3b",
    "userId": "6822d06ac08fdfcf24d4932d",
    "rating": 5,
    "comment": "Auctor conduco terror decipio at timor odit suscipio suppono bis.",
    "createdAt": "2024-08-29T14:01:21.901Z"
  },
  {
    "productId": "6814d3abbcd9b504d290b075",
    "userId": "6822d06ac08fdfcf24d4932d",
    "rating": 1,
    "comment": "Mollitia amoveo cervus abeo bonus via administratio articulus vulgivagus tametsi.",
    "createdAt": "2024-08-31T14:01:21.901Z"
  },
  {
    "productId": "6814c740b44fb7a9e6cbb481",
    "userId": "6822d06ac08fdfcf24d4932d",
    "rating": 4,
    "comment": "Arma neque fuga utrimque accusator celo arguo territo arbor ustilo.",
    "createdAt": "2024-08-29T14:01:21.901Z"
  },
  {
    "productId": "6814c741b44fb7a9e6cbb4a6",
    "userId": "6822d06ac08fdfcf24d4932d",
    "rating": 5,
    "comment": "Sulum comitatus tutamen ceno contigo viridis carmen modi carcer theologus.",
    "createdAt": "2024-09-01T14:01:21.901Z"
  },
  {
    "productId": "6814d518d4982e02496b6488",
    "userId": "6822d078c08fdfcf24d495f5",
    "rating": 5,
    "comment": "Accusator depraedor vulgo acsi clibanus verbera sopor compello calculus defungo.",
    "createdAt": "2024-09-02T23:33:59.499Z"
  },
  {
    "productId": "6814d4dbd4982e02496b6368",
    "userId": "6822d07ec08fdfcf24d4966f",
    "rating": 5,
    "comment": "Velociter terra sol vulgivagus subseco vos turpis suffragium porro vomica.",
    "createdAt": "2024-09-02T00:18:46.957Z"
  },
  {
    "productId": "6814ccc358f78c505fea964b",
    "userId": "6822d07ec08fdfcf24d4966f",
    "rating": 5,
    "comment": "Uberrime suggero soleo magnam termes torrens demitto umquam contigo thesis.",
    "createdAt": "2024-08-31T00:18:46.957Z"
  },
  {
    "productId": "68149cfe30a898aab1f043cb",
    "userId": "6822d07ec08fdfcf24d4966f",
    "rating": 4,
    "comment": "Venia cervus approbo adicio votum vesica totus tactus crapula compello.",
    "createdAt": "2024-09-02T00:18:46.957Z"
  },
  {
    "productId": "6814cabf1780e5204676ce0a",
    "userId": "6822d07fc08fdfcf24d496cb",
    "rating": 4,
    "comment": "Auxilium natus curatio demitto totidem eius valeo bene quisquam caterva.",
    "createdAt": "2024-09-04T11:50:18.593Z"
  },
  {
    "productId": "6814c03933cd17d446b06346",
    "userId": "6822d07fc08fdfcf24d496cb",
    "rating": 5,
    "comment": "Commodi constans stultus degero defero tibi termes pauci umbra carbo.",
    "createdAt": "2024-08-31T11:50:18.593Z"
  },
  {
    "productId": "6814c1b5ba01e3aab8f3f3d0",
    "userId": "6822d07fc08fdfcf24d496cb",
    "rating": 4,
    "comment": "Accusantium aperiam supra dolorum ver vulticulus terror averto turba velit.",
    "createdAt": "2024-09-03T11:50:18.593Z"
  },
  {
    "productId": "6814c1b5ba01e3aab8f3f3f8",
    "userId": "6822d07fc08fdfcf24d496cb",
    "rating": 3,
    "comment": "Valde angulus bellicus cedo avaritia sumo uredo brevis vorax celebrer.",
    "createdAt": "2024-09-03T11:50:18.593Z"
  },
  {
    "productId": "6814d3abbcd9b504d290b03c",
    "userId": "6822d073c08fdfcf24d4949d",
    "rating": 1,
    "comment": "Conqueror caries colligo adaugeo tutis depulso angustus corporis aurum vorago.",
    "createdAt": "2024-09-02T23:50:08.477Z"
  },
  {
    "productId": "6814c2ca511161f3045acc14",
    "userId": "6822d081c08fdfcf24d49741",
    "rating": 1,
    "comment": "Depereo supplanto thesis abundans vae vester vergo odit uberrime velum.",
    "createdAt": "2024-09-05T05:34:47.080Z"
  },
  {
    "productId": "6814d4dbd4982e02496b635c",
    "userId": "6822d081c08fdfcf24d49741",
    "rating": 4,
    "comment": "Vix strues substantia deleniti deorsum culpa quasi spes cultellus depulso.",
    "createdAt": "2024-09-03T05:34:47.080Z"
  },
  {
    "productId": "6814a1941c10fee4a5286d87",
    "userId": "6822d081c08fdfcf24d49741",
    "rating": 5,
    "comment": "Veniam ancilla adulatio caelestis creo cupiditate valde utilis defero dolores.",
    "createdAt": "2024-09-01T05:34:47.080Z"
  },
  {
    "productId": "6814c3b2595891202e483a3e",
    "userId": "6822d081c08fdfcf24d49741",
    "rating": 5,
    "comment": "Crapula rem impedit cubicularis audacia thesaurus conatus velum sunt magnam.",
    "createdAt": "2024-09-05T05:34:47.080Z"
  },
  {
    "productId": "6814d30f19ffed8d9ec6b546",
    "userId": "6822d082c08fdfcf24d49799",
    "rating": 1,
    "comment": "Acervus advenio curia crur conturbo administratio abutor virtus trepide crepusculum.",
    "createdAt": "2024-09-01T07:55:14.138Z"
  },
  {
    "productId": "6814bf396172128284c9bf30",
    "userId": "6822d073c08fdfcf24d494d5",
    "rating": 5,
    "comment": "Libero copia veniam denuncio pectus creo sumptus assumenda censura tolero.",
    "createdAt": "2024-09-03T10:19:51.623Z"
  },
  {
    "productId": "6814d4dbd4982e02496b6350",
    "userId": "6822d07dc08fdfcf24d49641",
    "rating": 5,
    "comment": "Ambitus deleniti custodia quasi vulpes sumptus molestias architecto attero utrum.",
    "createdAt": "2024-09-04T23:48:45.232Z"
  },
  {
    "productId": "6814ccc358f78c505fea968c",
    "userId": "6822d081c08fdfcf24d4973f",
    "rating": 5,
    "comment": "Taedium comprehendo timor defessus sto venio avaritia at ultio tergeo.",
    "createdAt": "2024-09-03T00:05:36.558Z"
  },
  {
    "productId": "6814d3abbcd9b504d290b03c",
    "userId": "6822d07ec08fdfcf24d49697",
    "rating": 5,
    "comment": "Angustus a ubi demitto auxilium tam fugit commodo sperno concedo.",
    "createdAt": "2024-09-06T05:08:03.085Z"
  },
  {
    "productId": "6814ccc358f78c505fea967a",
    "userId": "6822d074c08fdfcf24d49505",
    "rating": 5,
    "comment": "Conqueror ducimus acsi comparo barba victoria volup acceptus stultus autus.",
    "createdAt": "2024-09-03T05:43:21.360Z"
  },
  {
    "productId": "6814d007dac5e44185ec220c",
    "userId": "6822d074c08fdfcf24d49505",
    "rating": 5,
    "comment": "Sophismata suspendo cursim cinis iure sopor ipsum quam venustas porro.",
    "createdAt": "2024-09-03T05:43:21.360Z"
  },
  {
    "productId": "6814d8faa6b79f1523907eb6",
    "userId": "6822d074c08fdfcf24d49505",
    "rating": 5,
    "comment": "Colligo surgo argentum confido stultus vitium caelestis voluptates despecto clementia.",
    "createdAt": "2024-09-04T05:43:21.360Z"
  },
  {
    "productId": "6814d31019ffed8d9ec6b569",
    "userId": "6822d074c08fdfcf24d49505",
    "rating": 5,
    "comment": "Advoco taceo contego voluntarius defleo balbus votum curis vix defero.",
    "createdAt": "2024-09-01T05:43:21.360Z"
  },
  {
    "productId": "6814c03933cd17d446b063cc",
    "userId": "6822d06ec08fdfcf24d4943f",
    "rating": 5,
    "comment": "Convoco inflammatio vespillo sodalitas arma averto curtus minima tempus consectetur.",
    "createdAt": "2024-09-06T06:29:51.805Z"
  },
  {
    "productId": "6814cd2505d66cbf2ba763c9",
    "userId": "6822d06ec08fdfcf24d4943f",
    "rating": 2,
    "comment": "Color acceptus adhaero aeger veniam audax depono cetera vociferor cibo.",
    "createdAt": "2024-09-05T06:29:51.805Z"
  },
  {
    "productId": "6814d007dac5e44185ec221d",
    "userId": "6822d074c08fdfcf24d49505",
    "rating": 5,
    "comment": "Accommodo somnus debeo cattus amiculum aut porro quidem denuncio summopere.",
    "createdAt": "2024-09-04T07:44:32.383Z"
  },
  {
    "productId": "6814d3abbcd9b504d290b044",
    "userId": "6822d074c08fdfcf24d49505",
    "rating": 5,
    "comment": "Videlicet cinis exercitationem caecus conor arbitro laboriosam tripudio ulterius administratio.",
    "createdAt": "2024-09-04T07:44:32.383Z"
  },
  {
    "productId": "6814c104ca19a92a5b1d5b1f",
    "userId": "6822d074c08fdfcf24d49505",
    "rating": 5,
    "comment": "Ver conspergo depromo volaticus pariatur comminor asperiores tardus tibi usus.",
    "createdAt": "2024-09-03T07:44:32.383Z"
  },
  {
    "productId": "6814c75737cb2b415f50f05f",
    "userId": "6822d074c08fdfcf24d49505",
    "rating": 5,
    "comment": "Sit decet venia vir demens damnatio recusandae apostolus varietas creptio.",
    "createdAt": "2024-09-01T07:44:32.383Z"
  },
  {
    "productId": "6814cbfc9ac1ce261961922f",
    "userId": "6822d07ec08fdfcf24d4969b",
    "rating": 5,
    "comment": "Cogo iure sapiente atrocitas damno spero umquam vere virgo delibero.",
    "createdAt": "2024-09-06T08:44:57.202Z"
  },
  {
    "productId": "6814d4dbd4982e02496b636e",
    "userId": "6822d06ac08fdfcf24d4932d",
    "rating": 5,
    "comment": "Communis crustulum debilito coaegresco commodo xiphias quod vitium aranea teres.",
    "createdAt": "2024-09-02T12:44:06.012Z"
  },
  {
    "productId": "6814cabe1780e5204676cded",
    "userId": "6822d06ac08fdfcf24d4932d",
    "rating": 2,
    "comment": "Desolo at nesciunt suggero peccatus caveo bonus cursus trado somniculosus.",
    "createdAt": "2024-09-02T12:44:06.012Z"
  },
  {
    "productId": "6814c03933cd17d446b063cc",
    "userId": "6822d06ac08fdfcf24d4932d",
    "rating": 5,
    "comment": "Quia illum distinctio varietas vir catena asperiores capitulus paulatim commodi.",
    "createdAt": "2024-09-06T12:44:06.012Z"
  },
  {
    "productId": "6814d8faa6b79f1523907ea4",
    "userId": "6822d06ac08fdfcf24d4932d",
    "rating": 5,
    "comment": "Quasi vigor ago causa amaritudo quibusdam culpa a video vulgivagus.",
    "createdAt": "2024-09-02T12:44:06.012Z"
  },
  {
    "productId": "6814c740b44fb7a9e6cbb46b",
    "userId": "6822d06bc08fdfcf24d49393",
    "rating": 4,
    "comment": "Comedo defetiscor adficio doloribus tondeo ulterius artificiose eveniet vel coniecto.",
    "createdAt": "2024-09-01T17:20:07.919Z"
  },
  {
    "productId": "6814c103ca19a92a5b1d5af1",
    "userId": "6822d069c08fdfcf24d49305",
    "rating": 5,
    "comment": "Abeo comedo alo succurro comprehendo sursum aperiam capio inventore inventore.",
    "createdAt": "2024-09-05T21:02:07.977Z"
  },
  {
    "productId": "6814bcdd958ad8fcad8c544f",
    "userId": "6822d081c08fdfcf24d49731",
    "rating": 5,
    "comment": "Desparatus clam sum admoveo tabula caelum consuasor tollo iusto appello.",
    "createdAt": "2024-09-03T21:59:16.674Z"
  }
]
