[
  {
    "productId": "6814d007dac5e44185ec2223",
    "userId": "6822d090c08fdfcf24d49991",
    "rating": 1,
    "comment": "Solum culpa alveus conspergo crustulum caelum infit valde calcar coma.",
    "createdAt": "2024-11-07T01:08:19.453Z"
  },
  {
    "productId": "6814cabe1780e5204676cded",
    "userId": "6822d080c08fdfcf24d4972d",
    "rating": 5,
    "comment": "Solutio inventore admoneo solitudo ultio atavus stabilis tabula copia considero.",
    "createdAt": "2024-11-05T01:57:09.798Z"
  },
  {
    "productId": "6814cf2ef6a78c6dfa308434",
    "userId": "6822d080c08fdfcf24d4972d",
    "rating": 4,
    "comment": "Sumo caries desino suppellex aurum conservo confugo antea patrocinor caelum.",
    "createdAt": "2024-11-09T01:57:09.798Z"
  },
  {
    "productId": "68149cfe30a898aab1f043cb",
    "userId": "6822d07dc08fdfcf24d49661",
    "rating": 5,
    "comment": "Autus caste administratio abstergo temperantia adduco patria vilitas pecco allatus.",
    "createdAt": "2024-11-07T02:17:58.751Z"
  },
  {
    "productId": "6814a1931c10fee4a5286d5d",
    "userId": "6822d078c08fdfcf24d49615",
    "rating": 3,
    "comment": "Sperno caterva sed color auditor theologus considero acceptus sto caput.",
    "createdAt": "2024-11-04T03:42:32.559Z"
  },
  {
    "productId": "6814c75737cb2b415f50f05f",
    "userId": "6822d087c08fdfcf24d497f7",
    "rating": 4,
    "comment": "Dicta vapulus derelinquo velum cibo suasoria verecundia laborum bestia delectus.",
    "createdAt": "2024-11-04T05:22:37.171Z"
  },
  {
    "productId": "6814c03933cd17d446b063d4",
    "userId": "6822d081c08fdfcf24d49761",
    "rating": 5,
    "comment": "Vox commodi corporis amaritudo capitulus apto voluptatibus terror deinde titulus.",
    "createdAt": "2024-11-05T06:06:50.474Z"
  },
  {
    "productId": "6814c741b44fb7a9e6cbb4a6",
    "userId": "6822d06ac08fdfcf24d49333",
    "rating": 5,
    "comment": "Abundans contego solium vinum amplus color viscus labore soleo tibi.",
    "createdAt": "2024-11-05T11:20:00.609Z"
  },
  {
    "productId": "6814d518d4982e02496b6488",
    "userId": "6822d06ac08fdfcf24d49333",
    "rating": 4,
    "comment": "Acies sopor apparatus uredo vesper tero voluntarius defaeco excepturi comprehendo.",
    "createdAt": "2024-11-05T11:20:00.609Z"
  },
  {
    "productId": "6814be17a67388b7fa2b035a",
    "userId": "6822d06ac08fdfcf24d49333",
    "rating": 3,
    "comment": "Sortitus talis uxor mollitia viduo viscus subnecto odit tamen tolero.",
    "createdAt": "2024-11-07T11:20:00.609Z"
  },
  {
    "productId": "6814a1931c10fee4a5286d69",
    "userId": "6822d06ac08fdfcf24d49333",
    "rating": 5,
    "comment": "Auctus demulceo confero claudeo vulgus defleo tum cultellus aiunt suadeo.",
    "createdAt": "2024-11-06T11:20:00.609Z"
  },
  {
    "productId": "6814bf396172128284c9bf28",
    "userId": "6822d08cc08fdfcf24d49927",
    "rating": 1,
    "comment": "Arbitro certus vestrum conscendo sulum canonicus creator appositus odio voveo.",
    "createdAt": "2024-11-07T13:36:02.968Z"
  },
  {
    "productId": "6814c1b4ba01e3aab8f3f39c",
    "userId": "6822d06ec08fdfcf24d49457",
    "rating": 4,
    "comment": "Cena dolorem degusto umerus defero beatae voluptatibus depromo qui cohaero.",
    "createdAt": "2024-11-05T23:10:42.198Z"
  },
  {
    "productId": "6814d518d4982e02496b6496",
    "userId": "6822d083c08fdfcf24d497db",
    "rating": 4,
    "comment": "Exercitationem pariatur deserunt curvo vitiosus acervus decens thermae curriculum conspergo.",
    "createdAt": "2024-11-06T00:50:51.970Z"
  },
  {
    "productId": "6814a1941c10fee4a5286d87",
    "userId": "6822d083c08fdfcf24d497db",
    "rating": 5,
    "comment": "Argentum cruciamentum adicio sollicito video talus bestia sollicito casso atqui.",
    "createdAt": "2024-11-09T00:50:51.970Z"
  },
  {
    "productId": "6814d519d4982e02496b64ae",
    "userId": "6822d083c08fdfcf24d497db",
    "rating": 2,
    "comment": "Beatus vis colo demoror corrumpo volo capio valeo ducimus cumque.",
    "createdAt": "2024-11-07T00:50:51.970Z"
  },
  {
    "productId": "6814be18a67388b7fa2b03d8",
    "userId": "6822d083c08fdfcf24d497db",
    "rating": 5,
    "comment": "Angustus cunabula attero statua demitto doloribus usus molestias nam sponte.",
    "createdAt": "2024-11-09T00:50:51.970Z"
  },
  {
    "productId": "68149cfe30a898aab1f043d1",
    "userId": "6822d081c08fdfcf24d49731",
    "rating": 5,
    "comment": "Vesco tunc taedium esse verumtamen tum carcer capto aduro in.",
    "createdAt": "2024-11-05T04:28:33.622Z"
  },
  {
    "productId": "6814cf2ef6a78c6dfa30843e",
    "userId": "6822d081c08fdfcf24d49731",
    "rating": 5,
    "comment": "Alias curiositas uter sui ver carmen adstringo debeo admoveo debeo.",
    "createdAt": "2024-11-07T04:28:33.622Z"
  },
  {
    "productId": "6814d245995813a18f27d938",
    "userId": "6822d090c08fdfcf24d499ad",
    "rating": 5,
    "comment": "Teneo theatrum amita creator curatio adulatio tumultus tenuis cauda terra.",
    "createdAt": "2024-11-09T05:57:02.945Z"
  },
  {
    "productId": "6814cabf1780e5204676ce05",
    "userId": "6822d089c08fdfcf24d49875",
    "rating": 5,
    "comment": "Pauci cibus triumphus caelum adipisci calamitas talio peior civis adaugeo.",
    "createdAt": "2024-11-07T10:59:22.032Z"
  },
  {
    "productId": "68149cfe30a898aab1f043ac",
    "userId": "6822d089c08fdfcf24d49873",
    "rating": 4,
    "comment": "Caveo cupio subvenio abutor sufficio terebro aggero sophismata depono defungo.",
    "createdAt": "2024-11-05T13:40:22.241Z"
  },
  {
    "productId": "6814d4dbd4982e02496b6368",
    "userId": "6822d089c08fdfcf24d49873",
    "rating": 5,
    "comment": "Commodi alveus alius valetudo arto comedo theca a balbus eveniet.",
    "createdAt": "2024-11-07T13:40:22.241Z"
  },
  {
    "productId": "6814d30f19ffed8d9ec6b536",
    "userId": "6822d089c08fdfcf24d49873",
    "rating": 5,
    "comment": "Tactus sordeo cauda maxime audacia tabesco solus tertius aveho alo.",
    "createdAt": "2024-11-05T13:40:22.241Z"
  },
  {
    "productId": "6814d8faa6b79f1523907eb6",
    "userId": "6822d089c08fdfcf24d49873",
    "rating": 5,
    "comment": "Circumvenio fugit mollitia aedificium tendo pectus tum delibero vix cultellus.",
    "createdAt": "2024-11-07T13:40:22.241Z"
  },
  {
    "productId": "6814ccc358f78c505fea965c",
    "userId": "6822d076c08fdfcf24d49575",
    "rating": 4,
    "comment": "Est auctus admoveo audax rem baiulus despecto caecus velut civis.",
    "createdAt": "2024-11-09T19:13:42.110Z"
  },
  {
    "productId": "6814d886eb6e44f9df4dc017",
    "userId": "6822d072c08fdfcf24d4947b",
    "rating": 5,
    "comment": "Caute inflammatio alii impedit utpote illum est tempore comes thalassinus.",
    "createdAt": "2024-11-06T19:18:03.654Z"
  },
  {
    "productId": "6814c75737cb2b415f50f065",
    "userId": "6822d072c08fdfcf24d4947b",
    "rating": 5,
    "comment": "Clementia corporis quos tener natus aro hic conservo capitulus deripio.",
    "createdAt": "2024-11-05T19:18:03.654Z"
  },
  {
    "productId": "68149cfe30a898aab1f043d1",
    "userId": "6822d072c08fdfcf24d4947b",
    "rating": 1,
    "comment": "At suspendo paulatim subnecto campana deprimo communis cerno corrigo victus.",
    "createdAt": "2024-11-10T19:18:03.654Z"
  },
  {
    "productId": "6814c75737cb2b415f50f057",
    "userId": "6822d072c08fdfcf24d4947b",
    "rating": 3,
    "comment": "Cena alveus aveho corpus comminor sustineo attero ascisco agnitio cattus.",
    "createdAt": "2024-11-10T19:18:03.654Z"
  },
  {
    "productId": "6814d3abbcd9b504d290b075",
    "userId": "6822d080c08fdfcf24d496ff",
    "rating": 5,
    "comment": "Curriculum amoveo uterque absum aeneus texo contra comedo defungo amaritudo.",
    "createdAt": "2024-11-06T22:34:09.553Z"
  },
  {
    "productId": "6814b49adb8e7421d9054849",
    "userId": "6822d080c08fdfcf24d496ff",
    "rating": 4,
    "comment": "Chirographum decet cultellus vulnus comparo cresco bene iusto adfectus ad.",
    "createdAt": "2024-11-06T22:34:09.553Z"
  },
  {
    "productId": "6814d007dac5e44185ec2202",
    "userId": "6822d077c08fdfcf24d495e1",
    "rating": 5,
    "comment": "Avarus tabella numquam suscipio rem agnosco crepusculum uredo quibusdam acervus.",
    "createdAt": "2024-11-07T14:11:29.159Z"
  },
  {
    "productId": "6814be18a67388b7fa2b03d8",
    "userId": "6822d076c08fdfcf24d49591",
    "rating": 5,
    "comment": "Doloremque arceo eligendi complectus ustilo votum contigo adversus tenuis correptius.",
    "createdAt": "2024-11-09T15:20:18.203Z"
  },
  {
    "productId": "6814c03933cd17d446b063c4",
    "userId": "6822d076c08fdfcf24d49591",
    "rating": 5,
    "comment": "Adimpleo fugiat clibanus conor vicissitudo videlicet autus strues cubitum vorago.",
    "createdAt": "2024-11-07T15:20:18.203Z"
  },
  {
    "productId": "6814c104ca19a92a5b1d5b2f",
    "userId": "6822d076c08fdfcf24d49591",
    "rating": 5,
    "comment": "Defaeco auditor animadverto trucido absens collum acerbitas audax desipio tempus.",
    "createdAt": "2024-11-11T15:20:18.203Z"
  },
  {
    "productId": "6814d886eb6e44f9df4dc017",
    "userId": "6822d076c08fdfcf24d49591",
    "rating": 5,
    "comment": "Vester creber venustas sto aeneus xiphias dicta administratio amicitia virgo.",
    "createdAt": "2024-11-09T15:20:18.203Z"
  },
  {
    "productId": "6814c1b4ba01e3aab8f3f386",
    "userId": "6822d091c08fdfcf24d499bd",
    "rating": 3,
    "comment": "Vir compono arx ex contra somnus vorago creo cubitum taceo.",
    "createdAt": "2024-11-08T19:00:23.917Z"
  },
  {
    "productId": "6814d8faa6b79f1523907ea4",
    "userId": "6822d073c08fdfcf24d494dd",
    "rating": 5,
    "comment": "Sortitus somnus curto speculum conservo velut quasi reiciendis terebro ubi.",
    "createdAt": "2024-11-09T23:15:43.478Z"
  },
  {
    "productId": "68149cfd30a898aab1f043a1",
    "userId": "6822d083c08fdfcf24d497c1",
    "rating": 5,
    "comment": "Thymbra bene sequi cometes nemo coaegresco ascit capillus maxime defungo.",
    "createdAt": "2024-11-12T05:40:26.340Z"
  },
  {
    "productId": "6814c2ca511161f3045acc0c",
    "userId": "6822d074c08fdfcf24d4951f",
    "rating": 4,
    "comment": "Theca cur cultellus curto atavus casus tepesco celo credo dapifer.",
    "createdAt": "2024-11-11T10:22:00.849Z"
  },
  {
    "productId": "6814b49adb8e7421d9054854",
    "userId": "6822d074c08fdfcf24d4951f",
    "rating": 1,
    "comment": "Xiphias appono deripio temptatio amiculum solum ara stella cerno eius.",
    "createdAt": "2024-11-10T10:22:00.849Z"
  },
  {
    "productId": "6814c75737cb2b415f50f057",
    "userId": "6822d074c08fdfcf24d4951f",
    "rating": 5,
    "comment": "Defleo utrimque constans calcar ut admoveo socius tamisium ademptio suppono.",
    "createdAt": "2024-11-12T10:22:00.849Z"
  },
  {
    "productId": "6814c104ca19a92a5b1d5b53",
    "userId": "6822d074c08fdfcf24d4951f",
    "rating": 5,
    "comment": "Defessus cariosus timidus officia benevolentia decipio cometes minima adaugeo civis.",
    "createdAt": "2024-11-10T10:22:00.849Z"
  },
  {
    "productId": "6814c3b3595891202e483abc",
    "userId": "6822d07ec08fdfcf24d49691",
    "rating": 5,
    "comment": "Decerno ara in demens somniculosus error virtus ambitus crepusculum voluptatum.",
    "createdAt": "2024-11-13T14:15:58.560Z"
  },
  {
    "productId": "6814d31019ffed8d9ec6b562",
    "userId": "6822d06ac08fdfcf24d49345",
    "rating": 4,
    "comment": "Tergo beatus arbitro stultus volva eius cariosus adfectus alveus armarium.",
    "createdAt": "2024-11-11T16:09:24.028Z"
  },
  {
    "productId": "68149cfe30a898aab1f043cb",
    "userId": "6822d091c08fdfcf24d499e7",
    "rating": 5,
    "comment": "Bos sublime culpo dapifer clementia aufero vos textus cetera ademptio.",
    "createdAt": "2024-11-13T20:48:52.885Z"
  },
  {
    "productId": "6814d8faa6b79f1523907ed1",
    "userId": "6822d091c08fdfcf24d499e7",
    "rating": 5,
    "comment": "Vilicus thorax copiose quis animadverto antiquus ipsum vitiosus supra amitto.",
    "createdAt": "2024-11-08T20:48:52.885Z"
  },
  {
    "productId": "6814d31019ffed8d9ec6b562",
    "userId": "6822d091c08fdfcf24d499e7",
    "rating": 5,
    "comment": "Corrupti blanditiis veritas taedium ciminatio crinis ultra arbor aptus stips.",
    "createdAt": "2024-11-09T20:48:52.885Z"
  },
  {
    "productId": "6814af8ef38840c4bcc37ee6",
    "userId": "6822d091c08fdfcf24d499e7",
    "rating": 5,
    "comment": "Thesaurus hic velociter arma administratio exercitationem sequi thymum denuo tergo.",
    "createdAt": "2024-11-09T20:48:52.885Z"
  },
  {
    "productId": "6814cbfd9ac1ce2619619246",
    "userId": "6822d06cc08fdfcf24d493b1",
    "rating": 5,
    "comment": "Suffragium adflicto officiis collum summisse demonstro vesica aureus demulceo alius.",
    "createdAt": "2024-11-12T00:10:35.782Z"
  },
  {
    "productId": "6814b49adb8e7421d905485e",
    "userId": "6822d08cc08fdfcf24d4994d",
    "rating": 5,
    "comment": "Temporibus compono commodo talus admiratio benigne atqui confugo maxime atrox.",
    "createdAt": "2024-11-12T00:53:15.623Z"
  },
  {
    "productId": "6814a1941c10fee4a5286d81",
    "userId": "6822d080c08fdfcf24d496ed",
    "rating": 5,
    "comment": "Suffragium paulatim curis ventito terreo sapiente at decretum atqui quidem.",
    "createdAt": "2024-11-10T00:56:03.608Z"
  },
  {
    "productId": "6814a81835053cb1544dd133",
    "userId": "6822d077c08fdfcf24d495d9",
    "rating": 5,
    "comment": "Nobis totidem alveus volutabrum tribuo cauda adflicto attollo virtus suscipio.",
    "createdAt": "2024-11-14T01:55:57.321Z"
  },
  {
    "productId": "6814a81835053cb1544dd11b",
    "userId": "6822d076c08fdfcf24d4958f",
    "rating": 4,
    "comment": "Cupiditate usitas aurum commodi coma autem currus repudiandae tam cito.",
    "createdAt": "2024-11-11T01:09:35.148Z"
  },
  {
    "productId": "6814c1b5ba01e3aab8f3f3d0",
    "userId": "6822d093c08fdfcf24d49a59",
    "rating": 5,
    "comment": "Aranea cimentarius attero amor ullam suffragium urbanus speculum verecundia tabella.",
    "createdAt": "2024-11-14T01:24:50.639Z"
  },
  {
    "productId": "68149cff30a898aab1f043eb",
    "userId": "6822d087c08fdfcf24d497f1",
    "rating": 5,
    "comment": "Tantillus aveho deripio atrox accusamus cicuta nihil ambitus usque aufero.",
    "createdAt": "2024-11-11T06:07:49.554Z"
  },
  {
    "productId": "6814cabe1780e5204676cdd0",
    "userId": "6822d082c08fdfcf24d4976f",
    "rating": 3,
    "comment": "Attollo trans repellat amo delicate molestiae utpote quo argumentum compono.",
    "createdAt": "2024-11-15T06:56:29.671Z"
  },
  {
    "productId": "6814af8df38840c4bcc37eb8",
    "userId": "6822d07dc08fdfcf24d4963d",
    "rating": 1,
    "comment": "Atavus appello abundans bonus arcus aggredior ventus brevis adeptio vicinus.",
    "createdAt": "2024-11-10T07:47:05.357Z"
  },
  {
    "productId": "6814daff48198c3c05074c47",
    "userId": "6822d087c08fdfcf24d497e9",
    "rating": 5,
    "comment": "Tempora sursum coepi usus thermae cogito usitas adimpleo peccatus itaque.",
    "createdAt": "2024-11-15T08:53:34.525Z"
  },
  {
    "productId": "6814ccc358f78c505fea9682",
    "userId": "6822d081c08fdfcf24d49731",
    "rating": 5,
    "comment": "Theologus adduco tres aggredior vesco arcus suus aestivus ustilo conicio.",
    "createdAt": "2024-11-14T11:34:46.337Z"
  },
  {
    "productId": "6814c3b3595891202e483abc",
    "userId": "6822d099c08fdfcf24d49af9",
    "rating": 5,
    "comment": "Cedo depopulo dicta volubilis statim ipsum cunctatio arbustum constans deleniti.",
    "createdAt": "2024-11-13T13:42:57.149Z"
  },
  {
    "productId": "6814d3abbcd9b504d290b06d",
    "userId": "6822d099c08fdfcf24d49af9",
    "rating": 5,
    "comment": "Volo cohibeo ciminatio correptius candidus vespillo acidus deprecator summopere soluta.",
    "createdAt": "2024-11-12T13:42:57.149Z"
  },
  {
    "productId": "6814d007dac5e44185ec220c",
    "userId": "6822d099c08fdfcf24d49af9",
    "rating": 5,
    "comment": "Capio vulgaris commodo virgo audacia cubo aveho acsi peccatus adficio.",
    "createdAt": "2024-11-14T13:42:57.149Z"
  },
  {
    "productId": "6814c741b44fb7a9e6cbb4af",
    "userId": "6822d074c08fdfcf24d49511",
    "rating": 1,
    "comment": "Comis vindico perspiciatis dolorem derideo veritas certe confero accusamus cupressus.",
    "createdAt": "2024-11-11T14:19:37.422Z"
  },
  {
    "productId": "6814c75637cb2b415f50f041",
    "userId": "6822d074c08fdfcf24d49511",
    "rating": 3,
    "comment": "Tersus adipisci vulgaris apostolus thesis summa quaerat abutor cribro deripio.",
    "createdAt": "2024-11-12T14:19:37.422Z"
  },
  {
    "productId": "6814bf386172128284c9beaa",
    "userId": "6822d074c08fdfcf24d49511",
    "rating": 5,
    "comment": "Suffoco vociferor cohibeo velut cilicium dedecor acceptus comedo deficio officiis.",
    "createdAt": "2024-11-11T14:19:37.422Z"
  },
  {
    "productId": "6814d31019ffed8d9ec6b56f",
    "userId": "6822d08cc08fdfcf24d4993f",
    "rating": 1,
    "comment": "Adhaero tumultus comedo depereo celer videlicet valetudo adfectus tubineus exercitationem.",
    "createdAt": "2024-11-14T19:54:58.610Z"
  },
  {
    "productId": "6814d246995813a18f27d95b",
    "userId": "6822d08cc08fdfcf24d4993f",
    "rating": 4,
    "comment": "Repudiandae confero ut cohibeo defaeco amita amplexus paulatim comburo coaegresco.",
    "createdAt": "2024-11-13T19:54:58.610Z"
  },
  {
    "productId": "6814bf396172128284c9bf1c",
    "userId": "6822d08cc08fdfcf24d4993f",
    "rating": 4,
    "comment": "Neque versus ater vigor defetiscor theatrum thymum atrocitas vetus agnosco.",
    "createdAt": "2024-11-14T19:54:58.610Z"
  },
  {
    "productId": "6814af8ef38840c4bcc37ed5",
    "userId": "6822d08cc08fdfcf24d4993f",
    "rating": 5,
    "comment": "Spiritus vigilo agnitio currus creator callide dens conscendo corpus sursum.",
    "createdAt": "2024-11-15T19:54:58.610Z"
  },
  {
    "productId": "6814ccc358f78c505fea968c",
    "userId": "6822d090c08fdfcf24d4997b",
    "rating": 3,
    "comment": "Debilito universe beatae appositus est turbo debitis volubilis tego theca.",
    "createdAt": "2024-11-13T20:15:00.693Z"
  },
  {
    "productId": "6814bcdd958ad8fcad8c544f",
    "userId": "6822d090c08fdfcf24d499a7",
    "rating": 5,
    "comment": "Constans adstringo ceno succedo occaecati qui occaecati auctor sono admoneo.",
    "createdAt": "2024-11-14T08:02:34.072Z"
  },
  {
    "productId": "6814a1941c10fee4a5286d87",
    "userId": "6822d090c08fdfcf24d499a7",
    "rating": 4,
    "comment": "Ago torrens ars sollers viscus carcer avaritia acquiro undique nemo.",
    "createdAt": "2024-11-15T08:02:34.072Z"
  },
  {
    "productId": "6814c1b5ba01e3aab8f3f404",
    "userId": "6822d090c08fdfcf24d499a7",
    "rating": 5,
    "comment": "Villa blandior convoco vinum celer depono tergeo viscus non quasi.",
    "createdAt": "2024-11-13T08:02:34.072Z"
  },
  {
    "productId": "6814a1941c10fee4a5286d81",
    "userId": "6822d090c08fdfcf24d499a7",
    "rating": 3,
    "comment": "Cum adeptio magni tardus abstergo coerceo amplus ad strues ars.",
    "createdAt": "2024-11-14T08:02:34.072Z"
  },
  {
    "productId": "6814c3b3595891202e483a60",
    "userId": "6822d073c08fdfcf24d494b5",
    "rating": 4,
    "comment": "Vulnero suus a quibusdam vir sui spectaculum antea accusamus coniuratio.",
    "createdAt": "2024-11-14T01:53:48.975Z"
  },
  {
    "productId": "6814cbfc9ac1ce2619619237",
    "userId": "6822d089c08fdfcf24d4985b",
    "rating": 3,
    "comment": "Conor abscido somnus caelum autus alioqui depraedor taedium caste quisquam.",
    "createdAt": "2024-11-14T03:56:27.600Z"
  },
  {
    "productId": "6814d31019ffed8d9ec6b55a",
    "userId": "6822d074c08fdfcf24d494e9",
    "rating": 5,
    "comment": "Adflicto talio tendo fuga clam cupiditas textus amplexus ea culpa.",
    "createdAt": "2024-11-14T04:24:01.567Z"
  },
  {
    "productId": "6814cabf1780e5204676ce05",
    "userId": "6822d074c08fdfcf24d494e9",
    "rating": 5,
    "comment": "Antea tum subnecto animus amiculum error molestiae enim vetus tollo.",
    "createdAt": "2024-11-15T04:24:01.567Z"
  },
  {
    "productId": "6814c1b5ba01e3aab8f3f3e8",
    "userId": "6822d07dc08fdfcf24d49669",
    "rating": 5,
    "comment": "Vix deleo optio corroboro iure deleniti magni cohibeo allatus sophismata.",
    "createdAt": "2024-11-16T05:05:24.154Z"
  },
  {
    "productId": "6814c2ca511161f3045acbe4",
    "userId": "6822d07dc08fdfcf24d49669",
    "rating": 3,
    "comment": "Spargo socius suspendo tristis tripudio videlicet curatio cena celo ventus.",
    "createdAt": "2024-11-12T05:05:24.154Z"
  },
  {
    "productId": "6814be18a67388b7fa2b03cc",
    "userId": "6822d07dc08fdfcf24d49669",
    "rating": 4,
    "comment": "Cupressus demulceo solum adopto carmen accusantium ascit qui itaque consuasor.",
    "createdAt": "2024-11-13T05:05:24.154Z"
  },
  {
    "productId": "6814c3b3595891202e483a60",
    "userId": "6822d07dc08fdfcf24d49669",
    "rating": 4,
    "comment": "Ascit quos tunc vorax spiculum urbs derideo accendo crastinus calculus.",
    "createdAt": "2024-11-14T05:05:24.154Z"
  },
  {
    "productId": "6814a1931c10fee4a5286d5d",
    "userId": "6822d06bc08fdfcf24d49365",
    "rating": 4,
    "comment": "Arto vomer cohaero curis angulus ascit comitatus uxor admiratio dapifer.",
    "createdAt": "2024-11-16T10:44:55.350Z"
  },
  {
    "productId": "6814d007dac5e44185ec221d",
    "userId": "6822d06bc08fdfcf24d49365",
    "rating": 1,
    "comment": "Universe inventore adaugeo utpote bellum curriculum velut tametsi debilito subiungo.",
    "createdAt": "2024-11-13T10:44:55.350Z"
  },
  {
    "productId": "6814d007dac5e44185ec220c",
    "userId": "6822d074c08fdfcf24d494df",
    "rating": 5,
    "comment": "Appello abutor acsi admoveo conforto astrum capitulus vacuus dolor universe.",
    "createdAt": "2024-11-14T16:03:52.114Z"
  },
  {
    "productId": "6814b499db8e7421d9054823",
    "userId": "6822d080c08fdfcf24d4971b",
    "rating": 5,
    "comment": "Defaeco videlicet defaeco arto cubicularis cursim campana facere delicate atrocitas.",
    "createdAt": "2024-11-12T18:05:35.428Z"
  },
  {
    "productId": "6814daff48198c3c05074c57",
    "userId": "6822d080c08fdfcf24d4971b",
    "rating": 5,
    "comment": "Ut qui adimpleo clamo sodalitas molestiae adulatio arca delectus aequitas.",
    "createdAt": "2024-11-16T18:05:35.428Z"
  },
  {
    "productId": "6814d8faa6b79f1523907ea4",
    "userId": "6822d080c08fdfcf24d4971b",
    "rating": 5,
    "comment": "Cubicularis cupiditas tenax artificiose cibo vicissitudo cribro libero contego spero.",
    "createdAt": "2024-11-16T18:05:35.428Z"
  },
  {
    "productId": "6814c75637cb2b415f50f041",
    "userId": "6822d088c08fdfcf24d4981f",
    "rating": 5,
    "comment": "Thermae canis verbum vociferor colligo vulnus eligendi occaecati reiciendis cometes.",
    "createdAt": "2024-11-17T21:00:02.642Z"
  },
  {
    "productId": "6814d3abbcd9b504d290b07f",
    "userId": "6822d088c08fdfcf24d4981f",
    "rating": 3,
    "comment": "Accusator aequitas curo viduo canis in saepe placeat vestigium terreo.",
    "createdAt": "2024-11-15T21:00:02.642Z"
  },
  {
    "productId": "6814d31019ffed8d9ec6b553",
    "userId": "6822d088c08fdfcf24d4981f",
    "rating": 5,
    "comment": "Adimpleo suggero tres trado armarium ventito cito minus bellum cunabula.",
    "createdAt": "2024-11-12T21:00:02.642Z"
  },
  {
    "productId": "6814b49adb8e7421d905486e",
    "userId": "6822d088c08fdfcf24d4981f",
    "rating": 5,
    "comment": "Temeritas tempora templum vestigium quos claudeo amoveo illo accendo amet.",
    "createdAt": "2024-11-15T21:00:02.642Z"
  },
  {
    "productId": "6814d245995813a18f27d92c",
    "userId": "6822d07dc08fdfcf24d49659",
    "rating": 5,
    "comment": "Tabella tantillus amplexus cinis temperantia tero undique celer expedita virgo.",
    "createdAt": "2024-11-15T02:23:57.008Z"
  },
  {
    "productId": "6814d3abbcd9b504d290b06d",
    "userId": "6822d080c08fdfcf24d49707",
    "rating": 5,
    "comment": "Confero adduco cura trucido voluptates viscus atque adnuo volutabrum clamo.",
    "createdAt": "2024-11-17T13:10:47.103Z"
  },
  {
    "productId": "6814a1941c10fee4a5286d8d",
    "userId": "6822d081c08fdfcf24d49735",
    "rating": 5,
    "comment": "Vespillo tui tamdiu voluptate thalassinus cunae ultra curis vel amo.",
    "createdAt": "2024-11-18T17:05:05.010Z"
  },
  {
    "productId": "6814c2cb511161f3045acc48",
    "userId": "6822d076c08fdfcf24d49563",
    "rating": 5,
    "comment": "Vir cibo voluntarius sufficio alveus compono amitto accusator artificiose asperiores.",
    "createdAt": "2024-11-13T17:27:16.258Z"
  },
  {
    "productId": "6814c3b3595891202e483a90",
    "userId": "6822d06ac08fdfcf24d4932b",
    "rating": 3,
    "comment": "Auxilium ambitus bardus turba carbo curriculum consuasor tubineus tardus libero.",
    "createdAt": "2024-11-15T20:21:44.348Z"
  },
  {
    "productId": "6814c104ca19a92a5b1d5b77",
    "userId": "6822d072c08fdfcf24d49497",
    "rating": 3,
    "comment": "Dedico natus tui circumvenio annus ustulo cattus certe coniecto claro.",
    "createdAt": "2024-11-19T01:54:10.152Z"
  },
  {
    "productId": "6814a81935053cb1544dd159",
    "userId": "6822d06cc08fdfcf24d493b7",
    "rating": 5,
    "comment": "Tandem ultra decimus verumtamen solitudo aro accusantium odit impedit atavus.",
    "createdAt": "2024-11-19T03:58:42.669Z"
  },
  {
    "productId": "6814ccc358f78c505fea9668",
    "userId": "6822d080c08fdfcf24d49727",
    "rating": 5,
    "comment": "Suus sui amplexus conculco ventito adiuvo subseco adamo annus ocer.",
    "createdAt": "2024-11-17T10:34:48.139Z"
  },
  {
    "productId": "6814ccc358f78c505fea967a",
    "userId": "6822d090c08fdfcf24d499a9",
    "rating": 5,
    "comment": "Ars decimus molestias ambitus solitudo adflicto suppono rerum vesper adulescens.",
    "createdAt": "2024-11-18T10:35:56.097Z"
  },
  {
    "productId": "6814bf396172128284c9bf0c",
    "userId": "6822d088c08fdfcf24d4982f",
    "rating": 1,
    "comment": "Corrupti curiositas voco animus itaque valetudo thermae timidus tergiversatio apostolus.",
    "createdAt": "2024-11-17T14:02:59.313Z"
  },
  {
    "productId": "6814c2cb511161f3045acc48",
    "userId": "6822d099c08fdfcf24d49b01",
    "rating": 5,
    "comment": "Patria contra accusamus demonstro bellum praesentium cultura velum virgo aspicio.",
    "createdAt": "2024-11-17T17:32:26.431Z"
  },
  {
    "productId": "6814daff48198c3c05074c47",
    "userId": "6822d068c08fdfcf24d492b5",
    "rating": 5,
    "comment": "Solium caste synagoga teneo distinctio dignissimos centum quis desolo cubo.",
    "createdAt": "2024-11-18T23:44:26.054Z"
  },
  {
    "productId": "6814bf386172128284c9bee8",
    "userId": "6822d08cc08fdfcf24d49955",
    "rating": 5,
    "comment": "Aureus delego suasoria trucido supra arbitro bestia quidem cultellus culpo.",
    "createdAt": "2024-11-18T02:38:08.617Z"
  },
  {
    "productId": "6814d31019ffed8d9ec6b55a",
    "userId": "6822d078c08fdfcf24d4961d",
    "rating": 3,
    "comment": "Curto vobis crustulum temeritas cohaero velut terreo consuasor omnis accusator.",
    "createdAt": "2024-11-19T13:26:16.625Z"
  },
  {
    "productId": "6814d4dbd4982e02496b6362",
    "userId": "6822d092c08fdfcf24d49a27",
    "rating": 5,
    "comment": "Patria vilicus xiphias demitto ascit subnecto sulum astrum vapulus cursus.",
    "createdAt": "2024-11-17T19:42:46.113Z"
  },
  {
    "productId": "6814d518d4982e02496b648e",
    "userId": "6822d072c08fdfcf24d49493",
    "rating": 5,
    "comment": "Ex degusto deleniti abutor supellex calamitas repudiandae vado consequatur attonbitus.",
    "createdAt": "2024-11-15T22:35:16.854Z"
  },
  {
    "productId": "6814bf396172128284c9bf1c",
    "userId": "6822d093c08fdfcf24d49a69",
    "rating": 5,
    "comment": "Ait conturbo cerno error despecto curiositas coma celer eveniet voveo.",
    "createdAt": "2024-11-17T23:56:07.557Z"
  },
  {
    "productId": "6814d8faa6b79f1523907eb6",
    "userId": "6822d093c08fdfcf24d49a7f",
    "rating": 4,
    "comment": "Consequatur defendo desino quae caste vapulus soluta substantia eos tamen.",
    "createdAt": "2024-11-17T03:35:53.523Z"
  },
  {
    "productId": "6814d4dbd4982e02496b6362",
    "userId": "6822d06cc08fdfcf24d493b1",
    "rating": 3,
    "comment": "Ventito ullam umquam amitto crastinus annus eos blanditiis videlicet tam.",
    "createdAt": "2024-11-17T05:09:42.220Z"
  },
  {
    "productId": "6814d245995813a18f27d932",
    "userId": "6822d074c08fdfcf24d49509",
    "rating": 3,
    "comment": "Vetus capio amo fuga velum deficio maxime apto undique cohors.",
    "createdAt": "2024-11-21T06:01:47.155Z"
  },
  {
    "productId": "6814cabe1780e5204676cdd0",
    "userId": "6822d078c08fdfcf24d49611",
    "rating": 4,
    "comment": "Surculus vel vergo terror et facere conscendo amplitudo velit video.",
    "createdAt": "2024-11-20T09:48:28.914Z"
  },
  {
    "productId": "6814cf2ef6a78c6dfa308448",
    "userId": "6822d082c08fdfcf24d497a3",
    "rating": 1,
    "comment": "Depereo trepide at enim stips dedecor vos suggero bibo triumphus.",
    "createdAt": "2024-11-18T11:17:11.435Z"
  },
  {
    "productId": "6814daff48198c3c05074c35",
    "userId": "6822d082c08fdfcf24d497a7",
    "rating": 3,
    "comment": "Alienus bellum alo tantum ulterius impedit vomer veritas sed amissio.",
    "createdAt": "2024-11-16T15:38:16.724Z"
  },
  {
    "productId": "6814d30f19ffed8d9ec6b53c",
    "userId": "6822d090c08fdfcf24d499a1",
    "rating": 4,
    "comment": "Paens copiose aranea demo condico contra truculenter commodi custodia decipio.",
    "createdAt": "2024-11-19T18:17:06.427Z"
  },
  {
    "productId": "6814c741b44fb7a9e6cbb4c2",
    "userId": "6822d074c08fdfcf24d49503",
    "rating": 5,
    "comment": "Degenero comis strenuus cunctatio civitas velit delectatio aegre calamitas cometes.",
    "createdAt": "2024-11-18T02:22:51.081Z"
  },
  {
    "productId": "6814d007dac5e44185ec2216",
    "userId": "6822d076c08fdfcf24d4959f",
    "rating": 5,
    "comment": "Conqueror turpis ver triumphus cohors claudeo ademptio libero capillus bellum.",
    "createdAt": "2024-11-22T06:02:18.385Z"
  },
  {
    "productId": "6814d49dabc2c4bf4ecaf51e",
    "userId": "6822d074c08fdfcf24d494f7",
    "rating": 3,
    "comment": "Arbitro molestias defleo abscido canonicus verbera amplus crepusculum ater ullus.",
    "createdAt": "2024-11-22T06:29:25.780Z"
  },
  {
    "productId": "6814d518d4982e02496b64a3",
    "userId": "6822d091c08fdfcf24d499bd",
    "rating": 5,
    "comment": "Vinculum stillicidium adiuvo territo corporis sto bestia repellat ut spiritus.",
    "createdAt": "2024-11-19T09:03:32.767Z"
  },
  {
    "productId": "6814c75637cb2b415f50f039",
    "userId": "6822d091c08fdfcf24d499bd",
    "rating": 5,
    "comment": "Volva cicuta conicio modi a cotidie sperno talio aestivus adiuvo.",
    "createdAt": "2024-11-21T09:03:32.767Z"
  },
  {
    "productId": "6814c2ca511161f3045acbc2",
    "userId": "6822d091c08fdfcf24d499bd",
    "rating": 4,
    "comment": "Statua in termes calculus collum cursim consectetur damnatio consuasor argumentum.",
    "createdAt": "2024-11-21T09:03:32.767Z"
  },
  {
    "productId": "6814dafe48198c3c05074c24",
    "userId": "6822d090c08fdfcf24d499a9",
    "rating": 2,
    "comment": "Terebro unde spargo suppono urbs arx architecto carmen civis minima.",
    "createdAt": "2024-11-19T14:48:50.788Z"
  },
  {
    "productId": "6814bcdd958ad8fcad8c546f",
    "userId": "6822d090c08fdfcf24d499a1",
    "rating": 5,
    "comment": "Bos vesco quod cavus eum denego viscus adhaero amaritudo voluptas.",
    "createdAt": "2024-11-17T15:16:18.258Z"
  },
  {
    "productId": "6814cabe1780e5204676cdd5",
    "userId": "6822d09ac08fdfcf24d49b2f",
    "rating": 1,
    "comment": "Coruscus victoria cometes vivo accusantium carus desino bibo sui consuasor.",
    "createdAt": "2024-11-23T07:12:04.889Z"
  },
  {
    "productId": "6814d31019ffed8d9ec6b569",
    "userId": "6822d074c08fdfcf24d494e3",
    "rating": 5,
    "comment": "Tricesimus curtus numquam abeo curso voveo caterva absorbeo cena a.",
    "createdAt": "2024-11-20T16:35:31.824Z"
  },
  {
    "productId": "6814d8faa6b79f1523907ea4",
    "userId": "6822d074c08fdfcf24d494ff",
    "rating": 4,
    "comment": "Tabernus subito suffoco corpus apto atque sublime soluta cilicium certus.",
    "createdAt": "2024-11-21T20:05:24.781Z"
  },
  {
    "productId": "6814d008dac5e44185ec2233",
    "userId": "6822d06cc08fdfcf24d493b9",
    "rating": 5,
    "comment": "Illum quod cribro aufero vulgaris comis quos tumultus aer tubineus.",
    "createdAt": "2024-11-23T20:45:02.007Z"
  },
  {
    "productId": "6814a81935053cb1544dd169",
    "userId": "6822d076c08fdfcf24d49591",
    "rating": 5,
    "comment": "Voluptatum adhuc ubi aranea illo defluo possimus tempore cubo consequuntur.",
    "createdAt": "2024-11-24T01:57:04.048Z"
  },
  {
    "productId": "6814c3b3595891202e483a90",
    "userId": "6822d076c08fdfcf24d49591",
    "rating": 5,
    "comment": "Copiose caelestis statim tamen ascisco delibero pariatur asperiores amissio totidem.",
    "createdAt": "2024-11-19T01:57:04.048Z"
  },
  {
    "productId": "6814bcdd958ad8fcad8c543d",
    "userId": "6822d076c08fdfcf24d49591",
    "rating": 5,
    "comment": "Caput canis aspernatur vicissitudo ara cibus bestia certe delicate cum.",
    "createdAt": "2024-11-19T01:57:04.048Z"
  },
  {
    "productId": "6814bf396172128284c9bf28",
    "userId": "6822d076c08fdfcf24d49591",
    "rating": 5,
    "comment": "Volva repellendus chirographum defendo amaritudo viscus decipio cattus arca cresco.",
    "createdAt": "2024-11-20T01:57:04.048Z"
  },
  {
    "productId": "6814d3aabcd9b504d290b01c",
    "userId": "6822d06ec08fdfcf24d49445",
    "rating": 4,
    "comment": "Candidus apostolus aperio commodi vulgivagus cotidie arma defessus accusantium unus.",
    "createdAt": "2024-11-20T02:17:41.662Z"
  },
  {
    "productId": "6814c3b3595891202e483a7c",
    "userId": "6822d06ec08fdfcf24d49445",
    "rating": 4,
    "comment": "Vero nisi utilis capitulus copiose ancilla viriliter ademptio defleo quis.",
    "createdAt": "2024-11-24T02:17:41.662Z"
  },
  {
    "productId": "6814c740b44fb7a9e6cbb471",
    "userId": "6822d06ec08fdfcf24d49445",
    "rating": 5,
    "comment": "Thalassinus timidus theatrum repellat somnus derideo angustus cito thymum caritas.",
    "createdAt": "2024-11-19T02:17:41.662Z"
  },
  {
    "productId": "6814be18a67388b7fa2b03cc",
    "userId": "6822d06ec08fdfcf24d49445",
    "rating": 5,
    "comment": "Deleniti cubo sordeo tandem veritatis adversus eligendi aedificium turbo astrum.",
    "createdAt": "2024-11-24T02:17:41.662Z"
  },
  {
    "productId": "6814d246995813a18f27d968",
    "userId": "6822d092c08fdfcf24d49a13",
    "rating": 1,
    "comment": "Impedit vomito aeger vallum absconditus consectetur capio demonstro amicitia depraedor.",
    "createdAt": "2024-11-21T03:40:53.930Z"
  },
  {
    "productId": "68149cff30a898aab1f043e5",
    "userId": "6822d09bc08fdfcf24d49b63",
    "rating": 5,
    "comment": "Bardus casso rem adfectus abeo spiritus terra adfectus repellendus surgo.",
    "createdAt": "2024-11-21T05:53:15.085Z"
  },
  {
    "productId": "6814cabe1780e5204676cdd0",
    "userId": "6822d09bc08fdfcf24d49b63",
    "rating": 5,
    "comment": "Unde thesis supellex adfero summa dapifer quas quod compono victus.",
    "createdAt": "2024-11-19T05:53:15.085Z"
  },
  {
    "productId": "68149cfe30a898aab1f043dd",
    "userId": "6822d077c08fdfcf24d495a9",
    "rating": 4,
    "comment": "Dedico colligo conturbo infit ustilo vel fuga depulso ea abutor.",
    "createdAt": "2024-11-24T07:01:14.732Z"
  },
  {
    "productId": "6814d31019ffed8d9ec6b553",
    "userId": "6822d075c08fdfcf24d49525",
    "rating": 1,
    "comment": "Supellex barba theatrum suppellex aperio autem ipsum cupressus suasoria volutabrum.",
    "createdAt": "2024-11-20T07:33:24.926Z"
  },
  {
    "productId": "68149cfd30a898aab1f043a1",
    "userId": "6822d075c08fdfcf24d49525",
    "rating": 3,
    "comment": "Viriliter unde cupiditate termes civis cilicium animus valde acervus rem.",
    "createdAt": "2024-11-23T07:33:24.926Z"
  },
  {
    "productId": "6814d4dbd4982e02496b6350",
    "userId": "6822d075c08fdfcf24d49525",
    "rating": 5,
    "comment": "Consequatur appono iure succurro laboriosam thermae verumtamen temeritas comminor valens.",
    "createdAt": "2024-11-19T07:33:24.926Z"
  },
  {
    "productId": "6814c03933cd17d446b06398",
    "userId": "6822d075c08fdfcf24d49525",
    "rating": 5,
    "comment": "Denuo coniecto collum stella suus adaugeo aduro despecto amicitia spectaculum.",
    "createdAt": "2024-11-24T07:33:24.926Z"
  },
  {
    "productId": "6814d246995813a18f27d968",
    "userId": "6822d072c08fdfcf24d4947d",
    "rating": 2,
    "comment": "Confugo vespillo solio utrimque utique adeo crebro valeo centum vobis.",
    "createdAt": "2024-11-21T13:54:30.484Z"
  },
  {
    "productId": "6814c104ca19a92a5b1d5b6f",
    "userId": "6822d068c08fdfcf24d492d9",
    "rating": 5,
    "comment": "Tabesco advenio cura cimentarius comprehendo stillicidium stella atque vulnus a.",
    "createdAt": "2024-11-20T00:26:36.404Z"
  },
  {
    "productId": "6814c740b44fb7a9e6cbb471",
    "userId": "6822d073c08fdfcf24d494a9",
    "rating": 5,
    "comment": "Curis casus voveo desolo sono antepono anser viscus terreo officia.",
    "createdAt": "2024-11-21T06:00:50.690Z"
  },
  {
    "productId": "6814bcdd958ad8fcad8c543d",
    "userId": "6822d08ac08fdfcf24d49899",
    "rating": 1,
    "comment": "Patruus venio audio voluptates cursus sulum ex acidus alias sulum.",
    "createdAt": "2024-11-24T08:08:56.406Z"
  },
  {
    "productId": "6814be17a67388b7fa2b0370",
    "userId": "6822d07dc08fdfcf24d49663",
    "rating": 5,
    "comment": "Quia crebro adflicto sapiente vestrum ancilla vitiosus via volutabrum sursum.",
    "createdAt": "2024-11-20T11:41:08.947Z"
  },
  {
    "productId": "6814cabe1780e5204676cdc6",
    "userId": "6822d07dc08fdfcf24d49663",
    "rating": 5,
    "comment": "Conculco atqui corona adsuesco cubo provident repellat ubi uxor vorago.",
    "createdAt": "2024-11-22T11:41:08.947Z"
  },
  {
    "productId": "6814c3b3595891202e483ab0",
    "userId": "6822d07dc08fdfcf24d49663",
    "rating": 3,
    "comment": "Sum theca consequuntur sono comparo cicuta accommodo tollo denique cursus.",
    "createdAt": "2024-11-23T11:41:08.947Z"
  },
  {
    "productId": "6814ccc358f78c505fea968c",
    "userId": "6822d07dc08fdfcf24d49663",
    "rating": 5,
    "comment": "Cura impedit varius via repellendus color comburo delectatio aspernatur animi.",
    "createdAt": "2024-11-22T11:41:08.947Z"
  },
  {
    "productId": "6814cf2ef6a78c6dfa308448",
    "userId": "6822d087c08fdfcf24d497f3",
    "rating": 5,
    "comment": "Ver depono tamisium eius beatus pectus abbas corporis perspiciatis suggero.",
    "createdAt": "2024-11-20T23:24:28.198Z"
  },
  {
    "productId": "6814d3abbcd9b504d290b03c",
    "userId": "6822d07dc08fdfcf24d49657",
    "rating": 5,
    "comment": "Viriliter contabesco abutor deorsum paens decet capto colligo careo quidem.",
    "createdAt": "2024-11-25T23:59:35.397Z"
  },
  {
    "productId": "6814d3aabcd9b504d290b01c",
    "userId": "6822d074c08fdfcf24d494df",
    "rating": 5,
    "comment": "Numquam talus testimonium vilitas ustilo causa claudeo supra vetus cunabula.",
    "createdAt": "2024-11-23T11:13:14.540Z"
  },
  {
    "productId": "6814c741b44fb7a9e6cbb4bb",
    "userId": "6822d074c08fdfcf24d494df",
    "rating": 5,
    "comment": "Vita venia vir dolore laboriosam avarus delectus abduco comes quo.",
    "createdAt": "2024-11-26T11:13:14.540Z"
  },
  {
    "productId": "6814b49adb8e7421d9054837",
    "userId": "6822d074c08fdfcf24d494df",
    "rating": 5,
    "comment": "Deserunt caterva una denego temporibus somniculosus quae quos conduco suffragium.",
    "createdAt": "2024-11-25T11:13:14.540Z"
  },
  {
    "productId": "68149cfd30a898aab1f043a1",
    "userId": "6822d074c08fdfcf24d494df",
    "rating": 5,
    "comment": "Antepono vulpes cena doloribus ubi usque claustrum vomica despecto adopto.",
    "createdAt": "2024-11-26T11:13:14.540Z"
  },
  {
    "productId": "6814a81835053cb1544dd139",
    "userId": "6822d078c08fdfcf24d49617",
    "rating": 4,
    "comment": "Admitto aduro voveo chirographum cenaculum subnecto fugiat titulus theatrum deinde.",
    "createdAt": "2024-11-24T12:07:18.246Z"
  },
  {
    "productId": "6814cbfc9ac1ce261961922f",
    "userId": "6822d087c08fdfcf24d497fd",
    "rating": 5,
    "comment": "Teres commodi decimus aperte spes vestigium correptius utique sperno tardus.",
    "createdAt": "2024-11-23T14:35:28.939Z"
  },
  {
    "productId": "6814af8df38840c4bcc37ea6",
    "userId": "6822d093c08fdfcf24d49a5b",
    "rating": 5,
    "comment": "Ait tonsor deprimo vorax admoveo coaegresco depraedor vinum patria turpis.",
    "createdAt": "2024-11-23T15:54:03.395Z"
  },
  {
    "productId": "6814be17a67388b7fa2b0398",
    "userId": "6822d06ec08fdfcf24d49437",
    "rating": 5,
    "comment": "Trepide suspendo quos synagoga hic argumentum trans suspendo volutabrum credo.",
    "createdAt": "2024-11-24T21:51:07.821Z"
  },
  {
    "productId": "6814d3aabcd9b504d290b024",
    "userId": "6822d067c08fdfcf24d49299",
    "rating": 4,
    "comment": "Demoror demitto repellendus ara caterva terebro depopulo quo spiritus delinquo.",
    "createdAt": "2024-11-25T22:27:26.907Z"
  },
  {
    "productId": "6814c740b44fb7a9e6cbb48a",
    "userId": "6822d067c08fdfcf24d49299",
    "rating": 5,
    "comment": "Torrens inventore sub tempora nam est vomito substantia aufero recusandae.",
    "createdAt": "2024-11-24T22:27:26.907Z"
  },
  {
    "productId": "68149cff30a898aab1f043eb",
    "userId": "6822d067c08fdfcf24d49299",
    "rating": 4,
    "comment": "Ceno sint tenuis adimpleo thesaurus suffoco virga thermae ab asperiores.",
    "createdAt": "2024-11-24T22:27:26.907Z"
  },
  {
    "productId": "6814d8faa6b79f1523907ea4",
    "userId": "6822d067c08fdfcf24d49299",
    "rating": 4,
    "comment": "Ex via contra agnitio aliqua expedita consequuntur conforto sed defaeco.",
    "createdAt": "2024-11-21T22:27:26.907Z"
  },
  {
    "productId": "68149cfd30a898aab1f043a7",
    "userId": "6822d075c08fdfcf24d4952b",
    "rating": 5,
    "comment": "Creptio patria adulatio vigor cui adiuvo solium bene vir summa.",
    "createdAt": "2024-11-22T01:29:39.477Z"
  },
  {
    "productId": "6814bcdd958ad8fcad8c546f",
    "userId": "6822d098c08fdfcf24d49aaf",
    "rating": 5,
    "comment": "Atrox pecus corporis audio certus trucido depono acceptus fugiat maiores.",
    "createdAt": "2024-11-25T05:15:12.985Z"
  },
  {
    "productId": "68149cfd30a898aab1f043a1",
    "userId": "6822d08cc08fdfcf24d4994b",
    "rating": 5,
    "comment": "Quo bellum socius voluptates desidero repudiandae ait contra acsi deserunt.",
    "createdAt": "2024-11-25T06:48:45.413Z"
  },
  {
    "productId": "6814bcdd958ad8fcad8c5427",
    "userId": "6822d08cc08fdfcf24d4994b",
    "rating": 5,
    "comment": "Velut comburo quisquam thymum aestas bellicus texo adipiscor attonbitus sono.",
    "createdAt": "2024-11-22T06:48:45.413Z"
  },
  {
    "productId": "6814bf396172128284c9bf28",
    "userId": "6822d08cc08fdfcf24d4994b",
    "rating": 5,
    "comment": "Aer cui supra sono caveo velociter commodi alo tripudio degusto.",
    "createdAt": "2024-11-26T06:48:45.413Z"
  },
  {
    "productId": "6814c03933cd17d446b06384",
    "userId": "6822d08cc08fdfcf24d4994b",
    "rating": 5,
    "comment": "Conatus traho administratio comis adsuesco dapifer audio reprehenderit tactus adipiscor.",
    "createdAt": "2024-11-24T06:48:45.413Z"
  },
  {
    "productId": "6814c1b5ba01e3aab8f3f3f8",
    "userId": "6822d06cc08fdfcf24d493df",
    "rating": 3,
    "comment": "Volup vel coniecto vilis cibo volubilis depereo tempus tumultus umbra.",
    "createdAt": "2024-11-22T09:29:36.056Z"
  },
  {
    "productId": "6814d007dac5e44185ec2223",
    "userId": "6822d074c08fdfcf24d494f9",
    "rating": 4,
    "comment": "Commemoro deprecator ubi compono tardus desparatus perspiciatis demoror turbo acer.",
    "createdAt": "2024-11-26T10:18:37.953Z"
  },
  {
    "productId": "6814ccc358f78c505fea9670",
    "userId": "6822d074c08fdfcf24d494f9",
    "rating": 5,
    "comment": "Patior temptatio adinventitias tam dens vespillo spiculum sto dolores vita.",
    "createdAt": "2024-11-24T10:18:37.953Z"
  },
  {
    "productId": "6814a1941c10fee4a5286d87",
    "userId": "6822d087c08fdfcf24d4980d",
    "rating": 5,
    "comment": "Creber velum thesaurus repellendus tenus solio alveus via magnam desolo.",
    "createdAt": "2024-11-25T10:41:31.757Z"
  },
  {
    "productId": "6814af8df38840c4bcc37ecf",
    "userId": "6822d069c08fdfcf24d492ed",
    "rating": 5,
    "comment": "Celebrer via repellat nisi corpus solus accommodo tonsor cibus absum.",
    "createdAt": "2024-11-24T14:18:09.694Z"
  },
  {
    "productId": "6814a81835053cb1544dd115",
    "userId": "6822d06dc08fdfcf24d493e1",
    "rating": 5,
    "comment": "Cedo dicta coniuratio optio nisi quae cavus verbera tabgo dicta.",
    "createdAt": "2024-11-24T17:49:38.404Z"
  },
  {
    "productId": "6814cf2ef6a78c6dfa308452",
    "userId": "6822d077c08fdfcf24d495db",
    "rating": 4,
    "comment": "Appello apto territo quibusdam ultio trucido balbus cernuus exercitationem amaritudo.",
    "createdAt": "2024-11-22T19:13:20.379Z"
  },
  {
    "productId": "6814c741b44fb7a9e6cbb4b5",
    "userId": "6822d077c08fdfcf24d495db",
    "rating": 5,
    "comment": "Ago vilicus annus repellendus voluptatum conturbo tamen desino sollicito repudiandae.",
    "createdAt": "2024-11-25T19:13:20.379Z"
  },
  {
    "productId": "6814bcdd958ad8fcad8c544f",
    "userId": "6822d077c08fdfcf24d495db",
    "rating": 5,
    "comment": "Vinco abscido delicate calco taceo coniuratio tandem bardus suppellex infit.",
    "createdAt": "2024-11-26T19:13:20.379Z"
  },
  {
    "productId": "68149cfe30a898aab1f043ac",
    "userId": "6822d077c08fdfcf24d495db",
    "rating": 5,
    "comment": "Occaecati concedo territo coniuratio ante excepturi umbra attollo soluta vero.",
    "createdAt": "2024-11-25T19:13:20.379Z"
  },
  {
    "productId": "6814b49adb8e7421d905485e",
    "userId": "6822d09bc08fdfcf24d49b6f",
    "rating": 5,
    "comment": "Veniam stillicidium congregatio demulceo quis vivo adamo amoveo ex adfero.",
    "createdAt": "2024-11-24T21:21:28.985Z"
  },
  {
    "productId": "6814bcdd958ad8fcad8c546f",
    "userId": "6822d09bc08fdfcf24d49b6f",
    "rating": 5,
    "comment": "Tenax timor aperio porro cras amplexus tamisium comminor alo commodo.",
    "createdAt": "2024-11-25T21:21:28.985Z"
  },
  {
    "productId": "6814d31019ffed8d9ec6b553",
    "userId": "6822d09bc08fdfcf24d49b6f",
    "rating": 3,
    "comment": "Sophismata patruus tepesco quo coaegresco sponte usque vesper teneo atrox.",
    "createdAt": "2024-11-22T21:21:28.985Z"
  },
  {
    "productId": "6814bf396172128284c9bf28",
    "userId": "6822d09bc08fdfcf24d49b6f",
    "rating": 4,
    "comment": "Caste cubicularis culpo tollo valens casus eligendi campana despecto turpis.",
    "createdAt": "2024-11-23T21:21:28.985Z"
  },
  {
    "productId": "6814cabe1780e5204676cde3",
    "userId": "6822d091c08fdfcf24d499ef",
    "rating": 3,
    "comment": "Bene solium aurum aedificium casso volo volva surculus tenus vestigium.",
    "createdAt": "2024-11-23T21:37:05.664Z"
  },
  {
    "productId": "6814d519d4982e02496b64ba",
    "userId": "6822d07dc08fdfcf24d49635",
    "rating": 5,
    "comment": "Curiositas claudeo ventito suggero solvo atavus succurro magni fugiat aequus.",
    "createdAt": "2024-11-27T23:44:49.971Z"
  },
  {
    "productId": "6814c2ca511161f3045acc24",
    "userId": "6822d088c08fdfcf24d49841",
    "rating": 3,
    "comment": "Caste undique thermae pectus perspiciatis demulceo studio decimus viridis cito.",
    "createdAt": "2024-11-27T00:09:30.448Z"
  },
  {
    "productId": "6814af8df38840c4bcc37eb8",
    "userId": "6822d088c08fdfcf24d49841",
    "rating": 5,
    "comment": "Defluo aiunt velociter tabula accendo cotidie cribro uterque absconditus adicio.",
    "createdAt": "2024-11-23T00:09:30.448Z"
  },
  {
    "productId": "6814d519d4982e02496b64ae",
    "userId": "6822d088c08fdfcf24d49841",
    "rating": 5,
    "comment": "Subseco tamdiu infit architecto utique bene cognomen tertius terreo stultus.",
    "createdAt": "2024-11-23T00:09:30.448Z"
  },
  {
    "productId": "6814c104ca19a92a5b1d5b1f",
    "userId": "6822d088c08fdfcf24d49841",
    "rating": 5,
    "comment": "Verecundia catena capillus strenuus animus cur fugit confido dapifer ex.",
    "createdAt": "2024-11-27T00:09:30.448Z"
  },
  {
    "productId": "6814daff48198c3c05074c2f",
    "userId": "6822d069c08fdfcf24d49309",
    "rating": 3,
    "comment": "Agnosco desino tollo super vigilo suppellex dedico verbera decens summisse.",
    "createdAt": "2024-11-23T06:43:08.342Z"
  },
  {
    "productId": "6814d3abbcd9b504d290b030",
    "userId": "6822d080c08fdfcf24d49719",
    "rating": 5,
    "comment": "Magni turbo antiquus verbera utroque ipsum facere velociter uxor votum.",
    "createdAt": "2024-11-25T07:05:01.832Z"
  },
  {
    "productId": "6814c1b4ba01e3aab8f3f3a8",
    "userId": "6822d090c08fdfcf24d499b9",
    "rating": 5,
    "comment": "Unus cito tonsor cruentus dens aiunt adicio aliqua utor culpo.",
    "createdAt": "2024-11-26T09:05:52.726Z"
  },
  {
    "productId": "6814ccc358f78c505fea964b",
    "userId": "6822d091c08fdfcf24d499d1",
    "rating": 4,
    "comment": "Voluntarius decens quo magni clementia aperte vereor venustas ago coma.",
    "createdAt": "2024-11-25T10:11:23.332Z"
  },
  {
    "productId": "6814a1941c10fee4a5286d87",
    "userId": "6822d091c08fdfcf24d499d1",
    "rating": 4,
    "comment": "Thorax ipsum aiunt avarus carpo contra capio cervus adstringo catena.",
    "createdAt": "2024-11-26T10:11:23.332Z"
  },
  {
    "productId": "6814be17a67388b7fa2b0388",
    "userId": "6822d091c08fdfcf24d499d1",
    "rating": 1,
    "comment": "Accedo supellex bardus solvo volaticus carmen teres tres tutamen tabesco.",
    "createdAt": "2024-11-25T10:11:23.332Z"
  },
  {
    "productId": "6814c75737cb2b415f50f047",
    "userId": "6822d091c08fdfcf24d499d1",
    "rating": 4,
    "comment": "Molestiae cervus inflammatio chirographum contra ocer quam ademptio aiunt deorsum.",
    "createdAt": "2024-11-23T10:11:23.332Z"
  },
  {
    "productId": "6814d245995813a18f27d938",
    "userId": "6822d06ac08fdfcf24d49347",
    "rating": 1,
    "comment": "Vae vomito clementia cumque audacia pariatur facere agnosco solium pariatur.",
    "createdAt": "2024-11-28T11:48:46.608Z"
  },
  {
    "productId": "6814ccc358f78c505fea968c",
    "userId": "6822d06ac08fdfcf24d49347",
    "rating": 5,
    "comment": "Pel appono casus adsum adhuc thorax tamen aliquid textor voluntarius.",
    "createdAt": "2024-11-27T11:48:46.608Z"
  },
  {
    "productId": "6814d519d4982e02496b64cd",
    "userId": "6822d06ac08fdfcf24d49347",
    "rating": 5,
    "comment": "Et caute summisse coepi aeneus adfero aspicio despecto decimus peccatus.",
    "createdAt": "2024-11-24T11:48:46.608Z"
  },
  {
    "productId": "6814d3abbcd9b504d290b03c",
    "userId": "6822d06ac08fdfcf24d49347",
    "rating": 5,
    "comment": "Chirographum adimpleo aduro curiositas adfectus exercitationem veritatis commodo coniecto vitiosus.",
    "createdAt": "2024-11-23T11:48:46.608Z"
  },
  {
    "productId": "6814be18a67388b7fa2b03cc",
    "userId": "6822d078c08fdfcf24d49619",
    "rating": 5,
    "comment": "Commodo vespillo amor debitis incidunt suadeo sum ad tendo agnitio.",
    "createdAt": "2024-11-25T12:49:16.021Z"
  },
  {
    "productId": "6814a81835053cb1544dd10e",
    "userId": "6822d078c08fdfcf24d49619",
    "rating": 5,
    "comment": "Porro exercitationem dicta cuppedia annus beneficium vester quia tamisium crastinus.",
    "createdAt": "2024-11-23T12:49:16.021Z"
  },
  {
    "productId": "6814cabe1780e5204676cdf7",
    "userId": "6822d074c08fdfcf24d494e1",
    "rating": 1,
    "comment": "Caput quas cado uredo addo ullus torrens vox cupiditas impedit.",
    "createdAt": "2024-11-23T15:46:17.965Z"
  },
  {
    "productId": "6814d8faa6b79f1523907ea4",
    "userId": "6822d074c08fdfcf24d494e1",
    "rating": 5,
    "comment": "Denuo vesco deputo decretum conforto terga vindico amicitia tot quae.",
    "createdAt": "2024-11-28T15:46:17.965Z"
  },
  {
    "productId": "6814d3abbcd9b504d290b075",
    "userId": "6822d074c08fdfcf24d494e1",
    "rating": 5,
    "comment": "Thalassinus supplanto patior adulatio cetera acidus dens tam perspiciatis animi.",
    "createdAt": "2024-11-26T15:46:17.965Z"
  },
  {
    "productId": "6814c3b3595891202e483a60",
    "userId": "6822d074c08fdfcf24d494e1",
    "rating": 1,
    "comment": "Denuncio terebro attollo bene taceo usque umerus fugiat viscus corona.",
    "createdAt": "2024-11-24T15:46:17.965Z"
  },
  {
    "productId": "6814a81935053cb1544dd169",
    "userId": "6822d099c08fdfcf24d49ad3",
    "rating": 5,
    "comment": "Ullus spes tonsor tolero accommodo tam vulnero ducimus tracto talio.",
    "createdAt": "2024-11-25T21:05:20.503Z"
  },
  {
    "productId": "6814d31019ffed8d9ec6b569",
    "userId": "6822d074c08fdfcf24d494fb",
    "rating": 5,
    "comment": "Patrocinor in cupiditate caterva cotidie claustrum numquam curriculum laudantium bos.",
    "createdAt": "2024-11-25T02:01:00.202Z"
  },
  {
    "productId": "6814a1931c10fee4a5286d75",
    "userId": "6822d090c08fdfcf24d49999",
    "rating": 4,
    "comment": "Amoveo acer aegre theologus conor suffoco officiis turpis thermae tot.",
    "createdAt": "2024-11-27T03:32:05.776Z"
  },
  {
    "productId": "6814c740b44fb7a9e6cbb49e",
    "userId": "6822d090c08fdfcf24d49999",
    "rating": 5,
    "comment": "Quasi articulus aufero derelinquo tolero claudeo acceptus carcer cauda suasoria.",
    "createdAt": "2024-11-25T03:32:05.776Z"
  },
  {
    "productId": "6814c103ca19a92a5b1d5b07",
    "userId": "6822d090c08fdfcf24d49999",
    "rating": 4,
    "comment": "Derideo stillicidium utilis nisi velum accedo cattus censura vulgivagus voluptates.",
    "createdAt": "2024-11-29T03:32:05.776Z"
  },
  {
    "productId": "6814d8faa6b79f1523907ecc",
    "userId": "6822d090c08fdfcf24d49999",
    "rating": 4,
    "comment": "Rerum dignissimos compono deinde perspiciatis denuncio basium deporto corrumpo campana.",
    "createdAt": "2024-11-29T03:32:05.776Z"
  },
  {
    "productId": "6814d49dabc2c4bf4ecaf51e",
    "userId": "6822d081c08fdfcf24d49757",
    "rating": 5,
    "comment": "Consequatur vae absum caelestis decretum depopulo necessitatibus ascisco torqueo ater.",
    "createdAt": "2024-11-24T05:22:31.413Z"
  },
  {
    "productId": "6814d008dac5e44185ec222b",
    "userId": "6822d091c08fdfcf24d499df",
    "rating": 5,
    "comment": "Curvo molestiae vitiosus umerus tabella arceo voro demonstro clarus acsi.",
    "createdAt": "2024-11-24T05:49:09.179Z"
  },
  {
    "productId": "6814d519d4982e02496b64ba",
    "userId": "6822d088c08fdfcf24d4982f",
    "rating": 5,
    "comment": "Sol succurro caste acidus voluptatibus summopere animadverto claro tibi depromo.",
    "createdAt": "2024-11-29T06:45:57.922Z"
  },
  {
    "productId": "6814daff48198c3c05074c4d",
    "userId": "6822d076c08fdfcf24d4958d",
    "rating": 5,
    "comment": "Alo arbor tenetur chirographum consequuntur tunc neque vinitor vesper mollitia.",
    "createdAt": "2024-11-27T06:50:09.767Z"
  },
  {
    "productId": "6814cabe1780e5204676cded",
    "userId": "6822d091c08fdfcf24d499ef",
    "rating": 5,
    "comment": "Suscipio capitulus coniecto bellicus attero desparatus sponte depopulo cogo civitas.",
    "createdAt": "2024-11-29T08:54:51.416Z"
  },
  {
    "productId": "6814d246995813a18f27d963",
    "userId": "6822d07fc08fdfcf24d496bf",
    "rating": 5,
    "comment": "Abscido talus vomer voluptate surgo umerus tempora confero depereo soleo.",
    "createdAt": "2024-11-29T09:09:05.045Z"
  },
  {
    "productId": "6814a1941c10fee4a5286d9a",
    "userId": "6822d091c08fdfcf24d499eb",
    "rating": 3,
    "comment": "Terga solitudo vesper audax vulgo assentator deleo strenuus conicio defluo.",
    "createdAt": "2024-11-29T12:08:04.077Z"
  },
  {
    "productId": "6814b49adb8e7421d905485e",
    "userId": "6822d080c08fdfcf24d49709",
    "rating": 5,
    "comment": "Accusator suppellex maiores temperantia demergo creator impedit cumque aestivus tubineus.",
    "createdAt": "2024-11-27T12:33:32.984Z"
  },
  {
    "productId": "6814c2ca511161f3045acc14",
    "userId": "6822d091c08fdfcf24d499eb",
    "rating": 1,
    "comment": "Aperte utpote tam corrupti vereor odit apto iusto nisi vinitor.",
    "createdAt": "2024-11-29T18:58:54.692Z"
  },
  {
    "productId": "6814d245995813a18f27d92c",
    "userId": "6822d08fc08fdfcf24d49977",
    "rating": 1,
    "comment": "Terebro veritas concido vapulus sulum autus tero crux uxor venia.",
    "createdAt": "2024-11-27T21:32:49.027Z"
  },
  {
    "productId": "6814c2ca511161f3045acbd8",
    "userId": "6822d072c08fdfcf24d4947b",
    "rating": 5,
    "comment": "Video adfero vomica deserunt confugo ulterius basium demens culpo vero.",
    "createdAt": "2024-11-25T21:44:48.842Z"
  },
  {
    "productId": "6814cabf1780e5204676ce0a",
    "userId": "6822d068c08fdfcf24d492b5",
    "rating": 5,
    "comment": "Ago tibi derideo cohors aegrus omnis comparo ancilla vinculum vilitas.",
    "createdAt": "2024-11-25T04:33:24.738Z"
  },
  {
    "productId": "6814af8ef38840c4bcc37ef0",
    "userId": "6822d08cc08fdfcf24d49957",
    "rating": 5,
    "comment": "Traho defessus amet acquiro sumo tertius toties tum deorsum eum.",
    "createdAt": "2024-11-29T16:20:17.591Z"
  },
  {
    "productId": "6814c741b44fb7a9e6cbb4a6",
    "userId": "6822d06cc08fdfcf24d493ab",
    "rating": 4,
    "comment": "Quia quaerat adnuo doloremque adstringo utrimque timidus absorbeo commemoro cerno.",
    "createdAt": "2024-11-30T01:23:53.280Z"
  },
  {
    "productId": "6814d518d4982e02496b648e",
    "userId": "6822d06cc08fdfcf24d493ab",
    "rating": 3,
    "comment": "Acerbitas ipsam aggero animi est ait audax comes ab beatus.",
    "createdAt": "2024-11-26T01:23:53.280Z"
  },
  {
    "productId": "6814c3b3595891202e483a6c",
    "userId": "6822d06cc08fdfcf24d493ab",
    "rating": 1,
    "comment": "Stillicidium auditor uxor turpis expedita suspendo supellex patria comminor totus.",
    "createdAt": "2024-11-27T01:23:53.280Z"
  },
  {
    "productId": "6814d49dabc2c4bf4ecaf51e",
    "userId": "6822d098c08fdfcf24d49abb",
    "rating": 4,
    "comment": "Pax sufficio spiritus absconditus averto alter custodia supra copiose volup.",
    "createdAt": "2024-11-27T03:09:01.788Z"
  },
  {
    "productId": "6814d008dac5e44185ec2241",
    "userId": "6822d080c08fdfcf24d49707",
    "rating": 5,
    "comment": "Damno thema currus degero arceo clamo textor absum currus dolores.",
    "createdAt": "2024-12-01T05:02:27.009Z"
  },
  {
    "productId": "6814d008dac5e44185ec2247",
    "userId": "6822d08cc08fdfcf24d4992b",
    "rating": 4,
    "comment": "Decipio acer solitudo amplus vulgaris subito deserunt aptus adipisci demulceo.",
    "createdAt": "2024-11-27T05:19:21.613Z"
  },
  {
    "productId": "6814d30f19ffed8d9ec6b546",
    "userId": "6822d083c08fdfcf24d497df",
    "rating": 2,
    "comment": "Tutis ago subnecto carus ait mollitia hic cupiditate textilis sollicito.",
    "createdAt": "2024-12-01T05:27:39.997Z"
  },
  {
    "productId": "68149cfe30a898aab1f043be",
    "userId": "6822d083c08fdfcf24d497df",
    "rating": 5,
    "comment": "Cubicularis tantillus adipisci vulpes tabgo vobis cenaculum aeger summopere cohaero.",
    "createdAt": "2024-12-01T05:27:39.997Z"
  },
  {
    "productId": "68149cfe30a898aab1f043cb",
    "userId": "6822d083c08fdfcf24d497df",
    "rating": 4,
    "comment": "Coaegresco decretum deprecator conqueror degero cursim assumenda vilicus infit umquam.",
    "createdAt": "2024-11-30T05:27:39.997Z"
  },
  {
    "productId": "6814d008dac5e44185ec2247",
    "userId": "6822d088c08fdfcf24d49821",
    "rating": 5,
    "comment": "Vehemens tepidus tracto argumentum trepide vaco celer approbo uter cum.",
    "createdAt": "2024-11-26T13:36:29.010Z"
  },
  {
    "productId": "6814be17a67388b7fa2b03a4",
    "userId": "6822d088c08fdfcf24d49821",
    "rating": 5,
    "comment": "Vapulus clam vester talio quisquam occaecati acerbitas nesciunt caelestis cupiditate.",
    "createdAt": "2024-11-27T13:36:29.010Z"
  },
  {
    "productId": "6814d8faa6b79f1523907eb6",
    "userId": "6822d088c08fdfcf24d49821",
    "rating": 5,
    "comment": "Odit vomito sursum fugiat utrimque urbs crudelis condico arca umerus.",
    "createdAt": "2024-12-01T13:36:29.010Z"
  },
  {
    "productId": "6814d49dabc2c4bf4ecaf51e",
    "userId": "6822d088c08fdfcf24d49821",
    "rating": 5,
    "comment": "Vado aegrotatio illum umquam deprimo aedificium cruciamentum stips crustulum congregatio.",
    "createdAt": "2024-11-29T13:36:29.010Z"
  },
  {
    "productId": "6814d4dbd4982e02496b6362",
    "userId": "6822d093c08fdfcf24d49a73",
    "rating": 5,
    "comment": "Audax argumentum ulterius damnatio textus ratione spes vulgaris at molestiae.",
    "createdAt": "2024-12-01T19:38:07.826Z"
  },
  {
    "productId": "6814c3b3595891202e483a90",
    "userId": "6822d093c08fdfcf24d49a73",
    "rating": 2,
    "comment": "Damno valeo theatrum adficio conturbo truculenter demoror civitas xiphias beatus.",
    "createdAt": "2024-11-29T19:38:07.826Z"
  },
  {
    "productId": "6814af8ef38840c4bcc37ee6",
    "userId": "6822d093c08fdfcf24d49a73",
    "rating": 5,
    "comment": "Tutis eaque subvenio acerbitas quis crustulum accommodo canonicus vicissitudo et.",
    "createdAt": "2024-11-29T19:38:07.826Z"
  },
  {
    "productId": "6814bcdd958ad8fcad8c546f",
    "userId": "6822d093c08fdfcf24d49a73",
    "rating": 4,
    "comment": "Dapifer copia administratio validus peior asporto adulescens curiositas crudelis abbas.",
    "createdAt": "2024-11-28T19:38:07.826Z"
  },
  {
    "productId": "6814cabe1780e5204676cdc6",
    "userId": "6822d09bc08fdfcf24d49b6d",
    "rating": 5,
    "comment": "Crur uter quas acer vir tepesco cogito cauda curto terebro.",
    "createdAt": "2024-11-26T20:44:52.773Z"
  },
  {
    "productId": "6814b49adb8e7421d9054837",
    "userId": "6822d06dc08fdfcf24d493e5",
    "rating": 5,
    "comment": "Testimonium patria adinventitias excepturi soleo circumvenio degero degusto vos dedico.",
    "createdAt": "2024-12-02T00:45:49.439Z"
  },
  {
    "productId": "6814ccc358f78c505fea9668",
    "userId": "6822d073c08fdfcf24d494d3",
    "rating": 3,
    "comment": "Deserunt calculus asporto amor cruciamentum sopor cohors advenio harum soluta.",
    "createdAt": "2024-12-02T03:34:27.305Z"
  },
  {
    "productId": "6814daff48198c3c05074c2f",
    "userId": "6822d073c08fdfcf24d494d3",
    "rating": 5,
    "comment": "Adipisci aranea labore suppono ascisco ante centum adamo basium curvo.",
    "createdAt": "2024-12-01T03:34:27.305Z"
  },
  {
    "productId": "6814ccc358f78c505fea968c",
    "userId": "6822d073c08fdfcf24d494d3",
    "rating": 5,
    "comment": "Comitatus vesco quo unde aetas super tracto vix subnecto repudiandae.",
    "createdAt": "2024-12-02T03:34:27.305Z"
  },
  {
    "productId": "68149cfe30a898aab1f043cb",
    "userId": "6822d073c08fdfcf24d494d3",
    "rating": 5,
    "comment": "Derelinquo admiratio defetiscor sursum vinitor derelinquo bonus certus synagoga verumtamen.",
    "createdAt": "2024-11-29T03:34:27.305Z"
  },
  {
    "productId": "6814b49adb8e7421d9054837",
    "userId": "6822d090c08fdfcf24d49985",
    "rating": 5,
    "comment": "Clementia usitas officia modi aliquid sursum pariatur terminatio bene repellendus.",
    "createdAt": "2024-11-30T10:53:28.461Z"
  },
  {
    "productId": "6814d3abbcd9b504d290b087",
    "userId": "6822d08bc08fdfcf24d498e5",
    "rating": 5,
    "comment": "Delectatio explicabo carbo adsum ago volutabrum tyrannus trans utpote infit.",
    "createdAt": "2024-12-01T12:32:26.750Z"
  },
  {
    "productId": "6814cabe1780e5204676cde3",
    "userId": "6822d09cc08fdfcf24d49baf",
    "rating": 5,
    "comment": "Adamo adhaero apparatus atqui talio thorax stultus crepusculum maxime vomica.",
    "createdAt": "2024-11-28T16:55:37.501Z"
  },
  {
    "productId": "6814ccc358f78c505fea967a",
    "userId": "6822d078c08fdfcf24d49607",
    "rating": 5,
    "comment": "Comes corrupti copiose tot vehemens conatus vacuus acceptus cresco necessitatibus.",
    "createdAt": "2024-12-02T00:33:42.115Z"
  },
  {
    "productId": "6814c741b44fb7a9e6cbb4a6",
    "userId": "6822d088c08fdfcf24d4981f",
    "rating": 3,
    "comment": "Ut audentia apparatus sollicito spargo vereor tamen cupio concedo templum.",
    "createdAt": "2024-12-01T03:27:34.945Z"
  },
  {
    "productId": "6814c104ca19a92a5b1d5b2f",
    "userId": "6822d087c08fdfcf24d4980f",
    "rating": 5,
    "comment": "Calculus comptus talio ver thesis contigo solio caste celebrer cuppedia.",
    "createdAt": "2024-11-29T07:31:50.135Z"
  },
  {
    "productId": "6814af8df38840c4bcc37eb2",
    "userId": "6822d087c08fdfcf24d4980f",
    "rating": 5,
    "comment": "Decerno comis solutio ciminatio paens spectaculum angelus adimpleo creator solium.",
    "createdAt": "2024-11-30T07:31:50.135Z"
  },
  {
    "productId": "6814c1b4ba01e3aab8f3f386",
    "userId": "6822d087c08fdfcf24d4980f",
    "rating": 5,
    "comment": "Denuncio vinculum vulpes socius copia via speciosus optio animi sto.",
    "createdAt": "2024-11-28T07:31:50.135Z"
  },
  {
    "productId": "6814d886eb6e44f9df4dc00b",
    "userId": "6822d087c08fdfcf24d4980f",
    "rating": 5,
    "comment": "Aliquam tristis cunabula tenuis volutabrum ullus deserunt consuasor advoco vel.",
    "createdAt": "2024-12-02T07:31:50.135Z"
  },
  {
    "productId": "68149cfe30a898aab1f043b8",
    "userId": "6822d07fc08fdfcf24d496b7",
    "rating": 1,
    "comment": "Villa conicio caveo abscido canonicus ratione aspicio corona sed denego.",
    "createdAt": "2024-11-29T09:37:33.315Z"
  },
  {
    "productId": "6814d49dabc2c4bf4ecaf516",
    "userId": "6822d076c08fdfcf24d49589",
    "rating": 2,
    "comment": "Damno supra defaeco terebro ocer virtus argumentum vulgaris colo bis.",
    "createdAt": "2024-11-29T21:12:53.194Z"
  },
  {
    "productId": "6814c1b5ba01e3aab8f3f3d0",
    "userId": "6822d076c08fdfcf24d49589",
    "rating": 5,
    "comment": "Cervus demens textor conculco utique sordeo vobis utrimque calamitas cattus.",
    "createdAt": "2024-12-04T21:12:53.194Z"
  },
  {
    "productId": "6814c2ca511161f3045acbe4",
    "userId": "6822d076c08fdfcf24d49589",
    "rating": 5,
    "comment": "Amplitudo tego virga tubineus defendo alienus deprimo tantillus denego omnis.",
    "createdAt": "2024-11-29T21:12:53.194Z"
  },
  {
    "productId": "6814af8ef38840c4bcc37ef0",
    "userId": "6822d076c08fdfcf24d49589",
    "rating": 4,
    "comment": "Sol ultra solvo virgo allatus attollo abundans ventito perferendis conforto.",
    "createdAt": "2024-12-04T21:12:53.194Z"
  },
  {
    "productId": "6814c2ca511161f3045acbc2",
    "userId": "6822d08cc08fdfcf24d49955",
    "rating": 5,
    "comment": "Iste degenero autem suppono venia uter supplanto accedo corporis timidus.",
    "createdAt": "2024-11-30T05:39:06.270Z"
  },
  {
    "productId": "68149cfe30a898aab1f043c5",
    "userId": "6822d09ac08fdfcf24d49b41",
    "rating": 1,
    "comment": "Bos pel claro creator carpo illo suppellex hic sursum vereor.",
    "createdAt": "2024-12-05T10:50:48.694Z"
  },
  {
    "productId": "6814c75737cb2b415f50f06b",
    "userId": "6822d091c08fdfcf24d499c3",
    "rating": 5,
    "comment": "Arma tamdiu nobis textilis cotidie custodia colligo vestrum paulatim tabula.",
    "createdAt": "2024-12-03T12:14:35.338Z"
  },
  {
    "productId": "6814c740b44fb7a9e6cbb49e",
    "userId": "6822d078c08fdfcf24d495e5",
    "rating": 5,
    "comment": "Adnuo vitiosus beneficium textus ter alioqui bos venio adamo odit.",
    "createdAt": "2024-12-05T12:34:45.123Z"
  },
  {
    "productId": "6814d30f19ffed8d9ec6b536",
    "userId": "6822d078c08fdfcf24d495e5",
    "rating": 5,
    "comment": "Derelinquo tunc vigor dolor acidus pecus clarus vallum facilis nemo.",
    "createdAt": "2024-12-01T12:34:45.123Z"
  },
  {
    "productId": "6814c75637cb2b415f50f02b",
    "userId": "6822d078c08fdfcf24d495e5",
    "rating": 5,
    "comment": "Concido terra aliquam eos carcer pecus nisi vespillo quo reiciendis.",
    "createdAt": "2024-12-04T12:34:45.123Z"
  },
  {
    "productId": "6814d3abbcd9b504d290b03c",
    "userId": "6822d078c08fdfcf24d495e5",
    "rating": 5,
    "comment": "Vel patrocinor arcus sperno nobis demergo altus barba deleo vehemens.",
    "createdAt": "2024-12-02T12:34:45.123Z"
  },
  {
    "productId": "6814a1941c10fee4a5286d9a",
    "userId": "6822d076c08fdfcf24d49597",
    "rating": 5,
    "comment": "Victoria aestas arto apostolus certus tribuo canonicus eum animadverto numquam.",
    "createdAt": "2024-12-01T20:10:55.644Z"
  },
  {
    "productId": "6814d3abbcd9b504d290b030",
    "userId": "6822d07ec08fdfcf24d49685",
    "rating": 4,
    "comment": "Cupiditate demergo bis necessitatibus consequuntur blandior comparo tricesimus adfectus abscido.",
    "createdAt": "2024-12-04T00:29:34.921Z"
  },
  {
    "productId": "6814c03933cd17d446b06384",
    "userId": "6822d07ec08fdfcf24d49685",
    "rating": 1,
    "comment": "Claustrum vae candidus attero absorbeo amplus amo rem abbas despecto.",
    "createdAt": "2024-12-03T00:29:34.921Z"
  },
  {
    "productId": "6814bcdd958ad8fcad8c547b",
    "userId": "6822d07ec08fdfcf24d49685",
    "rating": 5,
    "comment": "Depono vesco tempore succurro cedo creptio tibi subvenio tabula odio.",
    "createdAt": "2024-12-06T00:29:34.921Z"
  },
  {
    "productId": "6814c104ca19a92a5b1d5b1f",
    "userId": "6822d07ec08fdfcf24d49685",
    "rating": 5,
    "comment": "Architecto velociter crapula ascisco cubo ars patruus vere appositus conatus.",
    "createdAt": "2024-12-03T00:29:34.921Z"
  },
  {
    "productId": "6814bf386172128284c9bee8",
    "userId": "6822d098c08fdfcf24d49a9f",
    "rating": 3,
    "comment": "Contabesco bene tondeo ventosus vociferor spargo consequatur velum vorax vulticulus.",
    "createdAt": "2024-12-03T03:18:44.090Z"
  },
  {
    "productId": "6814bcdd958ad8fcad8c544f",
    "userId": "6822d074c08fdfcf24d49507",
    "rating": 5,
    "comment": "Itaque pecco corporis acervus suadeo et totam complectus constans cibus.",
    "createdAt": "2024-12-03T06:31:39.823Z"
  },
  {
    "productId": "6814b49adb8e7421d9054864",
    "userId": "6822d08ac08fdfcf24d498bb",
    "rating": 5,
    "comment": "Vitiosus dolorem deprecator cernuus adipisci aestus volaticus recusandae eum tepesco.",
    "createdAt": "2024-12-05T15:18:10.965Z"
  },
  {
    "productId": "6814c03933cd17d446b063a8",
    "userId": "6822d076c08fdfcf24d4956d",
    "rating": 5,
    "comment": "Tolero debitis depopulo solitudo et arcesso urbanus cursus nemo acidus.",
    "createdAt": "2024-12-06T15:51:03.902Z"
  },
  {
    "productId": "6814c103ca19a92a5b1d5b13",
    "userId": "6822d080c08fdfcf24d49729",
    "rating": 4,
    "comment": "Angulus vomer theologus corrumpo altus vulnus conqueror velum apostolus cattus.",
    "createdAt": "2024-12-04T17:50:13.330Z"
  }
]
