[
  {
    "productId": "6814af8ef38840c4bcc37ee6",
    "userId": "6823025b1f98de2bb173e473",
    "rating": 3,
    "comment": "Spes infit patior asporto defero vinum bonus confero celebrer conservo.",
    "createdAt": "2025-02-09T00:24:22.341Z"
  },
  {
    "productId": "6814c2ca511161f3045acc14",
    "userId": "6822d06ec08fdfcf24d49447",
    "rating": 5,
    "comment": "Tristis amplitudo verecundia ante barba tricesimus adulescens textus suppono torqueo.",
    "createdAt": "2025-02-08T08:49:42.821Z"
  },
  {
    "productId": "6814d519d4982e02496b64ae",
    "userId": "6822d06ec08fdfcf24d49447",
    "rating": 3,
    "comment": "Vorax ancilla stella deinde uterque vulnero tamquam condico subito accusamus.",
    "createdAt": "2025-02-05T08:49:42.821Z"
  },
  {
    "productId": "6814d008dac5e44185ec2233",
    "userId": "6822d06ec08fdfcf24d49447",
    "rating": 5,
    "comment": "Credo vespillo votum curtus adhuc ambulo magni ambulo supra odio.",
    "createdAt": "2025-02-06T08:49:42.821Z"
  },
  {
    "productId": "6814d8faa6b79f1523907e9d",
    "userId": "6822d06ec08fdfcf24d49447",
    "rating": 5,
    "comment": "Apud valens infit vorax copiose bos vomito vito volup tribuo.",
    "createdAt": "2025-02-05T08:49:42.821Z"
  },
  {
    "productId": "6814bf386172128284c9bec0",
    "userId": "682302591f98de2bb173e419",
    "rating": 5,
    "comment": "Viridis convoco crux deripio congregatio conatus aegre bestia maxime verumtamen.",
    "createdAt": "2025-02-08T09:45:27.920Z"
  },
  {
    "productId": "6814d246995813a18f27d95b",
    "userId": "682302591f98de2bb173e419",
    "rating": 5,
    "comment": "Alienus vulpes vorago asperiores avaritia urbanus tendo adflicto concido spoliatio.",
    "createdAt": "2025-02-04T09:45:27.920Z"
  },
  {
    "productId": "6814c3b3595891202e483a90",
    "userId": "682302591f98de2bb173e419",
    "rating": 5,
    "comment": "Constans quaerat taedium error suffoco tenetur conspergo terga vinum curo.",
    "createdAt": "2025-02-04T09:45:27.920Z"
  },
  {
    "productId": "6814c104ca19a92a5b1d5b63",
    "userId": "682302591f98de2bb173e419",
    "rating": 5,
    "comment": "Ara vulnero vicinus crudelis vinitor vesper admoveo defetiscor aggredior creo.",
    "createdAt": "2025-02-07T09:45:27.920Z"
  },
  {
    "productId": "6814c1b4ba01e3aab8f3f39c",
    "userId": "6822d080c08fdfcf24d49705",
    "rating": 5,
    "comment": "Certe laborum baiulus unus suppono porro volo contigo paens defetiscor.",
    "createdAt": "2025-02-04T10:09:11.021Z"
  },
  {
    "productId": "6814bcdd958ad8fcad8c543d",
    "userId": "682302581f98de2bb173e3f1",
    "rating": 3,
    "comment": "Totus subito sint deleniti quam corroboro vorax traho adflicto stabilis.",
    "createdAt": "2025-02-04T11:28:54.858Z"
  },
  {
    "productId": "6814c03933cd17d446b0635c",
    "userId": "6822d08bc08fdfcf24d49903",
    "rating": 5,
    "comment": "Carmen caute adfero temptatio spoliatio talis vitium acervus delibero decimus.",
    "createdAt": "2025-02-04T11:29:56.163Z"
  },
  {
    "productId": "6814d519d4982e02496b64ba",
    "userId": "682302581f98de2bb173e3fd",
    "rating": 1,
    "comment": "Antiquus circumvenio alii inflammatio demitto ratione crapula demum abstergo contigo.",
    "createdAt": "2025-02-08T16:53:27.912Z"
  },
  {
    "productId": "6814d245995813a18f27d932",
    "userId": "6822d080c08fdfcf24d49705",
    "rating": 5,
    "comment": "Dolorem acerbitas tergeo nulla vinculum trucido appositus solium amiculum quam.",
    "createdAt": "2025-02-06T17:02:08.129Z"
  },
  {
    "productId": "6814b49adb8e7421d9054864",
    "userId": "6822d06ac08fdfcf24d49341",
    "rating": 5,
    "comment": "Repellendus urbanus adeo terebro dapifer canto custodia carus coaegresco speciosus.",
    "createdAt": "2025-02-09T01:45:14.941Z"
  },
  {
    "productId": "6814bf396172128284c9bf30",
    "userId": "6822d093c08fdfcf24d49a77",
    "rating": 5,
    "comment": "Minima harum tonsor amaritudo vitae alias spectaculum comes magnam defluo.",
    "createdAt": "2025-02-06T03:58:38.584Z"
  },
  {
    "productId": "68149cfe30a898aab1f043b2",
    "userId": "6822d094c08fdfcf24d49a81",
    "rating": 5,
    "comment": "Administratio tremo validus creo sit totidem voco decumbo arguo nulla.",
    "createdAt": "2025-02-06T08:46:33.227Z"
  },
  {
    "productId": "6814cbfd9ac1ce2619619246",
    "userId": "6822d094c08fdfcf24d49a81",
    "rating": 5,
    "comment": "Ascisco volutabrum talio curia demonstro arto agnosco impedit pauci tenuis.",
    "createdAt": "2025-02-08T08:46:33.227Z"
  },
  {
    "productId": "6814d886eb6e44f9df4dbff4",
    "userId": "6822d094c08fdfcf24d49a81",
    "rating": 5,
    "comment": "Cado cunabula comburo audentia traho cunctatio coniecto atrocitas aequus caritas.",
    "createdAt": "2025-02-08T08:46:33.227Z"
  },
  {
    "productId": "6814be18a67388b7fa2b03bc",
    "userId": "6822d094c08fdfcf24d49a81",
    "rating": 4,
    "comment": "Depraedor ad adsuesco creber apostolus somniculosus cervus quasi conatus suasoria.",
    "createdAt": "2025-02-05T08:46:33.227Z"
  },
  {
    "productId": "6814cf2ef6a78c6dfa308452",
    "userId": "6822d0a2c08fdfcf24d49c73",
    "rating": 5,
    "comment": "Tamdiu uredo cognatus turpis curso admitto debitis adversus templum capto.",
    "createdAt": "2025-02-09T13:44:25.050Z"
  },
  {
    "productId": "6814a81935053cb1544dd169",
    "userId": "6822d077c08fdfcf24d495b3",
    "rating": 4,
    "comment": "Ducimus denuo volo arbor temporibus capitulus campana sed admitto tamquam.",
    "createdAt": "2025-02-08T14:53:02.333Z"
  },
  {
    "productId": "6814c03933cd17d446b063cc",
    "userId": "6822d074c08fdfcf24d49519",
    "rating": 3,
    "comment": "Curto cariosus demulceo advoco deputo crinis vesper ex quisquam decretum.",
    "createdAt": "2025-02-10T15:19:19.914Z"
  },
  {
    "productId": "6814c741b44fb7a9e6cbb4c2",
    "userId": "6822d074c08fdfcf24d49519",
    "rating": 5,
    "comment": "Defessus supellex tabesco culpo adinventitias armarium crur amita sapiente ascit.",
    "createdAt": "2025-02-05T15:19:19.914Z"
  },
  {
    "productId": "6814d3abbcd9b504d290b087",
    "userId": "6822d074c08fdfcf24d49519",
    "rating": 5,
    "comment": "Aegrus adopto absorbeo cunae aegre artificiose antiquus depereo cena antea.",
    "createdAt": "2025-02-05T15:19:19.914Z"
  },
  {
    "productId": "6814c3b3595891202e483a7c",
    "userId": "6822d074c08fdfcf24d49519",
    "rating": 5,
    "comment": "Crepusculum valens aspicio aurum tero adsuesco sumo arca patria umerus.",
    "createdAt": "2025-02-06T15:19:19.914Z"
  },
  {
    "productId": "6814c1b5ba01e3aab8f3f3d8",
    "userId": "6822d077c08fdfcf24d495e1",
    "rating": 5,
    "comment": "Vacuus demitto adduco viriliter stillicidium caritas careo magni calamitas bellicus.",
    "createdAt": "2025-02-10T22:04:19.907Z"
  },
  {
    "productId": "6814c1b5ba01e3aab8f3f3d0",
    "userId": "6822d088c08fdfcf24d49815",
    "rating": 5,
    "comment": "Tantum terror usitas vox thesaurus amet eveniet comminor usitas placeat.",
    "createdAt": "2025-02-08T00:27:58.913Z"
  },
  {
    "productId": "6814d8faa6b79f1523907ecc",
    "userId": "6822d075c08fdfcf24d49537",
    "rating": 5,
    "comment": "Sonitus coaegresco arbor ante absconditus admitto acervus sequi contigo tremo.",
    "createdAt": "2025-02-10T03:15:29.971Z"
  },
  {
    "productId": "6814c2ca511161f3045acbe4",
    "userId": "6822d0a4c08fdfcf24d49ceb",
    "rating": 5,
    "comment": "Bonus perspiciatis amet auctor cauda attollo decretum sublime cernuus perspiciatis.",
    "createdAt": "2025-02-08T09:00:25.569Z"
  },
  {
    "productId": "6814ccc358f78c505fea9670",
    "userId": "6823025e1f98de2bb173e519",
    "rating": 5,
    "comment": "Viduo tamisium absens summopere amita tutis versus illo sapiente defero.",
    "createdAt": "2025-02-06T11:06:49.308Z"
  },
  {
    "productId": "6814c104ca19a92a5b1d5b3b",
    "userId": "6822d068c08fdfcf24d492d1",
    "rating": 5,
    "comment": "Venia cohaero voluptate patruus acsi beatus caelum compono turba curiositas.",
    "createdAt": "2025-02-06T14:21:52.424Z"
  },
  {
    "productId": "6814a1941c10fee4a5286d81",
    "userId": "6822d09cc08fdfcf24d49bc3",
    "rating": 5,
    "comment": "Valens callide aggredior ad accendo ad consectetur vulariter ustilo verumtamen.",
    "createdAt": "2025-02-08T20:14:41.533Z"
  },
  {
    "productId": "6814bcdd958ad8fcad8c544f",
    "userId": "6822d083c08fdfcf24d497d1",
    "rating": 1,
    "comment": "Agnosco thema turba patior barba absorbeo sophismata alo vulticulus adsidue.",
    "createdAt": "2025-02-10T22:19:40.092Z"
  },
  {
    "productId": "6814cbfc9ac1ce2619619237",
    "userId": "6822d08bc08fdfcf24d498fd",
    "rating": 5,
    "comment": "Complectus correptius temporibus aggero terga ubi concedo turba umbra suffoco.",
    "createdAt": "2025-02-07T01:49:05.164Z"
  },
  {
    "productId": "6814bf386172128284c9bed8",
    "userId": "6822d0a2c08fdfcf24d49c63",
    "rating": 5,
    "comment": "Vilitas eligendi capio absque debitis cubicularis taedium temperantia votum vulariter.",
    "createdAt": "2025-02-10T03:23:57.281Z"
  },
  {
    "productId": "6814af8df38840c4bcc37ebe",
    "userId": "6822d0a3c08fdfcf24d49ca7",
    "rating": 3,
    "comment": "Tendo accendo claro pauci apud complectus patrocinor maiores sollicito altus.",
    "createdAt": "2025-02-12T09:45:19.680Z"
  },
  {
    "productId": "6814c03933cd17d446b06374",
    "userId": "6822d091c08fdfcf24d499c1",
    "rating": 3,
    "comment": "Tergeo auditor iure adeptio alii iusto cenaculum patruus vomica cerno.",
    "createdAt": "2025-02-11T17:19:20.743Z"
  },
  {
    "productId": "6814d886eb6e44f9df4dbff4",
    "userId": "6822d091c08fdfcf24d499c1",
    "rating": 4,
    "comment": "Tui consequatur vehemens decipio thermae sub vergo una copia alveus.",
    "createdAt": "2025-02-07T17:19:20.743Z"
  },
  {
    "productId": "6814d3aabcd9b504d290b024",
    "userId": "6822d091c08fdfcf24d499c1",
    "rating": 5,
    "comment": "Ciminatio suspendo at correptius ventito angelus vicinus solutio vel defessus.",
    "createdAt": "2025-02-09T17:19:20.743Z"
  },
  {
    "productId": "6814cbfd9ac1ce261961923f",
    "userId": "6822d091c08fdfcf24d499c1",
    "rating": 4,
    "comment": "Tredecim ante ut tamisium candidus sit terminatio sperno aveho cursus.",
    "createdAt": "2025-02-12T17:19:20.743Z"
  },
  {
    "productId": "6814af8df38840c4bcc37eac",
    "userId": "6822d0a5c08fdfcf24d49d5d",
    "rating": 5,
    "comment": "Nesciunt tibi atrox comedo complectus calculus quod patria cauda supra.",
    "createdAt": "2025-02-11T17:38:18.916Z"
  },
  {
    "productId": "6814c03933cd17d446b0635c",
    "userId": "6822d081c08fdfcf24d4975b",
    "rating": 4,
    "comment": "Tantillus accusator studio acsi verto aduro comes copiose decens basium.",
    "createdAt": "2025-02-10T20:30:34.207Z"
  },
  {
    "productId": "68149cfd30a898aab1f043a7",
    "userId": "6822d081c08fdfcf24d49731",
    "rating": 5,
    "comment": "Advoco cupressus ventito aggero casso ager aer conscendo aegrotatio delectatio.",
    "createdAt": "2025-02-09T23:40:31.974Z"
  },
  {
    "productId": "6814cabf1780e5204676cdfd",
    "userId": "6822d081c08fdfcf24d49731",
    "rating": 5,
    "comment": "Theatrum stillicidium villa tribuo vindico titulus at solus templum condico.",
    "createdAt": "2025-02-10T23:40:31.974Z"
  },
  {
    "productId": "6814cbfd9ac1ce261961923f",
    "userId": "6822d081c08fdfcf24d49731",
    "rating": 5,
    "comment": "Alius cenaculum stillicidium cultura agnitio auctor spoliatio iste neque tubineus.",
    "createdAt": "2025-02-08T23:40:31.974Z"
  },
  {
    "productId": "6814d245995813a18f27d938",
    "userId": "6822d081c08fdfcf24d49731",
    "rating": 5,
    "comment": "Iure caput contabesco truculenter baiulus collum tredecim torrens terminatio curia.",
    "createdAt": "2025-02-11T23:40:31.974Z"
  },
  {
    "productId": "68149cfe30a898aab1f043ac",
    "userId": "6822d098c08fdfcf24d49aa7",
    "rating": 5,
    "comment": "Claro calculus tandem combibo admoneo arceo utrum amo tondeo usitas.",
    "createdAt": "2025-02-11T04:45:55.320Z"
  },
  {
    "productId": "6814c2ca511161f3045acc24",
    "userId": "6822d08cc08fdfcf24d4991d",
    "rating": 5,
    "comment": "Stipes molestiae ter demonstro decor statua coerceo ascit aut conatus.",
    "createdAt": "2025-02-13T06:38:10.370Z"
  },
  {
    "productId": "6814d007dac5e44185ec2216",
    "userId": "6822d08cc08fdfcf24d4991d",
    "rating": 1,
    "comment": "Tergum cursus vulgaris ustilo fugiat vilitas aliqua comparo administratio depromo.",
    "createdAt": "2025-02-12T06:38:10.370Z"
  },
  {
    "productId": "6814b49adb8e7421d905483d",
    "userId": "6822d08cc08fdfcf24d4991d",
    "rating": 4,
    "comment": "Magni vester audio supplanto texo termes voluntarius somniculosus perspiciatis decipio.",
    "createdAt": "2025-02-08T06:38:10.370Z"
  },
  {
    "productId": "6814cabe1780e5204676cde3",
    "userId": "6822d08cc08fdfcf24d4991d",
    "rating": 5,
    "comment": "Voco facere villa commodo comitatus verto canonicus demonstro solum cicuta.",
    "createdAt": "2025-02-09T06:38:10.370Z"
  },
  {
    "productId": "6814c75737cb2b415f50f06b",
    "userId": "6822d089c08fdfcf24d4987f",
    "rating": 1,
    "comment": "Tui spero vulariter sit adicio armarium balbus unus corroboro adsidue.",
    "createdAt": "2025-02-08T07:17:26.339Z"
  },
  {
    "productId": "6814c03933cd17d446b063b8",
    "userId": "6822d078c08fdfcf24d49603",
    "rating": 3,
    "comment": "Cornu defaeco canto combibo inventore damnatio utrimque vereor volaticus audax.",
    "createdAt": "2025-02-11T08:29:46.318Z"
  },
  {
    "productId": "6814d518d4982e02496b6496",
    "userId": "6823025c1f98de2bb173e4cf",
    "rating": 5,
    "comment": "Tempora arbor tero tam est contabesco amita deinde armarium dolorum.",
    "createdAt": "2025-02-08T08:32:52.625Z"
  },
  {
    "productId": "6814c741b44fb7a9e6cbb4bb",
    "userId": "6823025c1f98de2bb173e4cf",
    "rating": 5,
    "comment": "Depono amiculum thalassinus volup ascit collum amo ars nemo cogito.",
    "createdAt": "2025-02-13T08:32:52.625Z"
  },
  {
    "productId": "6814c03a33cd17d446b063db",
    "userId": "6823025c1f98de2bb173e4cf",
    "rating": 4,
    "comment": "Qui trado tibi quod aliquid auxilium auctor thorax taedium ab.",
    "createdAt": "2025-02-10T08:32:52.625Z"
  },
  {
    "productId": "6814bcdd958ad8fcad8c547b",
    "userId": "6822d092c08fdfcf24d49a05",
    "rating": 4,
    "comment": "Stabilis sum occaecati comminor aequitas denuo tero taedium sortitus tametsi.",
    "createdAt": "2025-02-08T10:52:31.301Z"
  },
  {
    "productId": "6814c03933cd17d446b0635c",
    "userId": "6822d092c08fdfcf24d49a05",
    "rating": 5,
    "comment": "Cumque texo verbum demum aliquam varius crustulum solitudo cogo artificiose.",
    "createdAt": "2025-02-11T10:52:31.301Z"
  },
  {
    "productId": "6814a81935053cb1544dd163",
    "userId": "6822d092c08fdfcf24d49a05",
    "rating": 5,
    "comment": "Vitiosus antepono defaeco cauda comptus timidus vallum cursim aegrotatio explicabo.",
    "createdAt": "2025-02-13T10:52:31.301Z"
  },
  {
    "productId": "6814bf386172128284c9bec0",
    "userId": "6822d092c08fdfcf24d49a05",
    "rating": 5,
    "comment": "Theologus torrens volup vapulus theatrum vorax crepusculum fugit terga totam.",
    "createdAt": "2025-02-09T10:52:31.301Z"
  },
  {
    "productId": "6814cbfc9ac1ce261961922f",
    "userId": "6822d08bc08fdfcf24d4990b",
    "rating": 5,
    "comment": "Labore exercitationem aranea thema cogo dedecor ver cur adicio caput.",
    "createdAt": "2025-02-11T14:36:31.024Z"
  },
  {
    "productId": "6814d3abbcd9b504d290b087",
    "userId": "6822d06bc08fdfcf24d49381",
    "rating": 5,
    "comment": "Aestus cavus laboriosam pel doloribus pax uter vergo ulterius terebro.",
    "createdAt": "2025-02-10T15:49:32.832Z"
  },
  {
    "productId": "6814c03a33cd17d446b063db",
    "userId": "682302591f98de2bb173e411",
    "rating": 5,
    "comment": "Compello degero rem deorsum dedico dolor creta tamisium conatus comis.",
    "createdAt": "2025-02-09T16:36:41.236Z"
  },
  {
    "productId": "6814c1b5ba01e3aab8f3f3d8",
    "userId": "6822d080c08fdfcf24d496fd",
    "rating": 1,
    "comment": "Succurro suffoco uxor creo aut ambitus defero maxime tenax carmen.",
    "createdAt": "2025-02-10T20:27:41.467Z"
  },
  {
    "productId": "6814d246995813a18f27d95b",
    "userId": "6822d080c08fdfcf24d496fd",
    "rating": 5,
    "comment": "Cresco sol laboriosam vallum ubi possimus thema universe depromo voluptates.",
    "createdAt": "2025-02-08T20:27:41.467Z"
  },
  {
    "productId": "6814d886eb6e44f9df4dc000",
    "userId": "6822d080c08fdfcf24d496fd",
    "rating": 4,
    "comment": "Arcus decerno caries deduco conitor denuo tunc utrimque vis suadeo.",
    "createdAt": "2025-02-08T20:27:41.467Z"
  },
  {
    "productId": "6814d3abbcd9b504d290b087",
    "userId": "6822d083c08fdfcf24d497b5",
    "rating": 5,
    "comment": "Coniuratio comminor sulum chirographum vulticulus adhaero ara spectaculum quae aut.",
    "createdAt": "2025-02-10T01:07:33.137Z"
  },
  {
    "productId": "6814c741b44fb7a9e6cbb4bb",
    "userId": "6822d0a7c08fdfcf24d49dbf",
    "rating": 5,
    "comment": "Congregatio aestivus caput conspergo libero vociferor verumtamen cultellus caries nesciunt.",
    "createdAt": "2025-02-13T08:02:05.896Z"
  },
  {
    "productId": "6814a1941c10fee4a5286da8",
    "userId": "6822d0a7c08fdfcf24d49dbf",
    "rating": 5,
    "comment": "Cupiditas sumo caveo aperte tremo ascit claudeo talio cetera theatrum.",
    "createdAt": "2025-02-11T08:02:05.896Z"
  },
  {
    "productId": "6814c741b44fb7a9e6cbb4af",
    "userId": "6822d0a7c08fdfcf24d49dbf",
    "rating": 5,
    "comment": "Viriliter commodi deputo nam dedecor centum appello eaque tripudio constans.",
    "createdAt": "2025-02-12T08:02:05.896Z"
  },
  {
    "productId": "6814a1941c10fee4a5286da2",
    "userId": "6822d0a7c08fdfcf24d49dbf",
    "rating": 4,
    "comment": "Curriculum compello abstergo denuo concido canis comparo ver tolero velociter.",
    "createdAt": "2025-02-09T08:02:05.896Z"
  },
  {
    "productId": "6814dafe48198c3c05074c24",
    "userId": "6822d098c08fdfcf24d49aa7",
    "rating": 5,
    "comment": "Conicio iure cras aro undique sint itaque cariosus universe conor.",
    "createdAt": "2025-02-12T17:14:48.837Z"
  },
  {
    "productId": "6814c75637cb2b415f50f031",
    "userId": "6822d098c08fdfcf24d49aa7",
    "rating": 5,
    "comment": "Admoveo aspernatur vociferor trans dedecor torrens veritatis decumbo ciminatio cervus.",
    "createdAt": "2025-02-11T17:14:48.837Z"
  },
  {
    "productId": "6814d3abbcd9b504d290b07f",
    "userId": "6822d098c08fdfcf24d49aa7",
    "rating": 3,
    "comment": "Absque cedo ducimus crudelis unus tumultus sono videlicet sumptus tenetur.",
    "createdAt": "2025-02-09T17:14:48.837Z"
  },
  {
    "productId": "6814d3aabcd9b504d290b024",
    "userId": "6822d098c08fdfcf24d49aa7",
    "rating": 5,
    "comment": "Commodi aer tricesimus canto amplus abutor coaegresco caute voco non.",
    "createdAt": "2025-02-11T17:14:48.837Z"
  },
  {
    "productId": "6814d8faa6b79f1523907edf",
    "userId": "6822d099c08fdfcf24d49b09",
    "rating": 5,
    "comment": "Quod tenetur perspiciatis tot sperno defessus capillus quaerat ceno basium.",
    "createdAt": "2025-02-09T19:43:56.796Z"
  },
  {
    "productId": "6814d8faa6b79f1523907ec4",
    "userId": "6822d099c08fdfcf24d49b09",
    "rating": 4,
    "comment": "Videlicet ait calamitas ocer corrumpo cribro vulpes ars curriculum tenuis.",
    "createdAt": "2025-02-11T19:43:56.796Z"
  },
  {
    "productId": "6814c03933cd17d446b063cc",
    "userId": "6822d099c08fdfcf24d49b09",
    "rating": 5,
    "comment": "Velociter colligo aufero patria tricesimus benigne totidem maiores amplexus tutamen.",
    "createdAt": "2025-02-12T19:43:56.796Z"
  },
  {
    "productId": "6814a81835053cb1544dd151",
    "userId": "6822d099c08fdfcf24d49b09",
    "rating": 4,
    "comment": "Tergo confugo appositus crepusculum eligendi curriculum comptus eligendi totus aegrotatio.",
    "createdAt": "2025-02-11T19:43:56.796Z"
  },
  {
    "productId": "6814b49adb8e7421d9054844",
    "userId": "6822d083c08fdfcf24d497c9",
    "rating": 5,
    "comment": "Aestas sum nobis clarus amet trepide claustrum degusto acer tactus.",
    "createdAt": "2025-02-13T20:53:04.095Z"
  },
  {
    "productId": "6814d8faa6b79f1523907edf",
    "userId": "6822d083c08fdfcf24d497c9",
    "rating": 5,
    "comment": "Vesco similique tubineus cognatus cubo curriculum asper soluta comes conitor.",
    "createdAt": "2025-02-10T20:53:04.095Z"
  },
  {
    "productId": "6814c740b44fb7a9e6cbb48a",
    "userId": "6822d083c08fdfcf24d497c9",
    "rating": 4,
    "comment": "Tonsor statim territo excepturi amet coruscus tredecim confido despecto adinventitias.",
    "createdAt": "2025-02-14T20:53:04.095Z"
  },
  {
    "productId": "6814af8df38840c4bcc37eb2",
    "userId": "6822d083c08fdfcf24d497c9",
    "rating": 5,
    "comment": "Currus synagoga eum terminatio acsi vulticulus tenus derelinquo cedo accedo.",
    "createdAt": "2025-02-11T20:53:04.095Z"
  },
  {
    "productId": "6814c740b44fb7a9e6cbb479",
    "userId": "6823025a1f98de2bb173e42b",
    "rating": 5,
    "comment": "Depereo stella sumptus quam commemoro adstringo aro stipes debeo degero.",
    "createdAt": "2025-02-10T22:12:21.986Z"
  },
  {
    "productId": "6814d519d4982e02496b64cd",
    "userId": "6822d07fc08fdfcf24d496dd",
    "rating": 5,
    "comment": "Culpo communis adfectus deputo deprimo quo peior in vulnero volaticus.",
    "createdAt": "2025-02-13T00:04:16.376Z"
  },
  {
    "productId": "6814cf2ef6a78c6dfa308448",
    "userId": "6822d09cc08fdfcf24d49ba7",
    "rating": 5,
    "comment": "Odit rem suscipit virtus deprecator cometes clamo texo depromo facilis.",
    "createdAt": "2025-02-14T02:19:04.357Z"
  },
  {
    "productId": "6814d246995813a18f27d953",
    "userId": "6822d09cc08fdfcf24d49ba7",
    "rating": 5,
    "comment": "Dicta tantum demitto praesentium ambulo cervus una tabula verus charisma.",
    "createdAt": "2025-02-13T02:19:04.357Z"
  },
  {
    "productId": "6814c3b3595891202e483a6c",
    "userId": "6822d09cc08fdfcf24d49ba7",
    "rating": 5,
    "comment": "Cognatus beatae studio curtus cubitum bonus adfero talis acceptus aliquam.",
    "createdAt": "2025-02-10T02:19:04.357Z"
  },
  {
    "productId": "6814d8faa6b79f1523907ed8",
    "userId": "6822d09cc08fdfcf24d49ba7",
    "rating": 5,
    "comment": "Certe spero optio valens delego video tabula convoco tui auctus.",
    "createdAt": "2025-02-12T02:19:04.357Z"
  },
  {
    "productId": "6814c1b4ba01e3aab8f3f39c",
    "userId": "6822d092c08fdfcf24d49a2f",
    "rating": 1,
    "comment": "Una contabesco deprimo verumtamen cognatus vado turba cauda solvo laboriosam.",
    "createdAt": "2025-02-13T08:28:02.432Z"
  },
  {
    "productId": "6814c741b44fb7a9e6cbb4c2",
    "userId": "6822d087c08fdfcf24d49811",
    "rating": 5,
    "comment": "Compono vulpes corroboro cervus vitae facere vestigium curiositas adversus antepono.",
    "createdAt": "2025-02-13T08:40:37.821Z"
  },
  {
    "productId": "6814c2ca511161f3045acbf0",
    "userId": "6822d074c08fdfcf24d49511",
    "rating": 2,
    "comment": "Creptio aeger inflammatio angustus nihil vorax arma celer repellat reprehenderit.",
    "createdAt": "2025-02-11T11:14:16.164Z"
  },
  {
    "productId": "6814d519d4982e02496b64c2",
    "userId": "6822d0a7c08fdfcf24d49dc3",
    "rating": 2,
    "comment": "Utroque vilicus benigne titulus utroque varius quas modi ciminatio doloribus.",
    "createdAt": "2025-02-14T11:47:09.810Z"
  },
  {
    "productId": "6814cabe1780e5204676cdc6",
    "userId": "6822d07ec08fdfcf24d496a1",
    "rating": 5,
    "comment": "Accedo confugo appositus urbanus arguo audentia thymum compello dolor venustas.",
    "createdAt": "2025-02-12T12:42:04.502Z"
  },
  {
    "productId": "6814a81835053cb1544dd127",
    "userId": "6822d07ec08fdfcf24d496a1",
    "rating": 1,
    "comment": "Sophismata deludo tolero abutor turbo earum ago ustulo celer ipsam.",
    "createdAt": "2025-02-10T12:42:04.502Z"
  },
  {
    "productId": "6814af8df38840c4bcc37eac",
    "userId": "6822d08bc08fdfcf24d498dd",
    "rating": 3,
    "comment": "Cui conatus natus valens cognomen vero doloribus deludo admoneo provident.",
    "createdAt": "2025-02-10T12:55:13.559Z"
  },
  {
    "productId": "6814d008dac5e44185ec2241",
    "userId": "6822d08bc08fdfcf24d498dd",
    "rating": 5,
    "comment": "Curo crur adnuo triumphus comis vitae decerno victoria adsuesco summa.",
    "createdAt": "2025-02-11T12:55:13.559Z"
  },
  {
    "productId": "6814d30f19ffed8d9ec6b546",
    "userId": "6822d08bc08fdfcf24d498dd",
    "rating": 5,
    "comment": "Utpote dolorum ulterius cilicium alias repellendus alienus somniculosus beatus nulla.",
    "createdAt": "2025-02-12T12:55:13.559Z"
  },
  {
    "productId": "6814c1b5ba01e3aab8f3f3d0",
    "userId": "6822d08bc08fdfcf24d498dd",
    "rating": 4,
    "comment": "Amor alo substantia abstergo arceo despecto magni tutamen sub officiis.",
    "createdAt": "2025-02-12T12:55:13.559Z"
  },
  {
    "productId": "6814d31019ffed8d9ec6b569",
    "userId": "6822d06ac08fdfcf24d49347",
    "rating": 4,
    "comment": "Tutis angustus cohaero temperantia stipes terreo arguo soleo ducimus fuga.",
    "createdAt": "2025-02-12T13:34:12.569Z"
  },
  {
    "productId": "6814d518d4982e02496b649c",
    "userId": "6822d07ec08fdfcf24d49673",
    "rating": 5,
    "comment": "Occaecati voluntarius defendo repellendus patria commodo solio terebro cursim tener.",
    "createdAt": "2025-02-11T14:10:34.940Z"
  },
  {
    "productId": "6814af8ef38840c4bcc37ed5",
    "userId": "6822d07ec08fdfcf24d49673",
    "rating": 5,
    "comment": "Excepturi coerceo deporto voluptas amicitia vindico aqua repellat vel autem.",
    "createdAt": "2025-02-11T14:10:34.940Z"
  },
  {
    "productId": "6814a1941c10fee4a5286da2",
    "userId": "6822d07ec08fdfcf24d49673",
    "rating": 5,
    "comment": "Suggero contra vir deripio placeat anser tantum bellicus peccatus spoliatio.",
    "createdAt": "2025-02-11T14:10:34.940Z"
  },
  {
    "productId": "6814c3b3595891202e483a88",
    "userId": "6822d07ec08fdfcf24d49673",
    "rating": 3,
    "comment": "Modi alienus combibo textilis conturbo adversus conforto reprehenderit ventus stultus.",
    "createdAt": "2025-02-11T14:10:34.940Z"
  },
  {
    "productId": "6814a1941c10fee4a5286d87",
    "userId": "682302611f98de2bb173e561",
    "rating": 5,
    "comment": "Auxilium careo calcar altus cicuta illum ab bardus tibi vesica.",
    "createdAt": "2025-02-14T17:04:06.417Z"
  },
  {
    "productId": "6814a1941c10fee4a5286d81",
    "userId": "6822d072c08fdfcf24d4947f",
    "rating": 4,
    "comment": "Statua denuncio cruentus defluo spargo casus volva fuga impedit victoria.",
    "createdAt": "2025-02-15T17:18:30.517Z"
  },
  {
    "productId": "6814c741b44fb7a9e6cbb4af",
    "userId": "6822d072c08fdfcf24d4947f",
    "rating": 5,
    "comment": "Tui aduro beatus demulceo pauper toties cur acerbitas curvo corrumpo.",
    "createdAt": "2025-02-12T17:18:30.517Z"
  },
  {
    "productId": "6814b499db8e7421d9054823",
    "userId": "6822d072c08fdfcf24d4947f",
    "rating": 4,
    "comment": "Asporto blandior perferendis repellat arceo tabella consequuntur quos cruentus absens.",
    "createdAt": "2025-02-14T17:18:30.517Z"
  },
  {
    "productId": "6814bcdd958ad8fcad8c543d",
    "userId": "6822d072c08fdfcf24d4947f",
    "rating": 5,
    "comment": "Trado campana cunctatio viduo aqua admiratio delectus coniuratio attero bellum.",
    "createdAt": "2025-02-10T17:18:30.517Z"
  },
  {
    "productId": "6814c3b3595891202e483a6c",
    "userId": "6823025a1f98de2bb173e453",
    "rating": 3,
    "comment": "Sint voco traho cognatus sonitus sunt capillus adicio compono crastinus.",
    "createdAt": "2025-02-11T18:11:55.437Z"
  },
  {
    "productId": "6814a1931c10fee4a5286d5d",
    "userId": "6822d099c08fdfcf24d49b0d",
    "rating": 3,
    "comment": "Voluntarius temptatio repellat soluta perspiciatis incidunt sortitus veritas dolor solvo.",
    "createdAt": "2025-02-11T20:28:00.852Z"
  },
  {
    "productId": "6814d3abbcd9b504d290b050",
    "userId": "6822d098c08fdfcf24d49ac1",
    "rating": 5,
    "comment": "Defero desidero texo conicio excepturi decerno cubitum modi at vinco.",
    "createdAt": "2025-02-14T21:41:57.974Z"
  },
  {
    "productId": "6814c104ca19a92a5b1d5b63",
    "userId": "6823025b1f98de2bb173e46b",
    "rating": 5,
    "comment": "Umquam blanditiis vinculum taedium sollers ancilla corona eius aut quae.",
    "createdAt": "2025-02-12T00:59:22.812Z"
  },
  {
    "productId": "6814b49adb8e7421d9054844",
    "userId": "682302581f98de2bb173e407",
    "rating": 5,
    "comment": "Confido charisma vicissitudo umerus cenaculum uter centum cultura infit inflammatio.",
    "createdAt": "2025-02-14T03:08:31.785Z"
  },
  {
    "productId": "6814d246995813a18f27d968",
    "userId": "6822d093c08fdfcf24d49a59",
    "rating": 4,
    "comment": "Corrumpo complectus calco appositus acidus cunctatio suggero eius balbus sequi.",
    "createdAt": "2025-02-11T04:14:24.856Z"
  },
  {
    "productId": "6814d3aabcd9b504d290b024",
    "userId": "6822d093c08fdfcf24d49a59",
    "rating": 5,
    "comment": "Aureus creator vergo calco velit agnitio contabesco sui concedo dolorem.",
    "createdAt": "2025-02-14T04:14:24.856Z"
  },
  {
    "productId": "6814cabf1780e5204676ce05",
    "userId": "6822d09dc08fdfcf24d49be7",
    "rating": 5,
    "comment": "Chirographum antiquus confido conscendo verbum universe peior circumvenio suadeo comitatus.",
    "createdAt": "2025-02-11T04:20:47.262Z"
  },
  {
    "productId": "6814bcdd958ad8fcad8c544f",
    "userId": "6822d08bc08fdfcf24d498dd",
    "rating": 5,
    "comment": "Arma decens casso aveho tabernus esse astrum patrocinor cotidie corpus.",
    "createdAt": "2025-02-13T08:10:52.375Z"
  },
  {
    "productId": "6814bf386172128284c9becc",
    "userId": "6822d083c08fdfcf24d497c9",
    "rating": 1,
    "comment": "Coaegresco balbus dedico cupio bellum tergiversatio vulnero aestivus possimus adsum.",
    "createdAt": "2025-02-11T22:32:08.619Z"
  },
  {
    "productId": "68149cff30a898aab1f043e5",
    "userId": "6822d083c08fdfcf24d497c9",
    "rating": 5,
    "comment": "Cado civitas modi trepide vergo vinum curto aureus summisse admitto.",
    "createdAt": "2025-02-11T22:32:08.619Z"
  },
  {
    "productId": "6814d8faa6b79f1523907ebe",
    "userId": "6822d083c08fdfcf24d497c9",
    "rating": 4,
    "comment": "Aufero vorax termes damno deduco tener blandior demum suppellex creta.",
    "createdAt": "2025-02-16T22:32:08.619Z"
  },
  {
    "productId": "6814d007dac5e44185ec220c",
    "userId": "6822d083c08fdfcf24d497c9",
    "rating": 3,
    "comment": "Stultus stipes tantillus amaritudo conatus tutamen itaque adsum vicinus commodi.",
    "createdAt": "2025-02-13T22:32:08.619Z"
  },
  {
    "productId": "6814c75637cb2b415f50f023",
    "userId": "6822d0a3c08fdfcf24d49cd5",
    "rating": 5,
    "comment": "Subito suggero tolero velut spes delinquo sordeo odio amplitudo mollitia.",
    "createdAt": "2025-02-12T02:07:00.343Z"
  },
  {
    "productId": "6814d007dac5e44185ec2216",
    "userId": "6823025d1f98de2bb173e4fd",
    "rating": 3,
    "comment": "Volup carus auxilium titulus denuo vox confero veritas omnis carbo.",
    "createdAt": "2025-02-12T02:10:08.891Z"
  },
  {
    "productId": "6814cbfc9ac1ce2619619237",
    "userId": "6822d06bc08fdfcf24d49381",
    "rating": 5,
    "comment": "Comparo error campana suscipio pariatur depereo aurum volutabrum aeneus cena.",
    "createdAt": "2025-02-14T04:20:44.665Z"
  },
  {
    "productId": "6814c104ca19a92a5b1d5b43",
    "userId": "6822d06bc08fdfcf24d49381",
    "rating": 2,
    "comment": "Ultra nostrum curatio assentator acer temptatio vetus coruscus vere exercitationem.",
    "createdAt": "2025-02-16T04:20:44.665Z"
  },
  {
    "productId": "6814ccc358f78c505fea9655",
    "userId": "6822d06bc08fdfcf24d49381",
    "rating": 5,
    "comment": "Ipsam cras xiphias thema optio denuncio careo aduro tempora credo.",
    "createdAt": "2025-02-13T04:20:44.665Z"
  },
  {
    "productId": "6814af8ef38840c4bcc37ee6",
    "userId": "6822d06bc08fdfcf24d49381",
    "rating": 5,
    "comment": "Tonsor debeo accusamus synagoga acerbitas pax cohaero doloribus stipes brevis.",
    "createdAt": "2025-02-15T04:20:44.665Z"
  },
  {
    "productId": "6814d3abbcd9b504d290b050",
    "userId": "6822d07fc08fdfcf24d496e5",
    "rating": 5,
    "comment": "Vere abbas summa demitto bos confugo caelestis vitium alter audax.",
    "createdAt": "2025-02-15T11:44:26.105Z"
  },
  {
    "productId": "6814d8faa6b79f1523907ebe",
    "userId": "6822d091c08fdfcf24d499bb",
    "rating": 3,
    "comment": "Venustas nihil capto calco crudelis altus tergum creta vaco suscipit.",
    "createdAt": "2025-02-12T12:36:18.162Z"
  },
  {
    "productId": "6814c2ca511161f3045acc14",
    "userId": "6822d0a5c08fdfcf24d49d3b",
    "rating": 4,
    "comment": "Volubilis suscipio color acsi averto corpus excepturi aduro villa claudeo.",
    "createdAt": "2025-02-17T17:47:27.153Z"
  },
  {
    "productId": "6814c2ca511161f3045acbf0",
    "userId": "6822d0a6c08fdfcf24d49d65",
    "rating": 5,
    "comment": "Cometes tamisium optio ratione appello cedo subiungo provident thema comedo.",
    "createdAt": "2025-02-13T00:58:47.538Z"
  },
  {
    "productId": "6814c2ca511161f3045acbc2",
    "userId": "6822d076c08fdfcf24d4957b",
    "rating": 5,
    "comment": "Tamquam decor arto absorbeo repellendus et dignissimos velut utroque armarium.",
    "createdAt": "2025-02-16T01:52:24.046Z"
  },
  {
    "productId": "6814c3b3595891202e483a90",
    "userId": "6822d092c08fdfcf24d49a09",
    "rating": 3,
    "comment": "Torqueo contabesco tutis clam acer desparatus ipsa atavus adnuo abutor.",
    "createdAt": "2025-02-17T02:32:55.656Z"
  },
  {
    "productId": "6814bcdd958ad8fcad8c544f",
    "userId": "6822d092c08fdfcf24d49a09",
    "rating": 5,
    "comment": "Appositus consequatur adaugeo desipio corroboro vetus urbs quasi curo carbo.",
    "createdAt": "2025-02-15T02:32:55.656Z"
  },
  {
    "productId": "68149cfd30a898aab1f043a7",
    "userId": "6822d092c08fdfcf24d49a09",
    "rating": 5,
    "comment": "Apto quae tersus curiositas crapula comparo amo vulgo vel compello.",
    "createdAt": "2025-02-16T02:32:55.656Z"
  },
  {
    "productId": "6814d8faa6b79f1523907ed8",
    "userId": "6822d092c08fdfcf24d49a09",
    "rating": 4,
    "comment": "Decerno carcer cavus aranea custodia uxor aliquam cursus illum denique.",
    "createdAt": "2025-02-17T02:32:55.656Z"
  },
  {
    "productId": "6814c75637cb2b415f50f023",
    "userId": "6822d0a4c08fdfcf24d49cef",
    "rating": 4,
    "comment": "Thermae armarium tricesimus debilito arguo crapula alias cotidie audentia voluntarius.",
    "createdAt": "2025-02-18T03:19:43.722Z"
  },
  {
    "productId": "6814d519d4982e02496b64ae",
    "userId": "6822d08fc08fdfcf24d4995d",
    "rating": 5,
    "comment": "Vilitas auctus utique delego aegre adhaero demum aliquam thema teneo.",
    "createdAt": "2025-02-15T04:22:33.236Z"
  },
  {
    "productId": "6814c2ca511161f3045acc00",
    "userId": "6822d0a3c08fdfcf24d49cb1",
    "rating": 3,
    "comment": "Valens admitto vulgo qui cupiditate dignissimos vobis thymbra minima quia.",
    "createdAt": "2025-02-14T04:39:57.413Z"
  },
  {
    "productId": "6814ccc358f78c505fea968c",
    "userId": "6822d0a3c08fdfcf24d49cb1",
    "rating": 5,
    "comment": "Tyrannus tam tunc maxime comitatus adulatio attollo urbanus minus defungo.",
    "createdAt": "2025-02-13T04:39:57.413Z"
  },
  {
    "productId": "6814cf2ef6a78c6dfa308434",
    "userId": "6822d0a3c08fdfcf24d49cb1",
    "rating": 5,
    "comment": "Vix ara quibusdam thermae avarus utrum corpus subvenio audax veritas.",
    "createdAt": "2025-02-16T04:39:57.413Z"
  },
  {
    "productId": "6814c741b44fb7a9e6cbb4c8",
    "userId": "6822d0a5c08fdfcf24d49d3f",
    "rating": 5,
    "comment": "Cupiditas suppono ab dolorem trepide tersus ullam arma complectus titulus.",
    "createdAt": "2025-02-17T04:58:06.837Z"
  },
  {
    "productId": "6814d246995813a18f27d968",
    "userId": "6822d06ac08fdfcf24d4931f",
    "rating": 4,
    "comment": "Usque textor suspendo laudantium accusamus caries ut depereo aro cursus.",
    "createdAt": "2025-02-15T06:55:08.492Z"
  },
  {
    "productId": "6814cf2ef6a78c6dfa308448",
    "userId": "6822d087c08fdfcf24d497ef",
    "rating": 4,
    "comment": "Ventosus textus patruus vicissitudo deinde coepi virgo cimentarius currus volaticus.",
    "createdAt": "2025-02-13T11:02:10.217Z"
  },
  {
    "productId": "6814c2ca511161f3045acbd8",
    "userId": "6822d087c08fdfcf24d497ef",
    "rating": 5,
    "comment": "Adfero defluo tracto abundans tremo soluta deporto a debitis abduco.",
    "createdAt": "2025-02-13T11:02:10.217Z"
  },
  {
    "productId": "6814cbfc9ac1ce2619619237",
    "userId": "6822d087c08fdfcf24d497ef",
    "rating": 5,
    "comment": "Sperno debeo facere deorsum somnus commodi ater vehemens uterque consequatur.",
    "createdAt": "2025-02-13T11:02:10.217Z"
  },
  {
    "productId": "68149cfe30a898aab1f043ac",
    "userId": "6822d087c08fdfcf24d497ef",
    "rating": 2,
    "comment": "Caecus pecto utrimque addo cultellus natus adficio absorbeo velut dignissimos.",
    "createdAt": "2025-02-18T11:02:10.217Z"
  },
  {
    "productId": "6814a1941c10fee4a5286d8d",
    "userId": "6822d093c08fdfcf24d49a6f",
    "rating": 5,
    "comment": "Distinctio provident pecco vigor volubilis angulus depromo sum autus pecco.",
    "createdAt": "2025-02-18T11:22:14.178Z"
  },
  {
    "productId": "6814b49adb8e7421d905486e",
    "userId": "6822d0a6c08fdfcf24d49d83",
    "rating": 5,
    "comment": "Studio patria audentia accusamus soluta dolorem carcer spes tergum altus.",
    "createdAt": "2025-02-17T15:07:02.743Z"
  },
  {
    "productId": "6814c830fd4ffab5ca02f720",
    "userId": "6822d0a6c08fdfcf24d49d83",
    "rating": 4,
    "comment": "Numquam vorago nisi cervus crudelis curso advoco tutis sunt in.",
    "createdAt": "2025-02-15T15:07:02.743Z"
  },
  {
    "productId": "6814c104ca19a92a5b1d5b7f",
    "userId": "6822d09ec08fdfcf24d49c37",
    "rating": 5,
    "comment": "Verecundia corroboro comminor constans certus quasi saepe cultura textus cupiditas.",
    "createdAt": "2025-02-18T15:21:58.562Z"
  },
  {
    "productId": "6814cf2ef6a78c6dfa308434",
    "userId": "6822d073c08fdfcf24d494d7",
    "rating": 5,
    "comment": "Corrupti aureus sol vester tergeo fugit voluptas inventore creo statim.",
    "createdAt": "2025-02-14T18:57:17.984Z"
  },
  {
    "productId": "6814c740b44fb7a9e6cbb46b",
    "userId": "6822d093c08fdfcf24d49a7d",
    "rating": 1,
    "comment": "Mollitia solutio minima una asperiores timidus assentator audax demulceo adimpleo.",
    "createdAt": "2025-02-14T18:57:31.036Z"
  },
  {
    "productId": "6814bcdd958ad8fcad8c5427",
    "userId": "6822d091c08fdfcf24d499cd",
    "rating": 4,
    "comment": "Deficio eaque altus quae censura caecus abbas ulciscor distinctio tenax.",
    "createdAt": "2025-02-15T18:59:34.030Z"
  },
  {
    "productId": "6814c03933cd17d446b06368",
    "userId": "6822d091c08fdfcf24d499cd",
    "rating": 4,
    "comment": "Curvo asperiores tenetur civis dolor numquam universe tondeo benevolentia video.",
    "createdAt": "2025-02-13T18:59:34.030Z"
  },
  {
    "productId": "6814ccc358f78c505fea9682",
    "userId": "6822d091c08fdfcf24d499cd",
    "rating": 5,
    "comment": "Temperantia centum alveus copia vulgo basium attonbitus tabgo astrum fuga.",
    "createdAt": "2025-02-14T18:59:34.030Z"
  },
  {
    "productId": "6814cabe1780e5204676cde3",
    "userId": "6822d091c08fdfcf24d499cd",
    "rating": 3,
    "comment": "Demonstro explicabo ultio vapulus celo basium civis cariosus celer terminatio.",
    "createdAt": "2025-02-15T18:59:34.030Z"
  },
  {
    "productId": "6814c104ca19a92a5b1d5b89",
    "userId": "6822d06cc08fdfcf24d493af",
    "rating": 5,
    "comment": "Aestivus dolor tepidus tribuo valde ancilla conicio possimus tutis dolores.",
    "createdAt": "2025-02-18T02:38:35.477Z"
  },
  {
    "productId": "6814c3b3595891202e483aa0",
    "userId": "6822d06cc08fdfcf24d493af",
    "rating": 5,
    "comment": "Creptio harum taedium amor possimus aeneus confido alias comprehendo decor.",
    "createdAt": "2025-02-18T02:38:35.477Z"
  },
  {
    "productId": "6814d886eb6e44f9df4dc011",
    "userId": "6822d06cc08fdfcf24d493af",
    "rating": 4,
    "comment": "Qui audio voluptates aestus asporto textor delicate subiungo nemo acerbitas.",
    "createdAt": "2025-02-14T02:38:35.477Z"
  },
  {
    "productId": "6814bf386172128284c9bed8",
    "userId": "6822d06cc08fdfcf24d493af",
    "rating": 4,
    "comment": "Nobis sopor perferendis cibus usque placeat abbas totam bellicus id.",
    "createdAt": "2025-02-14T02:38:35.477Z"
  },
  {
    "productId": "6814ccc358f78c505fea9670",
    "userId": "6822d0a5c08fdfcf24d49d59",
    "rating": 5,
    "comment": "Termes aufero attonbitus quaerat tactus supplanto laborum vitium socius volutabrum.",
    "createdAt": "2025-02-19T11:04:26.967Z"
  },
  {
    "productId": "6814dafe48198c3c05074c24",
    "userId": "6822d0a5c08fdfcf24d49d59",
    "rating": 5,
    "comment": "Velit vicissitudo id peior arceo verecundia cohaero necessitatibus derelinquo verecundia.",
    "createdAt": "2025-02-17T11:04:26.967Z"
  },
  {
    "productId": "6814c75737cb2b415f50f05f",
    "userId": "6822d0a5c08fdfcf24d49d59",
    "rating": 5,
    "comment": "Vicissitudo amaritudo virtus dolor vindico aetas sursum vilicus deleniti urbanus.",
    "createdAt": "2025-02-19T11:04:26.967Z"
  },
  {
    "productId": "6814c03933cd17d446b063cc",
    "userId": "6822d0a5c08fdfcf24d49d59",
    "rating": 3,
    "comment": "Saepe qui corroboro ambitus bene correptius deludo impedit eos debitis.",
    "createdAt": "2025-02-17T11:04:26.967Z"
  },
  {
    "productId": "6814d31019ffed8d9ec6b56f",
    "userId": "6822d081c08fdfcf24d49749",
    "rating": 5,
    "comment": "Communis cunabula talis et caecus tabgo tego ducimus territo cur.",
    "createdAt": "2025-02-17T14:12:39.374Z"
  },
  {
    "productId": "6814cabe1780e5204676cdf7",
    "userId": "6822d09dc08fdfcf24d49c09",
    "rating": 5,
    "comment": "Crinis vos temptatio ventosus atrocitas cursim accommodo volubilis clam sopor.",
    "createdAt": "2025-02-17T15:47:02.448Z"
  },
  {
    "productId": "6814d518d4982e02496b64a3",
    "userId": "6822d07fc08fdfcf24d496db",
    "rating": 5,
    "comment": "Vita odio clementia aliqua artificiose aetas damnatio conor certus textor.",
    "createdAt": "2025-02-14T16:53:17.134Z"
  },
  {
    "productId": "6814cbfd9ac1ce2619619246",
    "userId": "6822d077c08fdfcf24d495a5",
    "rating": 4,
    "comment": "Crepusculum perferendis clarus cervus angustus asporto tredecim atavus tripudio appello.",
    "createdAt": "2025-02-19T19:24:29.650Z"
  },
  {
    "productId": "6814a81935053cb1544dd159",
    "userId": "682302601f98de2bb173e51f",
    "rating": 5,
    "comment": "Barba aequitas audeo tempora caveo trado creta utrum casus accusantium.",
    "createdAt": "2025-02-17T19:56:13.151Z"
  },
  {
    "productId": "6814c3b2595891202e483a3e",
    "userId": "6822d0a5c08fdfcf24d49d41",
    "rating": 4,
    "comment": "Capillus contabesco pecto campana nisi candidus possimus apostolus explicabo depromo.",
    "createdAt": "2025-02-18T00:45:07.400Z"
  },
  {
    "productId": "6814af8df38840c4bcc37eac",
    "userId": "6822d0a5c08fdfcf24d49d41",
    "rating": 4,
    "comment": "Iure ciminatio circumvenio corona colligo utilis cunae accusantium conduco velit.",
    "createdAt": "2025-02-18T00:45:07.400Z"
  },
  {
    "productId": "6814c741b44fb7a9e6cbb4c2",
    "userId": "6822d0a5c08fdfcf24d49d41",
    "rating": 5,
    "comment": "Defleo absque ad alii placeat adeo vox beatus conicio crastinus.",
    "createdAt": "2025-02-19T00:45:07.400Z"
  },
  {
    "productId": "6814a1931c10fee4a5286d69",
    "userId": "6822d0a5c08fdfcf24d49d41",
    "rating": 5,
    "comment": "Asperiores vestrum creptio caveo volubilis minus deripio culpa ultio degusto.",
    "createdAt": "2025-02-18T00:45:07.400Z"
  },
  {
    "productId": "6814c3b3595891202e483a6c",
    "userId": "6822d092c08fdfcf24d49a17",
    "rating": 5,
    "comment": "Amicitia nam alii amaritudo demum aedificium veritatis desino textilis truculenter.",
    "createdAt": "2025-02-16T02:44:52.018Z"
  },
  {
    "productId": "6814c1b5ba01e3aab8f3f3f8",
    "userId": "6822d0a5c08fdfcf24d49d37",
    "rating": 5,
    "comment": "Tristis quisquam caste versus impedit tego aegrus totus taceo super.",
    "createdAt": "2025-02-15T16:24:03.490Z"
  },
  {
    "productId": "68149cfe30a898aab1f043d7",
    "userId": "6822d07ec08fdfcf24d496a5",
    "rating": 4,
    "comment": "Cognatus facilis vinitor adstringo avaritia candidus vitiosus viriliter testimonium solus.",
    "createdAt": "2025-02-17T17:32:15.676Z"
  },
  {
    "productId": "6814cabe1780e5204676cde3",
    "userId": "6822d09cc08fdfcf24d49bb1",
    "rating": 5,
    "comment": "Venustas artificiose ustilo corona tamen copia creta trado vito voveo.",
    "createdAt": "2025-02-17T19:36:10.442Z"
  },
  {
    "productId": "6814d8faa6b79f1523907ea4",
    "userId": "6822d0a4c08fdfcf24d49d0d",
    "rating": 1,
    "comment": "Demitto terebro subnecto comptus voluptatibus coniecto ustulo curriculum a commodo.",
    "createdAt": "2025-02-16T21:50:19.845Z"
  },
  {
    "productId": "6814d49dabc2c4bf4ecaf516",
    "userId": "6822d0a4c08fdfcf24d49d0d",
    "rating": 5,
    "comment": "Pecco sortitus spargo correptius credo dolores pax quos articulus ambitus.",
    "createdAt": "2025-02-18T21:50:19.845Z"
  },
  {
    "productId": "6814c2cb511161f3045acc34",
    "userId": "6822d0a4c08fdfcf24d49d0d",
    "rating": 5,
    "comment": "Bellicus delectus subvenio commodi beneficium cotidie decerno amicitia sustineo adnuo.",
    "createdAt": "2025-02-16T21:50:19.845Z"
  },
  {
    "productId": "6814ccc358f78c505fea9670",
    "userId": "6822d0a4c08fdfcf24d49d0d",
    "rating": 5,
    "comment": "Atrox abeo degero mollitia maiores caute curriculum corrupti summa coadunatio.",
    "createdAt": "2025-02-15T21:50:19.845Z"
  },
  {
    "productId": "6814d3abbcd9b504d290b087",
    "userId": "6822d09ac08fdfcf24d49b4d",
    "rating": 5,
    "comment": "Aeternus conforto abutor aperiam aveho teres tergeo cum arx tergiversatio.",
    "createdAt": "2025-02-17T21:57:44.102Z"
  },
  {
    "productId": "6814daff48198c3c05074c2f",
    "userId": "6822d06dc08fdfcf24d493e5",
    "rating": 3,
    "comment": "Vis casus apud illo audacia alo balbus tenetur abstergo suadeo.",
    "createdAt": "2025-02-15T23:35:07.123Z"
  },
  {
    "productId": "6814d3aabcd9b504d290b024",
    "userId": "6822d090c08fdfcf24d49981",
    "rating": 5,
    "comment": "Teres cursim valens decerno alii tenax deorsum ascit adduco sequi.",
    "createdAt": "2025-02-18T23:40:50.491Z"
  },
  {
    "productId": "6814a1941c10fee4a5286d95",
    "userId": "6822d07fc08fdfcf24d496e9",
    "rating": 5,
    "comment": "Usus desino ubi theca adhuc voluptatum vilicus abutor nesciunt pecto.",
    "createdAt": "2025-02-20T00:03:31.897Z"
  },
  {
    "productId": "6814ccc358f78c505fea9650",
    "userId": "6823025a1f98de2bb173e44b",
    "rating": 4,
    "comment": "Odit reiciendis timor totus molestias combibo vir canis conscendo acer.",
    "createdAt": "2025-02-18T00:43:49.303Z"
  },
  {
    "productId": "6814d31019ffed8d9ec6b569",
    "userId": "6822d098c08fdfcf24d49a9f",
    "rating": 5,
    "comment": "Solum neque suffoco bibo minus utique arbitro fugit talus at.",
    "createdAt": "2025-02-19T05:20:55.332Z"
  },
  {
    "productId": "6814c1b4ba01e3aab8f3f3b4",
    "userId": "6822d094c08fdfcf24d49a8f",
    "rating": 1,
    "comment": "Cinis enim decor conitor cognatus adhaero decet adiuvo defungo vulgivagus.",
    "createdAt": "2025-02-18T05:55:19.431Z"
  },
  {
    "productId": "6814d8faa6b79f1523907ea4",
    "userId": "6822d0a2c08fdfcf24d49c71",
    "rating": 5,
    "comment": "Cibus spargo velum libero cattus ambitus canis cado subseco desipio.",
    "createdAt": "2025-02-16T06:01:43.684Z"
  },
  {
    "productId": "6814d886eb6e44f9df4dbff4",
    "userId": "6822d0a2c08fdfcf24d49c71",
    "rating": 5,
    "comment": "Consuasor timidus aequitas cerno derelinquo voluptatibus talio angelus sum appello.",
    "createdAt": "2025-02-20T06:01:43.684Z"
  },
  {
    "productId": "6814d8faa6b79f1523907ea4",
    "userId": "6822d089c08fdfcf24d49869",
    "rating": 5,
    "comment": "Coniecto tactus tollo absum veritas tantum tondeo decretum accusamus vado.",
    "createdAt": "2025-02-16T06:03:11.091Z"
  },
  {
    "productId": "6814ccc358f78c505fea9662",
    "userId": "6822d09bc08fdfcf24d49b7b",
    "rating": 2,
    "comment": "Non adsuesco sonitus vestrum atque candidus vulariter calculus delectus sollicito.",
    "createdAt": "2025-02-18T08:06:21.641Z"
  },
  {
    "productId": "6814d886eb6e44f9df4dc00b",
    "userId": "6822d076c08fdfcf24d49589",
    "rating": 5,
    "comment": "Vigor aliquam velum reiciendis in ventito vespillo curvo alii aliquid.",
    "createdAt": "2025-02-20T09:55:13.076Z"
  },
  {
    "productId": "6814c03933cd17d446b06390",
    "userId": "6822d076c08fdfcf24d49589",
    "rating": 2,
    "comment": "Nam beatus desidero commodi textus cupressus explicabo volo vulpes ancilla.",
    "createdAt": "2025-02-18T09:55:13.076Z"
  },
  {
    "productId": "6814d245995813a18f27d92c",
    "userId": "6822d089c08fdfcf24d49871",
    "rating": 5,
    "comment": "Bibo depromo averto cavus advoco advenio caries subseco ipsa truculenter.",
    "createdAt": "2025-02-20T16:43:35.056Z"
  },
  {
    "productId": "6814c75737cb2b415f50f071",
    "userId": "6823025b1f98de2bb173e45d",
    "rating": 4,
    "comment": "Thymum curia textor cunabula speculum caritas eos vomer arto utroque.",
    "createdAt": "2025-02-21T22:58:59.784Z"
  },
  {
    "productId": "6814c2ca511161f3045acc24",
    "userId": "6822d0a2c08fdfcf24d49c85",
    "rating": 4,
    "comment": "Vinculum quidem tollo antea conventus cultellus dens ater utique aetas.",
    "createdAt": "2025-02-18T01:07:03.496Z"
  },
  {
    "productId": "6814be17a67388b7fa2b03ac",
    "userId": "6822d08ac08fdfcf24d498a5",
    "rating": 5,
    "comment": "Vita vestrum veritas sublime solutio tibi utrimque armarium cibo eum.",
    "createdAt": "2025-02-18T04:59:33.632Z"
  },
  {
    "productId": "6814d3abbcd9b504d290b030",
    "userId": "6822d0a2c08fdfcf24d49c99",
    "rating": 4,
    "comment": "Contabesco amiculum absum censura sollers deleniti adinventitias villa valeo calculus.",
    "createdAt": "2025-02-19T05:02:42.641Z"
  },
  {
    "productId": "6814c75637cb2b415f50f039",
    "userId": "6822d08fc08fdfcf24d4996f",
    "rating": 5,
    "comment": "Absens quis fugit ut tibi illum cimentarius usitas conitor absconditus.",
    "createdAt": "2025-02-17T05:15:53.078Z"
  },
  {
    "productId": "6814c741b44fb7a9e6cbb4c8",
    "userId": "6822d08fc08fdfcf24d4996f",
    "rating": 1,
    "comment": "Ciminatio desparatus numquam voluptatibus quod amaritudo voluntarius cervus voro bos.",
    "createdAt": "2025-02-18T05:15:53.078Z"
  },
  {
    "productId": "6814c3b3595891202e483abc",
    "userId": "6822d08fc08fdfcf24d4996f",
    "rating": 5,
    "comment": "Acquiro supellex ambitus cursus velum pax anser sopor accusator tergiversatio.",
    "createdAt": "2025-02-20T05:15:53.078Z"
  },
  {
    "productId": "6814d49dabc2c4bf4ecaf516",
    "userId": "6822d08fc08fdfcf24d4996f",
    "rating": 2,
    "comment": "Demergo umbra constans thymbra condico ait clamo tempus adhaero careo.",
    "createdAt": "2025-02-20T05:15:53.078Z"
  },
  {
    "productId": "6814be17a67388b7fa2b03ac",
    "userId": "6822d06ac08fdfcf24d49349",
    "rating": 5,
    "comment": "Depulso valde calco admoveo curatio vicissitudo charisma speciosus veritatis caelum.",
    "createdAt": "2025-02-20T06:34:15.500Z"
  },
  {
    "productId": "6814af8ef38840c4bcc37ef0",
    "userId": "6822d073c08fdfcf24d494a9",
    "rating": 5,
    "comment": "Verecundia celebrer soleo bos at vado audax derideo cimentarius voro.",
    "createdAt": "2025-02-18T07:48:51.196Z"
  },
  {
    "productId": "6814cf2ef6a78c6dfa308434",
    "userId": "6822d0a2c08fdfcf24d49c9d",
    "rating": 5,
    "comment": "Volo conturbo et pax vicissitudo centum demonstro cuius conspergo amplus.",
    "createdAt": "2025-02-17T09:24:40.928Z"
  },
  {
    "productId": "6814c741b44fb7a9e6cbb4af",
    "userId": "6822d0a2c08fdfcf24d49c9d",
    "rating": 5,
    "comment": "Alias textilis earum vesco cum adduco acies conculco supra assumenda.",
    "createdAt": "2025-02-21T09:24:40.928Z"
  },
  {
    "productId": "6814a81835053cb1544dd115",
    "userId": "6822d090c08fdfcf24d49993",
    "rating": 4,
    "comment": "Despecto dolores provident ustulo nostrum natus cupiditate creo vir tertius.",
    "createdAt": "2025-02-19T12:40:12.804Z"
  },
  {
    "productId": "6814d3aabcd9b504d290b01c",
    "userId": "6822d092c08fdfcf24d49a0b",
    "rating": 2,
    "comment": "Vox toties suscipit tunc conatus peior damnatio comes viriliter officia.",
    "createdAt": "2025-02-21T15:15:12.610Z"
  },
  {
    "productId": "6814d887eb6e44f9df4dc01f",
    "userId": "6822d092c08fdfcf24d49a0b",
    "rating": 5,
    "comment": "Ager rerum iste trado tendo ducimus caterva rerum possimus dolores.",
    "createdAt": "2025-02-20T15:15:12.610Z"
  },
  {
    "productId": "6814d49dabc2c4bf4ecaf51e",
    "userId": "6822d092c08fdfcf24d49a0b",
    "rating": 5,
    "comment": "Sub amplexus corrupti baiulus decor ventito consectetur demum ullus thema.",
    "createdAt": "2025-02-22T15:15:12.610Z"
  },
  {
    "productId": "6814d30f19ffed8d9ec6b536",
    "userId": "6822d092c08fdfcf24d49a0b",
    "rating": 5,
    "comment": "Viscus porro ipsum cicuta adipiscor laudantium annus sollers sonitus aspicio.",
    "createdAt": "2025-02-21T15:15:12.610Z"
  },
  {
    "productId": "6814bcdd958ad8fcad8c5433",
    "userId": "6823025b1f98de2bb173e48d",
    "rating": 1,
    "comment": "Tribuo acidus arguo tabella suffragium accedo approbo vulgus cena accusamus.",
    "createdAt": "2025-02-19T17:12:36.778Z"
  },
  {
    "productId": "6814d31019ffed8d9ec6b553",
    "userId": "6823025b1f98de2bb173e48d",
    "rating": 3,
    "comment": "Cognatus claustrum vindico laudantium vespillo dapifer brevis recusandae explicabo eveniet.",
    "createdAt": "2025-02-22T17:12:36.778Z"
  },
  {
    "productId": "6814c1b5ba01e3aab8f3f404",
    "userId": "6823025b1f98de2bb173e48d",
    "rating": 5,
    "comment": "Vorax sustineo xiphias turpis depraedor abundans teres abutor teneo cunabula.",
    "createdAt": "2025-02-22T17:12:36.778Z"
  },
  {
    "productId": "6814bcdd958ad8fcad8c541f",
    "userId": "6823025b1f98de2bb173e48d",
    "rating": 5,
    "comment": "Aliquam cupiditas cogo patruus libero somnus arguo quibusdam tamdiu ipsam.",
    "createdAt": "2025-02-22T17:12:36.778Z"
  },
  {
    "productId": "6814c1b5ba01e3aab8f3f3d0",
    "userId": "6822d077c08fdfcf24d495c3",
    "rating": 3,
    "comment": "Suggero utrimque umquam canonicus talus distinctio bellicus dolor thema solus.",
    "createdAt": "2025-02-22T17:37:17.217Z"
  },
  {
    "productId": "6814d008dac5e44185ec223b",
    "userId": "6822d077c08fdfcf24d495c3",
    "rating": 5,
    "comment": "Audeo demo taedium timor pauper provident acidus porro vinum quod.",
    "createdAt": "2025-02-18T17:37:17.217Z"
  },
  {
    "productId": "6814c75737cb2b415f50f04f",
    "userId": "6822d077c08fdfcf24d495c3",
    "rating": 2,
    "comment": "Antiquus attonbitus subiungo statim aiunt approbo vindico vorago territo volup.",
    "createdAt": "2025-02-20T17:37:17.217Z"
  },
  {
    "productId": "6814b49adb8e7421d9054849",
    "userId": "6822d077c08fdfcf24d495c3",
    "rating": 5,
    "comment": "Conventus curatio tardus tertius appositus adsuesco vitae iusto subseco comprehendo.",
    "createdAt": "2025-02-20T17:37:17.217Z"
  },
  {
    "productId": "6814daff48198c3c05074c47",
    "userId": "6822d083c08fdfcf24d497b5",
    "rating": 5,
    "comment": "Sed ante placeat sordeo amaritudo vilis animus sustineo demonstro velum.",
    "createdAt": "2025-02-22T18:29:27.670Z"
  },
  {
    "productId": "6814d246995813a18f27d963",
    "userId": "6822d081c08fdfcf24d49763",
    "rating": 5,
    "comment": "Comedo defendo voluptates sublime cado accommodo tergiversatio stultus provident debeo.",
    "createdAt": "2025-02-22T20:12:22.603Z"
  },
  {
    "productId": "6814b49adb8e7421d9054830",
    "userId": "6822d092c08fdfcf24d49a0b",
    "rating": 4,
    "comment": "Adfero viriliter cerno compono stella adipisci decimus conturbo solus cum.",
    "createdAt": "2025-02-17T21:43:54.051Z"
  },
  {
    "productId": "6814bf396172128284c9bef4",
    "userId": "6822d093c08fdfcf24d49a75",
    "rating": 1,
    "comment": "Suppono credo quae usque degusto abbas certe suspendo turba aggredior.",
    "createdAt": "2025-02-22T03:23:52.601Z"
  },
  {
    "productId": "6814bcdd958ad8fcad8c5449",
    "userId": "6822d06cc08fdfcf24d493b5",
    "rating": 5,
    "comment": "Voluptates convoco vulpes tyrannus ipsam pauci esse benevolentia tepesco convoco.",
    "createdAt": "2025-02-21T07:18:55.558Z"
  },
  {
    "productId": "6814c03933cd17d446b06368",
    "userId": "6822d06cc08fdfcf24d493b5",
    "rating": 5,
    "comment": "Astrum utrimque tricesimus apto turba demo bos praesentium comis villa.",
    "createdAt": "2025-02-18T07:18:55.558Z"
  },
  {
    "productId": "6814bf396172128284c9bf1c",
    "userId": "6822d06cc08fdfcf24d493b5",
    "rating": 5,
    "comment": "Absorbeo collum colo universe ancilla carpo villa brevis coaegresco timor.",
    "createdAt": "2025-02-20T07:18:55.558Z"
  },
  {
    "productId": "6814c104ca19a92a5b1d5b43",
    "userId": "6822d06cc08fdfcf24d493b5",
    "rating": 5,
    "comment": "Curriculum adnuo vespillo deripio deficio iure alienus vergo aureus vesica.",
    "createdAt": "2025-02-19T07:18:55.558Z"
  },
  {
    "productId": "6814c2ca511161f3045acbc2",
    "userId": "6822d075c08fdfcf24d49535",
    "rating": 5,
    "comment": "Avaritia placeat ocer timor via suffoco charisma colo delectus basium.",
    "createdAt": "2025-02-19T10:49:02.604Z"
  },
  {
    "productId": "6814bcdd958ad8fcad8c541f",
    "userId": "6822d075c08fdfcf24d49535",
    "rating": 5,
    "comment": "Vesper tum decor sed deputo vado unde utilis testimonium tenax.",
    "createdAt": "2025-02-21T10:49:02.604Z"
  },
  {
    "productId": "6814a1941c10fee4a5286d8d",
    "userId": "6822d075c08fdfcf24d49535",
    "rating": 5,
    "comment": "Certe modi vicissitudo patruus abundans quos vitiosus vicissitudo cognatus carus.",
    "createdAt": "2025-02-18T10:49:02.604Z"
  },
  {
    "productId": "6814cbfc9ac1ce2619619237",
    "userId": "6822d075c08fdfcf24d49535",
    "rating": 5,
    "comment": "Quibusdam distinctio confugo tantum congregatio unus vesica conicio cena attonbitus.",
    "createdAt": "2025-02-23T10:49:02.604Z"
  },
  {
    "productId": "6814c103ca19a92a5b1d5b13",
    "userId": "6822d094c08fdfcf24d49a81",
    "rating": 1,
    "comment": "Celo accusamus deficio cauda reprehenderit venia cubo qui voluptatem verus.",
    "createdAt": "2025-02-21T23:50:14.569Z"
  },
  {
    "productId": "6814c75737cb2b415f50f047",
    "userId": "6822d094c08fdfcf24d49a81",
    "rating": 5,
    "comment": "Vulticulus desipio turpis dolores vitium ter volup crinis abscido verus.",
    "createdAt": "2025-02-18T23:50:14.569Z"
  },
  {
    "productId": "6814c3b3595891202e483a6c",
    "userId": "6822d094c08fdfcf24d49a81",
    "rating": 1,
    "comment": "Cognatus velut calcar cunctatio vox cometes quaerat templum sublime constans.",
    "createdAt": "2025-02-18T23:50:14.569Z"
  },
  {
    "productId": "6814c104ca19a92a5b1d5b7f",
    "userId": "6822d094c08fdfcf24d49a81",
    "rating": 5,
    "comment": "Deprimo ara convoco demum tergo defessus blandior uxor doloribus cognomen.",
    "createdAt": "2025-02-22T23:50:14.569Z"
  },
  {
    "productId": "6814cf2ef6a78c6dfa308448",
    "userId": "6822d099c08fdfcf24d49af9",
    "rating": 5,
    "comment": "Triduana dolores cado tandem comminor territo aspernatur vicinus depopulo terror.",
    "createdAt": "2025-02-19T02:04:31.112Z"
  },
  {
    "productId": "6814c2ca511161f3045acc24",
    "userId": "682302631f98de2bb173e5d1",
    "rating": 5,
    "comment": "Stella compono vulariter enim autem patria agnitio defleo subnecto tendo.",
    "createdAt": "2025-02-20T02:16:55.634Z"
  },
  {
    "productId": "6814c740b44fb7a9e6cbb48a",
    "userId": "6822d0a6c08fdfcf24d49d83",
    "rating": 3,
    "comment": "Congregatio attero suffragium absum arceo carmen coniecto adfero urbs testimonium.",
    "createdAt": "2025-02-22T06:23:03.820Z"
  },
  {
    "productId": "6814bcdd958ad8fcad8c541f",
    "userId": "6822d08bc08fdfcf24d4990d",
    "rating": 5,
    "comment": "Tracto vespillo nam tactus vir aegre avarus timor quia addo.",
    "createdAt": "2025-02-22T08:43:36.499Z"
  },
  {
    "productId": "6814c3b2595891202e483a54",
    "userId": "6822d08bc08fdfcf24d4990d",
    "rating": 4,
    "comment": "Conspergo voluptates paens hic sublime arcus tredecim adsum curia calcar.",
    "createdAt": "2025-02-22T08:43:36.499Z"
  },
  {
    "productId": "6814c741b44fb7a9e6cbb4c2",
    "userId": "6822d08bc08fdfcf24d4990d",
    "rating": 5,
    "comment": "Vitium illum degero sperno amita tamquam pel soleo arguo sophismata.",
    "createdAt": "2025-02-20T08:43:36.499Z"
  },
  {
    "productId": "6814cabe1780e5204676cdd5",
    "userId": "6822d089c08fdfcf24d49889",
    "rating": 5,
    "comment": "Civis sonitus mollitia solitudo arceo delicate colo constans demonstro cernuus.",
    "createdAt": "2025-02-21T09:15:09.802Z"
  },
  {
    "productId": "68149cfe30a898aab1f043d1",
    "userId": "6822d089c08fdfcf24d49889",
    "rating": 5,
    "comment": "Voluptate tumultus dolore pariatur comes perferendis arguo contra eveniet quos.",
    "createdAt": "2025-02-21T09:15:09.802Z"
  },
  {
    "productId": "6814d245995813a18f27d938",
    "userId": "6822d089c08fdfcf24d49889",
    "rating": 4,
    "comment": "Vicinus clarus despecto aedificium trepide celebrer saepe sortitus aspicio ventosus.",
    "createdAt": "2025-02-22T09:15:09.802Z"
  },
  {
    "productId": "6814b49adb8e7421d905483d",
    "userId": "6822d089c08fdfcf24d49889",
    "rating": 4,
    "comment": "Ocer dolorum desipio quisquam exercitationem capitulus conor cado argentum supellex.",
    "createdAt": "2025-02-24T09:15:09.802Z"
  },
  {
    "productId": "6814c1b5ba01e3aab8f3f3d8",
    "userId": "6822d07fc08fdfcf24d496df",
    "rating": 5,
    "comment": "Voluptatum coepi audio tametsi quod canonicus venia voluptatum ea assentator.",
    "createdAt": "2025-02-19T15:15:45.938Z"
  },
  {
    "productId": "6814d007dac5e44185ec2216",
    "userId": "6822d07fc08fdfcf24d496df",
    "rating": 4,
    "comment": "Pectus sol demum desipio demo accommodo aliquam atque veritas tyrannus.",
    "createdAt": "2025-02-23T15:15:45.938Z"
  },
  {
    "productId": "6814b49adb8e7421d9054864",
    "userId": "6822d091c08fdfcf24d499d1",
    "rating": 4,
    "comment": "Consuasor reiciendis viscus fugit thalassinus spiculum soluta maiores arbustum clam.",
    "createdAt": "2025-02-21T17:54:02.575Z"
  },
  {
    "productId": "6814af8ef38840c4bcc37ef0",
    "userId": "6822d06cc08fdfcf24d493af",
    "rating": 3,
    "comment": "Calco suppellex vinco suscipit audax urbanus ut carmen ipsum cubo.",
    "createdAt": "2025-02-21T18:50:05.009Z"
  },
  {
    "productId": "6814ccc358f78c505fea968c",
    "userId": "6822d0a5c08fdfcf24d49d47",
    "rating": 4,
    "comment": "Vomito solus paulatim cohibeo dedico civitas conturbo toties soleo eum.",
    "createdAt": "2025-02-20T19:00:02.293Z"
  },
  {
    "productId": "6814c03933cd17d446b063c4",
    "userId": "6822d0a5c08fdfcf24d49d47",
    "rating": 5,
    "comment": "Coruscus demergo vereor curtus tempore celer modi aer abstergo caste.",
    "createdAt": "2025-02-20T19:00:02.293Z"
  },
  {
    "productId": "6814d30f19ffed8d9ec6b536",
    "userId": "6822d0a5c08fdfcf24d49d47",
    "rating": 5,
    "comment": "Degenero enim delego tam varietas tenetur tantum videlicet angustus congregatio.",
    "createdAt": "2025-02-23T19:00:02.293Z"
  },
  {
    "productId": "6814c104ca19a92a5b1d5b89",
    "userId": "6822d0a5c08fdfcf24d49d47",
    "rating": 5,
    "comment": "Arbustum amitto quod blanditiis enim vallum cubo abduco audeo arcesso.",
    "createdAt": "2025-02-23T19:00:02.293Z"
  },
  {
    "productId": "6814ccc358f78c505fea968c",
    "userId": "6822d06dc08fdfcf24d49409",
    "rating": 1,
    "comment": "Cura nesciunt arto cognomen arx acies validus velit cresco cibo.",
    "createdAt": "2025-02-24T01:16:37.961Z"
  },
  {
    "productId": "6814d886eb6e44f9df4dc000",
    "userId": "6823025c1f98de2bb173e4a9",
    "rating": 5,
    "comment": "Talus clementia adhaero natus civis uredo vicinus dolore explicabo tepesco.",
    "createdAt": "2025-02-25T07:43:58.899Z"
  },
  {
    "productId": "6814c104ca19a92a5b1d5b6f",
    "userId": "6822d06ec08fdfcf24d4945b",
    "rating": 5,
    "comment": "Ipsum vilicus ipsa vereor consequatur tondeo volutabrum despecto capitulus vomica.",
    "createdAt": "2025-02-20T14:43:32.421Z"
  },
  {
    "productId": "6814d3abbcd9b504d290b087",
    "userId": "682302641f98de2bb173e5f1",
    "rating": 5,
    "comment": "Coniecto tot conculco sub calco commodi benigne tredecim laborum cernuus.",
    "createdAt": "2025-02-20T22:24:32.174Z"
  },
  {
    "productId": "6814d246995813a18f27d963",
    "userId": "6822d093c08fdfcf24d49a4f",
    "rating": 5,
    "comment": "Arcus pecus cursim defero demitto currus uxor delibero dens subito.",
    "createdAt": "2025-02-24T00:36:50.699Z"
  },
  {
    "productId": "6814c03933cd17d446b063b8",
    "userId": "6822d0a3c08fdfcf24d49cbd",
    "rating": 3,
    "comment": "Creo thesaurus odio molestias vir cibo demoror sublime tremo vestrum.",
    "createdAt": "2025-02-23T03:25:26.519Z"
  },
  {
    "productId": "6814a1931c10fee4a5286d75",
    "userId": "6823025c1f98de2bb173e4cf",
    "rating": 5,
    "comment": "Terga terror deludo libero surculus cohors varietas uter absum magnam.",
    "createdAt": "2025-02-22T04:06:25.452Z"
  },
  {
    "productId": "6814d518d4982e02496b6496",
    "userId": "6823025c1f98de2bb173e4cf",
    "rating": 5,
    "comment": "Trucido ater deduco crustulum nihil uredo spiritus armarium clementia solium.",
    "createdAt": "2025-02-22T04:06:25.452Z"
  },
  {
    "productId": "6814d886eb6e44f9df4dc005",
    "userId": "6823025c1f98de2bb173e4cf",
    "rating": 5,
    "comment": "Umquam aequitas atqui articulus tempora usitas umerus acidus eum vis.",
    "createdAt": "2025-02-24T04:06:25.452Z"
  },
  {
    "productId": "6814c03a33cd17d446b063db",
    "userId": "6823025c1f98de2bb173e4cf",
    "rating": 5,
    "comment": "Careo desino spiculum amplus repudiandae una quisquam adhaero abeo tenus.",
    "createdAt": "2025-02-22T04:06:25.452Z"
  },
  {
    "productId": "6814bf396172128284c9bf30",
    "userId": "6822d077c08fdfcf24d495c1",
    "rating": 3,
    "comment": "Cogito caelestis voro adhaero cetera excepturi clamo admiratio administratio est.",
    "createdAt": "2025-02-21T06:35:58.887Z"
  },
  {
    "productId": "6814a1941c10fee4a5286d9a",
    "userId": "6822d076c08fdfcf24d49593",
    "rating": 3,
    "comment": "Capio facilis tener acquiro auctor conqueror vix vobis nihil villa.",
    "createdAt": "2025-02-21T07:07:45.932Z"
  },
  {
    "productId": "6814bcdd958ad8fcad8c5427",
    "userId": "6822d06fc08fdfcf24d49467",
    "rating": 5,
    "comment": "Usque bardus sponte tego sumo advenio abstergo denique alii asperiores.",
    "createdAt": "2025-02-26T10:02:30.512Z"
  },
  {
    "productId": "6814d8faa6b79f1523907ed8",
    "userId": "6822d06bc08fdfcf24d49373",
    "rating": 5,
    "comment": "Civis similique comitatus tollo delibero repellendus advenio cicuta cupio tripudio.",
    "createdAt": "2025-02-25T14:31:34.279Z"
  },
  {
    "productId": "68149cff30a898aab1f043eb",
    "userId": "6822d06bc08fdfcf24d49373",
    "rating": 4,
    "comment": "Ultio angustus vitiosus vester ex audio cometes abeo accusamus cupiditate.",
    "createdAt": "2025-02-23T14:31:34.279Z"
  },
  {
    "productId": "6814d246995813a18f27d968",
    "userId": "6822d0a2c08fdfcf24d49c7b",
    "rating": 3,
    "comment": "Theca eligendi voluptatem territo depereo itaque curtus socius centum arx.",
    "createdAt": "2025-02-21T15:22:25.783Z"
  },
  {
    "productId": "6814bf396172128284c9befc",
    "userId": "6822d080c08fdfcf24d49717",
    "rating": 5,
    "comment": "Cenaculum ultra suffragium celebrer vilicus venia canto ad utroque depono.",
    "createdAt": "2025-02-23T19:56:01.565Z"
  },
  {
    "productId": "6814be17a67388b7fa2b037c",
    "userId": "6823025a1f98de2bb173e451",
    "rating": 5,
    "comment": "Caput degusto vix antiquus capillus vapulus admoveo amoveo voro tonsor.",
    "createdAt": "2025-02-23T06:48:44.598Z"
  },
  {
    "productId": "6814cabf1780e5204676cdfd",
    "userId": "6823025d1f98de2bb173e50f",
    "rating": 4,
    "comment": "Vado optio vel aer turbo terror tergeo correptius quam adopto.",
    "createdAt": "2025-02-23T09:06:43.350Z"
  },
  {
    "productId": "6814d8faa6b79f1523907ec4",
    "userId": "6823025d1f98de2bb173e50f",
    "rating": 5,
    "comment": "Tenus umerus necessitatibus optio ullus tot cuius trado accendo tondeo.",
    "createdAt": "2025-02-26T09:06:43.350Z"
  },
  {
    "productId": "6814c03933cd17d446b06390",
    "userId": "6823025d1f98de2bb173e50f",
    "rating": 3,
    "comment": "Votum doloribus temptatio calco alveus autem usus dens venia sto.",
    "createdAt": "2025-02-24T09:06:43.350Z"
  },
  {
    "productId": "6814cabe1780e5204676cdd5",
    "userId": "6823025d1f98de2bb173e50f",
    "rating": 5,
    "comment": "Vito adeptio vulticulus explicabo crepusculum cibo aperiam facilis barba crinis.",
    "createdAt": "2025-02-24T09:06:43.350Z"
  },
  {
    "productId": "6814d3aabcd9b504d290b01c",
    "userId": "6822d081c08fdfcf24d49739",
    "rating": 5,
    "comment": "Demitto confero ulciscor cras verumtamen vorago vallum coepi defero compello.",
    "createdAt": "2025-02-26T13:03:03.263Z"
  },
  {
    "productId": "6814cbfd9ac1ce261961923f",
    "userId": "6822d0a5c08fdfcf24d49d59",
    "rating": 4,
    "comment": "Magni suppono vallum capto at verto cogo contra beneficium caterva.",
    "createdAt": "2025-02-27T13:22:50.197Z"
  },
  {
    "productId": "6814c103ca19a92a5b1d5b07",
    "userId": "6822d0a5c08fdfcf24d49d59",
    "rating": 2,
    "comment": "Atque somniculosus auxilium corpus clibanus cetera complectus stabilis vinum cariosus.",
    "createdAt": "2025-02-25T13:22:50.197Z"
  },
  {
    "productId": "6814c3b3595891202e483a6c",
    "userId": "6822d0a5c08fdfcf24d49d59",
    "rating": 3,
    "comment": "Advoco odio temperantia conitor testimonium doloremque contra argumentum nisi conspergo.",
    "createdAt": "2025-02-28T13:22:50.197Z"
  },
  {
    "productId": "6814a81835053cb1544dd127",
    "userId": "6822d0a5c08fdfcf24d49d59",
    "rating": 5,
    "comment": "Demoror ipsum ceno sapiente cura usus reprehenderit patrocinor conscendo corroboro.",
    "createdAt": "2025-02-23T13:22:50.197Z"
  },
  {
    "productId": "6814c3b3595891202e483a90",
    "userId": "6822d081c08fdfcf24d49763",
    "rating": 5,
    "comment": "Coruscus utpote admoneo solium appono vesica adopto celo utilis urbanus.",
    "createdAt": "2025-02-28T22:29:08.106Z"
  },
  {
    "productId": "6814d8faa6b79f1523907edf",
    "userId": "6823025d1f98de2bb173e50d",
    "rating": 5,
    "comment": "Officia velociter aequus tergum admoveo depromo coruscus adipiscor depopulo est.",
    "createdAt": "2025-02-27T23:35:09.278Z"
  },
  {
    "productId": "6814c104ca19a92a5b1d5b2f",
    "userId": "6822d091c08fdfcf24d499c1",
    "rating": 5,
    "comment": "Demum alioqui reprehenderit creo amita volva cibo talio sursum conor.",
    "createdAt": "2025-02-25T02:19:01.192Z"
  },
  {
    "productId": "6814c2cb511161f3045acc40",
    "userId": "6822d09dc08fdfcf24d49bfd",
    "rating": 1,
    "comment": "Canto comminor carbo curo contigo voluptas utrum stillicidium paulatim viriliter.",
    "createdAt": "2025-02-24T03:31:27.348Z"
  },
  {
    "productId": "68149cff30a898aab1f043eb",
    "userId": "6822d0a4c08fdfcf24d49d1f",
    "rating": 5,
    "comment": "Baiulus arca villa id agnitio vitium adipiscor vergo appositus atrox.",
    "createdAt": "2025-02-24T06:24:00.055Z"
  },
  {
    "productId": "6814a1941c10fee4a5286da8",
    "userId": "6822d068c08fdfcf24d492af",
    "rating": 5,
    "comment": "Labore adversus utique aestas ustulo volup neque careo velum reprehenderit.",
    "createdAt": "2025-02-28T12:45:30.951Z"
  },
  {
    "productId": "6814bcdd958ad8fcad8c5449",
    "userId": "6822d08cc08fdfcf24d49943",
    "rating": 4,
    "comment": "Libero est spiculum demens sollers brevis succurro odio doloribus sui.",
    "createdAt": "2025-02-24T14:17:19.843Z"
  },
  {
    "productId": "6814d008dac5e44185ec223b",
    "userId": "6822d08cc08fdfcf24d49943",
    "rating": 3,
    "comment": "Nam coruscus uberrime adsidue antea coerceo avaritia argumentum molestias suppono.",
    "createdAt": "2025-02-25T14:17:19.843Z"
  },
  {
    "productId": "6814c1b5ba01e3aab8f3f404",
    "userId": "6822d06dc08fdfcf24d493e9",
    "rating": 5,
    "comment": "Perferendis decumbo corroboro audeo ager desino aliquid viduo illo sapiente.",
    "createdAt": "2025-02-28T20:31:16.249Z"
  },
  {
    "productId": "6814d49dabc2c4bf4ecaf51e",
    "userId": "6822d080c08fdfcf24d4972d",
    "rating": 5,
    "comment": "Tui apostolus demonstro angelus umbra copia tristis candidus aedificium assentator.",
    "createdAt": "2025-02-27T20:45:48.817Z"
  },
  {
    "productId": "6814bf386172128284c9becc",
    "userId": "6822d07ec08fdfcf24d4968b",
    "rating": 5,
    "comment": "Vae uberrime apostolus aestivus desparatus curatio absens artificiose curo nihil.",
    "createdAt": "2025-03-01T22:02:03.902Z"
  },
  {
    "productId": "6814c03933cd17d446b063cc",
    "userId": "6822d094c08fdfcf24d49a91",
    "rating": 4,
    "comment": "Tredecim barba atrox ater thesaurus triduana aut viriliter nam fuga.",
    "createdAt": "2025-02-26T04:56:55.571Z"
  },
  {
    "productId": "68149cfd30a898aab1f0439b",
    "userId": "6822d094c08fdfcf24d49a91",
    "rating": 4,
    "comment": "Pecus tribuo cumque quo laboriosam comitatus delectatio officiis confido suffoco.",
    "createdAt": "2025-02-27T04:56:55.571Z"
  },
  {
    "productId": "6814bcdd958ad8fcad8c5427",
    "userId": "6822d094c08fdfcf24d49a91",
    "rating": 5,
    "comment": "Cattus amiculum vesper causa ipsum vulticulus conventus exercitationem benigne adsidue.",
    "createdAt": "2025-02-28T04:56:55.571Z"
  },
  {
    "productId": "6814c03933cd17d446b063a8",
    "userId": "6822d094c08fdfcf24d49a91",
    "rating": 5,
    "comment": "Vomer sollers absum laudantium tersus statim terra victoria vae cresco.",
    "createdAt": "2025-02-28T04:56:55.571Z"
  },
  {
    "productId": "6814c1b4ba01e3aab8f3f3b4",
    "userId": "6822d09dc08fdfcf24d49be1",
    "rating": 5,
    "comment": "Capto iusto aegre celo tyrannus pecto atqui voluptatum xiphias tremo.",
    "createdAt": "2025-03-02T06:15:06.668Z"
  },
  {
    "productId": "6814dafe48198c3c05074c24",
    "userId": "6822d0a2c08fdfcf24d49c73",
    "rating": 1,
    "comment": "Tot temporibus dicta reiciendis vacuus dedecor territo viriliter varius crur.",
    "createdAt": "2025-03-01T08:37:56.446Z"
  },
  {
    "productId": "6814c2ca511161f3045acbf0",
    "userId": "6822d08ac08fdfcf24d4989f",
    "rating": 4,
    "comment": "Vitae decipio apostolus cum odio tot casso caveo corrumpo conitor.",
    "createdAt": "2025-03-01T13:23:49.578Z"
  },
  {
    "productId": "6814c03933cd17d446b063d4",
    "userId": "6822d08ac08fdfcf24d4989f",
    "rating": 5,
    "comment": "Timor nam assentator cernuus conculco minima supellex tendo umbra usque.",
    "createdAt": "2025-02-28T13:23:49.578Z"
  },
  {
    "productId": "6814be17a67388b7fa2b03ac",
    "userId": "6822d08ac08fdfcf24d4989f",
    "rating": 2,
    "comment": "Ullus statua aer vallum conspergo vulgo velociter ceno utor demonstro.",
    "createdAt": "2025-02-25T13:23:49.578Z"
  },
  {
    "productId": "6814daff48198c3c05074c47",
    "userId": "6822d08ac08fdfcf24d4989f",
    "rating": 5,
    "comment": "Creo tego vobis varietas theatrum adulescens cattus deinde amo spectaculum.",
    "createdAt": "2025-02-27T13:23:49.578Z"
  },
  {
    "productId": "6814c103ca19a92a5b1d5b13",
    "userId": "6822d075c08fdfcf24d4955b",
    "rating": 5,
    "comment": "Capitulus bos suscipio terreo degero tandem amita vicissitudo aegrus strues.",
    "createdAt": "2025-03-01T17:51:56.465Z"
  },
  {
    "productId": "6814bf396172128284c9bf0c",
    "userId": "6822d06cc08fdfcf24d493cd",
    "rating": 4,
    "comment": "Deputo quae vivo sophismata adfectus ipsum tollo dignissimos officia vinco.",
    "createdAt": "2025-03-02T21:21:06.748Z"
  },
  {
    "productId": "6814d008dac5e44185ec222b",
    "userId": "6822d06dc08fdfcf24d493f5",
    "rating": 4,
    "comment": "Arbor pauper cumque calcar comptus suggero defungo cunctatio conturbo uredo.",
    "createdAt": "2025-03-02T23:05:52.561Z"
  },
  {
    "productId": "6814d8faa6b79f1523907ea4",
    "userId": "6822d0a1c08fdfcf24d49c57",
    "rating": 5,
    "comment": "Ea cariosus cruciamentum accedo deripio truculenter vado ipsum coruscus expedita.",
    "createdAt": "2025-02-27T01:13:12.946Z"
  },
  {
    "productId": "6814c03933cd17d446b063c4",
    "userId": "6822d06cc08fdfcf24d493b7",
    "rating": 4,
    "comment": "Aestas enim umquam casso suus ut audeo dolorum aurum ver.",
    "createdAt": "2025-02-27T01:48:41.356Z"
  },
  {
    "productId": "6814cabe1780e5204676cdd0",
    "userId": "6822d06cc08fdfcf24d493b7",
    "rating": 5,
    "comment": "Caveo theologus fugiat baiulus cupiditas odit varius cedo minus thymbra.",
    "createdAt": "2025-02-28T01:48:41.356Z"
  },
  {
    "productId": "6814daff48198c3c05074c57",
    "userId": "6822d06cc08fdfcf24d493b7",
    "rating": 5,
    "comment": "Harum defleo sulum circumvenio villa depraedor saepe summisse depromo aperte.",
    "createdAt": "2025-02-27T01:48:41.356Z"
  },
  {
    "productId": "6814d8faa6b79f1523907e9d",
    "userId": "6822d06cc08fdfcf24d493b7",
    "rating": 5,
    "comment": "Numquam quasi consequatur approbo conicio vinculum commemoro aequus solus tracto.",
    "createdAt": "2025-02-28T01:48:41.356Z"
  },
  {
    "productId": "6814d8faa6b79f1523907ec4",
    "userId": "6822d0a4c08fdfcf24d49d01",
    "rating": 5,
    "comment": "Tot amo apostolus aperio ultra asporto terga quibusdam velut cotidie.",
    "createdAt": "2025-03-01T05:22:41.773Z"
  },
  {
    "productId": "6814ccc358f78c505fea9655",
    "userId": "6822d080c08fdfcf24d49727",
    "rating": 5,
    "comment": "Viridis abbas thermae perspiciatis tot circumvenio vulgus doloribus viscus pauper.",
    "createdAt": "2025-03-03T09:03:12.270Z"
  },
  {
    "productId": "6814bcdd958ad8fcad8c545f",
    "userId": "6822d080c08fdfcf24d49727",
    "rating": 2,
    "comment": "Voluptas solitudo peior iure argumentum thema cilicium voluptates sperno villa.",
    "createdAt": "2025-03-02T09:03:12.270Z"
  },
  {
    "productId": "6814a81835053cb1544dd127",
    "userId": "6822d06ac08fdfcf24d4935d",
    "rating": 1,
    "comment": "Acervus recusandae usque terreo acidus arx subiungo agnitio territo cupio.",
    "createdAt": "2025-03-03T14:15:17.866Z"
  },
  {
    "productId": "6814d8faa6b79f1523907ebe",
    "userId": "682302641f98de2bb173e629",
    "rating": 5,
    "comment": "Bos dedecor trucido circumvenio curvo aspicio utor decumbo bis amita.",
    "createdAt": "2025-03-03T17:26:55.901Z"
  },
  {
    "productId": "6814d8faa6b79f1523907ec4",
    "userId": "6822d074c08fdfcf24d494f9",
    "rating": 5,
    "comment": "Causa totus caterva vulpes abeo repudiandae dedico conqueror in caveo.",
    "createdAt": "2025-03-02T18:25:33.685Z"
  },
  {
    "productId": "6814b49adb8e7421d9054849",
    "userId": "6822d074c08fdfcf24d494f9",
    "rating": 5,
    "comment": "Delectus demens ea vilis adopto tero commemoro vir demo aestus.",
    "createdAt": "2025-02-27T18:25:33.685Z"
  },
  {
    "productId": "6814d3aabcd9b504d290b01c",
    "userId": "6822d09ec08fdfcf24d49c21",
    "rating": 5,
    "comment": "Tremo thesis cuius crastinus sublime ascisco laudantium tandem tempore cursim.",
    "createdAt": "2025-02-26T18:38:25.590Z"
  },
  {
    "productId": "6814bf386172128284c9becc",
    "userId": "6822d09ec08fdfcf24d49c21",
    "rating": 5,
    "comment": "Quis calcar crastinus ager ad spiculum arma sordeo laboriosam vero.",
    "createdAt": "2025-02-28T18:38:25.590Z"
  },
  {
    "productId": "6814c741b44fb7a9e6cbb4b5",
    "userId": "6822d09ec08fdfcf24d49c21",
    "rating": 4,
    "comment": "Avaritia incidunt aperio cohaero depromo defendo aliqua alii curso maiores.",
    "createdAt": "2025-03-03T18:38:25.590Z"
  },
  {
    "productId": "6814cbfc9ac1ce261961922f",
    "userId": "6822d09ec08fdfcf24d49c21",
    "rating": 1,
    "comment": "Caste conicio acerbitas ara animus cedo somnus confugo aequitas accommodo.",
    "createdAt": "2025-03-01T18:38:25.590Z"
  },
  {
    "productId": "6814d4dbd4982e02496b6356",
    "userId": "6822d088c08fdfcf24d49835",
    "rating": 4,
    "comment": "Virtus tam vulnus dolorum unus adaugeo toties dedecor attero textus.",
    "createdAt": "2025-02-28T19:07:41.795Z"
  },
  {
    "productId": "6814c3b3595891202e483a88",
    "userId": "6822d081c08fdfcf24d4973d",
    "rating": 5,
    "comment": "Aeger at cibo virtus video adicio sol videlicet via defluo.",
    "createdAt": "2025-02-27T19:22:58.339Z"
  },
  {
    "productId": "6814a81935053cb1544dd159",
    "userId": "6822d0a5c08fdfcf24d49d2f",
    "rating": 5,
    "comment": "Tutis confido thesaurus conculco officiis acsi sequi brevis constans pecco.",
    "createdAt": "2025-02-28T20:18:34.083Z"
  },
  {
    "productId": "6814cf2ef6a78c6dfa30843e",
    "userId": "6822d0a5c08fdfcf24d49d2f",
    "rating": 4,
    "comment": "Stultus alveus capio appositus cruciamentum vulnero thalassinus complectus appositus terga.",
    "createdAt": "2025-02-26T20:18:34.083Z"
  },
  {
    "productId": "6814c2ca511161f3045acc0c",
    "userId": "6822d0a5c08fdfcf24d49d2f",
    "rating": 3,
    "comment": "Vobis vestigium dolorem tribuo acceptus cavus cur avaritia defessus ager.",
    "createdAt": "2025-02-27T20:18:34.083Z"
  },
  {
    "productId": "6814a81835053cb1544dd143",
    "userId": "6822d0a5c08fdfcf24d49d2f",
    "rating": 4,
    "comment": "Ager ultio valens cohors desparatus curia turba suffragium tot termes.",
    "createdAt": "2025-03-01T20:18:34.083Z"
  },
  {
    "productId": "6814d007dac5e44185ec2216",
    "userId": "682302641f98de2bb173e607",
    "rating": 5,
    "comment": "Quasi odit adipisci auditor deprecator quod summopere celo molestias vomito.",
    "createdAt": "2025-03-04T06:09:38.799Z"
  },
  {
    "productId": "6814d886eb6e44f9df4dc000",
    "userId": "6822d076c08fdfcf24d4957d",
    "rating": 5,
    "comment": "Debitis soleo validus apud apud doloribus custodia valetudo apparatus aestas.",
    "createdAt": "2025-03-01T07:42:23.795Z"
  },
  {
    "productId": "6814c104ca19a92a5b1d5b43",
    "userId": "6822d076c08fdfcf24d4957d",
    "rating": 5,
    "comment": "Stultus arca cupiditas utique deinde admoveo thesaurus accusantium sint basium.",
    "createdAt": "2025-02-28T07:42:23.795Z"
  },
  {
    "productId": "6814a1941c10fee4a5286da2",
    "userId": "6822d076c08fdfcf24d4957d",
    "rating": 5,
    "comment": "Sustineo uxor statim curia quam ut brevis solus sustineo ullus.",
    "createdAt": "2025-03-01T07:42:23.795Z"
  },
  {
    "productId": "6814c1b4ba01e3aab8f3f39c",
    "userId": "6822d076c08fdfcf24d4957d",
    "rating": 4,
    "comment": "Super dolorum cupio velociter virtus capto cernuus taedium ventosus nihil.",
    "createdAt": "2025-03-04T07:42:23.795Z"
  },
  {
    "productId": "6814cd2505d66cbf2ba763c9",
    "userId": "6822d08ac08fdfcf24d498af",
    "rating": 4,
    "comment": "Depromo carcer suspendo balbus victoria benigne volutabrum trado somnus suscipio.",
    "createdAt": "2025-02-27T08:51:07.187Z"
  },
  {
    "productId": "68149cfe30a898aab1f043be",
    "userId": "6822d06ac08fdfcf24d4932d",
    "rating": 5,
    "comment": "Appono suppellex abbas avarus altus una aegre campana quas cupressus.",
    "createdAt": "2025-03-02T10:51:32.177Z"
  },
  {
    "productId": "6814d3abbcd9b504d290b044",
    "userId": "6822d06ac08fdfcf24d4932d",
    "rating": 5,
    "comment": "Debilito atrox tempora cui advenio totam autem esse terreo pel.",
    "createdAt": "2025-03-04T10:51:32.177Z"
  },
  {
    "productId": "6814cabe1780e5204676cdc6",
    "userId": "6822d06ac08fdfcf24d4932d",
    "rating": 5,
    "comment": "Tibi campana vilicus carcer sponte dedico aegrotatio virgo dignissimos admitto.",
    "createdAt": "2025-03-02T10:51:32.177Z"
  },
  {
    "productId": "6814ccc358f78c505fea9650",
    "userId": "6822d06ac08fdfcf24d4932d",
    "rating": 3,
    "comment": "Sophismata quidem absum dapifer temeritas voluptas bibo aureus abutor comburo.",
    "createdAt": "2025-03-02T10:51:32.177Z"
  },
  {
    "productId": "6814d007dac5e44185ec2223",
    "userId": "6822d090c08fdfcf24d49985",
    "rating": 5,
    "comment": "Conculco summopere usque conservo aqua supplanto subiungo apud cuius ipsam.",
    "createdAt": "2025-03-04T15:27:38.666Z"
  },
  {
    "productId": "6814ccc358f78c505fea9670",
    "userId": "6822d08cc08fdfcf24d49925",
    "rating": 5,
    "comment": "Super thesaurus sto exercitationem carus attollo tempore tristis molestias odio.",
    "createdAt": "2025-02-28T18:45:33.505Z"
  },
  {
    "productId": "6814be17a67388b7fa2b035a",
    "userId": "6822d08cc08fdfcf24d49925",
    "rating": 5,
    "comment": "Aeneus suffragium et defetiscor minus tepesco commemoro damno templum suppellex.",
    "createdAt": "2025-02-27T18:45:33.505Z"
  },
  {
    "productId": "6814b49adb8e7421d9054837",
    "userId": "6822d08cc08fdfcf24d49925",
    "rating": 3,
    "comment": "Saepe confugo vulnero vitae ustulo pecco ancilla totam ambulo crinis.",
    "createdAt": "2025-03-03T18:45:33.505Z"
  },
  {
    "productId": "6814a81935053cb1544dd169",
    "userId": "6822d08cc08fdfcf24d49925",
    "rating": 4,
    "comment": "Aetas rerum tam subseco curiositas veritas sint adipisci sufficio cenaculum.",
    "createdAt": "2025-03-02T18:45:33.505Z"
  },
  {
    "productId": "6814b49adb8e7421d9054854",
    "userId": "6822d088c08fdfcf24d49831",
    "rating": 5,
    "comment": "Pecus cattus demitto accusamus vaco amicitia commemoro tamdiu artificiose sollicito.",
    "createdAt": "2025-03-04T21:16:27.988Z"
  },
  {
    "productId": "6814c741b44fb7a9e6cbb4a6",
    "userId": "6822d07ec08fdfcf24d4968b",
    "rating": 5,
    "comment": "Admitto taedium adimpleo convoco balbus defungo curatio crastinus blandior tam.",
    "createdAt": "2025-02-27T23:37:05.664Z"
  },
  {
    "productId": "6814cf2ef6a78c6dfa308448",
    "userId": "6823025b1f98de2bb173e46b",
    "rating": 5,
    "comment": "Bonus tum vespillo excepturi nesciunt cohors atavus censura patior supplanto.",
    "createdAt": "2025-03-03T01:27:12.445Z"
  },
  {
    "productId": "6814d4dbd4982e02496b635c",
    "userId": "6822d08fc08fdfcf24d49963",
    "rating": 4,
    "comment": "Demens decens eius cetera turpis ultra tutamen tabgo colligo consequatur.",
    "createdAt": "2025-03-04T04:23:34.973Z"
  },
  {
    "productId": "6814d30f19ffed8d9ec6b53c",
    "userId": "682302641f98de2bb173e625",
    "rating": 5,
    "comment": "Centum cicuta voro ager beatae conforto complectus supellex at valeo.",
    "createdAt": "2025-03-02T04:47:07.616Z"
  },
  {
    "productId": "6814c2cb511161f3045acc34",
    "userId": "682302621f98de2bb173e599",
    "rating": 1,
    "comment": "Tollo triumphus aestas ait aetas attonbitus atavus debeo temeritas ducimus.",
    "createdAt": "2025-03-01T04:59:58.662Z"
  },
  {
    "productId": "6814d887eb6e44f9df4dc01f",
    "userId": "6822d0a2c08fdfcf24d49c73",
    "rating": 5,
    "comment": "Necessitatibus ter possimus bonus tenax fuga voluptas depulso comminor adnuo.",
    "createdAt": "2025-02-28T08:01:14.557Z"
  },
  {
    "productId": "6814bf386172128284c9becc",
    "userId": "682302641f98de2bb173e601",
    "rating": 3,
    "comment": "Subito velut addo desparatus curo thesis suppellex depereo assumenda utique.",
    "createdAt": "2025-03-03T12:31:05.219Z"
  },
  {
    "productId": "6814c104ca19a92a5b1d5b6f",
    "userId": "6822d08fc08fdfcf24d49965",
    "rating": 5,
    "comment": "Ea quas laborum soleo averto tolero enim vae carus trans.",
    "createdAt": "2025-03-03T13:27:39.485Z"
  },
  {
    "productId": "6814a81935053cb1544dd163",
    "userId": "6822d098c08fdfcf24d49ac3",
    "rating": 5,
    "comment": "Desino argentum cras vulariter uterque compello curriculum vestigium adflicto beneficium.",
    "createdAt": "2025-03-05T14:10:47.833Z"
  },
  {
    "productId": "6814c104ca19a92a5b1d5b3b",
    "userId": "6822d098c08fdfcf24d49ac3",
    "rating": 3,
    "comment": "Abstergo volaticus bellicus consectetur calamitas voluptatum statim videlicet quidem aestivus.",
    "createdAt": "2025-03-01T14:10:47.833Z"
  },
  {
    "productId": "6814daff48198c3c05074c2f",
    "userId": "6822d078c08fdfcf24d49601",
    "rating": 5,
    "comment": "Alias somnus unde veritas tego sit accendo capio atrox capillus.",
    "createdAt": "2025-03-02T19:37:42.838Z"
  },
  {
    "productId": "6814c2ca511161f3045acc14",
    "userId": "6822d09dc08fdfcf24d49bd9",
    "rating": 3,
    "comment": "Quae suppono defetiscor caput abstergo sustineo culpa abutor cui aufero.",
    "createdAt": "2025-03-05T21:45:20.122Z"
  },
  {
    "productId": "6814d4dbd4982e02496b6362",
    "userId": "6822d09ec08fdfcf24d49c33",
    "rating": 5,
    "comment": "Conculco cuius vulariter vere crudelis torrens corona convoco totam vilicus.",
    "createdAt": "2025-03-02T03:21:21.544Z"
  },
  {
    "productId": "6814d007dac5e44185ec2216",
    "userId": "6823025b1f98de2bb173e479",
    "rating": 5,
    "comment": "Ducimus adopto causa ullus debeo volup cubicularis adsum libero caterva.",
    "createdAt": "2025-03-05T08:45:24.323Z"
  },
  {
    "productId": "6814daff48198c3c05074c35",
    "userId": "6822d093c08fdfcf24d49a4f",
    "rating": 4,
    "comment": "Vinum magnam adamo thymum cur speculum canonicus suscipit dens quasi.",
    "createdAt": "2025-03-02T11:39:36.336Z"
  },
  {
    "productId": "6814d886eb6e44f9df4dbfef",
    "userId": "6822d06bc08fdfcf24d4938d",
    "rating": 5,
    "comment": "Architecto catena supra coniuratio suffragium tamdiu patruus quis modi absorbeo.",
    "createdAt": "2025-03-06T13:04:51.707Z"
  },
  {
    "productId": "6814c1b4ba01e3aab8f3f39c",
    "userId": "6822d06bc08fdfcf24d4938d",
    "rating": 3,
    "comment": "Censura cinis quisquam provident sto conitor adhaero absum teres demo.",
    "createdAt": "2025-03-02T13:04:51.707Z"
  },
  {
    "productId": "6814c741b44fb7a9e6cbb4c8",
    "userId": "6822d06bc08fdfcf24d4938d",
    "rating": 5,
    "comment": "Quia culpa aperio tepidus suadeo ars tantum casso torrens apparatus.",
    "createdAt": "2025-03-06T13:04:51.707Z"
  },
  {
    "productId": "6814cd2505d66cbf2ba763c9",
    "userId": "6822d06bc08fdfcf24d4938d",
    "rating": 3,
    "comment": "Atque agnosco territo commodi ut ullam expedita voluptatum sollers cervus.",
    "createdAt": "2025-03-04T13:04:51.707Z"
  },
  {
    "productId": "6814d4dbd4982e02496b6362",
    "userId": "6822d09cc08fdfcf24d49b9b",
    "rating": 5,
    "comment": "Beneficium capto natus vere alioqui volubilis tandem sono exercitationem tergum.",
    "createdAt": "2025-03-03T14:35:47.810Z"
  },
  {
    "productId": "6814c104ca19a92a5b1d5b43",
    "userId": "6822d09ec08fdfcf24d49c37",
    "rating": 3,
    "comment": "Audax ciminatio articulus acer illum atqui videlicet cinis conor taceo.",
    "createdAt": "2025-03-02T16:02:11.082Z"
  },
  {
    "productId": "6814a1931c10fee4a5286d55",
    "userId": "682302631f98de2bb173e5bd",
    "rating": 5,
    "comment": "Beneficium cometes harum vulgivagus caveo arto culpa pecus spectaculum valde.",
    "createdAt": "2025-03-04T17:35:48.561Z"
  },
  {
    "productId": "6814d8faa6b79f1523907eac",
    "userId": "682302631f98de2bb173e5bd",
    "rating": 5,
    "comment": "Tergo ad animi uredo thalassinus adhuc bestia curatio argentum ustilo.",
    "createdAt": "2025-03-01T17:35:48.561Z"
  },
  {
    "productId": "6814b499db8e7421d9054823",
    "userId": "682302631f98de2bb173e5bd",
    "rating": 2,
    "comment": "Cariosus concedo omnis ceno vinum varius patruus undique acquiro dens.",
    "createdAt": "2025-03-06T17:35:48.561Z"
  },
  {
    "productId": "6814d246995813a18f27d953",
    "userId": "682302631f98de2bb173e5bd",
    "rating": 4,
    "comment": "Veniam super succurro conitor summa veritatis territo cuius vivo animadverto.",
    "createdAt": "2025-03-06T17:35:48.561Z"
  },
  {
    "productId": "68149cfd30a898aab1f043a7",
    "userId": "6822d09ec08fdfcf24d49c3f",
    "rating": 5,
    "comment": "Crepusculum pectus minima asperiores acer antepono deludo cattus sursum civis.",
    "createdAt": "2025-03-01T18:23:41.522Z"
  },
  {
    "productId": "6814d519d4982e02496b64c2",
    "userId": "6822d09ec08fdfcf24d49c3f",
    "rating": 5,
    "comment": "Demergo angulus denuncio caritas velum conatus auditor communis timidus nulla.",
    "createdAt": "2025-03-06T18:23:41.522Z"
  },
  {
    "productId": "6814af8df38840c4bcc37ec5",
    "userId": "6822d09ec08fdfcf24d49c3f",
    "rating": 4,
    "comment": "Amaritudo colligo theologus confugo demonstro civitas sufficio vulnero laudantium stultus.",
    "createdAt": "2025-03-01T18:23:41.522Z"
  },
  {
    "productId": "6814cabe1780e5204676cdd0",
    "userId": "6822d09ec08fdfcf24d49c3f",
    "rating": 3,
    "comment": "Alienus caritas astrum strues vacuus delibero arguo sollers ultio abduco.",
    "createdAt": "2025-03-05T18:23:41.522Z"
  },
  {
    "productId": "6814d8faa6b79f1523907e9d",
    "userId": "6822d0a2c08fdfcf24d49c99",
    "rating": 5,
    "comment": "Degero depereo ciminatio iste tertius mollitia thymum valde suffragium stips.",
    "createdAt": "2025-03-06T20:08:48.883Z"
  },
  {
    "productId": "6814daff48198c3c05074c2f",
    "userId": "6822d06ec08fdfcf24d49431",
    "rating": 4,
    "comment": "Amor voveo cerno conspergo statim confugo odio conqueror appono modi.",
    "createdAt": "2025-03-03T21:50:15.073Z"
  },
  {
    "productId": "6814be17a67388b7fa2b03ac",
    "userId": "6822d092c08fdfcf24d499ff",
    "rating": 3,
    "comment": "Celebrer adflicto accendo veritas tabernus aveho ulterius voluptate aegrus acies.",
    "createdAt": "2025-03-04T22:03:11.671Z"
  },
  {
    "productId": "6814c2ca511161f3045acbd8",
    "userId": "6822d092c08fdfcf24d499ff",
    "rating": 4,
    "comment": "Necessitatibus ante strues aer valeo victoria conspergo repellendus consequuntur excepturi.",
    "createdAt": "2025-03-01T22:03:11.671Z"
  },
  {
    "productId": "6814c103ca19a92a5b1d5b07",
    "userId": "6822d092c08fdfcf24d499ff",
    "rating": 4,
    "comment": "Adhuc absens virgo casso custodia terebro bene sublime aegrus ea.",
    "createdAt": "2025-03-01T22:03:11.671Z"
  },
  {
    "productId": "6814a1931c10fee4a5286d69",
    "userId": "6822d092c08fdfcf24d499ff",
    "rating": 4,
    "comment": "Accusamus supra arma deleo quam termes soluta trans carmen templum.",
    "createdAt": "2025-03-05T22:03:11.671Z"
  },
  {
    "productId": "6814b49adb8e7421d905483d",
    "userId": "6822d083c08fdfcf24d497e1",
    "rating": 3,
    "comment": "Tumultus deprimo strues deleniti aestas suspendo tantillus autus deorsum corrigo.",
    "createdAt": "2025-03-06T22:34:47.548Z"
  }
]
