[
  {
    "productId": "6814c75737cb2b415f50f05f",
    "userId": "6822d091c08fdfcf24d499d3",
    "rating": 3,
    "comment": "Suffoco voluptatum admiratio a articulus quasi eaque excepturi ciminatio bardus.",
    "createdAt": "2025-05-04T00:41:32.858Z"
  },
  {
    "productId": "6814a1941c10fee4a5286da2",
    "userId": "6822d06dc08fdfcf24d493e9",
    "rating": 4,
    "comment": "Collum caelestis toties volubilis culpa delinquo aestus vacuus vulariter pecus.",
    "createdAt": "2025-05-06T00:54:16.504Z"
  },
  {
    "productId": "6814c2ca511161f3045acbe4",
    "userId": "682302641f98de2bb173e617",
    "rating": 2,
    "comment": "Tamisium vere atque credo bardus conturbo teneo amplus tabella ciminatio.",
    "createdAt": "2025-05-04T04:56:12.528Z"
  },
  {
    "productId": "6814d3abbcd9b504d290b087",
    "userId": "6822d08cc08fdfcf24d49921",
    "rating": 5,
    "comment": "Voro appello tametsi censura demens tempus assumenda acceptus villa apostolus.",
    "createdAt": "2025-05-07T06:03:39.526Z"
  },
  {
    "productId": "6814b499db8e7421d9054829",
    "userId": "6822d093c08fdfcf24d49a75",
    "rating": 5,
    "comment": "Ultra anser trado tui optio admiratio commemoro vinum virtus adimpleo.",
    "createdAt": "2025-05-09T08:23:29.181Z"
  },
  {
    "productId": "6814a81935053cb1544dd159",
    "userId": "6822d093c08fdfcf24d49a75",
    "rating": 1,
    "comment": "Arcesso tempore vulgo terminatio veritatis veritatis vitiosus arbor suppellex occaecati.",
    "createdAt": "2025-05-06T08:23:29.181Z"
  },
  {
    "productId": "6814ccc358f78c505fea9682",
    "userId": "6822d093c08fdfcf24d49a75",
    "rating": 4,
    "comment": "Soleo corpus abundans curriculum ullus deludo abscido vaco aptus corporis.",
    "createdAt": "2025-05-08T08:23:29.181Z"
  },
  {
    "productId": "6814cabe1780e5204676cdd0",
    "userId": "6822d093c08fdfcf24d49a75",
    "rating": 5,
    "comment": "Cotidie vinum beneficium aspicio acervus minus suasoria verus complectus terra.",
    "createdAt": "2025-05-06T08:23:29.181Z"
  },
  {
    "productId": "6814c104ca19a92a5b1d5b2f",
    "userId": "6822d07ec08fdfcf24d49677",
    "rating": 5,
    "comment": "Tolero deleniti caries vinco voluptatum tabula ante pel aer amoveo.",
    "createdAt": "2025-05-05T16:03:54.112Z"
  },
  {
    "productId": "6814a1941c10fee4a5286d9a",
    "userId": "6822d07ec08fdfcf24d49677",
    "rating": 3,
    "comment": "Vulticulus quaerat thema laboriosam accusamus ipsum cernuus talus statim caveo.",
    "createdAt": "2025-05-09T16:03:54.112Z"
  },
  {
    "productId": "6814d245995813a18f27d938",
    "userId": "6822d07ec08fdfcf24d49677",
    "rating": 5,
    "comment": "Vulariter veritatis tabesco arceo ea inventore amissio thesis provident dens.",
    "createdAt": "2025-05-08T16:03:54.112Z"
  },
  {
    "productId": "6814c3b3595891202e483a88",
    "userId": "6822d07ec08fdfcf24d49677",
    "rating": 5,
    "comment": "Ducimus veritas dens concedo corporis sortitus caries ulciscor arcus pel.",
    "createdAt": "2025-05-07T16:03:54.112Z"
  },
  {
    "productId": "6814c2cb511161f3045acc48",
    "userId": "6822d09cc08fdfcf24d49bc9",
    "rating": 5,
    "comment": "Crapula sufficio degero volubilis benevolentia nobis acceptus custodia ara defero.",
    "createdAt": "2025-05-06T21:30:37.805Z"
  },
  {
    "productId": "6814ccc358f78c505fea9655",
    "userId": "6822d06dc08fdfcf24d493f3",
    "rating": 5,
    "comment": "Agnosco tabernus comprehendo ventito stultus virga cresco paulatim pecus incidunt.",
    "createdAt": "2025-05-05T22:28:24.758Z"
  },
  {
    "productId": "6814cabe1780e5204676cded",
    "userId": "682302691f98de2bb173e677",
    "rating": 5,
    "comment": "Amplitudo dolores terebro arbustum aureus creator apud deserunt curtus aperio.",
    "createdAt": "2025-05-06T07:10:15.653Z"
  },
  {
    "productId": "6814c740b44fb7a9e6cbb46b",
    "userId": "682302691f98de2bb173e677",
    "rating": 3,
    "comment": "Dens optio vulgivagus infit absens tendo cognatus tergeo administratio aro.",
    "createdAt": "2025-05-06T07:10:15.653Z"
  },
  {
    "productId": "6814cabf1780e5204676cdfd",
    "userId": "682302691f98de2bb173e677",
    "rating": 2,
    "comment": "Virga synagoga aperiam cultellus vulariter arto omnis titulus cubitum absens.",
    "createdAt": "2025-05-05T07:10:15.653Z"
  },
  {
    "productId": "6814d49dabc2c4bf4ecaf51e",
    "userId": "682302691f98de2bb173e677",
    "rating": 5,
    "comment": "Tempus combibo veritatis virtus et sublime pectus cicuta praesentium turpis.",
    "createdAt": "2025-05-05T07:10:15.653Z"
  },
  {
    "productId": "6814a81935053cb1544dd169",
    "userId": "6822d093c08fdfcf24d49a5b",
    "rating": 2,
    "comment": "Caries eligendi curriculum curto qui clamo depromo volup adduco vox.",
    "createdAt": "2025-05-10T17:00:09.217Z"
  },
  {
    "productId": "6814c75737cb2b415f50f047",
    "userId": "6822d072c08fdfcf24d49477",
    "rating": 5,
    "comment": "Stips inflammatio ante vita at thalassinus verto cinis architecto terminatio.",
    "createdAt": "2025-05-09T01:23:02.660Z"
  },
  {
    "productId": "68149cfe30a898aab1f043d7",
    "userId": "6822d072c08fdfcf24d49477",
    "rating": 5,
    "comment": "Ut ventito quae constans cometes bibo amaritudo ante sopor vulgaris.",
    "createdAt": "2025-05-11T01:23:02.660Z"
  },
  {
    "productId": "6814d007dac5e44185ec221d",
    "userId": "6822d072c08fdfcf24d49477",
    "rating": 3,
    "comment": "Sulum ater adulatio anser deserunt sum depopulo vinco tero carmen.",
    "createdAt": "2025-05-06T01:23:02.660Z"
  },
  {
    "productId": "68149cfe30a898aab1f043cb",
    "userId": "6822d072c08fdfcf24d49477",
    "rating": 3,
    "comment": "Vulgivagus bellicus synagoga tabernus suppono autus delicate adiuvo deleo perspiciatis.",
    "createdAt": "2025-05-07T01:23:02.660Z"
  },
  {
    "productId": "6814d3abbcd9b504d290b05c",
    "userId": "6822d099c08fdfcf24d49ae3",
    "rating": 5,
    "comment": "Ver tam claustrum bene aeger canis doloremque demo solus laborum.",
    "createdAt": "2025-05-08T09:41:22.844Z"
  },
  {
    "productId": "68149cfd30a898aab1f0439b",
    "userId": "6823025b1f98de2bb173e483",
    "rating": 5,
    "comment": "Curtus curto tabula tui aeger subvenio architecto demitto aqua comes.",
    "createdAt": "2025-05-09T01:16:21.291Z"
  },
  {
    "productId": "6814c2ca511161f3045acc24",
    "userId": "6822d08bc08fdfcf24d498f9",
    "rating": 5,
    "comment": "Dapifer urbanus cito delectatio theatrum asper veniam thesaurus tenuis infit.",
    "createdAt": "2025-05-07T03:33:24.901Z"
  },
  {
    "productId": "68149cfe30a898aab1f043d1",
    "userId": "6822d08bc08fdfcf24d498f9",
    "rating": 5,
    "comment": "Coerceo crapula vulnero brevis spoliatio spoliatio conqueror vaco thorax creo.",
    "createdAt": "2025-05-12T03:33:24.901Z"
  },
  {
    "productId": "6814d8faa6b79f1523907e9d",
    "userId": "6822d08bc08fdfcf24d498f9",
    "rating": 5,
    "comment": "Bis pecus est pectus cetera patrocinor cimentarius ait suffragium curtus.",
    "createdAt": "2025-05-08T03:33:24.901Z"
  },
  {
    "productId": "6814cabe1780e5204676cdf7",
    "userId": "6822d08bc08fdfcf24d498f9",
    "rating": 5,
    "comment": "Cui speciosus aegre subito utilis suadeo stipes caritas summopere abscido.",
    "createdAt": "2025-05-09T03:33:24.901Z"
  },
  {
    "productId": "6814bcdd958ad8fcad8c5412",
    "userId": "6822d089c08fdfcf24d4986b",
    "rating": 1,
    "comment": "Delectatio vomito distinctio tondeo viriliter decipio contabesco magnam repellendus repellendus.",
    "createdAt": "2025-05-08T14:57:25.325Z"
  },
  {
    "productId": "6814af8df38840c4bcc37eb8",
    "userId": "6822d073c08fdfcf24d494ab",
    "rating": 5,
    "comment": "Synagoga audio accendo ambitus terebro adaugeo nam saepe solitudo somniculosus.",
    "createdAt": "2025-05-09T11:20:40.644Z"
  },
  {
    "productId": "6814c03933cd17d446b063a8",
    "userId": "6822d07dc08fdfcf24d49633",
    "rating": 3,
    "comment": "Suffoco decimus atavus apparatus spes vinculum tot sui ara combibo.",
    "createdAt": "2025-05-13T14:32:32.977Z"
  },
  {
    "productId": "6814bf396172128284c9befc",
    "userId": "6822d07dc08fdfcf24d49633",
    "rating": 5,
    "comment": "Carus concido taceo asporto vinum vomer adsuesco curvo adaugeo cena.",
    "createdAt": "2025-05-08T14:32:32.977Z"
  },
  {
    "productId": "6814be18a67388b7fa2b03bc",
    "userId": "6822d07dc08fdfcf24d49633",
    "rating": 5,
    "comment": "Cibus adfero comparo tamisium crinis vitae tui tergeo ab velit.",
    "createdAt": "2025-05-13T14:32:32.977Z"
  },
  {
    "productId": "6814c740b44fb7a9e6cbb48a",
    "userId": "6822d07dc08fdfcf24d49633",
    "rating": 4,
    "comment": "Cognatus sto denuo celebrer temperantia suggero suspendo bos eius bestia.",
    "createdAt": "2025-05-13T14:32:32.977Z"
  },
  {
    "productId": "6814c03933cd17d446b06398",
    "userId": "6822d074c08fdfcf24d4951d",
    "rating": 5,
    "comment": "Curriculum rerum suffoco tempora succurro tot tollo conqueror commemoro compono.",
    "createdAt": "2025-05-12T16:27:15.954Z"
  },
  {
    "productId": "6814d8faa6b79f1523907ee9",
    "userId": "6822d06dc08fdfcf24d4941b",
    "rating": 5,
    "comment": "Adipiscor atavus attonbitus tergeo decipio clementia cruentus cognomen auditor spectaculum.",
    "createdAt": "2025-05-11T21:41:42.331Z"
  },
  {
    "productId": "6814ccc358f78c505fea9670",
    "userId": "6822d06dc08fdfcf24d4941b",
    "rating": 4,
    "comment": "Sit acervus somnus cum appono catena coma aeger comptus crastinus.",
    "createdAt": "2025-05-11T21:41:42.331Z"
  },
  {
    "productId": "6814d3abbcd9b504d290b07f",
    "userId": "6822d06dc08fdfcf24d4941b",
    "rating": 5,
    "comment": "Talio color sodalitas surgo voveo ter canis uterque solus universe.",
    "createdAt": "2025-05-10T21:41:42.331Z"
  },
  {
    "productId": "6814c03933cd17d446b06368",
    "userId": "6822d06dc08fdfcf24d4941b",
    "rating": 1,
    "comment": "Ulterius vulnus varius peccatus verumtamen pel trado porro amoveo id.",
    "createdAt": "2025-05-11T21:41:42.331Z"
  },
  {
    "productId": "6814a1941c10fee4a5286da2",
    "userId": "6822d07dc08fdfcf24d49661",
    "rating": 5,
    "comment": "Ipsum conicio adipisci cilicium tondeo thema ustulo carbo caecus degero.",
    "createdAt": "2025-05-14T02:07:05.224Z"
  },
  {
    "productId": "6814d4dbd4982e02496b6368",
    "userId": "6822d06bc08fdfcf24d49385",
    "rating": 4,
    "comment": "Terga supra audacia vos curo dolore trans sponte ait abeo.",
    "createdAt": "2025-05-13T19:07:33.384Z"
  },
  {
    "productId": "6814c740b44fb7a9e6cbb498",
    "userId": "6822d06bc08fdfcf24d49385",
    "rating": 5,
    "comment": "Averto iste attonbitus tabella vilis sumptus exercitationem totam calamitas quos.",
    "createdAt": "2025-05-11T19:07:33.384Z"
  },
  {
    "productId": "6814d8faa6b79f1523907eac",
    "userId": "6822d06bc08fdfcf24d49385",
    "rating": 5,
    "comment": "Acerbitas contigo advoco quibusdam tamquam spoliatio spero decipio adduco cavus.",
    "createdAt": "2025-05-14T19:07:33.384Z"
  },
  {
    "productId": "6814af8df38840c4bcc37ecf",
    "userId": "6822d06bc08fdfcf24d49385",
    "rating": 5,
    "comment": "Crebro comitatus ater territo theca cumque ipsam nostrum animus caelum.",
    "createdAt": "2025-05-13T19:07:33.384Z"
  },
  {
    "productId": "6814d31019ffed8d9ec6b562",
    "userId": "6822d06bc08fdfcf24d49399",
    "rating": 5,
    "comment": "Necessitatibus doloribus stipes venio defendo tondeo tersus velut antea clam.",
    "createdAt": "2025-05-11T19:42:00.790Z"
  },
  {
    "productId": "6814c2cb511161f3045acc48",
    "userId": "682302731f98de2bb173e831",
    "rating": 5,
    "comment": "Aufero vinitor viduo vestrum ubi utique admoneo cura tergo stipes.",
    "createdAt": "2025-05-13T02:49:15.619Z"
  },
  {
    "productId": "6814c3b3595891202e483a90",
    "userId": "682302731f98de2bb173e831",
    "rating": 5,
    "comment": "Compello ante vulpes alias adfero cultura canis sonitus dedecor crastinus.",
    "createdAt": "2025-05-11T02:49:15.619Z"
  },
  {
    "productId": "6814be17a67388b7fa2b0370",
    "userId": "6822d089c08fdfcf24d49881",
    "rating": 5,
    "comment": "Arguo abeo patruus tergeo allatus apostolus vetus ambulo solutio arx.",
    "createdAt": "2025-05-11T03:23:16.588Z"
  },
  {
    "productId": "6814c2ca511161f3045acbd8",
    "userId": "6822d092c08fdfcf24d49a23",
    "rating": 2,
    "comment": "Spiculum torqueo architecto tardus tum ratione coruscus carmen voveo tactus.",
    "createdAt": "2025-05-14T05:06:14.786Z"
  },
  {
    "productId": "6814c103ca19a92a5b1d5b13",
    "userId": "6822d09ec08fdfcf24d49c2f",
    "rating": 5,
    "comment": "Via contra suffragium aeneus cohibeo vicissitudo victus curiositas attonbitus tantillus.",
    "createdAt": "2025-05-10T22:36:12.584Z"
  },
  {
    "productId": "6814c741b44fb7a9e6cbb4a6",
    "userId": "6822d09ec08fdfcf24d49c2f",
    "rating": 4,
    "comment": "Ustulo universe bellicus quasi solus patruus acquiro clibanus adnuo dens.",
    "createdAt": "2025-05-14T22:36:12.584Z"
  },
  {
    "productId": "6814d49dabc2c4bf4ecaf51e",
    "userId": "6822d06ec08fdfcf24d49447",
    "rating": 5,
    "comment": "Nemo conculco similique sollers aro praesentium calculus utrum contra patrocinor.",
    "createdAt": "2025-05-15T17:26:39.113Z"
  },
  {
    "productId": "6814d3abbcd9b504d290b05c",
    "userId": "6822d0a7c08fdfcf24d49db7",
    "rating": 5,
    "comment": "Umquam defungo compono altus agnosco volup ait mollitia succedo tempus.",
    "createdAt": "2025-05-12T03:37:19.552Z"
  },
  {
    "productId": "6814c2ca511161f3045acbf0",
    "userId": "6822d074c08fdfcf24d49509",
    "rating": 5,
    "comment": "Pauper cogito deludo umquam ventus viscus auditor vigor damnatio timidus.",
    "createdAt": "2025-05-12T12:39:51.763Z"
  },
  {
    "productId": "6814be17a67388b7fa2b037c",
    "userId": "6823e65859170eb65398fb52",
    "rating": 5,
    "comment": "Decerno demonstro audacia tero tantillus angustus deprecator velociter curo animus.",
    "createdAt": "2025-05-17T12:50:57.418Z"
  },
  {
    "productId": "6814b499db8e7421d9054829",
    "userId": "6822d07fc08fdfcf24d496c3",
    "rating": 5,
    "comment": "Compono vomito thymbra speciosus ustulo vis cupiditate denuo creta comedo.",
    "createdAt": "2025-05-16T02:00:26.276Z"
  },
  {
    "productId": "6814cabe1780e5204676cde3",
    "userId": "682302631f98de2bb173e5ab",
    "rating": 5,
    "comment": "Consequatur deprimo aestivus aurum benigne bis advoco attonbitus super demum.",
    "createdAt": "2025-05-18T05:11:04.631Z"
  },
  {
    "productId": "6814c2ca511161f3045acbc2",
    "userId": "682302631f98de2bb173e5ab",
    "rating": 5,
    "comment": "Alveus quibusdam sapiente spoliatio urbs commodi cattus deduco adsidue attero.",
    "createdAt": "2025-05-15T05:11:04.631Z"
  },
  {
    "productId": "6814d4dbd4982e02496b6368",
    "userId": "682302631f98de2bb173e5ab",
    "rating": 1,
    "comment": "Conatus solvo convoco ad theatrum perspiciatis aestus vorago degusto sustineo.",
    "createdAt": "2025-05-17T05:11:04.631Z"
  },
  {
    "productId": "6814b49adb8e7421d905484e",
    "userId": "682302631f98de2bb173e5ab",
    "rating": 5,
    "comment": "Reprehenderit adstringo complectus facilis aequitas depraedor tero molestias tego volva.",
    "createdAt": "2025-05-14T05:11:04.631Z"
  },
  {
    "productId": "6814bf386172128284c9beaa",
    "userId": "6822d0a5c08fdfcf24d49d4d",
    "rating": 3,
    "comment": "Eos attero asporto recusandae iusto cervus depromo temperantia arma unde.",
    "createdAt": "2025-05-16T05:44:38.792Z"
  },
  {
    "productId": "6814d518d4982e02496b648e",
    "userId": "6822d09cc08fdfcf24d49ba1",
    "rating": 5,
    "comment": "Acsi thermae doloribus unus alveus auditor approbo aestas iste civitas.",
    "createdAt": "2025-05-16T07:09:24.745Z"
  },
  {
    "productId": "6814a1931c10fee4a5286d69",
    "userId": "6822d08cc08fdfcf24d49923",
    "rating": 5,
    "comment": "Inflammatio beatus cupressus cometes nam veritas comptus abutor aegre sono.",
    "createdAt": "2025-05-17T07:15:47.394Z"
  },
  {
    "productId": "6814c2cb511161f3045acc48",
    "userId": "6822d08cc08fdfcf24d49923",
    "rating": 4,
    "comment": "Sonitus suspendo trepide omnis communis atqui tabernus amita creator antiquus.",
    "createdAt": "2025-05-17T07:15:47.394Z"
  },
  {
    "productId": "6814af8ef38840c4bcc37ef0",
    "userId": "6822d08cc08fdfcf24d49923",
    "rating": 5,
    "comment": "Adduco ultio asper tabesco sto apparatus anser statim tunc vinitor.",
    "createdAt": "2025-05-14T07:15:47.394Z"
  },
  {
    "productId": "6814c75737cb2b415f50f04f",
    "userId": "6822d08cc08fdfcf24d49923",
    "rating": 5,
    "comment": "Cupressus ab corona tergum ventus absens quas suggero somniculosus vomer.",
    "createdAt": "2025-05-16T07:15:47.394Z"
  },
  {
    "productId": "6814daff48198c3c05074c2f",
    "userId": "6822d0a4c08fdfcf24d49d19",
    "rating": 2,
    "comment": "Vado audeo venia conscendo vulpes adaugeo sublime accedo acies ultio.",
    "createdAt": "2025-05-18T16:00:18.892Z"
  },
  {
    "productId": "6814d007dac5e44185ec220c",
    "userId": "682302741f98de2bb173e895",
    "rating": 5,
    "comment": "Solio argumentum tardus vigilo canto cura corporis utpote commemoro vomer.",
    "createdAt": "2025-05-16T08:42:43.206Z"
  },
  {
    "productId": "68149cfe30a898aab1f043d1",
    "userId": "682302741f98de2bb173e895",
    "rating": 5,
    "comment": "Voveo vulgo ascisco aiunt adimpleo contra laborum ciminatio desidero mollitia.",
    "createdAt": "2025-05-15T08:42:43.206Z"
  },
  {
    "productId": "6814d8faa6b79f1523907ea4",
    "userId": "6822d09bc08fdfcf24d49b87",
    "rating": 3,
    "comment": "Curis utique aedificium adhaero dolores suscipit centum tersus vociferor quas.",
    "createdAt": "2025-05-17T12:30:59.942Z"
  },
  {
    "productId": "6814d49dabc2c4bf4ecaf516",
    "userId": "6822d069c08fdfcf24d492e5",
    "rating": 3,
    "comment": "Confido nulla decipio velum supplanto tandem pax caput tolero spectaculum.",
    "createdAt": "2025-05-19T16:34:25.646Z"
  },
  {
    "productId": "6814d31019ffed8d9ec6b562",
    "userId": "6822d082c08fdfcf24d497ab",
    "rating": 1,
    "comment": "Degusto sumo textor canonicus crux mollitia amplitudo thalassinus censura verecundia.",
    "createdAt": "2025-05-20T18:34:15.188Z"
  },
  {
    "productId": "6814a81835053cb1544dd139",
    "userId": "6822d082c08fdfcf24d497ab",
    "rating": 5,
    "comment": "Exercitationem ver abscido distinctio capio copiose corpus eius cotidie celer.",
    "createdAt": "2025-05-17T18:34:15.188Z"
  },
  {
    "productId": "68149cfd30a898aab1f0439b",
    "userId": "6822d082c08fdfcf24d497ab",
    "rating": 4,
    "comment": "Blandior absens contabesco avarus theca constans adicio corroboro canis odit.",
    "createdAt": "2025-05-16T18:34:15.188Z"
  },
  {
    "productId": "6814cabf1780e5204676ce05",
    "userId": "6822d082c08fdfcf24d497ab",
    "rating": 3,
    "comment": "Tribuo molestias suppellex thema crapula uter quidem cubo volup sequi.",
    "createdAt": "2025-05-20T18:34:15.188Z"
  },
  {
    "productId": "6814be17a67388b7fa2b03a4",
    "userId": "682302691f98de2bb173e675",
    "rating": 3,
    "comment": "Voluptatum timidus vere paulatim terebro civitas textilis curatio coniecto solus.",
    "createdAt": "2025-05-21T01:18:42.366Z"
  },
  {
    "productId": "6814d8faa6b79f1523907ec4",
    "userId": "6823026b1f98de2bb173e6df",
    "rating": 5,
    "comment": "Pecco termes bibo creator allatus trepide subvenio summisse caries synagoga.",
    "createdAt": "2025-05-21T04:56:58.358Z"
  },
  {
    "productId": "6814c2ca511161f3045acc24",
    "userId": "6823026b1f98de2bb173e6df",
    "rating": 3,
    "comment": "Thorax timor ipsa circumvenio aperiam curia incidunt aestivus pauper comptus.",
    "createdAt": "2025-05-20T04:56:58.358Z"
  },
  {
    "productId": "6814daff48198c3c05074c57",
    "userId": "6823026b1f98de2bb173e6df",
    "rating": 2,
    "comment": "Super adinventitias culpo cresco aeger cognomen amicitia dedecor sperno urbs.",
    "createdAt": "2025-05-19T04:56:58.358Z"
  },
  {
    "productId": "6814d518d4982e02496b649c",
    "userId": "6823026b1f98de2bb173e6df",
    "rating": 4,
    "comment": "Careo vomica acquiro uterque clamo chirographum complectus accedo paulatim contra.",
    "createdAt": "2025-05-16T04:56:58.358Z"
  },
  {
    "productId": "6814c741b44fb7a9e6cbb4af",
    "userId": "6822d069c08fdfcf24d492fb",
    "rating": 4,
    "comment": "Victoria adficio vulgivagus vespillo vinco spoliatio cinis verto suus commemoro.",
    "createdAt": "2025-05-20T07:32:30.591Z"
  },
  {
    "productId": "6814d518d4982e02496b6496",
    "userId": "6822d088c08fdfcf24d49827",
    "rating": 5,
    "comment": "Audentia creo verus decens pauper canis varietas creator cattus desparatus.",
    "createdAt": "2025-05-20T20:31:41.969Z"
  },
  {
    "productId": "6814cd2505d66cbf2ba763c3",
    "userId": "6822d06ec08fdfcf24d49451",
    "rating": 5,
    "comment": "Brevis derideo stips copiose quaerat trucido vinum tardus deprimo uxor.",
    "createdAt": "2025-05-20T20:37:12.329Z"
  },
  {
    "productId": "6814c3b3595891202e483a60",
    "userId": "6822d06ec08fdfcf24d49451",
    "rating": 5,
    "comment": "Talio ulciscor tyrannus ad denego colo beatus conscendo atrocitas viduo.",
    "createdAt": "2025-05-18T20:37:12.329Z"
  },
  {
    "productId": "6814c03933cd17d446b063a8",
    "userId": "6822d06ec08fdfcf24d49451",
    "rating": 1,
    "comment": "Quasi turba viridis confugo arma vindico villa corrumpo minus cura.",
    "createdAt": "2025-05-16T20:37:12.329Z"
  },
  {
    "productId": "6814c75637cb2b415f50f031",
    "userId": "6822d06ec08fdfcf24d49451",
    "rating": 5,
    "comment": "Cultellus dolor casus textus adfero validus patria aeneus depulso solvo.",
    "createdAt": "2025-05-18T20:37:12.329Z"
  },
  {
    "productId": "6814d8faa6b79f1523907ed1",
    "userId": "6822d08cc08fdfcf24d49943",
    "rating": 5,
    "comment": "Contigo tandem supellex thesaurus accusator cupio suppono titulus arguo claro.",
    "createdAt": "2025-05-17T03:18:32.048Z"
  },
  {
    "productId": "6814be18a67388b7fa2b03cc",
    "userId": "68522df187670402f8d56ec5",
    "rating": 5,
    "comment": "Summopere expedita dapifer rem delinquo cervus credo candidus dolorum taceo.",
    "createdAt": "2025-05-20T19:19:58.159Z"
  },
  {
    "productId": "6814bcdd958ad8fcad8c546f",
    "userId": "68522df187670402f8d56ec5",
    "rating": 5,
    "comment": "Accedo neque delinquo similique qui damno eius venio angelus corona.",
    "createdAt": "2025-05-20T19:19:58.159Z"
  },
  {
    "productId": "6814d8faa6b79f1523907e9d",
    "userId": "68522df187670402f8d56ec5",
    "rating": 1,
    "comment": "Convoco demonstro ustilo sto suggero super cauda acceptus laudantium aetas.",
    "createdAt": "2025-05-19T19:19:58.159Z"
  },
  {
    "productId": "6814d4dbd4982e02496b635c",
    "userId": "68522df187670402f8d56ec5",
    "rating": 5,
    "comment": "Timidus varietas summa ater cilicium aequus audio subseco aeternus dolorum.",
    "createdAt": "2025-05-17T19:19:58.159Z"
  },
  {
    "productId": "6814c03a33cd17d446b063e1",
    "userId": "682302731f98de2bb173e849",
    "rating": 5,
    "comment": "Verbum cavus utrimque voluptatem vinco cum admiratio amplexus antea conatus.",
    "createdAt": "2025-05-17T22:13:40.799Z"
  },
  {
    "productId": "6814c3b3595891202e483a90",
    "userId": "682302731f98de2bb173e849",
    "rating": 5,
    "comment": "Cedo occaecati canto ipsum libero adamo animus eos pauper derelinquo.",
    "createdAt": "2025-05-18T22:13:40.799Z"
  },
  {
    "productId": "6814bf386172128284c9becc",
    "userId": "682302731f98de2bb173e849",
    "rating": 5,
    "comment": "Sustineo sustineo confero carcer spes deficio viridis adfectus appositus crebro.",
    "createdAt": "2025-05-20T22:13:40.799Z"
  },
  {
    "productId": "6814d31019ffed8d9ec6b553",
    "userId": "682302731f98de2bb173e849",
    "rating": 5,
    "comment": "Est uredo autus dolore repellendus ter demitto tripudio abutor sulum.",
    "createdAt": "2025-05-18T22:13:40.799Z"
  },
  {
    "productId": "6814c3b3595891202e483a7c",
    "userId": "6822d082c08fdfcf24d497ab",
    "rating": 5,
    "comment": "Minus caelestis tabgo audax verbera degenero casso cerno amet conculco.",
    "createdAt": "2025-05-21T11:42:05.915Z"
  },
  {
    "productId": "6814a1941c10fee4a5286da2",
    "userId": "682302711f98de2bb173e7d3",
    "rating": 3,
    "comment": "Verbum voluntarius umerus tracto concedo voluptas magni deleniti iure copiose.",
    "createdAt": "2025-05-19T14:23:40.388Z"
  },
  {
    "productId": "6814d518d4982e02496b64a3",
    "userId": "682302711f98de2bb173e7d3",
    "rating": 3,
    "comment": "Iure combibo crepusculum depulso voluptatem acerbitas artificiose depraedor baiulus trado.",
    "createdAt": "2025-05-23T14:23:40.388Z"
  },
  {
    "productId": "6814d008dac5e44185ec2241",
    "userId": "682302711f98de2bb173e7d3",
    "rating": 2,
    "comment": "Calco umbra tandem sodalitas curiositas viridis causa adopto communis varius.",
    "createdAt": "2025-05-21T14:23:40.388Z"
  },
  {
    "productId": "6814c2cb511161f3045acc40",
    "userId": "682302711f98de2bb173e7d3",
    "rating": 5,
    "comment": "Vomica virgo consequuntur ambitus tero sint occaecati tolero asperiores triduana.",
    "createdAt": "2025-05-23T14:23:40.388Z"
  },
  {
    "productId": "6814c1b5ba01e3aab8f3f3f8",
    "userId": "6823025b1f98de2bb173e48d",
    "rating": 5,
    "comment": "Statua cervus adsuesco damno nemo aiunt adstringo trepide vero tergum.",
    "createdAt": "2025-05-21T22:53:26.432Z"
  },
  {
    "productId": "6814c830fd4ffab5ca02f720",
    "userId": "6822d073c08fdfcf24d494a7",
    "rating": 5,
    "comment": "Validus cultura solvo decumbo deripio adhuc altus cribro debeo crebro.",
    "createdAt": "2025-05-19T23:57:57.964Z"
  },
  {
    "productId": "6814c3b2595891202e483a3e",
    "userId": "6823025d1f98de2bb173e4ed",
    "rating": 5,
    "comment": "Conatus tempore ater constans iste occaecati infit cresco coerceo taedium.",
    "createdAt": "2025-05-20T06:55:58.140Z"
  },
  {
    "productId": "6814d886eb6e44f9df4dc000",
    "userId": "6822d06ec08fdfcf24d49457",
    "rating": 4,
    "comment": "Curiositas baiulus minus denique chirographum conitor quisquam consectetur adhuc arguo.",
    "createdAt": "2025-05-21T06:59:56.688Z"
  },
  {
    "productId": "6814d245995813a18f27d92c",
    "userId": "6823025c1f98de2bb173e4a1",
    "rating": 5,
    "comment": "Vulariter voveo patria baiulus sono surgo benigne vitiosus aranea tenus.",
    "createdAt": "2025-05-19T18:10:01.095Z"
  },
  {
    "productId": "6814b49adb8e7421d905484e",
    "userId": "6822d099c08fdfcf24d49af7",
    "rating": 5,
    "comment": "Odio vulpes tactus surculus valens blandior cattus atque tracto tutis.",
    "createdAt": "2025-05-21T22:58:16.450Z"
  },
  {
    "productId": "68149cfd30a898aab1f043a1",
    "userId": "6822d099c08fdfcf24d49af7",
    "rating": 2,
    "comment": "Suspendo dens sum curto vesper velociter vociferor nobis vinum aperte.",
    "createdAt": "2025-05-21T22:58:16.450Z"
  },
  {
    "productId": "68149cfd30a898aab1f04395",
    "userId": "6822d08cc08fdfcf24d4991f",
    "rating": 5,
    "comment": "Speculum uter cupio consuasor ustulo comparo pecto minima candidus iure.",
    "createdAt": "2025-05-21T00:18:15.900Z"
  },
  {
    "productId": "6814c3b3595891202e483aa0",
    "userId": "6822d08cc08fdfcf24d4991f",
    "rating": 3,
    "comment": "Doloremque crur tripudio vulgo cruentus damnatio vallum auxilium conitor vestrum.",
    "createdAt": "2025-05-21T00:18:15.900Z"
  },
  {
    "productId": "6814bf396172128284c9bf0c",
    "userId": "6822d08cc08fdfcf24d4991f",
    "rating": 5,
    "comment": "Bardus cognatus demulceo earum tergo delibero ventus acer coniecto paens.",
    "createdAt": "2025-05-22T00:18:15.900Z"
  },
  {
    "productId": "6814c740b44fb7a9e6cbb46b",
    "userId": "6822d08cc08fdfcf24d4991f",
    "rating": 4,
    "comment": "Uberrime decor appositus coepi cohaero ater tabesco angulus depromo porro.",
    "createdAt": "2025-05-20T00:18:15.900Z"
  },
  {
    "productId": "6814d3aabcd9b504d290b01c",
    "userId": "6822d093c08fdfcf24d49a79",
    "rating": 2,
    "comment": "Nesciunt clementia desino tersus timidus aestivus deleniti paulatim corpus fugit.",
    "createdAt": "2025-05-23T03:46:57.580Z"
  },
  {
    "productId": "6814d8faa6b79f1523907eb6",
    "userId": "6822d088c08fdfcf24d4983f",
    "rating": 3,
    "comment": "Doloremque creber fugit tumultus crur capitulus conventus tutis clementia depereo.",
    "createdAt": "2025-05-20T13:29:30.485Z"
  },
  {
    "productId": "6814d886eb6e44f9df4dc00b",
    "userId": "68522df287670402f8d56edd",
    "rating": 3,
    "comment": "Cuius vulticulus spes audio vel comminor damno aut conturbo commodo.",
    "createdAt": "2025-05-20T19:00:19.964Z"
  },
  {
    "productId": "6814a1931c10fee4a5286d75",
    "userId": "68522df287670402f8d56edd",
    "rating": 5,
    "comment": "Vinitor uxor usque assentator delinquo absque optio iste aestivus stabilis.",
    "createdAt": "2025-05-20T19:00:19.964Z"
  },
  {
    "productId": "6814af8df38840c4bcc37eb8",
    "userId": "68522df287670402f8d56edd",
    "rating": 4,
    "comment": "Tripudio tamisium quo certus suscipit copia adversus animadverto basium neque.",
    "createdAt": "2025-05-21T19:00:19.964Z"
  },
  {
    "productId": "6814d49dabc2c4bf4ecaf524",
    "userId": "68522df287670402f8d56edd",
    "rating": 5,
    "comment": "Videlicet voco absconditus curo adiuvo casso impedit condico acerbitas earum.",
    "createdAt": "2025-05-24T19:00:19.964Z"
  },
  {
    "productId": "6814ccc358f78c505fea968c",
    "userId": "6822d06cc08fdfcf24d493cb",
    "rating": 5,
    "comment": "Verbera acervus appello atqui quis via vetus tepidus cogo temeritas.",
    "createdAt": "2025-05-23T20:00:47.359Z"
  },
  {
    "productId": "6814ccc458f78c505fea9692",
    "userId": "6822d06cc08fdfcf24d493cb",
    "rating": 4,
    "comment": "Comedo numquam vinco vito conventus adeo cedo vix auctus ocer.",
    "createdAt": "2025-05-21T20:00:47.359Z"
  },
  {
    "productId": "6814c740b44fb7a9e6cbb49e",
    "userId": "6822d06cc08fdfcf24d493cb",
    "rating": 5,
    "comment": "Saepe denuo commodo suppellex uberrime admitto utroque ducimus suscipio volubilis.",
    "createdAt": "2025-05-20T20:00:47.359Z"
  },
  {
    "productId": "6814c104ca19a92a5b1d5b6f",
    "userId": "6822d06cc08fdfcf24d493cb",
    "rating": 5,
    "comment": "Tredecim solus texo vulariter civis copia umerus votum attonbitus verbum.",
    "createdAt": "2025-05-20T20:00:47.359Z"
  },
  {
    "productId": "6814d007dac5e44185ec2216",
    "userId": "682302581f98de2bb173e3f5",
    "rating": 2,
    "comment": "Excepturi angulus colligo venustas caterva tollo voluptatibus surculus paulatim curvo.",
    "createdAt": "2025-05-24T20:24:25.297Z"
  },
  {
    "productId": "68149cff30a898aab1f043eb",
    "userId": "682302581f98de2bb173e3f5",
    "rating": 5,
    "comment": "Argentum pax aestas amet baiulus ter careo blanditiis una culpa.",
    "createdAt": "2025-05-23T20:24:25.297Z"
  },
  {
    "productId": "6814d008dac5e44185ec222b",
    "userId": "682302581f98de2bb173e3f5",
    "rating": 4,
    "comment": "Ad teneo esse agnosco torrens admoneo sed voluntarius depopulo voco.",
    "createdAt": "2025-05-24T20:24:25.297Z"
  },
  {
    "productId": "6814af8ef38840c4bcc37ee6",
    "userId": "682302581f98de2bb173e3f5",
    "rating": 3,
    "comment": "Verumtamen peior desparatus ubi verecundia tergiversatio clementia accusamus cura ceno.",
    "createdAt": "2025-05-22T20:24:25.297Z"
  },
  {
    "productId": "6814c2ca511161f3045acbc2",
    "userId": "6822d093c08fdfcf24d49a65",
    "rating": 5,
    "comment": "Tepidus delinquo cohaero calco copia velit ut quas corpus voluptas.",
    "createdAt": "2025-05-24T06:38:21.236Z"
  },
  {
    "productId": "68149cfe30a898aab1f043c5",
    "userId": "6822d069c08fdfcf24d49305",
    "rating": 4,
    "comment": "Demonstro alienus stultus comis rerum concido aestas doloribus tamen sophismata.",
    "createdAt": "2025-05-24T10:14:44.257Z"
  },
  {
    "productId": "68149cfe30a898aab1f043cb",
    "userId": "6823e65759170eb65398fb36",
    "rating": 5,
    "comment": "Temporibus argentum contego tyrannus tepesco venio auxilium virgo absque ea.",
    "createdAt": "2025-05-25T10:41:50.652Z"
  },
  {
    "productId": "6814d4dbd4982e02496b6350",
    "userId": "6823e65759170eb65398fb36",
    "rating": 2,
    "comment": "Rem tribuo defungo ascit alo crastinus tubineus sint itaque sto.",
    "createdAt": "2025-05-24T10:41:50.652Z"
  },
  {
    "productId": "6814ccc358f78c505fea968c",
    "userId": "6823e65759170eb65398fb36",
    "rating": 5,
    "comment": "Adsidue provident celo calcar capillus bonus ustilo debilito cibo coerceo.",
    "createdAt": "2025-05-27T10:41:50.652Z"
  },
  {
    "productId": "6814cbfc9ac1ce261961922f",
    "userId": "6823e65759170eb65398fb36",
    "rating": 5,
    "comment": "Cultellus cupiditas adeo dolorum accusantium voveo accedo tempus facilis temptatio.",
    "createdAt": "2025-05-28T10:41:50.652Z"
  },
  {
    "productId": "6814c75637cb2b415f50f041",
    "userId": "682302711f98de2bb173e7bf",
    "rating": 5,
    "comment": "Vado beneficium conservo comis deinde delectatio sunt custodia tenax aggredior.",
    "createdAt": "2025-05-23T16:52:08.072Z"
  },
  {
    "productId": "6814cbfd9ac1ce2619619246",
    "userId": "682302721f98de2bb173e7f9",
    "rating": 5,
    "comment": "Templum blanditiis suasoria defetiscor coruscus consectetur deporto cernuus victus decet.",
    "createdAt": "2025-05-25T02:01:04.793Z"
  },
  {
    "productId": "6814cabe1780e5204676cded",
    "userId": "6822d0a7c08fdfcf24d49ddf",
    "rating": 5,
    "comment": "Bardus placeat ascisco concedo adnuo porro strenuus defetiscor voro repellat.",
    "createdAt": "2025-05-29T08:46:45.968Z"
  },
  {
    "productId": "6814d8faa6b79f1523907ebe",
    "userId": "682302611f98de2bb173e545",
    "rating": 4,
    "comment": "Ter aperio confido aequitas solutio tum coniuratio sum suffoco spero.",
    "createdAt": "2025-05-28T09:29:28.820Z"
  },
  {
    "productId": "6814c3b3595891202e483ab0",
    "userId": "6822d06cc08fdfcf24d493d1",
    "rating": 4,
    "comment": "Volup candidus utique vero acidus temptatio adficio confido demulceo uberrime.",
    "createdAt": "2025-05-29T20:33:59.010Z"
  },
  {
    "productId": "6814d3abbcd9b504d290b050",
    "userId": "6822d06dc08fdfcf24d493ed",
    "rating": 5,
    "comment": "Blanditiis deficio vestrum vomer uberrime tibi curatio deinde crur adhaero.",
    "createdAt": "2025-05-26T22:28:15.797Z"
  },
  {
    "productId": "6814d518d4982e02496b6488",
    "userId": "6822d090c08fdfcf24d4998b",
    "rating": 4,
    "comment": "Alienus surculus depulso uxor saepe cur defleo carpo cena victus.",
    "createdAt": "2025-05-25T13:25:42.469Z"
  },
  {
    "productId": "6814c2ca511161f3045acc14",
    "userId": "6822d077c08fdfcf24d495cd",
    "rating": 4,
    "comment": "Compello valde supellex voco vinitor damno ullus conor maiores socius.",
    "createdAt": "2025-05-26T14:59:09.768Z"
  },
  {
    "productId": "6814d886eb6e44f9df4dbffa",
    "userId": "682302601f98de2bb173e51d",
    "rating": 5,
    "comment": "Pauci coma viridis adversus pectus quo varius patrocinor acceptus strues.",
    "createdAt": "2025-05-27T18:29:56.966Z"
  },
  {
    "productId": "6814cbfd9ac1ce2619619246",
    "userId": "682302691f98de2bb173e65b",
    "rating": 5,
    "comment": "Vulpes acervus taceo artificiose cariosus cometes bis eos creator vestigium.",
    "createdAt": "2025-06-01T01:31:07.795Z"
  },
  {
    "productId": "6814be17a67388b7fa2b037c",
    "userId": "682302721f98de2bb173e7fd",
    "rating": 5,
    "comment": "Spiculum creber ceno odio eos tubineus collum ullam coruscus sapiente.",
    "createdAt": "2025-05-27T03:13:41.730Z"
  },
  {
    "productId": "6814af8df38840c4bcc37eb8",
    "userId": "682302721f98de2bb173e7fd",
    "rating": 5,
    "comment": "Voluntarius creber tergeo magni caecus delibero cometes accusantium averto tenax.",
    "createdAt": "2025-06-01T03:13:41.730Z"
  },
  {
    "productId": "6814d8faa6b79f1523907ecc",
    "userId": "682302721f98de2bb173e7fd",
    "rating": 5,
    "comment": "Villa ambitus civitas suggero volup conturbo adaugeo clamo terminatio substantia.",
    "createdAt": "2025-05-31T03:13:41.730Z"
  },
  {
    "productId": "6814cabf1780e5204676cdfd",
    "userId": "682302721f98de2bb173e7fd",
    "rating": 3,
    "comment": "Compono blandior tabula aspernatur alias corrumpo adulescens arbustum saepe vulnero.",
    "createdAt": "2025-05-28T03:13:41.730Z"
  },
  {
    "productId": "6814daff48198c3c05074c2f",
    "userId": "6822d06bc08fdfcf24d4936b",
    "rating": 5,
    "comment": "Tribuo tibi beatus strenuus admitto turbo uredo depraedor volutabrum ad.",
    "createdAt": "2025-05-28T01:52:55.501Z"
  },
  {
    "productId": "68149cfe30a898aab1f043b2",
    "userId": "6822d090c08fdfcf24d4999f",
    "rating": 5,
    "comment": "Incidunt patior adipisci bestia administratio adamo alter accusamus cubo carmen.",
    "createdAt": "2025-05-30T02:21:04.377Z"
  },
  {
    "productId": "6814c75737cb2b415f50f065",
    "userId": "6823025c1f98de2bb173e4bb",
    "rating": 5,
    "comment": "Suffragium aliquid voluptas ab absque arcus volva curiositas nemo exercitationem.",
    "createdAt": "2025-05-28T04:42:05.343Z"
  },
  {
    "productId": "6814c03933cd17d446b06398",
    "userId": "6823025c1f98de2bb173e4bb",
    "rating": 5,
    "comment": "Supplanto conservo cohaero appello aequus tamquam aduro placeat vel amicitia.",
    "createdAt": "2025-05-31T04:42:05.343Z"
  },
  {
    "productId": "6814d30f19ffed8d9ec6b54e",
    "userId": "6823025c1f98de2bb173e4bb",
    "rating": 5,
    "comment": "Tyrannus cognatus cotidie tripudio sui accommodo deduco aggero cognomen thermae.",
    "createdAt": "2025-05-30T04:42:05.343Z"
  },
  {
    "productId": "6814ccc458f78c505fea9692",
    "userId": "6823025c1f98de2bb173e4bb",
    "rating": 5,
    "comment": "Voro spoliatio cultura varius carus cuppedia veritatis culpo vos aiunt.",
    "createdAt": "2025-05-28T04:42:05.343Z"
  },
  {
    "productId": "6814c03933cd17d446b06346",
    "userId": "6822d092c08fdfcf24d49a11",
    "rating": 3,
    "comment": "Cohaero denuo demoror condico commemoro alius advenio tutamen acervus ustulo.",
    "createdAt": "2025-05-28T05:52:54.842Z"
  },
  {
    "productId": "6814a81835053cb1544dd115",
    "userId": "6822d06bc08fdfcf24d49387",
    "rating": 5,
    "comment": "Cauda aureus votum ratione neque aestivus volubilis dolore nam vehemens.",
    "createdAt": "2025-05-31T12:18:29.063Z"
  },
  {
    "productId": "6814d008dac5e44185ec2247",
    "userId": "6822d082c08fdfcf24d49795",
    "rating": 2,
    "comment": "Aestus vita vulgus laudantium abutor arbitro ulterius rem decens creber.",
    "createdAt": "2025-05-29T22:30:59.690Z"
  },
  {
    "productId": "6814c03933cd17d446b06368",
    "userId": "6822d09bc08fdfcf24d49b91",
    "rating": 3,
    "comment": "Verbera vesper acerbitas traho molestiae tunc terra tergo spero claudeo.",
    "createdAt": "2025-06-02T08:25:07.026Z"
  },
  {
    "productId": "6814d246995813a18f27d95b",
    "userId": "6822d0a6c08fdfcf24d49d9d",
    "rating": 5,
    "comment": "Aspicio cibo aequus arx valde crux testimonium xiphias cariosus certus.",
    "createdAt": "2025-06-02T12:04:14.172Z"
  },
  {
    "productId": "6814c75737cb2b415f50f047",
    "userId": "6823026b1f98de2bb173e709",
    "rating": 5,
    "comment": "Decretum peior verumtamen aer colo conor texo arbustum velit ater.",
    "createdAt": "2025-05-30T12:46:12.236Z"
  },
  {
    "productId": "6814af8df38840c4bcc37ea6",
    "userId": "6822d06bc08fdfcf24d49389",
    "rating": 3,
    "comment": "Cruciamentum abbas stabilis cavus adipiscor corrumpo decet causa denuo amicitia.",
    "createdAt": "2025-05-30T14:36:51.494Z"
  },
  {
    "productId": "6814a81835053cb1544dd11b",
    "userId": "682302641f98de2bb173e627",
    "rating": 5,
    "comment": "Iure comprehendo aro turbo sursum vinum villa adiuvo ipsum angulus.",
    "createdAt": "2025-06-03T19:31:05.144Z"
  },
  {
    "productId": "6814d007dac5e44185ec220c",
    "userId": "6823026d1f98de2bb173e791",
    "rating": 5,
    "comment": "Defetiscor patior barba concido umerus amo velut provident vir tubineus.",
    "createdAt": "2025-06-03T20:35:40.795Z"
  },
  {
    "productId": "6814a81835053cb1544dd149",
    "userId": "6823e65659170eb65398fb24",
    "rating": 5,
    "comment": "Correptius venio undique amiculum chirographum terra ante cupio usitas crinis.",
    "createdAt": "2025-06-03T20:49:06.267Z"
  },
  {
    "productId": "6814c740b44fb7a9e6cbb479",
    "userId": "6823025a1f98de2bb173e445",
    "rating": 5,
    "comment": "Terreo assentator quas attollo sursum antiquus damno quia studio tracto.",
    "createdAt": "2025-06-03T23:04:15.907Z"
  },
  {
    "productId": "6814c03933cd17d446b06346",
    "userId": "6823025a1f98de2bb173e451",
    "rating": 5,
    "comment": "Utroque basium autus adsuesco deprimo acsi sortitus torrens creator censura.",
    "createdAt": "2025-05-30T00:22:04.219Z"
  },
  {
    "productId": "6814af8df38840c4bcc37ea6",
    "userId": "6822d089c08fdfcf24d49867",
    "rating": 3,
    "comment": "Quas caelestis ab claudeo quo caecus demo appositus vir civis.",
    "createdAt": "2025-05-30T04:15:16.729Z"
  },
  {
    "productId": "6814cabe1780e5204676cdd0",
    "userId": "6822d089c08fdfcf24d49867",
    "rating": 5,
    "comment": "Demonstro turbo virtus angulus color aureus vulgivagus vel pauper nam.",
    "createdAt": "2025-05-30T04:15:16.729Z"
  },
  {
    "productId": "6814d519d4982e02496b64c8",
    "userId": "6822d089c08fdfcf24d49867",
    "rating": 5,
    "comment": "Ustulo tabella antepono voluptatum explicabo sodalitas tersus tristis curvo conqueror.",
    "createdAt": "2025-05-30T04:15:16.729Z"
  },
  {
    "productId": "6814c104ca19a92a5b1d5b63",
    "userId": "6823026d1f98de2bb173e779",
    "rating": 3,
    "comment": "Vito amiculum combibo deleo auctus tandem comparo depopulo cervus quasi.",
    "createdAt": "2025-06-02T04:25:57.715Z"
  },
  {
    "productId": "6814c2cb511161f3045acc48",
    "userId": "6823026d1f98de2bb173e779",
    "rating": 5,
    "comment": "Abundans caste vinculum subiungo cibo defaeco theca caritas hic versus.",
    "createdAt": "2025-05-30T04:25:57.715Z"
  },
  {
    "productId": "6814be17a67388b7fa2b035a",
    "userId": "6823026d1f98de2bb173e779",
    "rating": 5,
    "comment": "Venia baiulus voluntarius suscipit acsi temeritas aptus delibero argumentum claustrum.",
    "createdAt": "2025-06-04T04:25:57.715Z"
  },
  {
    "productId": "6814c3b3595891202e483a7c",
    "userId": "6823026d1f98de2bb173e779",
    "rating": 4,
    "comment": "Consuasor deorsum patruus explicabo umbra denique itaque defleo ater accusantium.",
    "createdAt": "2025-06-04T04:25:57.715Z"
  },
  {
    "productId": "6814a81835053cb1544dd11b",
    "userId": "682302691f98de2bb173e657",
    "rating": 5,
    "comment": "Vulpes studio tenus modi cubo voro amita abeo beatae stipes.",
    "createdAt": "2025-06-01T06:48:05.356Z"
  },
  {
    "productId": "6814c75737cb2b415f50f04f",
    "userId": "682302691f98de2bb173e659",
    "rating": 5,
    "comment": "Subiungo amplitudo conitor defessus caries admitto cauda asporto defessus ipsa.",
    "createdAt": "2025-06-02T03:31:39.175Z"
  },
  {
    "productId": "6814d887eb6e44f9df4dc01f",
    "userId": "682302641f98de2bb173e5ed",
    "rating": 3,
    "comment": "Aurum adsum delicate vehemens venustas approbo beatae volup coerceo adulescens.",
    "createdAt": "2025-06-05T04:29:23.329Z"
  },
  {
    "productId": "6814d4dbd4982e02496b6356",
    "userId": "6822d09ac08fdfcf24d49b47",
    "rating": 5,
    "comment": "Bis aperte assumenda acidus annus textilis confido cursus civis laboriosam.",
    "createdAt": "2025-06-03T06:34:24.869Z"
  },
  {
    "productId": "6814cabe1780e5204676cde3",
    "userId": "6822d09ac08fdfcf24d49b47",
    "rating": 4,
    "comment": "Crux beatae cogito aveho surculus urbanus id utor cuppedia sit.",
    "createdAt": "2025-06-02T06:34:24.869Z"
  },
  {
    "productId": "68149cfe30a898aab1f043cb",
    "userId": "6822d06ec08fdfcf24d49429",
    "rating": 3,
    "comment": "Concedo vesica tricesimus arbor demonstro audio apto bestia corona conspergo.",
    "createdAt": "2025-06-03T03:59:04.487Z"
  },
  {
    "productId": "6814c1b4ba01e3aab8f3f39c",
    "userId": "6822d06ec08fdfcf24d49429",
    "rating": 4,
    "comment": "Id vomito ceno benigne adficio utique absum aeneus aeger eveniet.",
    "createdAt": "2025-06-05T03:59:04.487Z"
  },
  {
    "productId": "6814a1931c10fee4a5286d69",
    "userId": "6822d06ec08fdfcf24d49429",
    "rating": 5,
    "comment": "Nam similique votum arcesso conitor quam alias timidus desipio curiositas.",
    "createdAt": "2025-06-04T03:59:04.487Z"
  },
  {
    "productId": "6814b49adb8e7421d9054849",
    "userId": "6822d06ec08fdfcf24d49429",
    "rating": 4,
    "comment": "Universe adipisci et decipio quas ciminatio accendo velociter comis spargo.",
    "createdAt": "2025-06-03T03:59:04.487Z"
  },
  {
    "productId": "6814bf396172128284c9bf0c",
    "userId": "6822d068c08fdfcf24d492c9",
    "rating": 5,
    "comment": "Vivo crepusculum complectus viridis at curis abutor conservo adhuc ascisco.",
    "createdAt": "2025-06-02T22:57:06.754Z"
  },
  {
    "productId": "6814bcdd958ad8fcad8c5433",
    "userId": "6822d092c08fdfcf24d49a3b",
    "rating": 2,
    "comment": "Trans desidero veritatis conculco deleniti decumbo adiuvo numquam magni nemo.",
    "createdAt": "2025-06-02T08:25:42.183Z"
  },
  {
    "productId": "6814d518d4982e02496b6496",
    "userId": "6822d092c08fdfcf24d49a3b",
    "rating": 5,
    "comment": "Vilis abundans ipsam antiquus dolorum architecto vitae defungo advenio utor.",
    "createdAt": "2025-06-06T08:25:42.183Z"
  },
  {
    "productId": "6814cbfc9ac1ce261961922f",
    "userId": "6822d092c08fdfcf24d49a3b",
    "rating": 2,
    "comment": "Somniculosus arca tabesco sequi adulatio possimus traho attonbitus comitatus ea.",
    "createdAt": "2025-06-03T08:25:42.183Z"
  },
  {
    "productId": "6814d8faa6b79f1523907ed8",
    "userId": "6822d092c08fdfcf24d49a3b",
    "rating": 3,
    "comment": "Ad stultus dapifer deripio spoliatio vindico cruentus tolero cena ustulo.",
    "createdAt": "2025-06-07T08:25:42.183Z"
  },
  {
    "productId": "6814c3b3595891202e483a6c",
    "userId": "6822d088c08fdfcf24d49831",
    "rating": 1,
    "comment": "Aiunt acidus subiungo avaritia utor substantia inflammatio usitas amita soleo.",
    "createdAt": "2025-06-03T09:54:17.984Z"
  },
  {
    "productId": "6814d8faa6b79f1523907ecc",
    "userId": "6822d088c08fdfcf24d49831",
    "rating": 5,
    "comment": "Defendo vester validus volva recusandae votum modi substantia tempora vitae.",
    "createdAt": "2025-06-05T09:54:17.984Z"
  },
  {
    "productId": "6814d518d4982e02496b649c",
    "userId": "6822d088c08fdfcf24d49831",
    "rating": 5,
    "comment": "Creptio contigo umerus adiuvo timidus viridis asper illum terra ulterius.",
    "createdAt": "2025-06-03T09:54:17.984Z"
  },
  {
    "productId": "6814d8faa6b79f1523907ebe",
    "userId": "6822d088c08fdfcf24d49831",
    "rating": 5,
    "comment": "Tenax dicta crustulum cariosus timidus sum defessus distinctio statim statim.",
    "createdAt": "2025-06-06T09:54:17.984Z"
  },
  {
    "productId": "6814d886eb6e44f9df4dc000",
    "userId": "6822d078c08fdfcf24d495f7",
    "rating": 4,
    "comment": "Deporto atrox chirographum centum culpo arbor viscus benevolentia amitto summisse.",
    "createdAt": "2025-06-07T10:11:34.711Z"
  },
  {
    "productId": "6814a81835053cb1544dd127",
    "userId": "6822d088c08fdfcf24d4981f",
    "rating": 5,
    "comment": "Sui conforto tredecim solutio vinum beatae turpis curis maxime defendo.",
    "createdAt": "2025-06-06T13:00:54.019Z"
  },
  {
    "productId": "6814b499db8e7421d9054823",
    "userId": "6822d0a4c08fdfcf24d49d0d",
    "rating": 4,
    "comment": "Repudiandae ver tersus atque atque uredo turba apostolus fugit tabella.",
    "createdAt": "2025-06-04T13:14:23.808Z"
  }
]
