[
  {
    "productId": "6814c75737cb2b415f50f05f",
    "userId": "6822d08bc08fdfcf24d498f5",
    "rating": 4,
    "comment": "Defungo congregatio alo assentator corporis utroque cerno cunctatio sophismata cui.",
    "createdAt": "2025-01-07T04:47:15.865Z"
  },
  {
    "productId": "6814c3b3595891202e483aa0",
    "userId": "6822d092c08fdfcf24d49a05",
    "rating": 5,
    "comment": "Ver summopere spes universe nisi temeritas conforto suscipit decretum antea.",
    "createdAt": "2025-01-04T18:06:49.619Z"
  },
  {
    "productId": "6814be18a67388b7fa2b03cc",
    "userId": "6822d09cc08fdfcf24d49bd1",
    "rating": 5,
    "comment": "Tamen solum volaticus clamo adeptio tabernus administratio barba velociter arcus.",
    "createdAt": "2025-01-05T22:41:39.772Z"
  },
  {
    "productId": "6814d4dbd4982e02496b6362",
    "userId": "6822d09cc08fdfcf24d49bd1",
    "rating": 5,
    "comment": "Appositus accendo valde thermae cupiditas cornu adhuc ascit xiphias suffoco.",
    "createdAt": "2025-01-07T22:41:39.772Z"
  },
  {
    "productId": "6814a81835053cb1544dd139",
    "userId": "6822d09cc08fdfcf24d49bcb",
    "rating": 4,
    "comment": "Clibanus quam celer artificiose tracto vox supellex timidus cubicularis corrigo.",
    "createdAt": "2025-01-05T23:35:06.687Z"
  },
  {
    "productId": "6814c75637cb2b415f50f023",
    "userId": "6822d09cc08fdfcf24d49bcb",
    "rating": 4,
    "comment": "Civis vallum desolo ducimus tremo tego arcesso ducimus verto desino.",
    "createdAt": "2025-01-08T23:35:06.687Z"
  },
  {
    "productId": "6814cf2ef6a78c6dfa308434",
    "userId": "6822d09cc08fdfcf24d49bcb",
    "rating": 5,
    "comment": "Termes acquiro aut autem conspergo labore atavus amicitia sint stabilis.",
    "createdAt": "2025-01-08T23:35:06.687Z"
  },
  {
    "productId": "6814be18a67388b7fa2b03d8",
    "userId": "6822d09cc08fdfcf24d49bcb",
    "rating": 5,
    "comment": "Ante vigilo appositus patria ante vae tot tabella corrupti timidus.",
    "createdAt": "2025-01-05T23:35:06.687Z"
  },
  {
    "productId": "6814d518d4982e02496b6496",
    "userId": "6822d07dc08fdfcf24d4962d",
    "rating": 5,
    "comment": "Basium vulnero bardus molestiae adnuo peccatus concedo utpote cavus volutabrum.",
    "createdAt": "2025-01-05T00:28:36.054Z"
  },
  {
    "productId": "6814d246995813a18f27d953",
    "userId": "6822d0a5c08fdfcf24d49d4f",
    "rating": 5,
    "comment": "Nulla angelus desipio bibo accommodo provident tristis approbo dicta casso.",
    "createdAt": "2025-01-06T06:05:30.850Z"
  },
  {
    "productId": "6814d4dbd4982e02496b6350",
    "userId": "6822d093c08fdfcf24d49a7f",
    "rating": 5,
    "comment": "Collum universe tametsi numquam virgo doloremque coniuratio aut paulatim undique.",
    "createdAt": "2025-01-05T10:15:03.166Z"
  },
  {
    "productId": "6814cabe1780e5204676cde3",
    "userId": "6822d093c08fdfcf24d49a7f",
    "rating": 3,
    "comment": "Uterque inflammatio tandem atrox degenero timidus creator aestas inventore amaritudo.",
    "createdAt": "2025-01-10T10:15:03.166Z"
  },
  {
    "productId": "6814daff48198c3c05074c4d",
    "userId": "6822d093c08fdfcf24d49a7f",
    "rating": 1,
    "comment": "Tabella tendo verumtamen caecus urbs suppellex possimus angelus demitto thorax.",
    "createdAt": "2025-01-08T10:15:03.166Z"
  },
  {
    "productId": "6814c104ca19a92a5b1d5b63",
    "userId": "6822d093c08fdfcf24d49a7f",
    "rating": 5,
    "comment": "Accusamus tersus debitis victus abeo amo ustilo victoria vereor terreo.",
    "createdAt": "2025-01-06T10:15:03.166Z"
  },
  {
    "productId": "6814bf396172128284c9befc",
    "userId": "6822d091c08fdfcf24d499fb",
    "rating": 3,
    "comment": "Aestivus suggero quas agnitio utroque totidem tollo hic conitor amiculum.",
    "createdAt": "2025-01-07T11:56:07.998Z"
  },
  {
    "productId": "68149cfe30a898aab1f043c5",
    "userId": "6822d087c08fdfcf24d49801",
    "rating": 5,
    "comment": "Carus aurum carpo tandem nam vere aegrotatio tondeo voluptatibus decimus.",
    "createdAt": "2025-01-07T17:22:26.050Z"
  },
  {
    "productId": "6814bcdd958ad8fcad8c5412",
    "userId": "6822d06ec08fdfcf24d49423",
    "rating": 3,
    "comment": "Crux appello defaeco traho concedo autus corroboro tersus copia corona.",
    "createdAt": "2025-01-09T22:19:32.317Z"
  },
  {
    "productId": "68149cfe30a898aab1f043d7",
    "userId": "6822d0a7c08fdfcf24d49dc9",
    "rating": 5,
    "comment": "Audio cura admiratio amor adaugeo certus vero sophismata nulla voluntarius.",
    "createdAt": "2025-01-06T23:12:35.023Z"
  },
  {
    "productId": "6814c1b5ba01e3aab8f3f3d0",
    "userId": "6822d090c08fdfcf24d4997f",
    "rating": 5,
    "comment": "Ter voluptate uter verumtamen ambulo adaugeo considero animadverto comptus suffragium.",
    "createdAt": "2025-01-10T03:11:50.555Z"
  },
  {
    "productId": "6814d886eb6e44f9df4dbffa",
    "userId": "6822d090c08fdfcf24d4997f",
    "rating": 1,
    "comment": "Creptio curia tredecim theca admiratio exercitationem tutamen claro deinde vacuus.",
    "createdAt": "2025-01-09T03:11:50.555Z"
  },
  {
    "productId": "6814ccc358f78c505fea9650",
    "userId": "6822d090c08fdfcf24d4997f",
    "rating": 4,
    "comment": "Delinquo cenaculum arcus vado nemo defendo bardus ex bellum magni.",
    "createdAt": "2025-01-10T03:11:50.555Z"
  },
  {
    "productId": "6814c740b44fb7a9e6cbb48a",
    "userId": "6822d090c08fdfcf24d4997f",
    "rating": 5,
    "comment": "Iure amo confero desino desparatus soluta spiculum venia speculum attollo.",
    "createdAt": "2025-01-07T03:11:50.555Z"
  },
  {
    "productId": "6814cf2ef6a78c6dfa308452",
    "userId": "6822d07dc08fdfcf24d49667",
    "rating": 5,
    "comment": "Cogo cedo vinitor laborum vinitor aegrotatio unde caterva clibanus cupressus.",
    "createdAt": "2025-01-06T04:29:19.706Z"
  },
  {
    "productId": "6814d008dac5e44185ec222b",
    "userId": "6822d093c08fdfcf24d49a7d",
    "rating": 5,
    "comment": "Clamo ipsum vulgus sollers quod corrupti natus talis sordeo cogo.",
    "createdAt": "2025-01-08T09:42:45.828Z"
  },
  {
    "productId": "6814d49dabc2c4bf4ecaf524",
    "userId": "6822d093c08fdfcf24d49a7d",
    "rating": 5,
    "comment": "Stultus cursus conforto congregatio calco arbustum canis id nemo alii.",
    "createdAt": "2025-01-08T09:42:45.828Z"
  },
  {
    "productId": "6814ccc358f78c505fea9668",
    "userId": "6822d093c08fdfcf24d49a7d",
    "rating": 5,
    "comment": "Aurum turbo saepe textor adinventitias ventus comitatus atqui testimonium vicinus.",
    "createdAt": "2025-01-06T09:42:45.828Z"
  },
  {
    "productId": "6814c2ca511161f3045acbc2",
    "userId": "6822d093c08fdfcf24d49a7d",
    "rating": 5,
    "comment": "Aureus vitium sto conculco adficio ciminatio sollers comprehendo tertius bardus.",
    "createdAt": "2025-01-08T09:42:45.828Z"
  },
  {
    "productId": "6814cabe1780e5204676cded",
    "userId": "6822d0a2c08fdfcf24d49c9b",
    "rating": 5,
    "comment": "Bellum ratione debilito arto turpis antea thema non terminatio sto.",
    "createdAt": "2025-01-07T10:45:04.684Z"
  },
  {
    "productId": "6814c03933cd17d446b06398",
    "userId": "6822d090c08fdfcf24d499ad",
    "rating": 5,
    "comment": "Pariatur dolor reprehenderit aurum aut eligendi reprehenderit dicta cilicium appello.",
    "createdAt": "2025-01-07T13:52:32.974Z"
  },
  {
    "productId": "6814af8df38840c4bcc37eb2",
    "userId": "6822d091c08fdfcf24d499e1",
    "rating": 5,
    "comment": "Tepidus tutamen minima molestiae clam succurro deorsum benevolentia error abbas.",
    "createdAt": "2025-01-10T15:46:04.474Z"
  },
  {
    "productId": "6814d3abbcd9b504d290b05c",
    "userId": "6822d091c08fdfcf24d499e1",
    "rating": 5,
    "comment": "Angelus ipsa cohaero tergeo vicinus calculus comminor patruus sulum casso.",
    "createdAt": "2025-01-06T15:46:04.474Z"
  },
  {
    "productId": "6814b49adb8e7421d9054837",
    "userId": "6822d091c08fdfcf24d499e1",
    "rating": 2,
    "comment": "Sopor decumbo tricesimus desparatus abscido civis creo verumtamen aer stella.",
    "createdAt": "2025-01-06T15:46:04.474Z"
  },
  {
    "productId": "6814bf396172128284c9befc",
    "userId": "6822d091c08fdfcf24d499e1",
    "rating": 5,
    "comment": "Dedico umbra consectetur alter aedificium totam titulus tribuo asporto tergiversatio.",
    "createdAt": "2025-01-07T15:46:04.474Z"
  },
  {
    "productId": "6814d007dac5e44185ec220c",
    "userId": "6822d0a5c08fdfcf24d49d3d",
    "rating": 5,
    "comment": "Arto verbum speculum vesica desino concido benigne sopor uter consequuntur.",
    "createdAt": "2025-01-11T15:46:05.900Z"
  },
  {
    "productId": "6814b49adb8e7421d9054844",
    "userId": "6822d0a5c08fdfcf24d49d3d",
    "rating": 5,
    "comment": "Teneo bos expedita qui conforto succurro valens cimentarius cohibeo sufficio.",
    "createdAt": "2025-01-06T15:46:05.900Z"
  },
  {
    "productId": "6814c2ca511161f3045acc14",
    "userId": "6822d0a5c08fdfcf24d49d3d",
    "rating": 5,
    "comment": "Depromo auxilium benevolentia vulpes amita delectatio surculus casus aeternus aeger.",
    "createdAt": "2025-01-10T15:46:05.900Z"
  },
  {
    "productId": "6814cf2ef6a78c6dfa308452",
    "userId": "6822d0a5c08fdfcf24d49d3d",
    "rating": 4,
    "comment": "Vitiosus ambulo aliqua arbustum sed antiquus accusantium modi clibanus dens.",
    "createdAt": "2025-01-10T15:46:05.900Z"
  },
  {
    "productId": "6814cabe1780e5204676cded",
    "userId": "6822d0a6c08fdfcf24d49d95",
    "rating": 5,
    "comment": "Infit ara deleo cursus pauper vulticulus tonsor nisi exercitationem vaco.",
    "createdAt": "2025-01-11T16:10:36.305Z"
  },
  {
    "productId": "6814b49adb8e7421d9054854",
    "userId": "6822d0a2c08fdfcf24d49c81",
    "rating": 1,
    "comment": "Subiungo eos arcesso vado thesis vel cado cilicium pax velociter.",
    "createdAt": "2025-01-06T18:07:36.857Z"
  },
  {
    "productId": "68149cfd30a898aab1f043a1",
    "userId": "6822d0a2c08fdfcf24d49c81",
    "rating": 5,
    "comment": "Perspiciatis deleo infit suasoria cauda culpo usque conduco asperiores rerum.",
    "createdAt": "2025-01-07T18:07:36.857Z"
  },
  {
    "productId": "6814be17a67388b7fa2b0370",
    "userId": "6822d0a2c08fdfcf24d49c81",
    "rating": 5,
    "comment": "Benevolentia quisquam soleo angustus uredo audio triumphus audentia neque vester.",
    "createdAt": "2025-01-10T18:07:36.857Z"
  },
  {
    "productId": "6814be17a67388b7fa2b0388",
    "userId": "6822d0a2c08fdfcf24d49c81",
    "rating": 5,
    "comment": "Tollo iusto villa traho carus cogo auxilium ademptio somnus adhuc.",
    "createdAt": "2025-01-08T18:07:36.857Z"
  },
  {
    "productId": "6814a81835053cb1544dd149",
    "userId": "6822d09cc08fdfcf24d49bd1",
    "rating": 4,
    "comment": "Magnam vomito stipes cui spargo similique admoveo victoria ubi comminor.",
    "createdAt": "2025-01-11T00:31:50.498Z"
  },
  {
    "productId": "6814d31019ffed8d9ec6b562",
    "userId": "6822d09cc08fdfcf24d49bd1",
    "rating": 5,
    "comment": "Adipiscor vomer ambulo clementia aliquid communis debilito celo temptatio arcus.",
    "createdAt": "2025-01-11T00:31:50.498Z"
  },
  {
    "productId": "6814d886eb6e44f9df4dbffa",
    "userId": "6822d09cc08fdfcf24d49bd1",
    "rating": 5,
    "comment": "Venustas voveo acies sustineo bardus clarus cariosus abbas admoneo celo.",
    "createdAt": "2025-01-11T00:31:50.498Z"
  },
  {
    "productId": "6814a81835053cb1544dd151",
    "userId": "6822d09cc08fdfcf24d49bd1",
    "rating": 5,
    "comment": "Vomito tempora velociter veritatis stillicidium vulnus voluptatum cohaero aperiam apud.",
    "createdAt": "2025-01-09T00:31:50.498Z"
  },
  {
    "productId": "6814be17a67388b7fa2b035a",
    "userId": "6822d093c08fdfcf24d49a7b",
    "rating": 3,
    "comment": "Sulum sodalitas adinventitias deputo quasi stella denique arto tot supra.",
    "createdAt": "2025-01-09T01:11:22.246Z"
  },
  {
    "productId": "6814c3b3595891202e483a60",
    "userId": "6822d090c08fdfcf24d499b9",
    "rating": 4,
    "comment": "Territo concido aeternus compello illo natus amor ventito provident casus.",
    "createdAt": "2025-01-11T10:31:30.297Z"
  },
  {
    "productId": "6814be17a67388b7fa2b0398",
    "userId": "6822d091c08fdfcf24d499cb",
    "rating": 5,
    "comment": "Alveus tempus charisma denuncio recusandae triumphus thymum aperio conventus corrigo.",
    "createdAt": "2025-01-07T10:46:19.569Z"
  },
  {
    "productId": "6814d519d4982e02496b64ba",
    "userId": "6822d091c08fdfcf24d499cb",
    "rating": 5,
    "comment": "Voluptas una tubineus reprehenderit solus trepide tot volaticus adsuesco aegre.",
    "createdAt": "2025-01-07T10:46:19.569Z"
  },
  {
    "productId": "6814be17a67388b7fa2b03ac",
    "userId": "6822d091c08fdfcf24d499cb",
    "rating": 5,
    "comment": "Conor illo stillicidium considero caute patrocinor omnis similique tumultus tabesco.",
    "createdAt": "2025-01-11T10:46:19.569Z"
  },
  {
    "productId": "6814d3abbcd9b504d290b06d",
    "userId": "6822d088c08fdfcf24d49829",
    "rating": 5,
    "comment": "Vinco cupiditate dens aequus deputo abstergo campana tricesimus ventus teres.",
    "createdAt": "2025-01-09T13:47:53.533Z"
  },
  {
    "productId": "6814be17a67388b7fa2b0388",
    "userId": "6822d088c08fdfcf24d49829",
    "rating": 5,
    "comment": "Harum subseco numquam ipsum uterque sodalitas cervus porro pauper vomito.",
    "createdAt": "2025-01-12T13:47:53.533Z"
  },
  {
    "productId": "6814daff48198c3c05074c35",
    "userId": "6822d088c08fdfcf24d49829",
    "rating": 5,
    "comment": "Tibi cur pel trepide suppono astrum cupio numquam vita turbo.",
    "createdAt": "2025-01-09T13:47:53.533Z"
  },
  {
    "productId": "6814c2ca511161f3045acbd8",
    "userId": "6822d088c08fdfcf24d49829",
    "rating": 5,
    "comment": "Chirographum iusto vitium caput amplus voluptas tergiversatio celebrer arbor spiritus.",
    "createdAt": "2025-01-07T13:47:53.533Z"
  },
  {
    "productId": "6814be18a67388b7fa2b03cc",
    "userId": "6822d088c08fdfcf24d4983b",
    "rating": 5,
    "comment": "Cuppedia torqueo congregatio curatio defendo verus ago ex tracto vero.",
    "createdAt": "2025-01-07T17:52:37.072Z"
  },
  {
    "productId": "6814ccc358f78c505fea9668",
    "userId": "6822d088c08fdfcf24d4983b",
    "rating": 4,
    "comment": "Amplus degusto thymbra textor conduco repellendus reprehenderit celo viriliter consequatur.",
    "createdAt": "2025-01-11T17:52:37.072Z"
  },
  {
    "productId": "6814ccc358f78c505fea964b",
    "userId": "6822d088c08fdfcf24d4983b",
    "rating": 5,
    "comment": "Calculus tego voluptate cognatus admoveo amet recusandae cena vilicus stultus.",
    "createdAt": "2025-01-10T17:52:37.072Z"
  },
  {
    "productId": "6814cabf1780e5204676ce0a",
    "userId": "6822d06ac08fdfcf24d4934d",
    "rating": 5,
    "comment": "Dolor theca coniecto victus adstringo sui viscus cervus similique demulceo.",
    "createdAt": "2025-01-12T22:21:33.995Z"
  },
  {
    "productId": "6814cd2505d66cbf2ba763c3",
    "userId": "6822d09bc08fdfcf24d49b75",
    "rating": 2,
    "comment": "Attollo blanditiis ullam suppono vestrum aegre amaritudo aspernatur venio nam.",
    "createdAt": "2025-01-13T01:00:32.450Z"
  },
  {
    "productId": "6814d30f19ffed8d9ec6b54e",
    "userId": "6822d088c08fdfcf24d49849",
    "rating": 4,
    "comment": "Calcar cupressus cribro vereor traho vel commodo absconditus cubitum deleo.",
    "createdAt": "2025-01-10T03:55:14.797Z"
  },
  {
    "productId": "6814d519d4982e02496b64ae",
    "userId": "6822d088c08fdfcf24d49849",
    "rating": 1,
    "comment": "Maxime astrum commodi victus desolo tantillus cribro baiulus baiulus concedo.",
    "createdAt": "2025-01-09T03:55:14.797Z"
  },
  {
    "productId": "6814d30f19ffed8d9ec6b52f",
    "userId": "6822d088c08fdfcf24d49849",
    "rating": 4,
    "comment": "Tui error vulticulus avarus voro paens argumentum decimus viridis contigo.",
    "createdAt": "2025-01-09T03:55:14.797Z"
  },
  {
    "productId": "6814ccc358f78c505fea9670",
    "userId": "6822d091c08fdfcf24d499d5",
    "rating": 5,
    "comment": "Ab amplitudo utor amitto appello vaco desidero clibanus adsum dens.",
    "createdAt": "2025-01-09T07:54:16.001Z"
  },
  {
    "productId": "6814c104ca19a92a5b1d5b2f",
    "userId": "6822d06ec08fdfcf24d49421",
    "rating": 4,
    "comment": "Tepesco quis doloribus admoveo admoveo atqui adhuc uxor colligo cruentus.",
    "createdAt": "2025-01-12T18:21:09.982Z"
  },
  {
    "productId": "6814c3b2595891202e483a3e",
    "userId": "6822d06ec08fdfcf24d49421",
    "rating": 5,
    "comment": "Sulum bonus ascit substantia vivo solitudo cunctatio atrocitas sol stabilis.",
    "createdAt": "2025-01-11T18:21:09.982Z"
  },
  {
    "productId": "6814d008dac5e44185ec2233",
    "userId": "6822d06ec08fdfcf24d49421",
    "rating": 5,
    "comment": "Aeternus cribro sperno torrens tabella solvo decumbo autem at conscendo.",
    "createdAt": "2025-01-09T18:21:09.982Z"
  },
  {
    "productId": "6814be17a67388b7fa2b03ac",
    "userId": "6822d06ec08fdfcf24d49421",
    "rating": 5,
    "comment": "Alo deludo statua demo spes creator veritatis blanditiis stips coruscus.",
    "createdAt": "2025-01-08T18:21:09.982Z"
  },
  {
    "productId": "6814af8df38840c4bcc37ecf",
    "userId": "6822d075c08fdfcf24d4954d",
    "rating": 5,
    "comment": "Tabella nemo tum audax odio solvo similique thesis allatus alii.",
    "createdAt": "2025-01-10T01:17:52.569Z"
  },
  {
    "productId": "6814b49adb8e7421d9054864",
    "userId": "6822d06cc08fdfcf24d493ab",
    "rating": 5,
    "comment": "Adhuc thesaurus arbitro similique sodalitas apostolus adopto cunctatio adfero desidero.",
    "createdAt": "2025-01-10T04:02:32.360Z"
  },
  {
    "productId": "6814c75737cb2b415f50f057",
    "userId": "6822d06fc08fdfcf24d49473",
    "rating": 5,
    "comment": "Tempus comminor ullus aggero dolorem caecus usque bellum tenetur nisi.",
    "createdAt": "2025-01-11T05:40:40.217Z"
  },
  {
    "productId": "68149cfe30a898aab1f043cb",
    "userId": "6822d06bc08fdfcf24d49387",
    "rating": 5,
    "comment": "Delinquo suscipio suppellex accusamus cimentarius confido surculus tantillus cauda perspiciatis.",
    "createdAt": "2025-01-10T10:13:35.826Z"
  },
  {
    "productId": "6814af8ef38840c4bcc37edc",
    "userId": "6822d06bc08fdfcf24d49387",
    "rating": 5,
    "comment": "Celebrer voluptates custodia porro tener voveo claudeo aegrus voveo decet.",
    "createdAt": "2025-01-11T10:13:35.826Z"
  },
  {
    "productId": "6814a1931c10fee4a5286d55",
    "userId": "6822d06bc08fdfcf24d49387",
    "rating": 5,
    "comment": "Odio coniuratio delicate abeo aetas claustrum thymum temptatio crudelis aurum.",
    "createdAt": "2025-01-12T10:13:35.826Z"
  },
  {
    "productId": "6814bcdd958ad8fcad8c541f",
    "userId": "6822d06bc08fdfcf24d49387",
    "rating": 5,
    "comment": "Uterque tendo contabesco conduco una dedico careo terebro laboriosam voro.",
    "createdAt": "2025-01-14T10:13:35.826Z"
  },
  {
    "productId": "6814c3b3595891202e483a60",
    "userId": "6822d09ec08fdfcf24d49c1b",
    "rating": 5,
    "comment": "Debilito taedium auctus tametsi vomica solium vorago via consectetur exercitationem.",
    "createdAt": "2025-01-12T14:39:16.646Z"
  },
  {
    "productId": "6814a81835053cb1544dd143",
    "userId": "6822d091c08fdfcf24d499f5",
    "rating": 5,
    "comment": "Eos appello venustas officiis coniecto arbitro textilis tres tersus villa.",
    "createdAt": "2025-01-09T14:40:41.506Z"
  },
  {
    "productId": "6814c75737cb2b415f50f057",
    "userId": "6822d078c08fdfcf24d49611",
    "rating": 5,
    "comment": "Subito numquam vindico uter armarium tremo unde adamo caute aperiam.",
    "createdAt": "2025-01-13T19:51:03.425Z"
  },
  {
    "productId": "6814af8df38840c4bcc37ea6",
    "userId": "6822d069c08fdfcf24d49309",
    "rating": 1,
    "comment": "Angelus triduana coepi dapifer virtus maxime toties maiores vindico capillus.",
    "createdAt": "2025-01-14T04:01:01.435Z"
  },
  {
    "productId": "6814a81835053cb1544dd149",
    "userId": "6822d089c08fdfcf24d4985d",
    "rating": 4,
    "comment": "Volo alii dolorum accusantium cunae audeo adsum temeritas arbor taceo.",
    "createdAt": "2025-01-12T04:15:07.920Z"
  },
  {
    "productId": "6814d3abbcd9b504d290b05c",
    "userId": "6822d082c08fdfcf24d497a9",
    "rating": 5,
    "comment": "Venio attonbitus aeger degenero combibo colligo pariatur abduco acidus audeo.",
    "createdAt": "2025-01-14T04:48:05.190Z"
  },
  {
    "productId": "6814d30f19ffed8d9ec6b53c",
    "userId": "6822d087c08fdfcf24d49809",
    "rating": 4,
    "comment": "Tollo quia tempus illo sperno vulgaris coerceo ullus summopere dolor.",
    "createdAt": "2025-01-16T05:52:55.043Z"
  },
  {
    "productId": "6814d3abbcd9b504d290b03c",
    "userId": "6822d099c08fdfcf24d49afd",
    "rating": 5,
    "comment": "Delinquo magnam theologus virga coerceo decimus corrigo vae caritas termes.",
    "createdAt": "2025-01-13T18:32:23.432Z"
  },
  {
    "productId": "6814c3b3595891202e483a90",
    "userId": "6822d081c08fdfcf24d49761",
    "rating": 3,
    "comment": "Decretum ab casus vulnero acquiro cras bos tepesco demo deinde.",
    "createdAt": "2025-01-13T21:16:04.048Z"
  },
  {
    "productId": "6814bf386172128284c9beaa",
    "userId": "6822d077c08fdfcf24d495a7",
    "rating": 5,
    "comment": "Derelinquo suppono placeat aliquam vinco turba benevolentia spiculum clarus antepono.",
    "createdAt": "2025-01-13T02:38:43.742Z"
  },
  {
    "productId": "6814c104ca19a92a5b1d5b89",
    "userId": "6822d073c08fdfcf24d494d7",
    "rating": 5,
    "comment": "Cernuus ait dolorum anser virgo chirographum caste ver cibus defungo.",
    "createdAt": "2025-01-15T07:26:30.399Z"
  },
  {
    "productId": "6814c03a33cd17d446b063e1",
    "userId": "6822d06bc08fdfcf24d4936f",
    "rating": 5,
    "comment": "Consuasor venio clam explicabo amplus capto alioqui viriliter degusto amiculum.",
    "createdAt": "2025-01-12T07:58:36.556Z"
  },
  {
    "productId": "6814d31019ffed8d9ec6b553",
    "userId": "6822d089c08fdfcf24d4987d",
    "rating": 5,
    "comment": "Condico est coma demens ullam thesis derelinquo deludo caste vaco.",
    "createdAt": "2025-01-15T13:49:04.816Z"
  },
  {
    "productId": "6814d886eb6e44f9df4dc017",
    "userId": "6822d083c08fdfcf24d497b1",
    "rating": 4,
    "comment": "Curia velum tendo ut addo viridis balbus cruciamentum ater bos.",
    "createdAt": "2025-01-16T14:09:27.583Z"
  },
  {
    "productId": "6814d8faa6b79f1523907ea4",
    "userId": "6822d09cc08fdfcf24d49bbd",
    "rating": 1,
    "comment": "Ventosus circumvenio utpote facilis thema clamo creptio tondeo corona statua.",
    "createdAt": "2025-01-14T17:37:11.471Z"
  },
  {
    "productId": "6814a1931c10fee4a5286d75",
    "userId": "6822d09cc08fdfcf24d49bbd",
    "rating": 5,
    "comment": "Cur sollers beatae caelum atrox toties apto voluptas sed atqui.",
    "createdAt": "2025-01-13T17:37:11.471Z"
  },
  {
    "productId": "6814af8df38840c4bcc37ebe",
    "userId": "6822d09cc08fdfcf24d49bbd",
    "rating": 2,
    "comment": "Autem animus fuga vehemens comprehendo carbo cumque ancilla doloremque solus.",
    "createdAt": "2025-01-17T17:37:11.471Z"
  },
  {
    "productId": "6814af8df38840c4bcc37eac",
    "userId": "6822d09cc08fdfcf24d49bbd",
    "rating": 5,
    "comment": "Totus teneo cupio turba acsi attollo aiunt esse facilis sursum.",
    "createdAt": "2025-01-12T17:37:11.471Z"
  },
  {
    "productId": "68149cfe30a898aab1f043d1",
    "userId": "6822d092c08fdfcf24d49a19",
    "rating": 5,
    "comment": "Absque ademptio acerbitas vilitas aurum voro arbor speculum verto claro.",
    "createdAt": "2025-01-16T17:47:46.910Z"
  },
  {
    "productId": "6814af8df38840c4bcc37ebe",
    "userId": "6822d06ec08fdfcf24d49441",
    "rating": 4,
    "comment": "Certus crastinus desipio tergeo degero maiores officia quo aequitas pecco.",
    "createdAt": "2025-01-17T23:31:27.637Z"
  },
  {
    "productId": "68149cfe30a898aab1f043b2",
    "userId": "6822d08ac08fdfcf24d4989d",
    "rating": 5,
    "comment": "Bestia dens testimonium conatus aranea ter accedo angulus cetera ocer.",
    "createdAt": "2025-01-18T04:49:06.805Z"
  },
  {
    "productId": "6814be18a67388b7fa2b03cc",
    "userId": "6822d099c08fdfcf24d49ad7",
    "rating": 5,
    "comment": "Comptus quasi adipiscor a victus sed error laborum creber peior.",
    "createdAt": "2025-01-17T10:13:47.145Z"
  },
  {
    "productId": "6814c03933cd17d446b063d4",
    "userId": "6822d09cc08fdfcf24d49b9d",
    "rating": 3,
    "comment": "Veritas degusto sodalitas amitto adsidue sono at decretum nihil curia.",
    "createdAt": "2025-01-16T12:12:30.390Z"
  },
  {
    "productId": "6814c03933cd17d446b063cc",
    "userId": "6822d09cc08fdfcf24d49b9d",
    "rating": 4,
    "comment": "Suppellex viriliter universe campana callide iure a beatus cruentus candidus.",
    "createdAt": "2025-01-14T12:12:30.390Z"
  },
  {
    "productId": "6814ccc358f78c505fea964b",
    "userId": "6822d09cc08fdfcf24d49b9d",
    "rating": 5,
    "comment": "Carmen aer acsi tendo repudiandae virtus doloribus error volva in.",
    "createdAt": "2025-01-17T12:12:30.390Z"
  },
  {
    "productId": "6814c1b5ba01e3aab8f3f3c4",
    "userId": "6822d09cc08fdfcf24d49b9d",
    "rating": 5,
    "comment": "Peior uberrime commemoro capto urbanus viduo verto argentum circumvenio voluptates.",
    "createdAt": "2025-01-14T12:12:30.390Z"
  },
  {
    "productId": "6814bcdd958ad8fcad8c543d",
    "userId": "6822d09cc08fdfcf24d49bb5",
    "rating": 5,
    "comment": "Cito eos coerceo porro uter abbas deprimo libero triumphus defessus.",
    "createdAt": "2025-01-14T12:35:15.303Z"
  },
  {
    "productId": "68149cfe30a898aab1f043d7",
    "userId": "6822d094c08fdfcf24d49a93",
    "rating": 4,
    "comment": "Voveo solvo pel nostrum pecco ea vicinus demitto angulus auctor.",
    "createdAt": "2025-01-16T18:56:18.013Z"
  },
  {
    "productId": "6814c1b5ba01e3aab8f3f3e8",
    "userId": "6822d094c08fdfcf24d49a93",
    "rating": 5,
    "comment": "Venio spero caste voveo creta terga vorago depraedor ante ulterius.",
    "createdAt": "2025-01-18T18:56:18.013Z"
  },
  {
    "productId": "6814a1941c10fee4a5286d95",
    "userId": "6822d07ec08fdfcf24d49681",
    "rating": 3,
    "comment": "Appello cogo corpus canis creber vacuus cauda est adsum thema.",
    "createdAt": "2025-01-15T21:36:53.362Z"
  },
  {
    "productId": "6814a1941c10fee4a5286d87",
    "userId": "6822d07ec08fdfcf24d49681",
    "rating": 5,
    "comment": "Ullus acies nobis casso ver placeat totidem delectus admitto avarus.",
    "createdAt": "2025-01-13T21:36:53.362Z"
  },
  {
    "productId": "6814a1941c10fee4a5286d87",
    "userId": "6822d07ec08fdfcf24d49681",
    "rating": 4,
    "comment": "Certe necessitatibus valens quaerat ante amissio calculus ancilla strenuus adstringo.",
    "createdAt": "2025-01-13T21:36:53.362Z"
  },
  {
    "productId": "6814d8faa6b79f1523907ee9",
    "userId": "6822d07ec08fdfcf24d49681",
    "rating": 4,
    "comment": "Aufero pel adulatio ea capio absens ascit suasoria incidunt vesper.",
    "createdAt": "2025-01-17T21:36:53.362Z"
  },
  {
    "productId": "6814d3abbcd9b504d290b066",
    "userId": "682302591f98de2bb173e423",
    "rating": 5,
    "comment": "Ut animadverto voluptates cur vis vobis templum amita aegre virgo.",
    "createdAt": "2025-01-16T03:04:48.125Z"
  },
  {
    "productId": "6814d008dac5e44185ec2247",
    "userId": "682302591f98de2bb173e423",
    "rating": 5,
    "comment": "Comitatus adopto vero valens vereor cultellus vorago angulus cimentarius advenio.",
    "createdAt": "2025-01-18T03:04:48.125Z"
  },
  {
    "productId": "6814be18a67388b7fa2b03bc",
    "userId": "682302591f98de2bb173e423",
    "rating": 5,
    "comment": "Illo averto facere aequitas reiciendis nesciunt ratione suscipit vehemens cur.",
    "createdAt": "2025-01-19T03:04:48.125Z"
  },
  {
    "productId": "6814bf386172128284c9becc",
    "userId": "6822d0a2c08fdfcf24d49c85",
    "rating": 5,
    "comment": "Votum sordeo coadunatio vindico denuncio pectus stella civis contego cenaculum.",
    "createdAt": "2025-01-15T05:11:28.459Z"
  },
  {
    "productId": "6814d007dac5e44185ec2223",
    "userId": "6822d092c08fdfcf24d49a13",
    "rating": 2,
    "comment": "Venio voveo debilito adhaero facilis delego tredecim vitiosus paulatim strues.",
    "createdAt": "2025-01-18T08:49:00.223Z"
  },
  {
    "productId": "6814af8df38840c4bcc37eb8",
    "userId": "6822d06dc08fdfcf24d4940f",
    "rating": 5,
    "comment": "Viridis ipsa sumo deorsum solitudo sapiente crux tamquam derelinquo aureus.",
    "createdAt": "2025-01-15T10:23:50.542Z"
  },
  {
    "productId": "6814c3b3595891202e483aa0",
    "userId": "6822d068c08fdfcf24d492cb",
    "rating": 5,
    "comment": "Corrupti turbo caelestis clarus conturbo vigor optio trado vos demulceo.",
    "createdAt": "2025-01-17T14:06:52.277Z"
  },
  {
    "productId": "68149cfe30a898aab1f043b2",
    "userId": "682302581f98de2bb173e403",
    "rating": 5,
    "comment": "Sponte suggero eveniet tribuo avarus culpa antea capto concido vigilo.",
    "createdAt": "2025-01-14T15:09:58.258Z"
  },
  {
    "productId": "6814c741b44fb7a9e6cbb4c2",
    "userId": "6822d08cc08fdfcf24d49945",
    "rating": 5,
    "comment": "Universe tardus depono vinco sursum bellum damno amissio vigor amaritudo.",
    "createdAt": "2025-01-15T16:17:30.893Z"
  },
  {
    "productId": "6814af8ef38840c4bcc37ef0",
    "userId": "6822d08cc08fdfcf24d49945",
    "rating": 5,
    "comment": "Canis victoria aegrus trado celebrer quia officiis valetudo claudeo sursum.",
    "createdAt": "2025-01-19T19:11:01.056Z"
  },
  {
    "productId": "6814d4dbd4982e02496b6356",
    "userId": "6822d06cc08fdfcf24d493d9",
    "rating": 3,
    "comment": "Tepesco adstringo deprecator harum hic veritas aggredior abstergo caelum culpa.",
    "createdAt": "2025-01-17T20:11:27.875Z"
  },
  {
    "productId": "6814d31019ffed8d9ec6b569",
    "userId": "6822d06cc08fdfcf24d493d9",
    "rating": 3,
    "comment": "Cursus vito cognomen teneo subvenio creptio tametsi incidunt usque ullus.",
    "createdAt": "2025-01-15T20:11:27.875Z"
  },
  {
    "productId": "6814a81835053cb1544dd149",
    "userId": "6822d06cc08fdfcf24d493d9",
    "rating": 5,
    "comment": "Collum verumtamen texo tolero depopulo calamitas conscendo aetas vesco allatus.",
    "createdAt": "2025-01-17T20:11:27.875Z"
  },
  {
    "productId": "6814d30f19ffed8d9ec6b52f",
    "userId": "6822d06cc08fdfcf24d493d9",
    "rating": 3,
    "comment": "Conatus tantum ante labore apostolus sint consectetur temporibus via tyrannus.",
    "createdAt": "2025-01-16T20:11:27.875Z"
  },
  {
    "productId": "6814d246995813a18f27d95b",
    "userId": "6822d093c08fdfcf24d49a57",
    "rating": 3,
    "comment": "Itaque quidem contabesco reiciendis vapulus adopto cupressus aperiam desparatus similique.",
    "createdAt": "2025-01-16T03:45:20.921Z"
  },
  {
    "productId": "6814d8faa6b79f1523907ebe",
    "userId": "6822d074c08fdfcf24d49517",
    "rating": 5,
    "comment": "Abutor magni crastinus voro valens ocer callide sit ut similique.",
    "createdAt": "2025-01-16T08:01:07.360Z"
  },
  {
    "productId": "6814d519d4982e02496b64ae",
    "userId": "6822d06cc08fdfcf24d493a5",
    "rating": 5,
    "comment": "Corrupti tego tres quos tactus testimonium defaeco virgo altus vestigium.",
    "createdAt": "2025-01-21T00:17:07.489Z"
  },
  {
    "productId": "6814c104ca19a92a5b1d5b2f",
    "userId": "6822d06cc08fdfcf24d493a5",
    "rating": 3,
    "comment": "Doloremque auctor amaritudo abundans curatio venustas tandem comminor culpa avarus.",
    "createdAt": "2025-01-17T00:17:07.489Z"
  },
  {
    "productId": "6814d886eb6e44f9df4dc005",
    "userId": "6822d06cc08fdfcf24d493a5",
    "rating": 2,
    "comment": "Conturbo theatrum administratio odio approbo calcar cupiditate delectatio arbor credo.",
    "createdAt": "2025-01-17T00:17:07.489Z"
  },
  {
    "productId": "6814d007dac5e44185ec221d",
    "userId": "6822d06cc08fdfcf24d493a5",
    "rating": 5,
    "comment": "Velit vorax attero accusantium nobis varietas cerno appono animi decretum.",
    "createdAt": "2025-01-20T00:17:07.489Z"
  },
  {
    "productId": "6814d519d4982e02496b64ba",
    "userId": "6822d08cc08fdfcf24d4994b",
    "rating": 3,
    "comment": "Solutio tabesco bonus summisse dolores comptus absque cognatus arbor tempora.",
    "createdAt": "2025-01-20T04:09:20.654Z"
  },
  {
    "productId": "6814c740b44fb7a9e6cbb46b",
    "userId": "6822d08cc08fdfcf24d4994b",
    "rating": 5,
    "comment": "Cras cenaculum catena tertius abundans sui distinctio auditor acceptus odit.",
    "createdAt": "2025-01-18T04:09:20.654Z"
  },
  {
    "productId": "6814a1941c10fee4a5286da8",
    "userId": "6822d09dc08fdfcf24d49bdd",
    "rating": 5,
    "comment": "Commodi carcer catena cruciamentum considero cauda conitor decet nobis amitto.",
    "createdAt": "2025-01-20T06:36:35.182Z"
  },
  {
    "productId": "6814d886eb6e44f9df4dc011",
    "userId": "6822d068c08fdfcf24d492c3",
    "rating": 5,
    "comment": "Patrocinor subvenio atrox tabesco canto itaque cruciamentum aveho contabesco vito.",
    "createdAt": "2025-01-18T16:01:50.894Z"
  },
  {
    "productId": "6814d4dbd4982e02496b6362",
    "userId": "6822d083c08fdfcf24d497bd",
    "rating": 5,
    "comment": "Et beatae temptatio absque ultra iste tenetur hic corona cubicularis.",
    "createdAt": "2025-01-21T23:03:00.135Z"
  },
  {
    "productId": "6814d4dbd4982e02496b6368",
    "userId": "6822d088c08fdfcf24d4981b",
    "rating": 5,
    "comment": "Optio theatrum cursus alo advoco sumptus bos contra virtus voluptate.",
    "createdAt": "2025-01-17T03:21:57.144Z"
  },
  {
    "productId": "6814cf2ef6a78c6dfa308434",
    "userId": "6822d098c08fdfcf24d49a9b",
    "rating": 5,
    "comment": "Vociferor suffoco usque thorax aufero quod creta demens vox tantillus.",
    "createdAt": "2025-01-20T12:59:13.637Z"
  },
  {
    "productId": "6814c03933cd17d446b063d4",
    "userId": "6822d098c08fdfcf24d49aa1",
    "rating": 5,
    "comment": "Vacuus tergo bibo conturbo defero cur praesentium conscendo testimonium demens.",
    "createdAt": "2025-01-18T13:42:35.920Z"
  },
  {
    "productId": "6814a81935053cb1544dd159",
    "userId": "6822d08cc08fdfcf24d49943",
    "rating": 5,
    "comment": "Suspendo cui demens uter utroque virgo sopor desidero adfectus condico.",
    "createdAt": "2025-01-21T14:03:05.603Z"
  },
  {
    "productId": "6814be18a67388b7fa2b03cc",
    "userId": "6822d08cc08fdfcf24d49943",
    "rating": 5,
    "comment": "Pectus defleo amplitudo tremo comparo vis non spiculum creptio omnis.",
    "createdAt": "2025-01-17T14:03:05.603Z"
  },
  {
    "productId": "6814a1941c10fee4a5286d87",
    "userId": "6822d08cc08fdfcf24d49943",
    "rating": 5,
    "comment": "Argentum aliquam derelinquo cubo cubo spes tracto amiculum cibus sortitus.",
    "createdAt": "2025-01-20T14:03:05.603Z"
  },
  {
    "productId": "6814d31019ffed8d9ec6b569",
    "userId": "6822d08cc08fdfcf24d49943",
    "rating": 4,
    "comment": "Beneficium quasi contigo antea voluptate voluptas articulus dedecor consequatur vito.",
    "createdAt": "2025-01-19T14:03:05.603Z"
  },
  {
    "productId": "6814d518d4982e02496b648e",
    "userId": "6822d0a6c08fdfcf24d49d81",
    "rating": 5,
    "comment": "Deporto torqueo laudantium eum vehemens perspiciatis minima sono tempore summa.",
    "createdAt": "2025-01-17T18:43:12.638Z"
  },
  {
    "productId": "6814d8faa6b79f1523907ec4",
    "userId": "6822d08bc08fdfcf24d49911",
    "rating": 4,
    "comment": "Vapulus angustus conspergo recusandae baiulus alioqui absque testimonium doloribus adimpleo.",
    "createdAt": "2025-01-19T19:04:12.141Z"
  },
  {
    "productId": "6814cbfc9ac1ce261961922f",
    "userId": "6822d073c08fdfcf24d494b9",
    "rating": 3,
    "comment": "Taedium supra eligendi sint decens aestus cubicularis varius accusamus tabella.",
    "createdAt": "2025-01-17T19:10:56.006Z"
  },
  {
    "productId": "6814d518d4982e02496b64a9",
    "userId": "6822d073c08fdfcf24d494b9",
    "rating": 5,
    "comment": "In ocer arma conspergo cribro itaque taedium terga civis crur.",
    "createdAt": "2025-01-21T19:10:56.006Z"
  },
  {
    "productId": "6814cabe1780e5204676cdf7",
    "userId": "6822d093c08fdfcf24d49a4f",
    "rating": 5,
    "comment": "Conicio comprehendo aer calamitas coepi cunae utilis arbitro arca varius.",
    "createdAt": "2025-01-21T22:11:25.279Z"
  },
  {
    "productId": "6814d3abbcd9b504d290b030",
    "userId": "6822d06cc08fdfcf24d493b7",
    "rating": 4,
    "comment": "Vestrum suffragium viduo solus decor tabernus hic una apud tendo.",
    "createdAt": "2025-01-22T11:39:22.388Z"
  },
  {
    "productId": "6814af8ef38840c4bcc37edc",
    "userId": "6822d0a7c08fdfcf24d49dbf",
    "rating": 3,
    "comment": "Alias amitto patria vae coruscus amplus urbs animadverto sui amplus.",
    "createdAt": "2025-01-19T11:50:26.659Z"
  },
  {
    "productId": "6814d49dabc2c4bf4ecaf524",
    "userId": "6822d075c08fdfcf24d49537",
    "rating": 5,
    "comment": "Capitulus tersus laboriosam villa solvo patrocinor eveniet clam voluptatibus adeptio.",
    "createdAt": "2025-01-19T14:13:33.094Z"
  },
  {
    "productId": "6814bcdd958ad8fcad8c547b",
    "userId": "6822d08bc08fdfcf24d498f9",
    "rating": 5,
    "comment": "Utrimque alo caute terminatio vehemens consectetur impedit usque color cedo.",
    "createdAt": "2025-01-20T14:44:48.816Z"
  },
  {
    "productId": "6814af8ef38840c4bcc37ed5",
    "userId": "6822d0a6c08fdfcf24d49d81",
    "rating": 5,
    "comment": "Crastinus socius decerno cubicularis tres aggredior arx tremo voluptatem comis.",
    "createdAt": "2025-01-19T18:38:30.499Z"
  },
  {
    "productId": "6814d8faa6b79f1523907e9d",
    "userId": "6822d090c08fdfcf24d49989",
    "rating": 4,
    "comment": "Barba suffoco dolorem una iste tenetur damnatio antiquus causa cui.",
    "createdAt": "2025-01-18T19:31:15.758Z"
  },
  {
    "productId": "6814bf386172128284c9becc",
    "userId": "6822d0a1c08fdfcf24d49c51",
    "rating": 3,
    "comment": "Amor verus sponte necessitatibus caries atque facilis coepi sub inventore.",
    "createdAt": "2025-01-21T21:00:48.363Z"
  },
  {
    "productId": "6814c740b44fb7a9e6cbb46b",
    "userId": "6822d091c08fdfcf24d499cd",
    "rating": 3,
    "comment": "Tredecim desolo similique territo voluptate denique sequi amaritudo quis auditor.",
    "createdAt": "2025-01-20T23:02:54.765Z"
  },
  {
    "productId": "6814b49adb8e7421d9054864",
    "userId": "6822d069c08fdfcf24d492fb",
    "rating": 1,
    "comment": "Deserunt barba suus cetera aufero vehemens barba vir aetas error.",
    "createdAt": "2025-01-20T02:13:51.904Z"
  },
  {
    "productId": "6814c75737cb2b415f50f047",
    "userId": "6822d089c08fdfcf24d49865",
    "rating": 3,
    "comment": "Blanditiis compono adicio contego doloribus benigne timor speciosus vigor arguo.",
    "createdAt": "2025-01-21T02:24:15.966Z"
  },
  {
    "productId": "6814c75637cb2b415f50f041",
    "userId": "6822d0a3c08fdfcf24d49cb1",
    "rating": 5,
    "comment": "Ars antepono callide certe spero inventore tenus suffoco vomito crux.",
    "createdAt": "2025-01-24T05:02:19.256Z"
  },
  {
    "productId": "6814c03a33cd17d446b063e1",
    "userId": "6822d082c08fdfcf24d49785",
    "rating": 5,
    "comment": "Despecto vae undique caecus animadverto tego molestias at repellat canto.",
    "createdAt": "2025-01-19T05:56:17.781Z"
  },
  {
    "productId": "6814bcdd958ad8fcad8c545f",
    "userId": "6822d0a2c08fdfcf24d49c83",
    "rating": 4,
    "comment": "Cuppedia tamdiu aestus approbo summopere et tardus unde corrupti sodalitas.",
    "createdAt": "2025-01-23T06:03:07.184Z"
  },
  {
    "productId": "6814c3b3595891202e483a6c",
    "userId": "6822d07fc08fdfcf24d496cb",
    "rating": 5,
    "comment": "Eum creo caterva solitudo ullus rerum necessitatibus auctor voco debeo.",
    "createdAt": "2025-01-23T06:03:42.973Z"
  },
  {
    "productId": "6814d8faa6b79f1523907ed8",
    "userId": "6822d06ac08fdfcf24d4931f",
    "rating": 5,
    "comment": "Tabula cursim dedecor alias desino alii tyrannus demitto cervus adhuc.",
    "createdAt": "2025-01-21T06:49:47.795Z"
  },
  {
    "productId": "6814af8df38840c4bcc37eb8",
    "userId": "6822d06ac08fdfcf24d4931f",
    "rating": 2,
    "comment": "Synagoga taedium uxor reprehenderit curiositas suspendo stultus utor quas suscipio.",
    "createdAt": "2025-01-24T06:49:47.795Z"
  },
  {
    "productId": "6814cf2ef6a78c6dfa308452",
    "userId": "6822d06ac08fdfcf24d4931f",
    "rating": 5,
    "comment": "Territo expedita vapulus solio trucido amitto officia calco comparo suppellex.",
    "createdAt": "2025-01-21T06:49:47.795Z"
  },
  {
    "productId": "6814c03933cd17d446b06368",
    "userId": "6822d06ac08fdfcf24d4931f",
    "rating": 4,
    "comment": "Advoco ipsum tamdiu volutabrum cresco esse quia votum tunc corrumpo.",
    "createdAt": "2025-01-24T06:49:47.795Z"
  },
  {
    "productId": "6814c03933cd17d446b06384",
    "userId": "6822d068c08fdfcf24d492c9",
    "rating": 4,
    "comment": "Verumtamen exercitationem videlicet tepesco cubitum aranea voluptates cras communis curto.",
    "createdAt": "2025-01-19T09:26:09.802Z"
  },
  {
    "productId": "6814c2ca511161f3045acc24",
    "userId": "6822d068c08fdfcf24d492c9",
    "rating": 5,
    "comment": "Tantum crustulum vitae calcar deputo confugo quibusdam apostolus exercitationem tenax.",
    "createdAt": "2025-01-19T09:26:09.802Z"
  },
  {
    "productId": "6814be18a67388b7fa2b03d8",
    "userId": "6822d068c08fdfcf24d492c9",
    "rating": 5,
    "comment": "Timor quidem explicabo cinis curto crinis voco arx utpote crur.",
    "createdAt": "2025-01-20T09:26:09.802Z"
  },
  {
    "productId": "6814bcdd958ad8fcad8c545f",
    "userId": "6822d068c08fdfcf24d492c9",
    "rating": 5,
    "comment": "Stella collum conculco eveniet alioqui cunae vulpes autem pecto tres.",
    "createdAt": "2025-01-20T09:26:09.802Z"
  },
  {
    "productId": "6814c03933cd17d446b06346",
    "userId": "6822d07fc08fdfcf24d496d7",
    "rating": 3,
    "comment": "Aspicio solitudo comptus nemo vorax volubilis curiositas ademptio tibi absconditus.",
    "createdAt": "2025-01-20T12:04:38.888Z"
  },
  {
    "productId": "6814c103ca19a92a5b1d5af1",
    "userId": "6822d093c08fdfcf24d49a5d",
    "rating": 5,
    "comment": "Allatus spero accendo angulus totidem vix voluptatem animadverto a creator.",
    "createdAt": "2025-01-23T13:10:07.776Z"
  },
  {
    "productId": "6814c03a33cd17d446b063db",
    "userId": "6822d0a6c08fdfcf24d49d6f",
    "rating": 5,
    "comment": "Vitium adiuvo triduana strues illum calco spes usitas cupio tepesco.",
    "createdAt": "2025-01-19T18:41:29.006Z"
  },
  {
    "productId": "6814c03933cd17d446b06390",
    "userId": "6822d087c08fdfcf24d497e9",
    "rating": 5,
    "comment": "Casus veniam atque tondeo demergo comparo enim bibo auctor arbitro.",
    "createdAt": "2025-01-20T00:14:02.972Z"
  },
  {
    "productId": "6814d007dac5e44185ec221d",
    "userId": "6822d087c08fdfcf24d497e9",
    "rating": 5,
    "comment": "Versus cui maiores minima conatus saepe timidus velit communis vomica.",
    "createdAt": "2025-01-22T00:14:02.972Z"
  },
  {
    "productId": "6814cabf1780e5204676cdfd",
    "userId": "6822d087c08fdfcf24d497e9",
    "rating": 5,
    "comment": "Corona defleo suggero arceo volutabrum statim tutamen abduco amita brevis.",
    "createdAt": "2025-01-20T00:14:02.972Z"
  },
  {
    "productId": "6814ccc358f78c505fea968c",
    "userId": "6822d087c08fdfcf24d497e9",
    "rating": 5,
    "comment": "Vos crebro spoliatio auctus volva supra nulla centum alii at.",
    "createdAt": "2025-01-21T00:14:02.972Z"
  },
  {
    "productId": "6814bf396172128284c9befc",
    "userId": "6822d09cc08fdfcf24d49bc5",
    "rating": 5,
    "comment": "Debilito audentia tabesco ante tenetur studio admoneo ars titulus stipes.",
    "createdAt": "2025-01-24T02:38:55.759Z"
  },
  {
    "productId": "6814c2ca511161f3045acbf0",
    "userId": "6822d06dc08fdfcf24d493fb",
    "rating": 5,
    "comment": "Alioqui argumentum vallum acer cohibeo explicabo crastinus caecus nihil vociferor.",
    "createdAt": "2025-01-22T09:41:51.082Z"
  },
  {
    "productId": "6814d4dbd4982e02496b635c",
    "userId": "6822d06dc08fdfcf24d493fb",
    "rating": 5,
    "comment": "Talis sublime benigne arbitro dignissimos accusantium aedificium vicissitudo nisi comitatus.",
    "createdAt": "2025-01-25T09:41:51.082Z"
  },
  {
    "productId": "6814c75737cb2b415f50f057",
    "userId": "6822d06dc08fdfcf24d493fb",
    "rating": 5,
    "comment": "Circumvenio cogito tricesimus carus concedo tandem cui vomito repudiandae corrigo.",
    "createdAt": "2025-01-23T09:41:51.082Z"
  },
  {
    "productId": "6814a1931c10fee4a5286d75",
    "userId": "6822d06dc08fdfcf24d493fb",
    "rating": 5,
    "comment": "Absorbeo benevolentia est sono tremo termes custodia ab crinis celebrer.",
    "createdAt": "2025-01-22T09:41:51.082Z"
  },
  {
    "productId": "6814c2cb511161f3045acc48",
    "userId": "6822d0a2c08fdfcf24d49c87",
    "rating": 1,
    "comment": "Tripudio bestia volubilis est fuga vulgaris harum terebro volaticus cunae.",
    "createdAt": "2025-01-25T10:54:21.392Z"
  },
  {
    "productId": "68149cfe30a898aab1f043b8",
    "userId": "6822d0a2c08fdfcf24d49c87",
    "rating": 5,
    "comment": "Voluntarius crinis stips adhuc vestrum arcesso sint ademptio illum considero.",
    "createdAt": "2025-01-22T10:54:21.392Z"
  },
  {
    "productId": "6814cbfc9ac1ce2619619237",
    "userId": "6822d0a2c08fdfcf24d49c87",
    "rating": 1,
    "comment": "Quo velit cresco vapulus aeneus assumenda carmen illum annus vix.",
    "createdAt": "2025-01-21T10:54:21.392Z"
  },
  {
    "productId": "6814ccc358f78c505fea965c",
    "userId": "6822d0a2c08fdfcf24d49c87",
    "rating": 3,
    "comment": "Bos abbas surculus virgo voro summopere complectus bis in argentum.",
    "createdAt": "2025-01-25T10:54:21.392Z"
  },
  {
    "productId": "6814c1b4ba01e3aab8f3f386",
    "userId": "6822d098c08fdfcf24d49ab7",
    "rating": 5,
    "comment": "Vulnero combibo depraedor somniculosus deporto defleo maiores appositus absorbeo solitudo.",
    "createdAt": "2025-01-21T11:10:45.994Z"
  },
  {
    "productId": "6814b49adb8e7421d9054854",
    "userId": "6822d082c08fdfcf24d497a1",
    "rating": 4,
    "comment": "Necessitatibus terga tamquam harum approbo eligendi demoror titulus tero concedo.",
    "createdAt": "2025-01-24T14:42:21.082Z"
  },
  {
    "productId": "6814d886eb6e44f9df4dbfef",
    "userId": "6822d089c08fdfcf24d49859",
    "rating": 4,
    "comment": "Turpis certus repudiandae tergiversatio cometes volubilis vobis deserunt temporibus cribro.",
    "createdAt": "2025-01-21T15:44:15.529Z"
  },
  {
    "productId": "6814d008dac5e44185ec2241",
    "userId": "6822d09dc08fdfcf24d49bd5",
    "rating": 1,
    "comment": "Virtus aperiam cado beatae temeritas undique amita sursum terebro atrox.",
    "createdAt": "2025-01-22T20:16:16.756Z"
  },
  {
    "productId": "6814cbfc9ac1ce261961922f",
    "userId": "6822d09dc08fdfcf24d49bd5",
    "rating": 5,
    "comment": "Adulatio incidunt theologus vorax auxilium depulso centum tabella turba delibero.",
    "createdAt": "2025-01-25T20:16:16.756Z"
  },
  {
    "productId": "6814c3b3595891202e483a60",
    "userId": "6822d09dc08fdfcf24d49bd5",
    "rating": 5,
    "comment": "Cavus clamo deserunt patria comprehendo calamitas despecto cupiditas tersus thalassinus.",
    "createdAt": "2025-01-23T20:16:16.756Z"
  },
  {
    "productId": "6814a81935053cb1544dd159",
    "userId": "6822d09dc08fdfcf24d49bd5",
    "rating": 5,
    "comment": "Ceno sursum supplanto cernuus quisquam assumenda spoliatio volup demergo uredo.",
    "createdAt": "2025-01-25T20:16:16.756Z"
  },
  {
    "productId": "6814d30f19ffed8d9ec6b536",
    "userId": "6822d080c08fdfcf24d49709",
    "rating": 5,
    "comment": "Doloribus volva summisse astrum tergeo adstringo tonsor vestigium ocer adversus.",
    "createdAt": "2025-01-21T01:12:35.749Z"
  },
  {
    "productId": "68149cfd30a898aab1f043a1",
    "userId": "6822d08cc08fdfcf24d49929",
    "rating": 3,
    "comment": "Pecus fuga ascit cursus articulus contabesco adeptio tamen nobis vicinus.",
    "createdAt": "2025-01-25T07:27:23.473Z"
  },
  {
    "productId": "6814a81835053cb1544dd11b",
    "userId": "6822d0a4c08fdfcf24d49d11",
    "rating": 5,
    "comment": "Voveo capitulus abbas ultio cursim vestrum culpa occaecati crux neque.",
    "createdAt": "2025-01-23T15:43:53.469Z"
  },
  {
    "productId": "6814af8df38840c4bcc37ea6",
    "userId": "6822d06bc08fdfcf24d49393",
    "rating": 5,
    "comment": "Qui suggero appono apud uberrime umerus alias trucido cerno quos.",
    "createdAt": "2025-01-23T15:44:24.098Z"
  },
  {
    "productId": "6814d518d4982e02496b6488",
    "userId": "6822d078c08fdfcf24d495f7",
    "rating": 3,
    "comment": "Distinctio odit decerno cernuus atqui tricesimus decerno adficio blandior atrocitas.",
    "createdAt": "2025-01-24T21:17:45.376Z"
  },
  {
    "productId": "6814d3abbcd9b504d290b030",
    "userId": "6822d08ac08fdfcf24d498c5",
    "rating": 5,
    "comment": "Ancilla aeneus corrumpo acsi varius cultellus cognomen verecundia uberrime vomica.",
    "createdAt": "2025-01-22T04:09:04.626Z"
  },
  {
    "productId": "68149cff30a898aab1f043eb",
    "userId": "6822d08cc08fdfcf24d49947",
    "rating": 5,
    "comment": "Tantum vos minus admoveo tui atrocitas ocer circumvenio iste sulum.",
    "createdAt": "2025-01-22T08:57:23.430Z"
  },
  {
    "productId": "6814a81835053cb1544dd139",
    "userId": "6822d081c08fdfcf24d4975b",
    "rating": 5,
    "comment": "Solio undique ustilo astrum conventus demo cotidie commemoro aperte cumque.",
    "createdAt": "2025-01-23T11:01:03.212Z"
  },
  {
    "productId": "6814c1b4ba01e3aab8f3f3b4",
    "userId": "6822d0a2c08fdfcf24d49c97",
    "rating": 1,
    "comment": "Trado vulticulus cunctatio cernuus adeo tepidus patruus quo averto carbo.",
    "createdAt": "2025-01-23T13:13:59.426Z"
  },
  {
    "productId": "6814c740b44fb7a9e6cbb481",
    "userId": "6822d06ac08fdfcf24d49337",
    "rating": 4,
    "comment": "Tamquam vulgus laudantium tonsor brevis tactus arca tam ciminatio surculus.",
    "createdAt": "2025-01-22T15:59:56.152Z"
  },
  {
    "productId": "6814d8faa6b79f1523907eac",
    "userId": "6822d080c08fdfcf24d49723",
    "rating": 1,
    "comment": "Thesaurus arbitro cruciamentum asporto decretum caveo amicitia conduco abeo dedico.",
    "createdAt": "2025-01-26T19:23:08.532Z"
  },
  {
    "productId": "6814bcdd958ad8fcad8c5433",
    "userId": "6822d090c08fdfcf24d49983",
    "rating": 5,
    "comment": "Aer iusto tametsi crustulum allatus solitudo compono curatio tripudio abduco.",
    "createdAt": "2025-01-27T21:33:22.914Z"
  },
  {
    "productId": "6814cabe1780e5204676cdc6",
    "userId": "6822d090c08fdfcf24d49983",
    "rating": 4,
    "comment": "Uterque spero voluptas summisse capillus uxor venustas utroque consuasor decerno.",
    "createdAt": "2025-01-25T21:33:22.914Z"
  },
  {
    "productId": "6814af8df38840c4bcc37ea6",
    "userId": "6822d090c08fdfcf24d49983",
    "rating": 3,
    "comment": "Copia defungo quo amissio aperiam animus ratione cognomen adflicto summisse.",
    "createdAt": "2025-01-27T21:33:22.914Z"
  },
  {
    "productId": "6814bcdd958ad8fcad8c5449",
    "userId": "6822d075c08fdfcf24d49531",
    "rating": 5,
    "comment": "Crebro fugit defendo venustas caecus cura cursim decens itaque addo.",
    "createdAt": "2025-01-27T23:52:56.914Z"
  },
  {
    "productId": "6814c2cb511161f3045acc34",
    "userId": "6822d07dc08fdfcf24d49637",
    "rating": 5,
    "comment": "Aequus apostolus desipio templum depono tero versus saepe accommodo aufero.",
    "createdAt": "2025-01-25T05:37:54.769Z"
  },
  {
    "productId": "6814c104ca19a92a5b1d5b53",
    "userId": "6822d091c08fdfcf24d499ed",
    "rating": 5,
    "comment": "Vito neque sumo desolo expedita demulceo atrocitas paulatim conatus cetera.",
    "createdAt": "2025-01-23T08:56:24.205Z"
  },
  {
    "productId": "6814c740b44fb7a9e6cbb49e",
    "userId": "6822d091c08fdfcf24d499ed",
    "rating": 5,
    "comment": "Vox amiculum decor voluptatum comptus termes maxime assumenda volutabrum stultus.",
    "createdAt": "2025-01-28T08:56:24.205Z"
  },
  {
    "productId": "6814cf2ef6a78c6dfa308448",
    "userId": "6822d091c08fdfcf24d499ed",
    "rating": 3,
    "comment": "Depraedor stultus decumbo vorax adeptio quas itaque coma dolores tandem.",
    "createdAt": "2025-01-23T08:56:24.205Z"
  },
  {
    "productId": "6814ccc358f78c505fea9662",
    "userId": "6822d091c08fdfcf24d499ed",
    "rating": 5,
    "comment": "Sublime tabernus brevis quibusdam aedificium cerno vomito arbustum cito succurro.",
    "createdAt": "2025-01-26T08:56:24.205Z"
  },
  {
    "productId": "6814d31019ffed8d9ec6b562",
    "userId": "6822d06cc08fdfcf24d493bb",
    "rating": 5,
    "comment": "Tempora quod esse vinum combibo tutamen depromo demens supra viscus.",
    "createdAt": "2025-01-23T11:09:46.009Z"
  },
  {
    "productId": "6814a1931c10fee4a5286d75",
    "userId": "6822d06fc08fdfcf24d49473",
    "rating": 4,
    "comment": "Degero clementia voluptas aurum sodalitas sed umquam ipsum amicitia comminor.",
    "createdAt": "2025-01-24T19:19:06.915Z"
  },
  {
    "productId": "68149cfe30a898aab1f043cb",
    "userId": "6822d06fc08fdfcf24d49473",
    "rating": 5,
    "comment": "Comprehendo illum claudeo vestigium adhaero recusandae subnecto clam adficio harum.",
    "createdAt": "2025-01-26T19:19:06.915Z"
  },
  {
    "productId": "6814d245995813a18f27d92c",
    "userId": "6822d06fc08fdfcf24d49473",
    "rating": 5,
    "comment": "Decumbo summa tero abscido clibanus celo amor virtus advoco ciminatio.",
    "createdAt": "2025-01-28T19:19:06.915Z"
  },
  {
    "productId": "6814bf396172128284c9bf28",
    "userId": "6822d078c08fdfcf24d495e7",
    "rating": 5,
    "comment": "Terminatio ter constans alveus sub caput perferendis conforto deficio trepide.",
    "createdAt": "2025-01-24T19:25:35.060Z"
  },
  {
    "productId": "6814d246995813a18f27d963",
    "userId": "6822d090c08fdfcf24d499ad",
    "rating": 5,
    "comment": "Vicinus casso vinum constans cunctatio tui utrum soleo stabilis adhaero.",
    "createdAt": "2025-01-27T04:23:57.350Z"
  },
  {
    "productId": "6814a1931c10fee4a5286d5d",
    "userId": "6822d06dc08fdfcf24d49403",
    "rating": 5,
    "comment": "Arcus adeo verus campana eius videlicet veritatis vespillo asporto torqueo.",
    "createdAt": "2025-01-25T04:39:53.979Z"
  },
  {
    "productId": "6814d8faa6b79f1523907eac",
    "userId": "6822d06dc08fdfcf24d49403",
    "rating": 5,
    "comment": "Nemo deludo vehemens defungo vix convoco degusto constans virtus argumentum.",
    "createdAt": "2025-01-29T04:39:53.979Z"
  },
  {
    "productId": "6814cf2ef6a78c6dfa308434",
    "userId": "6822d06dc08fdfcf24d49403",
    "rating": 3,
    "comment": "Suscipio sordeo corroboro aedificium testimonium voluptate cilicium arbustum tenax adiuvo.",
    "createdAt": "2025-01-27T04:39:53.979Z"
  },
  {
    "productId": "6814c104ca19a92a5b1d5b6f",
    "userId": "6822d06dc08fdfcf24d49403",
    "rating": 5,
    "comment": "Depono cetera compono velit altus capillus alii carpo sponte acer.",
    "createdAt": "2025-01-25T04:39:53.979Z"
  },
  {
    "productId": "6814c3b3595891202e483a7c",
    "userId": "6822d06bc08fdfcf24d49365",
    "rating": 3,
    "comment": "Ipsam audeo avaritia damno aedificium tenus casus depraedor adimpleo antiquus.",
    "createdAt": "2025-01-26T06:41:08.875Z"
  },
  {
    "productId": "6814d008dac5e44185ec2233",
    "userId": "6822d081c08fdfcf24d4975b",
    "rating": 5,
    "comment": "Beneficium molestias videlicet vulnus venio similique stabilis depopulo abundans demum.",
    "createdAt": "2025-01-24T15:25:54.519Z"
  },
  {
    "productId": "6814c740b44fb7a9e6cbb479",
    "userId": "6822d081c08fdfcf24d4975b",
    "rating": 4,
    "comment": "Autus quidem aegrus advenio aperio creber doloribus demoror amissio corrigo.",
    "createdAt": "2025-01-26T15:25:54.519Z"
  },
  {
    "productId": "6814d886eb6e44f9df4dc005",
    "userId": "6822d081c08fdfcf24d4975b",
    "rating": 1,
    "comment": "Vacuus subnecto cribro thesaurus tergeo derideo adicio vulgo ventosus demitto.",
    "createdAt": "2025-01-24T15:25:54.519Z"
  },
  {
    "productId": "6814cabe1780e5204676cdc6",
    "userId": "6822d081c08fdfcf24d4975b",
    "rating": 4,
    "comment": "Vulnero repellat arbustum amplus usque cresco damnatio cunae pecto arto.",
    "createdAt": "2025-01-24T15:25:54.519Z"
  },
  {
    "productId": "6814bcdd958ad8fcad8c544f",
    "userId": "6822d099c08fdfcf24d49af7",
    "rating": 5,
    "comment": "Angulus doloribus contigo tristis aegrotatio conqueror absorbeo solum tricesimus tutamen.",
    "createdAt": "2025-01-28T22:42:25.424Z"
  },
  {
    "productId": "6814bcdd958ad8fcad8c5433",
    "userId": "6822d09dc08fdfcf24d49bef",
    "rating": 5,
    "comment": "Verecundia combibo vinculum deputo unde terebro commemoro vesica deprimo certe.",
    "createdAt": "2025-01-30T02:34:02.575Z"
  },
  {
    "productId": "6814d886eb6e44f9df4dc011",
    "userId": "6822d07fc08fdfcf24d496cd",
    "rating": 5,
    "comment": "Ustilo templum voluptatum torqueo arma triduana desino totam aeneus vitium.",
    "createdAt": "2025-01-28T05:45:38.400Z"
  },
  {
    "productId": "6814c741b44fb7a9e6cbb4c8",
    "userId": "6822d079c08fdfcf24d49627",
    "rating": 5,
    "comment": "Cicuta utroque vapulus curriculum comprehendo amitto harum dolorem vorax voco.",
    "createdAt": "2025-01-27T08:25:07.961Z"
  },
  {
    "productId": "68149cfe30a898aab1f043c5",
    "userId": "6822d0a7c08fdfcf24d49dd7",
    "rating": 5,
    "comment": "Tendo crapula comedo repudiandae voluptatum defluo adimpleo attero deleniti sollicito.",
    "createdAt": "2025-01-30T08:51:20.193Z"
  },
  {
    "productId": "6814c2ca511161f3045acbd8",
    "userId": "6822d073c08fdfcf24d494c9",
    "rating": 5,
    "comment": "Vesco voluptas venustas veniam vinculum tactus depopulo constans clamo pel.",
    "createdAt": "2025-01-28T09:40:01.558Z"
  },
  {
    "productId": "68149cfe30a898aab1f043b8",
    "userId": "6822d073c08fdfcf24d494c9",
    "rating": 5,
    "comment": "Celer sol modi sed assumenda asper corporis arcesso defendo deduco.",
    "createdAt": "2025-01-27T09:40:01.558Z"
  },
  {
    "productId": "6814c75637cb2b415f50f031",
    "userId": "6822d073c08fdfcf24d494c9",
    "rating": 5,
    "comment": "Aequus comitatus molestias celer repellendus suppono vilis valeo vulnero cariosus.",
    "createdAt": "2025-01-25T09:40:01.558Z"
  },
  {
    "productId": "6814c2ca511161f3045acbe4",
    "userId": "6822d073c08fdfcf24d494c9",
    "rating": 5,
    "comment": "Denuncio utor solus adicio ustilo tenus supra vitiosus baiulus sint.",
    "createdAt": "2025-01-27T09:40:01.558Z"
  },
  {
    "productId": "6814c2cb511161f3045acc48",
    "userId": "6823025a1f98de2bb173e44b",
    "rating": 1,
    "comment": "Admitto saepe altus peior strues maxime abeo sordeo caecus corrupti.",
    "createdAt": "2025-01-27T11:44:05.134Z"
  },
  {
    "productId": "68149cfe30a898aab1f043d1",
    "userId": "6822d092c08fdfcf24d49a21",
    "rating": 2,
    "comment": "Aggredior concedo cuppedia subnecto ademptio aliqua casso timor cunae vomica.",
    "createdAt": "2025-01-30T17:55:07.300Z"
  },
  {
    "productId": "6814d007dac5e44185ec2223",
    "userId": "6822d09bc08fdfcf24d49b87",
    "rating": 5,
    "comment": "Sodalitas beatus cresco similique sodalitas temporibus cibo aggero curvo comis.",
    "createdAt": "2025-01-28T19:12:35.161Z"
  },
  {
    "productId": "6814dafe48198c3c05074c24",
    "userId": "6822d07fc08fdfcf24d496d9",
    "rating": 5,
    "comment": "Doloremque sumptus averto claustrum beneficium occaecati aer tabgo cibus voveo.",
    "createdAt": "2025-01-29T00:34:13.078Z"
  },
  {
    "productId": "6814d8faa6b79f1523907e9d",
    "userId": "6822d09bc08fdfcf24d49b95",
    "rating": 5,
    "comment": "Succedo decerno terebro cupiditas veritatis virga utroque armarium alienus tempore.",
    "createdAt": "2025-01-29T01:11:34.838Z"
  },
  {
    "productId": "6814d886eb6e44f9df4dc011",
    "userId": "6822d074c08fdfcf24d49513",
    "rating": 1,
    "comment": "Administratio venio correptius demens pariatur recusandae cruciamentum laudantium laudantium quia.",
    "createdAt": "2025-01-27T03:35:22.552Z"
  },
  {
    "productId": "6814c1b4ba01e3aab8f3f3a8",
    "userId": "6822d092c08fdfcf24d49a21",
    "rating": 3,
    "comment": "Solus aspicio vobis minus apto volubilis decor thermae alius virgo.",
    "createdAt": "2025-01-26T04:26:24.350Z"
  },
  {
    "productId": "6814c2ca511161f3045acc24",
    "userId": "6822d08bc08fdfcf24d498ed",
    "rating": 3,
    "comment": "Attero ver vinco vitium crepusculum audentia speculum careo amissio ab.",
    "createdAt": "2025-01-26T10:37:03.200Z"
  },
  {
    "productId": "6814d245995813a18f27d932",
    "userId": "6822d08bc08fdfcf24d498ed",
    "rating": 5,
    "comment": "Sordeo vilicus varius nesciunt demoror teres certe bestia utor fugiat.",
    "createdAt": "2025-01-26T10:37:03.200Z"
  },
  {
    "productId": "6814c75737cb2b415f50f057",
    "userId": "6822d08bc08fdfcf24d498ed",
    "rating": 3,
    "comment": "Beatus avaritia dicta decumbo dolore consectetur totam tumultus pecto adsum.",
    "createdAt": "2025-01-27T10:37:03.200Z"
  },
  {
    "productId": "6814c75637cb2b415f50f031",
    "userId": "6822d08bc08fdfcf24d498ed",
    "rating": 5,
    "comment": "Tres cupiditate conservo vomica curvo aro aperiam vivo cupressus conturbo.",
    "createdAt": "2025-01-26T10:37:03.200Z"
  },
  {
    "productId": "6814bcdd958ad8fcad8c541f",
    "userId": "6822d094c08fdfcf24d49a91",
    "rating": 5,
    "comment": "Arbor curo caveo cupiditate ubi terreo derideo dapifer ter demonstro.",
    "createdAt": "2025-01-31T22:49:47.743Z"
  },
  {
    "productId": "68149cfd30a898aab1f043a1",
    "userId": "6822d06dc08fdfcf24d49407",
    "rating": 5,
    "comment": "Vox adhaero vitae in ocer depono depraedor subiungo carpo sulum.",
    "createdAt": "2025-02-01T10:31:22.650Z"
  },
  {
    "productId": "6814cf2ef6a78c6dfa30843e",
    "userId": "6822d06dc08fdfcf24d49407",
    "rating": 5,
    "comment": "Demitto apparatus tracto basium apparatus thymbra desidero causa suasoria ventus.",
    "createdAt": "2025-01-30T10:31:22.650Z"
  },
  {
    "productId": "6814ccc358f78c505fea9655",
    "userId": "6822d09dc08fdfcf24d49bdd",
    "rating": 5,
    "comment": "Compono abundans torqueo causa tredecim cuppedia tristis vito capto demergo.",
    "createdAt": "2025-02-02T12:11:19.598Z"
  },
  {
    "productId": "6814d886eb6e44f9df4dc000",
    "userId": "6822d083c08fdfcf24d497d3",
    "rating": 5,
    "comment": "Absum caecus depraedor canonicus cattus unus victoria provident caries reiciendis.",
    "createdAt": "2025-02-02T00:24:29.824Z"
  },
  {
    "productId": "6814c2ca511161f3045acc14",
    "userId": "6822d075c08fdfcf24d49527",
    "rating": 1,
    "comment": "Amplexus confugo sumo valde color versus utique deserunt molestiae veritatis.",
    "createdAt": "2025-02-03T00:43:26.450Z"
  },
  {
    "productId": "6814d007dac5e44185ec221d",
    "userId": "6823025b1f98de2bb173e47b",
    "rating": 5,
    "comment": "Ulciscor terebro pectus aveho sursum amet dignissimos capillus ullus neque.",
    "createdAt": "2025-02-03T04:24:16.287Z"
  },
  {
    "productId": "6814c2ca511161f3045acc14",
    "userId": "6822d080c08fdfcf24d49707",
    "rating": 1,
    "comment": "Conventus pecus alienus auctor infit deprecator aeger damnatio torrens tero.",
    "createdAt": "2025-01-31T09:09:04.831Z"
  },
  {
    "productId": "6814c03933cd17d446b063d4",
    "userId": "6822d09bc08fdfcf24d49b67",
    "rating": 5,
    "comment": "Somnus territo vestigium valeo tergo beatus succurro adfectus toties ademptio.",
    "createdAt": "2025-02-01T14:25:13.285Z"
  },
  {
    "productId": "6814d519d4982e02496b64c8",
    "userId": "6822d088c08fdfcf24d4981f",
    "rating": 5,
    "comment": "Vereor occaecati studio umbra rem sufficio illo minus denuncio adipisci.",
    "createdAt": "2025-02-02T15:38:09.645Z"
  },
  {
    "productId": "6814ccc358f78c505fea964b",
    "userId": "6822d06dc08fdfcf24d493ed",
    "rating": 3,
    "comment": "Vox deinde minima suscipit magni delibero vapulus delibero coniecto venia.",
    "createdAt": "2025-02-01T19:59:31.416Z"
  },
  {
    "productId": "68149cfd30a898aab1f0439b",
    "userId": "6822d06cc08fdfcf24d493b5",
    "rating": 5,
    "comment": "Nemo cubicularis hic crepusculum corrupti vulpes sulum spiculum deserunt ipsum.",
    "createdAt": "2025-02-02T02:06:46.960Z"
  },
  {
    "productId": "6814c1b4ba01e3aab8f3f386",
    "userId": "6822d08cc08fdfcf24d49925",
    "rating": 5,
    "comment": "Comis ipsam summa perspiciatis urbanus venustas acer ut sumptus adamo.",
    "createdAt": "2025-01-31T03:17:46.170Z"
  },
  {
    "productId": "6814d31019ffed8d9ec6b55a",
    "userId": "6822d068c08fdfcf24d492b7",
    "rating": 3,
    "comment": "Tum vicissitudo conor caries tertius tolero labore cultura curo suffoco.",
    "createdAt": "2025-02-04T04:05:30.251Z"
  },
  {
    "productId": "6814c3b2595891202e483a54",
    "userId": "6822d068c08fdfcf24d492b7",
    "rating": 5,
    "comment": "Turpis inflammatio stillicidium advoco sunt deputo deputo catena eveniet soleo.",
    "createdAt": "2025-02-03T04:05:30.251Z"
  },
  {
    "productId": "6814d31019ffed8d9ec6b55a",
    "userId": "6822d073c08fdfcf24d494d9",
    "rating": 5,
    "comment": "Beneficium triduana temptatio vulgus autem clibanus talus decor amicitia enim.",
    "createdAt": "2025-01-30T06:23:18.819Z"
  },
  {
    "productId": "6814a1931c10fee4a5286d69",
    "userId": "6823025b1f98de2bb173e46b",
    "rating": 5,
    "comment": "Altus sustineo vetus cunae chirographum via suscipio suadeo cubitum conduco.",
    "createdAt": "2025-02-03T12:27:47.147Z"
  },
  {
    "productId": "6814dafe48198c3c05074c24",
    "userId": "6822d088c08fdfcf24d4984d",
    "rating": 5,
    "comment": "Corrumpo cubo provident curtus unus demonstro cuppedia baiulus creo capio.",
    "createdAt": "2025-01-31T16:07:52.195Z"
  },
  {
    "productId": "6814c741b44fb7a9e6cbb4c8",
    "userId": "6822d089c08fdfcf24d49891",
    "rating": 5,
    "comment": "Usitas arceo decor sed cauda abbas spiritus cibus vomer cavus.",
    "createdAt": "2025-02-01T20:13:50.281Z"
  },
  {
    "productId": "6814c75637cb2b415f50f039",
    "userId": "6822d077c08fdfcf24d495c5",
    "rating": 5,
    "comment": "Triduana vitae supra coniecto ulciscor synagoga cui decimus vorago ceno.",
    "createdAt": "2025-02-01T22:39:41.376Z"
  },
  {
    "productId": "6814d3abbcd9b504d290b066",
    "userId": "6822d074c08fdfcf24d49507",
    "rating": 5,
    "comment": "Pel ultra magnam subseco ulterius ratione itaque tristis tabula cursus.",
    "createdAt": "2025-01-31T23:45:56.143Z"
  },
  {
    "productId": "6814d886eb6e44f9df4dbfef",
    "userId": "6822d075c08fdfcf24d4954d",
    "rating": 1,
    "comment": "Ipsum omnis constans ea cicuta vesco curriculum contigo cenaculum tergum.",
    "createdAt": "2025-01-31T00:54:35.707Z"
  },
  {
    "productId": "6814c1b5ba01e3aab8f3f3e8",
    "userId": "6822d081c08fdfcf24d4974d",
    "rating": 5,
    "comment": "Carus beneficium suppono tutamen uxor ancilla comitatus thorax eius temperantia.",
    "createdAt": "2025-02-04T10:17:48.160Z"
  },
  {
    "productId": "6814c3b3595891202e483ab0",
    "userId": "6822d081c08fdfcf24d4974d",
    "rating": 5,
    "comment": "Caveo vicissitudo cognomen cariosus aequitas xiphias curto temptatio tenetur conservo.",
    "createdAt": "2025-01-31T10:17:48.160Z"
  },
  {
    "productId": "6814bf396172128284c9bef4",
    "userId": "6822d081c08fdfcf24d4974d",
    "rating": 4,
    "comment": "Contigo distinctio autem veritatis aspicio sumo celebrer eveniet tego ulterius.",
    "createdAt": "2025-01-31T10:17:48.160Z"
  },
  {
    "productId": "6814cabe1780e5204676cdf7",
    "userId": "6822d081c08fdfcf24d4974d",
    "rating": 2,
    "comment": "Terga valens provident magni quidem error derideo thema dolores dicta.",
    "createdAt": "2025-02-04T10:17:48.160Z"
  },
  {
    "productId": "6814c03933cd17d446b063cc",
    "userId": "6822d078c08fdfcf24d495e5",
    "rating": 3,
    "comment": "Tristis deripio paens colligo degero causa placeat amo cerno comminor.",
    "createdAt": "2025-02-01T10:44:06.602Z"
  },
  {
    "productId": "6814d246995813a18f27d94b",
    "userId": "6822d081c08fdfcf24d49743",
    "rating": 5,
    "comment": "Tergum utroque admiratio defaeco utroque venio bis cohibeo civis patruus.",
    "createdAt": "2025-02-02T14:00:54.212Z"
  },
  {
    "productId": "6814a81835053cb1544dd115",
    "userId": "6823025b1f98de2bb173e47f",
    "rating": 5,
    "comment": "Claudeo peccatus vito voveo suffragium vinum aveho urbanus eveniet necessitatibus.",
    "createdAt": "2025-02-02T17:05:47.270Z"
  },
  {
    "productId": "6814be17a67388b7fa2b03ac",
    "userId": "6822d082c08fdfcf24d49783",
    "rating": 5,
    "comment": "Voluntarius absum suppellex termes voluptatem canto auditor constans advenio beneficium.",
    "createdAt": "2025-02-01T17:26:50.931Z"
  },
  {
    "productId": "6814ccc358f78c505fea9662",
    "userId": "6822d082c08fdfcf24d49783",
    "rating": 4,
    "comment": "Arto addo adamo aestus vinculum adipisci arx cura suasoria aggredior.",
    "createdAt": "2025-02-03T17:26:50.931Z"
  },
  {
    "productId": "6814d3abbcd9b504d290b06d",
    "userId": "6822d082c08fdfcf24d49783",
    "rating": 5,
    "comment": "Tyrannus quo caste vulariter vere desidero autus venustas utor debitis.",
    "createdAt": "2025-01-31T17:26:50.931Z"
  },
  {
    "productId": "6814d886eb6e44f9df4dbffa",
    "userId": "6822d082c08fdfcf24d49783",
    "rating": 2,
    "comment": "Suscipit virgo somnus subnecto amaritudo aegre degenero absque accedo abutor.",
    "createdAt": "2025-01-31T17:26:50.931Z"
  },
  {
    "productId": "6814d31019ffed8d9ec6b569",
    "userId": "6822d06bc08fdfcf24d49379",
    "rating": 1,
    "comment": "Caste sapiente demergo amplexus ater defendo summopere abeo tenus carbo.",
    "createdAt": "2025-02-04T17:30:12.542Z"
  },
  {
    "productId": "6814d30f19ffed8d9ec6b53c",
    "userId": "6822d0a7c08fdfcf24d49dc1",
    "rating": 2,
    "comment": "Provident defaeco arca turba dolor verbum timor demens crux nobis.",
    "createdAt": "2025-02-04T19:49:55.056Z"
  },
  {
    "productId": "6814c3b3595891202e483a60",
    "userId": "6822d08ac08fdfcf24d49897",
    "rating": 5,
    "comment": "Coadunatio curatio canis adstringo vito alter ulciscor nam caute vespillo.",
    "createdAt": "2025-01-31T20:09:57.739Z"
  },
  {
    "productId": "6814d008dac5e44185ec2247",
    "userId": "6822d072c08fdfcf24d49483",
    "rating": 5,
    "comment": "Agnosco sumo curto tardus contego attonbitus acquiro assumenda victoria alioqui.",
    "createdAt": "2025-02-05T20:48:13.383Z"
  },
  {
    "productId": "6814c2ca511161f3045acbe4",
    "userId": "6822d072c08fdfcf24d49483",
    "rating": 3,
    "comment": "Conspergo capillus calcar vulnus vitium deduco damno atavus deripio demum.",
    "createdAt": "2025-02-04T20:48:13.383Z"
  },
  {
    "productId": "6814be17a67388b7fa2b037c",
    "userId": "6822d06dc08fdfcf24d49401",
    "rating": 5,
    "comment": "Depulso crudelis articulus decens curiositas vulpes eaque verbera decerno considero.",
    "createdAt": "2025-02-04T22:42:29.408Z"
  },
  {
    "productId": "6814bf386172128284c9beaa",
    "userId": "6822d06dc08fdfcf24d49401",
    "rating": 5,
    "comment": "Tam dens defungo subnecto antea pecco demitto cilicium via fuga.",
    "createdAt": "2025-01-31T22:42:29.408Z"
  },
  {
    "productId": "6814bf396172128284c9bf0c",
    "userId": "6822d06dc08fdfcf24d49401",
    "rating": 2,
    "comment": "Tero sum aggredior accusator copia provident magnam commemoro supellex denuncio.",
    "createdAt": "2025-01-31T22:42:29.408Z"
  },
  {
    "productId": "6814ccc358f78c505fea9650",
    "userId": "6822d06dc08fdfcf24d49401",
    "rating": 5,
    "comment": "Ocer soluta bonus conculco armarium aequitas arbor acervus audeo non.",
    "createdAt": "2025-01-31T22:42:29.408Z"
  },
  {
    "productId": "68149cfe30a898aab1f043dd",
    "userId": "6822d068c08fdfcf24d492ad",
    "rating": 5,
    "comment": "Traho angelus cupio corporis currus angustus aduro atque tamquam claustrum.",
    "createdAt": "2025-02-02T07:19:29.474Z"
  },
  {
    "productId": "68149cfe30a898aab1f043ac",
    "userId": "6822d098c08fdfcf24d49aab",
    "rating": 5,
    "comment": "Laborum viridis minus cruentus arcesso adfectus curto sui alioqui sono.",
    "createdAt": "2025-02-03T13:41:36.996Z"
  },
  {
    "productId": "6814d008dac5e44185ec223b",
    "userId": "6822d07ec08fdfcf24d49697",
    "rating": 3,
    "comment": "Pel careo ex cohibeo arguo tergo calcar ager porro valde.",
    "createdAt": "2025-02-05T18:38:13.281Z"
  },
  {
    "productId": "6814d8faa6b79f1523907ed1",
    "userId": "6822d091c08fdfcf24d499f7",
    "rating": 5,
    "comment": "Cilicium vis beatae ulciscor adulatio distinctio vulgo inflammatio adiuvo consectetur.",
    "createdAt": "2025-02-02T18:42:35.655Z"
  },
  {
    "productId": "6814d886eb6e44f9df4dbfef",
    "userId": "6822d080c08fdfcf24d49709",
    "rating": 5,
    "comment": "Tres asper aeternus celebrer conicio auctor tergo adfectus tabella abbas.",
    "createdAt": "2025-02-01T19:49:28.028Z"
  },
  {
    "productId": "6814d49dabc2c4bf4ecaf524",
    "userId": "6823025a1f98de2bb173e449",
    "rating": 3,
    "comment": "Amo deporto administratio ago adipiscor sustineo volo trado arbor volutabrum.",
    "createdAt": "2025-02-04T19:55:58.442Z"
  },
  {
    "productId": "6814bf396172128284c9bf28",
    "userId": "6822d069c08fdfcf24d492ed",
    "rating": 5,
    "comment": "Una adiuvo amplexus totus curvo umerus ars delicate audeo truculenter.",
    "createdAt": "2025-02-03T21:16:18.779Z"
  },
  {
    "productId": "6814d3aabcd9b504d290b01c",
    "userId": "6822d077c08fdfcf24d495b5",
    "rating": 5,
    "comment": "Damnatio sordeo confugo bis despecto vesco tabgo cetera tyrannus placeat.",
    "createdAt": "2025-02-06T22:49:56.437Z"
  },
  {
    "productId": "6814c740b44fb7a9e6cbb471",
    "userId": "6822d07fc08fdfcf24d496c5",
    "rating": 5,
    "comment": "Delinquo facilis tempora pectus attollo vapulus cena apud vitae abduco.",
    "createdAt": "2025-02-04T23:46:03.485Z"
  }
]
