[
  {
    "productId": "6814daff48198c3c05074c57",
    "userId": "6822d07ec08fdfcf24d49697",
    "rating": 5,
    "comment": "Barba accendo magnam sed cogito fugiat volo capio addo color.",
    "createdAt": "2025-06-05T22:14:09.789Z"
  },
  {
    "productId": "6814c3b3595891202e483aa0",
    "userId": "6822d07ec08fdfcf24d49697",
    "rating": 5,
    "comment": "Adopto quae accusator sublime decerno constans creo victus conitor voluptatem.",
    "createdAt": "2025-06-08T22:14:09.789Z"
  },
  {
    "productId": "6814be17a67388b7fa2b03a4",
    "userId": "6822d07ec08fdfcf24d49697",
    "rating": 5,
    "comment": "Viscus cunabula soluta tunc eligendi una quibusdam dolorum somnus acerbitas.",
    "createdAt": "2025-06-06T22:14:09.789Z"
  },
  {
    "productId": "6814bf386172128284c9beaa",
    "userId": "6822d07ec08fdfcf24d49697",
    "rating": 5,
    "comment": "Solutio alter tersus pauci socius vigor sollers subito nostrum amaritudo.",
    "createdAt": "2025-06-09T22:14:09.789Z"
  },
  {
    "productId": "6814bcdd958ad8fcad8c5449",
    "userId": "6822d0a4c08fdfcf24d49d01",
    "rating": 4,
    "comment": "Sublime ex pax cilicium uxor utique demulceo speculum vestigium carbo.",
    "createdAt": "2025-06-07T09:21:13.738Z"
  },
  {
    "productId": "6814c1b4ba01e3aab8f3f3b4",
    "userId": "6823026b1f98de2bb173e6fb",
    "rating": 4,
    "comment": "Ea cultellus et creta succurro tribuo denuo versus commemoro laboriosam.",
    "createdAt": "2025-06-07T13:02:11.589Z"
  },
  {
    "productId": "6814d8faa6b79f1523907ebe",
    "userId": "6822d07dc08fdfcf24d49659",
    "rating": 5,
    "comment": "Thorax cilicium vitiosus absque ducimus atque beneficium cattus virtus congregatio.",
    "createdAt": "2025-06-09T20:49:51.044Z"
  },
  {
    "productId": "6814bcdd958ad8fcad8c5449",
    "userId": "6822d07dc08fdfcf24d49659",
    "rating": 4,
    "comment": "Sui thymbra thymbra pax advoco perferendis aer calculus vigilo depromo.",
    "createdAt": "2025-06-10T20:49:51.044Z"
  },
  {
    "productId": "6814c741b44fb7a9e6cbb4c8",
    "userId": "6822d07dc08fdfcf24d49659",
    "rating": 5,
    "comment": "Textilis sed conspergo vis curo curatio vitiosus tredecim sortitus atavus.",
    "createdAt": "2025-06-10T20:49:51.044Z"
  },
  {
    "productId": "6814d31019ffed8d9ec6b55a",
    "userId": "6822d07dc08fdfcf24d49659",
    "rating": 5,
    "comment": "Minima iure strues sunt succurro sortitus vociferor sponte ustilo suscipio.",
    "createdAt": "2025-06-05T20:49:51.044Z"
  },
  {
    "productId": "6814bcdd958ad8fcad8c546f",
    "userId": "6822d06ac08fdfcf24d4933f",
    "rating": 5,
    "comment": "Velut vomito bos umerus sunt patior conforto ut amo hic.",
    "createdAt": "2025-06-08T00:43:55.702Z"
  },
  {
    "productId": "6814a81935053cb1544dd169",
    "userId": "6822d075c08fdfcf24d49553",
    "rating": 5,
    "comment": "Cunctatio taceo dedecor tabella cuius sursum amo ut adnuo blanditiis.",
    "createdAt": "2025-06-08T01:50:13.209Z"
  },
  {
    "productId": "6814d007dac5e44185ec2216",
    "userId": "682302741f98de2bb173e881",
    "rating": 5,
    "comment": "Veritatis paens commodo ulterius damnatio sint cui adfero numquam iure.",
    "createdAt": "2025-06-07T06:08:14.559Z"
  },
  {
    "productId": "6814af8df38840c4bcc37eac",
    "userId": "6823026a1f98de2bb173e69f",
    "rating": 3,
    "comment": "Degero depono amicitia utrimque autem voluptate vociferor concido arbitro quia.",
    "createdAt": "2025-06-11T07:04:35.600Z"
  },
  {
    "productId": "6814c03933cd17d446b06374",
    "userId": "682302611f98de2bb173e53d",
    "rating": 5,
    "comment": "Aurum ager convoco solum spargo calamitas et vitae appello articulus.",
    "createdAt": "2025-06-11T07:38:41.027Z"
  },
  {
    "productId": "6814c2ca511161f3045acc24",
    "userId": "682302611f98de2bb173e53d",
    "rating": 5,
    "comment": "Beatus denuncio vicinus celebrer ad theologus desparatus terror patior tepidus.",
    "createdAt": "2025-06-09T07:38:41.027Z"
  },
  {
    "productId": "6814d518d4982e02496b6488",
    "userId": "682302611f98de2bb173e53d",
    "rating": 2,
    "comment": "Bibo vos usque minima conor quibusdam ustulo decretum sequi appono.",
    "createdAt": "2025-06-07T07:38:41.027Z"
  },
  {
    "productId": "6814c3b3595891202e483abc",
    "userId": "682302611f98de2bb173e53d",
    "rating": 5,
    "comment": "Triduana maxime contabesco turbo harum circumvenio amplexus combibo ater varietas.",
    "createdAt": "2025-06-10T07:38:41.027Z"
  },
  {
    "productId": "6814d30f19ffed8d9ec6b54e",
    "userId": "682302721f98de2bb173e80f",
    "rating": 2,
    "comment": "Atrocitas ater ustilo cunae decumbo auctus valde occaecati demitto pecus.",
    "createdAt": "2025-06-10T09:38:00.994Z"
  },
  {
    "productId": "6814d519d4982e02496b64cd",
    "userId": "6822d07ec08fdfcf24d49679",
    "rating": 1,
    "comment": "Sursum tamisium suus patrocinor curtus abutor altus agnosco talio ante.",
    "createdAt": "2025-06-07T10:07:30.074Z"
  },
  {
    "productId": "6814d518d4982e02496b649c",
    "userId": "6822d07ec08fdfcf24d49679",
    "rating": 5,
    "comment": "Venustas theatrum casus eos ventito nobis celo astrum non addo.",
    "createdAt": "2025-06-06T10:07:30.074Z"
  },
  {
    "productId": "68149cfd30a898aab1f043a1",
    "userId": "6822d07ec08fdfcf24d49679",
    "rating": 4,
    "comment": "Tabula aliquid ea concido magni pariatur adipiscor vulgivagus harum inventore.",
    "createdAt": "2025-06-10T10:07:30.074Z"
  },
  {
    "productId": "6814be18a67388b7fa2b03bc",
    "userId": "6822d07ec08fdfcf24d49679",
    "rating": 5,
    "comment": "Suppellex benevolentia tamisium solvo sopor capio nam caute audentia cogo.",
    "createdAt": "2025-06-10T10:07:30.074Z"
  },
  {
    "productId": "6814d246995813a18f27d953",
    "userId": "6823026d1f98de2bb173e779",
    "rating": 5,
    "comment": "Toties deficio consequatur defero vulpes adamo amplus constans denuo tametsi.",
    "createdAt": "2025-06-10T16:16:14.036Z"
  },
  {
    "productId": "6814d519d4982e02496b64c8",
    "userId": "6823026c1f98de2bb173e759",
    "rating": 5,
    "comment": "Molestias triduana tempora vulgivagus inflammatio contigo natus balbus commodi vix.",
    "createdAt": "2025-06-08T23:03:28.382Z"
  },
  {
    "productId": "6814d886eb6e44f9df4dc005",
    "userId": "6823026c1f98de2bb173e759",
    "rating": 5,
    "comment": "Carus vacuus amet desparatus valens suscipit templum aestus tumultus vinitor.",
    "createdAt": "2025-06-10T23:03:28.382Z"
  },
  {
    "productId": "6814c75637cb2b415f50f041",
    "userId": "6823026c1f98de2bb173e759",
    "rating": 4,
    "comment": "Defaeco autem circumvenio urbanus vulnus aestivus doloribus certe cupiditas cornu.",
    "createdAt": "2025-06-10T23:03:28.382Z"
  },
  {
    "productId": "6814c741b44fb7a9e6cbb4af",
    "userId": "6823026c1f98de2bb173e759",
    "rating": 4,
    "comment": "Suffoco ea voluptates caritas degero spes suggero atrox velum demulceo.",
    "createdAt": "2025-06-06T23:03:28.382Z"
  },
  {
    "productId": "6814b49adb8e7421d9054837",
    "userId": "6822d091c08fdfcf24d499d5",
    "rating": 3,
    "comment": "Ascit delinquo delibero voco defaeco capillus via temperantia vero appello.",
    "createdAt": "2025-06-09T03:00:49.660Z"
  },
  {
    "productId": "6814c741b44fb7a9e6cbb4c2",
    "userId": "6822d06ac08fdfcf24d49327",
    "rating": 5,
    "comment": "Solio sono suppono tepesco thorax claro paens derideo reprehenderit confido.",
    "createdAt": "2025-06-11T08:45:51.489Z"
  },
  {
    "productId": "6814c03933cd17d446b06384",
    "userId": "6823026a1f98de2bb173e69f",
    "rating": 5,
    "comment": "Arto vacuus at subiungo comis candidus asporto amplexus aranea claro.",
    "createdAt": "2025-06-11T16:42:52.331Z"
  },
  {
    "productId": "6814c75637cb2b415f50f02b",
    "userId": "6823e65759170eb65398fb2a",
    "rating": 5,
    "comment": "Suffoco summisse vomica doloremque civitas sed tenetur caste speculum depereo.",
    "createdAt": "2025-06-11T21:11:31.471Z"
  },
  {
    "productId": "6814c104ca19a92a5b1d5b63",
    "userId": "6822d093c08fdfcf24d49a49",
    "rating": 3,
    "comment": "Temperantia deserunt voluptas caute desipio viridis decerno inventore cultura adficio.",
    "createdAt": "2025-06-12T00:37:38.634Z"
  },
  {
    "productId": "68149cfe30a898aab1f043c5",
    "userId": "6822d0a2c08fdfcf24d49c91",
    "rating": 5,
    "comment": "Triumphus tergeo talis neque auctor vapulus arx tremo contego dolores.",
    "createdAt": "2025-06-11T18:12:05.268Z"
  },
  {
    "productId": "6814d3abbcd9b504d290b03c",
    "userId": "6822d06ac08fdfcf24d4933b",
    "rating": 5,
    "comment": "Avaritia terga acquiro complectus harum deripio demo conculco animadverto delego.",
    "createdAt": "2025-06-13T22:27:00.833Z"
  },
  {
    "productId": "6814af8df38840c4bcc37ec5",
    "userId": "6822d06ac08fdfcf24d4933b",
    "rating": 5,
    "comment": "Usitas supellex consuasor traho clementia patrocinor altus textus torqueo tepesco.",
    "createdAt": "2025-06-13T22:27:00.833Z"
  },
  {
    "productId": "6814d4dbd4982e02496b6356",
    "userId": "6822d069c08fdfcf24d4931d",
    "rating": 1,
    "comment": "Deporto aliqua natus ducimus synagoga celer varius alias non ullus.",
    "createdAt": "2025-06-11T02:05:17.695Z"
  },
  {
    "productId": "6814c2ca511161f3045acc0c",
    "userId": "6822d069c08fdfcf24d4931d",
    "rating": 5,
    "comment": "Curriculum defungo exercitationem spiculum apparatus depono ventosus cur volaticus adflicto.",
    "createdAt": "2025-06-10T02:05:17.695Z"
  },
  {
    "productId": "6814c1b4ba01e3aab8f3f3b4",
    "userId": "6822d069c08fdfcf24d4931d",
    "rating": 5,
    "comment": "Comitatus quas atavus dicta subnecto aurum umquam adsidue ullus coaegresco.",
    "createdAt": "2025-06-09T02:05:17.695Z"
  },
  {
    "productId": "6814c104ca19a92a5b1d5b3b",
    "userId": "6822d069c08fdfcf24d4931d",
    "rating": 5,
    "comment": "Caecus desidero cupiditate absque voluntarius paulatim pecco ea solio calco.",
    "createdAt": "2025-06-11T02:05:17.695Z"
  },
  {
    "productId": "6814c104ca19a92a5b1d5b53",
    "userId": "682302651f98de2bb173e62d",
    "rating": 5,
    "comment": "Magni architecto arma dolorum vacuus tendo caecus verbum turbo earum.",
    "createdAt": "2025-06-13T02:26:42.227Z"
  },
  {
    "productId": "6814d008dac5e44185ec222b",
    "userId": "6822d09cc08fdfcf24d49bbd",
    "rating": 5,
    "comment": "Absque desipio vesica architecto natus sodalitas cena truculenter conicio textilis.",
    "createdAt": "2025-06-14T03:08:00.125Z"
  },
  {
    "productId": "6814d30f19ffed8d9ec6b52f",
    "userId": "6822d092c08fdfcf24d49a1d",
    "rating": 5,
    "comment": "Delicate coerceo succedo doloribus apto tamquam amo umerus constans suus.",
    "createdAt": "2025-06-11T09:06:28.299Z"
  },
  {
    "productId": "6814d4dbd4982e02496b6368",
    "userId": "6822d06ec08fdfcf24d49433",
    "rating": 1,
    "comment": "Corporis defero tabgo demens sonitus provident averto perspiciatis atrox sono.",
    "createdAt": "2025-06-14T12:18:44.350Z"
  },
  {
    "productId": "6814c03a33cd17d446b063db",
    "userId": "6822d098c08fdfcf24d49a9f",
    "rating": 5,
    "comment": "Antiquus votum corona commodi est vetus conventus solitudo aestas cogito.",
    "createdAt": "2025-06-12T13:08:47.431Z"
  },
  {
    "productId": "6814c1b5ba01e3aab8f3f3d8",
    "userId": "6822d098c08fdfcf24d49a9f",
    "rating": 4,
    "comment": "Assentator verbera quidem cervus congregatio sit tersus verus vitium degero.",
    "createdAt": "2025-06-13T13:08:47.431Z"
  },
  {
    "productId": "6814d8faa6b79f1523907ea4",
    "userId": "6822d09cc08fdfcf24d49bb7",
    "rating": 2,
    "comment": "Videlicet quisquam antea terror placeat libero atrox cattus decor corrigo.",
    "createdAt": "2025-06-09T13:36:31.089Z"
  },
  {
    "productId": "6814cf2ef6a78c6dfa308434",
    "userId": "6822d09cc08fdfcf24d49bb7",
    "rating": 4,
    "comment": "Delectus chirographum copiose itaque aranea acceptus ultio thesis alienus nemo.",
    "createdAt": "2025-06-09T13:36:31.089Z"
  },
  {
    "productId": "6814bf386172128284c9bee8",
    "userId": "6822d09cc08fdfcf24d49bb7",
    "rating": 4,
    "comment": "Conduco tener aegrus accusamus vulgivagus aperio centum vinum balbus amet.",
    "createdAt": "2025-06-09T13:36:31.089Z"
  },
  {
    "productId": "6814d4dbd4982e02496b6362",
    "userId": "6822d09cc08fdfcf24d49bb7",
    "rating": 5,
    "comment": "Adficio vomica desidero defungo acies carus molestiae cilicium tertius porro.",
    "createdAt": "2025-06-10T13:36:31.089Z"
  },
  {
    "productId": "6814bf386172128284c9becc",
    "userId": "6822d08bc08fdfcf24d498d5",
    "rating": 5,
    "comment": "Aptus vilis adsum talus ulciscor adhaero credo odio utor tactus.",
    "createdAt": "2025-06-09T14:49:50.644Z"
  },
  {
    "productId": "6814b49adb8e7421d9054837",
    "userId": "6822d08bc08fdfcf24d498d5",
    "rating": 5,
    "comment": "Praesentium tener combibo adulatio desino adduco spero chirographum deduco provident.",
    "createdAt": "2025-06-13T14:49:50.644Z"
  },
  {
    "productId": "6814c830fd4ffab5ca02f720",
    "userId": "6822d08bc08fdfcf24d498d5",
    "rating": 5,
    "comment": "Audacia tabella carpo auctus derelinquo talio depono artificiose concedo amor.",
    "createdAt": "2025-06-13T14:49:50.644Z"
  },
  {
    "productId": "6814b49adb8e7421d9054837",
    "userId": "6822d08bc08fdfcf24d498d5",
    "rating": 4,
    "comment": "Tepidus alius solvo tamquam magni tepesco caveo sufficio conatus confido.",
    "createdAt": "2025-06-10T14:49:50.644Z"
  },
  {
    "productId": "6814af8df38840c4bcc37eb2",
    "userId": "6823026d1f98de2bb173e76b",
    "rating": 5,
    "comment": "Volva viduo temperantia considero vivo velut causa deserunt tendo corporis.",
    "createdAt": "2025-06-12T03:09:07.316Z"
  },
  {
    "productId": "6814c3b2595891202e483a54",
    "userId": "6823e65859170eb65398fb64",
    "rating": 5,
    "comment": "Uter spectaculum clarus cotidie neque vox delibero tyrannus vulnus votum.",
    "createdAt": "2025-06-14T08:43:54.635Z"
  },
  {
    "productId": "6814c1b5ba01e3aab8f3f3d0",
    "userId": "6822d068c08fdfcf24d492d7",
    "rating": 5,
    "comment": "Comburo anser centum adhaero autem aduro tergum tepidus villa deserunt.",
    "createdAt": "2025-06-11T10:39:27.690Z"
  },
  {
    "productId": "6814ccc358f78c505fea9670",
    "userId": "6822d073c08fdfcf24d494a7",
    "rating": 3,
    "comment": "Curvo clamo adstringo rerum volaticus velociter natus stabilis tripudio sperno.",
    "createdAt": "2025-06-10T10:47:02.470Z"
  },
  {
    "productId": "6814d008dac5e44185ec223b",
    "userId": "6822d099c08fdfcf24d49ae9",
    "rating": 5,
    "comment": "Velut eos ciminatio abundans vespillo accusator conicio sed tabella velociter.",
    "createdAt": "2025-06-15T02:51:29.226Z"
  },
  {
    "productId": "6814af8df38840c4bcc37ea6",
    "userId": "6822d080c08fdfcf24d49727",
    "rating": 5,
    "comment": "Alter paulatim terreo dignissimos audeo denuncio possimus tego inflammatio patruus.",
    "createdAt": "2025-06-13T23:27:59.096Z"
  },
  {
    "productId": "6814dafe48198c3c05074c24",
    "userId": "6822d06ac08fdfcf24d4933f",
    "rating": 5,
    "comment": "Carus similique utroque vaco volo acer demitto vigilo ventus audio.",
    "createdAt": "2025-06-15T07:49:54.666Z"
  },
  {
    "productId": "6814a81935053cb1544dd169",
    "userId": "6823026c1f98de2bb173e74d",
    "rating": 5,
    "comment": "Vacuus delibero comptus vito canis appello cupressus confero conspergo animus.",
    "createdAt": "2025-06-12T08:21:39.018Z"
  },
  {
    "productId": "6814bcdd958ad8fcad8c547b",
    "userId": "6822d06bc08fdfcf24d4937d",
    "rating": 5,
    "comment": "Officia amita exercitationem suscipit admitto venia vicissitudo solitudo aeger thema.",
    "createdAt": "2025-06-12T11:06:14.092Z"
  },
  {
    "productId": "6814cf2ef6a78c6dfa308448",
    "userId": "6822d07ec08fdfcf24d496a3",
    "rating": 4,
    "comment": "Appono tolero tendo victus torrens commemoro crinis curatio campana theatrum.",
    "createdAt": "2025-06-12T11:31:37.573Z"
  },
  {
    "productId": "6814d246995813a18f27d968",
    "userId": "6822d09dc08fdfcf24d49be3",
    "rating": 4,
    "comment": "Uterque textor conduco paulatim decipio neque deorsum caries crebro amplus.",
    "createdAt": "2025-06-17T20:16:44.221Z"
  },
  {
    "productId": "6814a81835053cb1544dd143",
    "userId": "6822d09dc08fdfcf24d49be3",
    "rating": 4,
    "comment": "Conor thalassinus arx cilicium altus verus contego omnis summa aliquam.",
    "createdAt": "2025-06-12T20:16:44.221Z"
  },
  {
    "productId": "6814c75637cb2b415f50f039",
    "userId": "6822d09dc08fdfcf24d49be3",
    "rating": 5,
    "comment": "Communis ipsam defaeco maiores incidunt thalassinus fuga perferendis avarus mollitia.",
    "createdAt": "2025-06-13T20:16:44.221Z"
  },
  {
    "productId": "6814a81835053cb1544dd133",
    "userId": "6822d09dc08fdfcf24d49be3",
    "rating": 5,
    "comment": "Culpa maxime error sublime distinctio subseco vitiosus atqui subseco carcer.",
    "createdAt": "2025-06-16T20:16:44.221Z"
  },
  {
    "productId": "6814d4dbd4982e02496b6356",
    "userId": "6822d087c08fdfcf24d4980d",
    "rating": 5,
    "comment": "Natus ultra cruentus decens vobis vindico tui cariosus quisquam aedificium.",
    "createdAt": "2025-06-16T20:18:15.435Z"
  },
  {
    "productId": "68149cfe30a898aab1f043b2",
    "userId": "6822d078c08fdfcf24d49615",
    "rating": 5,
    "comment": "Theca adfero talio defaeco cras alveus utrimque decor magnam antepono.",
    "createdAt": "2025-06-17T23:25:05.514Z"
  },
  {
    "productId": "6814d008dac5e44185ec2247",
    "userId": "6822d08cc08fdfcf24d49951",
    "rating": 5,
    "comment": "Aegrotatio tendo curtus decor rerum uberrime dignissimos tempora corporis abstergo.",
    "createdAt": "2025-06-15T23:26:34.773Z"
  },
  {
    "productId": "68149cfe30a898aab1f043be",
    "userId": "6823025b1f98de2bb173e489",
    "rating": 5,
    "comment": "Substantia sto tardus degusto ter cognomen capto arma tam synagoga.",
    "createdAt": "2025-06-17T11:37:36.798Z"
  },
  {
    "productId": "6814af8ef38840c4bcc37ef0",
    "userId": "68528c16e70abcf6bb2c7ff3",
    "rating": 2,
    "comment": "Natus spes civis verbera accusator vigor utique dolorem suffragium verumtamen.",
    "createdAt": "2025-06-14T12:52:23.093Z"
  },
  {
    "productId": "6814ccc358f78c505fea965c",
    "userId": "6823026d1f98de2bb173e769",
    "rating": 4,
    "comment": "Cunabula stultus defetiscor nihil tres calamitas sum tricesimus sol varietas.",
    "createdAt": "2025-06-16T17:01:14.438Z"
  },
  {
    "productId": "6814c104ca19a92a5b1d5b53",
    "userId": "682302711f98de2bb173e7cb",
    "rating": 3,
    "comment": "Venia undique compono turbo averto solitudo vomica curatio verto synagoga.",
    "createdAt": "2025-06-15T04:25:39.298Z"
  },
  {
    "productId": "6814c1b5ba01e3aab8f3f3d8",
    "userId": "6822d074c08fdfcf24d49501",
    "rating": 5,
    "comment": "Audio sed benigne solio summa acquiro vilis optio doloribus libero.",
    "createdAt": "2025-06-15T04:41:39.058Z"
  },
  {
    "productId": "6814a1941c10fee4a5286d81",
    "userId": "6822d0a5c08fdfcf24d49d31",
    "rating": 4,
    "comment": "Vero stella delego odio tot praesentium quam at valetudo subnecto.",
    "createdAt": "2025-06-18T06:04:25.839Z"
  },
  {
    "productId": "6814c104ca19a92a5b1d5b53",
    "userId": "6822d06bc08fdfcf24d4939b",
    "rating": 4,
    "comment": "Umerus vitae decor tristis auctor tunc succurro certe angustus eum.",
    "createdAt": "2025-06-17T10:18:42.125Z"
  },
  {
    "productId": "6814a81935053cb1544dd169",
    "userId": "6822d069c08fdfcf24d49315",
    "rating": 5,
    "comment": "Rem dolore aureus ab sui tergum porro timidus confugo sordeo.",
    "createdAt": "2025-06-19T10:40:16.853Z"
  },
  {
    "productId": "6814c75637cb2b415f50f031",
    "userId": "6823025c1f98de2bb173e49d",
    "rating": 5,
    "comment": "Animadverto dens arbitro vorax calcar trepide comitatus comes deprecator asper.",
    "createdAt": "2025-06-14T23:10:21.981Z"
  },
  {
    "productId": "6814d3abbcd9b504d290b044",
    "userId": "6822d076c08fdfcf24d495a1",
    "rating": 5,
    "comment": "Addo antepono defero tamen cribro tepesco ars cilicium degero canto.",
    "createdAt": "2025-06-16T10:10:20.053Z"
  },
  {
    "productId": "6814b49adb8e7421d905485e",
    "userId": "6823025c1f98de2bb173e4b7",
    "rating": 5,
    "comment": "Traho omnis coma aro corrupti deduco curis spero ait textor.",
    "createdAt": "2025-06-17T15:10:46.197Z"
  },
  {
    "productId": "6814d49dabc2c4bf4ecaf51e",
    "userId": "6822d0a2c08fdfcf24d49c69",
    "rating": 5,
    "comment": "Chirographum acsi cattus cultura iste creptio carpo chirographum atavus centum.",
    "createdAt": "2025-06-18T23:36:01.704Z"
  },
  {
    "productId": "6814a1931c10fee4a5286d75",
    "userId": "6822d0a2c08fdfcf24d49c69",
    "rating": 5,
    "comment": "Necessitatibus caelum tempore coniecto virgo aegre corporis bonus auctus defetiscor.",
    "createdAt": "2025-06-18T23:36:01.704Z"
  },
  {
    "productId": "6814ccc358f78c505fea964b",
    "userId": "6822d07ec08fdfcf24d49697",
    "rating": 2,
    "comment": "Amissio strenuus celebrer stultus desolo toties nostrum condico creta paulatim.",
    "createdAt": "2025-06-16T04:21:49.791Z"
  },
  {
    "productId": "6814a1931c10fee4a5286d5d",
    "userId": "6822d080c08fdfcf24d4971b",
    "rating": 5,
    "comment": "Vinum vito reprehenderit mollitia vitiosus cedo nulla consequuntur campana colo.",
    "createdAt": "2025-06-19T12:59:22.193Z"
  },
  {
    "productId": "6814bf396172128284c9bef4",
    "userId": "6822d080c08fdfcf24d4971b",
    "rating": 4,
    "comment": "Tui timidus cohaero aliquam sumo bibo tamen aiunt pecus quo.",
    "createdAt": "2025-06-16T12:59:22.193Z"
  },
  {
    "productId": "6814c3b2595891202e483a54",
    "userId": "6822d080c08fdfcf24d4971b",
    "rating": 5,
    "comment": "Cetera unde denego trepide contego utrum deorsum angulus decretum exercitationem.",
    "createdAt": "2025-06-16T12:59:22.193Z"
  },
  {
    "productId": "6814d8faa6b79f1523907e9d",
    "userId": "6822d080c08fdfcf24d4971b",
    "rating": 5,
    "comment": "Vito tandem subvenio synagoga denuo tabula aranea id adinventitias aegrus.",
    "createdAt": "2025-06-21T12:59:22.193Z"
  },
  {
    "productId": "6814af8df38840c4bcc37ec5",
    "userId": "6822d076c08fdfcf24d49563",
    "rating": 5,
    "comment": "Copiose concido tantillus bibo inventore cauda acervus audacia verumtamen suffoco.",
    "createdAt": "2025-06-19T17:07:28.079Z"
  },
  {
    "productId": "6814be17a67388b7fa2b0398",
    "userId": "6823e65a59170eb65398fba2",
    "rating": 4,
    "comment": "Addo uterque eaque neque desidero ipsam veniam coma quae totam.",
    "createdAt": "2025-06-19T00:20:06.139Z"
  },
  {
    "productId": "6814c03933cd17d446b063cc",
    "userId": "682302731f98de2bb173e845",
    "rating": 3,
    "comment": "Adeo tantum caste qui cenaculum corrumpo vehemens adsuesco conor assentator.",
    "createdAt": "2025-06-17T03:42:20.153Z"
  },
  {
    "productId": "6814ccc358f78c505fea965c",
    "userId": "682302711f98de2bb173e7b7",
    "rating": 2,
    "comment": "Decumbo alioqui tener tergum quibusdam administratio facilis casus vigor aro.",
    "createdAt": "2025-06-20T08:33:55.749Z"
  },
  {
    "productId": "6814c75637cb2b415f50f031",
    "userId": "682302711f98de2bb173e7b7",
    "rating": 5,
    "comment": "Copiose sit maxime depromo teres aliquid curo copia usus tutamen.",
    "createdAt": "2025-06-21T08:33:55.749Z"
  },
  {
    "productId": "6814cbfc9ac1ce261961922f",
    "userId": "682302711f98de2bb173e7b7",
    "rating": 4,
    "comment": "Condico aegre turpis ceno eaque absque rerum absens volubilis defleo.",
    "createdAt": "2025-06-22T08:33:55.749Z"
  },
  {
    "productId": "6814c1b5ba01e3aab8f3f3f8",
    "userId": "682302711f98de2bb173e7b7",
    "rating": 4,
    "comment": "Solus calculus turba decor utpote bestia acervus pecus turba calculus.",
    "createdAt": "2025-06-21T08:33:55.749Z"
  },
  {
    "productId": "6814d3abbcd9b504d290b06d",
    "userId": "6822d093c08fdfcf24d49a5b",
    "rating": 5,
    "comment": "Facere collum depromo degero voluptate enim utpote desidero peccatus credo.",
    "createdAt": "2025-06-21T12:41:46.913Z"
  },
  {
    "productId": "6814c104ca19a92a5b1d5b63",
    "userId": "6823025c1f98de2bb173e4c9",
    "rating": 4,
    "comment": "Vitium charisma angelus ocer curvo libero contigo deduco amo venia.",
    "createdAt": "2025-06-19T20:02:07.014Z"
  },
  {
    "productId": "6814bcdd958ad8fcad8c5412",
    "userId": "6822d06bc08fdfcf24d49385",
    "rating": 5,
    "comment": "Adipiscor universe valetudo auctus consuasor conqueror apud tero expedita admiratio.",
    "createdAt": "2025-06-20T21:48:12.184Z"
  },
  {
    "productId": "6814a1941c10fee4a5286d95",
    "userId": "6822d06bc08fdfcf24d49385",
    "rating": 5,
    "comment": "Deripio carbo vilitas vere cado adamo eveniet vociferor ars terebro.",
    "createdAt": "2025-06-18T21:48:12.184Z"
  },
  {
    "productId": "6814bf386172128284c9bed8",
    "userId": "6822d06bc08fdfcf24d49385",
    "rating": 5,
    "comment": "Demitto degero beneficium subito culpa inventore aggero cursim error sol.",
    "createdAt": "2025-06-17T21:48:12.184Z"
  },
  {
    "productId": "6814b49adb8e7421d905483d",
    "userId": "6822d06bc08fdfcf24d49385",
    "rating": 5,
    "comment": "Aestivus vomer adsum in strues vergo communis una copiose totus.",
    "createdAt": "2025-06-21T21:48:12.184Z"
  },
  {
    "productId": "6814bcdd958ad8fcad8c544f",
    "userId": "6822d06dc08fdfcf24d4941f",
    "rating": 5,
    "comment": "Carbo aro vorax considero vito stips claudeo summa armarium apud.",
    "createdAt": "2025-06-19T01:50:11.918Z"
  },
  {
    "productId": "6814c75737cb2b415f50f06b",
    "userId": "6823025a1f98de2bb173e43d",
    "rating": 5,
    "comment": "Ultio vivo arma stipes quasi color natus praesentium spiculum supra.",
    "createdAt": "2025-06-20T03:28:01.347Z"
  },
  {
    "productId": "6814d007dac5e44185ec221d",
    "userId": "6823025a1f98de2bb173e43d",
    "rating": 5,
    "comment": "Dens abeo infit sono terra cito adeptio trans quae calamitas.",
    "createdAt": "2025-06-22T03:28:01.347Z"
  },
  {
    "productId": "6814d518d4982e02496b64a9",
    "userId": "6823025a1f98de2bb173e43d",
    "rating": 5,
    "comment": "Sordeo dolore circumvenio acquiro tabernus cumque appositus cubicularis pectus decerno.",
    "createdAt": "2025-06-21T03:28:01.347Z"
  },
  {
    "productId": "68149cfe30a898aab1f043be",
    "userId": "6823025a1f98de2bb173e43d",
    "rating": 1,
    "comment": "Calculus beatae comitatus ullam amo conduco vacuus capio veniam ocer.",
    "createdAt": "2025-06-19T03:28:01.347Z"
  },
  {
    "productId": "6814af8df38840c4bcc37ebe",
    "userId": "6822d08bc08fdfcf24d498e9",
    "rating": 2,
    "comment": "Sponte explicabo celo talio absque custodia certus odit tubineus subnecto.",
    "createdAt": "2025-06-19T13:32:58.094Z"
  },
  {
    "productId": "6814bcdd958ad8fcad8c5427",
    "userId": "6822d08bc08fdfcf24d498e9",
    "rating": 5,
    "comment": "Theologus acer attollo arma utpote strues spiculum vulgus aestas degusto.",
    "createdAt": "2025-06-19T13:32:58.094Z"
  },
  {
    "productId": "6814d886eb6e44f9df4dbffa",
    "userId": "6822d08bc08fdfcf24d498e9",
    "rating": 5,
    "comment": "Amissio cras volup vomer molestias talio cenaculum aurum provident in.",
    "createdAt": "2025-06-21T13:32:58.094Z"
  },
  {
    "productId": "6814be17a67388b7fa2b03a4",
    "userId": "6822d08bc08fdfcf24d498e9",
    "rating": 5,
    "comment": "Derideo nesciunt cilicium degero voluptas veritas saepe aveho alter dicta.",
    "createdAt": "2025-06-22T13:32:58.094Z"
  },
  {
    "productId": "6814d3abbcd9b504d290b07f",
    "userId": "682302741f98de2bb173e881",
    "rating": 5,
    "comment": "Advenio neque vos voco spargo somniculosus et sortitus perferendis arx.",
    "createdAt": "2025-06-19T20:38:07.697Z"
  },
  {
    "productId": "6814ccc458f78c505fea9692",
    "userId": "6822d076c08fdfcf24d49565",
    "rating": 4,
    "comment": "Animadverto alii absum adopto subnecto ulciscor suspendo patrocinor collum ut.",
    "createdAt": "2025-06-20T03:44:49.216Z"
  },
  {
    "productId": "6814c75637cb2b415f50f039",
    "userId": "6822d06bc08fdfcf24d4936d",
    "rating": 3,
    "comment": "Aggero assumenda utrum spectaculum calcar velit volubilis eos sordeo consuasor.",
    "createdAt": "2025-06-21T12:39:45.078Z"
  },
  {
    "productId": "6814cabe1780e5204676cded",
    "userId": "6822d068c08fdfcf24d492bb",
    "rating": 4,
    "comment": "Necessitatibus vir cunae delinquo auctus avaritia bene derelinquo vel accusamus.",
    "createdAt": "2025-06-19T13:36:52.712Z"
  },
  {
    "productId": "6814c741b44fb7a9e6cbb4c8",
    "userId": "6822d068c08fdfcf24d492bb",
    "rating": 5,
    "comment": "Acer confero cubo caste constans placeat at vox appono quas.",
    "createdAt": "2025-06-23T13:36:52.712Z"
  },
  {
    "productId": "6814cd2505d66cbf2ba763c3",
    "userId": "6822d068c08fdfcf24d492bb",
    "rating": 4,
    "comment": "Vir nisi laborum patior tactus porro ventus tribuo adsum aestus.",
    "createdAt": "2025-06-20T13:36:52.712Z"
  },
  {
    "productId": "6814c03933cd17d446b06346",
    "userId": "6822d068c08fdfcf24d492bb",
    "rating": 5,
    "comment": "Creptio volva curo tabernus reprehenderit compello deorsum ver adficio capillus.",
    "createdAt": "2025-06-24T13:36:52.712Z"
  },
  {
    "productId": "6814c03933cd17d446b06346",
    "userId": "6822d077c08fdfcf24d495bd",
    "rating": 5,
    "comment": "Brevis demum mollitia curis delinquo theologus tres certus alo denuo.",
    "createdAt": "2025-06-23T02:39:27.650Z"
  },
  {
    "productId": "6814c1b5ba01e3aab8f3f3d8",
    "userId": "6822d091c08fdfcf24d499cb",
    "rating": 1,
    "comment": "Thesaurus angustus tamquam suus utilis degero aggredior decens thema angelus.",
    "createdAt": "2025-06-23T03:28:15.664Z"
  },
  {
    "productId": "6814c741b44fb7a9e6cbb4c2",
    "userId": "6822d091c08fdfcf24d499cb",
    "rating": 5,
    "comment": "Caterva ab talus currus dolorum pauper callide accendo allatus coaegresco.",
    "createdAt": "2025-06-20T03:28:15.664Z"
  },
  {
    "productId": "6814d3abbcd9b504d290b075",
    "userId": "6822d091c08fdfcf24d499cb",
    "rating": 4,
    "comment": "Autus contra verumtamen deleo architecto curriculum velut comprehendo maiores pel.",
    "createdAt": "2025-06-24T03:28:15.664Z"
  },
  {
    "productId": "6814be17a67388b7fa2b037c",
    "userId": "6822d091c08fdfcf24d499cb",
    "rating": 5,
    "comment": "Delinquo super rem vulnero decet alo trucido degenero magnam dolore.",
    "createdAt": "2025-06-20T03:28:15.664Z"
  },
  {
    "productId": "6814b49adb8e7421d9054864",
    "userId": "6822d078c08fdfcf24d49621",
    "rating": 5,
    "comment": "Sodalitas audio conicio circumvenio sol illo aeger commodi desino centum.",
    "createdAt": "2025-06-25T17:19:44.127Z"
  },
  {
    "productId": "6814d518d4982e02496b648e",
    "userId": "682302641f98de2bb173e5fb",
    "rating": 3,
    "comment": "In viriliter tunc tollo amiculum terra temeritas tristis ea temperantia.",
    "createdAt": "2025-06-22T19:28:28.325Z"
  },
  {
    "productId": "6814af8df38840c4bcc37eb8",
    "userId": "6822d099c08fdfcf24d49af9",
    "rating": 5,
    "comment": "Adflicto cultellus subvenio corporis accusantium terminatio crux ascit bestia votum.",
    "createdAt": "2025-06-25T00:24:51.106Z"
  },
  {
    "productId": "6814d31019ffed8d9ec6b562",
    "userId": "6822d06bc08fdfcf24d49395",
    "rating": 4,
    "comment": "Astrum vito vigilo cenaculum catena iste coma deorsum templum decimus.",
    "createdAt": "2025-06-21T07:26:52.384Z"
  },
  {
    "productId": "6814c3b3595891202e483a7c",
    "userId": "6822d06bc08fdfcf24d49395",
    "rating": 5,
    "comment": "Terror delibero substantia allatus aggero suffoco volubilis una stipes ultio.",
    "createdAt": "2025-06-23T07:26:52.384Z"
  },
  {
    "productId": "68149cfe30a898aab1f043dd",
    "userId": "6822d06bc08fdfcf24d49395",
    "rating": 3,
    "comment": "Supra abeo maxime curia annus turpis tabella nam statim supplanto.",
    "createdAt": "2025-06-25T07:26:52.384Z"
  },
  {
    "productId": "6814c2ca511161f3045acbc2",
    "userId": "6822d06bc08fdfcf24d49395",
    "rating": 5,
    "comment": "Testimonium iusto sum claro verbera uter conventus colligo quam tego.",
    "createdAt": "2025-06-25T07:26:52.384Z"
  },
  {
    "productId": "6814d8faa6b79f1523907eac",
    "userId": "6822d090c08fdfcf24d4998b",
    "rating": 5,
    "comment": "Tactus dolorum cilicium vinco comes ater derelinquo coepi crur armarium.",
    "createdAt": "2025-06-26T14:39:13.425Z"
  },
  {
    "productId": "6814c740b44fb7a9e6cbb479",
    "userId": "6822d06dc08fdfcf24d4940b",
    "rating": 3,
    "comment": "Depono provident conculco quod suppellex vester bellicus ager depono blanditiis.",
    "createdAt": "2025-06-26T15:53:40.627Z"
  },
  {
    "productId": "6814bf386172128284c9bed8",
    "userId": "6823025b1f98de2bb173e483",
    "rating": 5,
    "comment": "Blanditiis cura adsidue contego timor odit tibi suasoria timor vigor.",
    "createdAt": "2025-06-26T23:51:40.320Z"
  },
  {
    "productId": "6814d30f19ffed8d9ec6b54e",
    "userId": "6823e65959170eb65398fb7e",
    "rating": 5,
    "comment": "Amitto valetudo cruentus doloribus terreo vorax voluptates tot casus subseco.",
    "createdAt": "2025-06-27T02:55:20.885Z"
  },
  {
    "productId": "6814d3abbcd9b504d290b05c",
    "userId": "6823e65659170eb65398fb11",
    "rating": 5,
    "comment": "Tabella vesco cumque textilis vulgo spiritus atque adiuvo eius admoveo.",
    "createdAt": "2025-06-23T08:42:38.917Z"
  },
  {
    "productId": "6814d3abbcd9b504d290b066",
    "userId": "6823e65659170eb65398fb11",
    "rating": 5,
    "comment": "Molestiae spectaculum aegrus talio ascit clibanus quibusdam trepide vulpes solio.",
    "createdAt": "2025-06-24T08:42:38.917Z"
  },
  {
    "productId": "6814bf386172128284c9beaa",
    "userId": "682302711f98de2bb173e7a5",
    "rating": 3,
    "comment": "Denuo theatrum iure curvo recusandae angelus nisi assentator desidero desparatus.",
    "createdAt": "2025-06-26T12:04:21.600Z"
  },
  {
    "productId": "6814c740b44fb7a9e6cbb479",
    "userId": "6823026b1f98de2bb173e6e5",
    "rating": 4,
    "comment": "Virga amplus summopere subnecto adiuvo cur decipio deripio vel doloribus.",
    "createdAt": "2025-06-22T14:25:10.575Z"
  },
  {
    "productId": "68149cfe30a898aab1f043c5",
    "userId": "6822d0a6c08fdfcf24d49d97",
    "rating": 5,
    "comment": "Urbanus suasoria tergeo molestiae conduco valde concedo sumo acceptus adiuvo.",
    "createdAt": "2025-06-26T17:47:42.300Z"
  },
  {
    "productId": "6814c103ca19a92a5b1d5af1",
    "userId": "6822d08cc08fdfcf24d49949",
    "rating": 5,
    "comment": "Spiculum charisma tubineus incidunt quidem patruus curvo cernuus balbus officiis.",
    "createdAt": "2025-06-22T21:55:43.604Z"
  },
  {
    "productId": "6814ccc358f78c505fea964b",
    "userId": "6822d07dc08fdfcf24d4962b",
    "rating": 4,
    "comment": "Terebro aspernatur creber talio tondeo aut adfectus ars cursim usitas.",
    "createdAt": "2025-06-27T22:05:38.140Z"
  },
  {
    "productId": "6814c103ca19a92a5b1d5b07",
    "userId": "6822d090c08fdfcf24d49979",
    "rating": 5,
    "comment": "Concedo vere calculus theatrum valens in comptus villa voluptatem tener.",
    "createdAt": "2025-06-24T01:03:06.336Z"
  },
  {
    "productId": "6814c104ca19a92a5b1d5b1f",
    "userId": "6822d07dc08fdfcf24d49665",
    "rating": 5,
    "comment": "Stillicidium vito ventito cetera necessitatibus adulatio culpa civitas attollo civis.",
    "createdAt": "2025-06-27T05:58:03.269Z"
  },
  {
    "productId": "6814bf396172128284c9bf1c",
    "userId": "6823025c1f98de2bb173e4cb",
    "rating": 5,
    "comment": "Ustulo comburo sophismata adnuo laborum fugiat adinventitias repellendus desipio ubi.",
    "createdAt": "2025-06-28T09:22:14.082Z"
  },
  {
    "productId": "6814a1941c10fee4a5286da8",
    "userId": "6822d080c08fdfcf24d4970f",
    "rating": 3,
    "comment": "Cometes claro conscendo esse infit vociferor tam caries uxor adipisci.",
    "createdAt": "2025-06-24T06:40:35.972Z"
  },
  {
    "productId": "6814dafe48198c3c05074c24",
    "userId": "6823025c1f98de2bb173e4d3",
    "rating": 5,
    "comment": "Nam theatrum statua adiuvo spargo triumphus tempore comis utilis veritatis.",
    "createdAt": "2025-06-28T08:08:57.595Z"
  },
  {
    "productId": "6814d4dbd4982e02496b635c",
    "userId": "6823025c1f98de2bb173e4d3",
    "rating": 3,
    "comment": "Conor tergiversatio vesper allatus omnis cultellus cibus tempus averto solutio.",
    "createdAt": "2025-06-24T08:08:57.595Z"
  },
  {
    "productId": "6814a1941c10fee4a5286da8",
    "userId": "6823025c1f98de2bb173e4d3",
    "rating": 5,
    "comment": "Attollo versus denego ademptio accusator thermae cubitum dolore avaritia antiquus.",
    "createdAt": "2025-06-24T08:08:57.595Z"
  },
  {
    "productId": "6814c741b44fb7a9e6cbb4af",
    "userId": "6823025c1f98de2bb173e4d3",
    "rating": 5,
    "comment": "Numquam cibus assentator vulpes teneo defaeco amissio celebrer patior defleo.",
    "createdAt": "2025-06-24T08:08:57.595Z"
  },
  {
    "productId": "6814bcdd958ad8fcad8c544f",
    "userId": "6823026b1f98de2bb173e707",
    "rating": 5,
    "comment": "Statim condico aspicio valetudo territo uter desino molestias vulnero cunabula.",
    "createdAt": "2025-06-24T15:41:03.269Z"
  },
  {
    "productId": "6814c03933cd17d446b063d4",
    "userId": "682302721f98de2bb173e7f3",
    "rating": 2,
    "comment": "Sumptus caste curis atrox corroboro vereor averto delicate utilis spoliatio.",
    "createdAt": "2025-06-28T16:57:05.248Z"
  },
  {
    "productId": "6814c2ca511161f3045acbc2",
    "userId": "682302721f98de2bb173e7f3",
    "rating": 1,
    "comment": "Alias commodi conscendo bonus debilito advoco tum voluptatem usus unus.",
    "createdAt": "2025-06-28T16:57:05.248Z"
  },
  {
    "productId": "6814bf386172128284c9bed8",
    "userId": "682302721f98de2bb173e7f3",
    "rating": 5,
    "comment": "Desparatus canis taedium illum velociter suscipio corpus celer ancilla arx.",
    "createdAt": "2025-06-26T16:57:05.248Z"
  },
  {
    "productId": "6814a81835053cb1544dd115",
    "userId": "682302721f98de2bb173e7f3",
    "rating": 5,
    "comment": "Laudantium amplexus decimus comparo cruciamentum id quia pariatur aro absconditus.",
    "createdAt": "2025-06-28T16:57:05.248Z"
  },
  {
    "productId": "6814d31019ffed8d9ec6b569",
    "userId": "6822d06bc08fdfcf24d49399",
    "rating": 5,
    "comment": "Cruciamentum certus cur est reprehenderit vero stultus tutis aureus tabgo.",
    "createdAt": "2025-06-26T17:47:40.550Z"
  },
  {
    "productId": "6814d008dac5e44185ec2247",
    "userId": "6822d09ac08fdfcf24d49b49",
    "rating": 4,
    "comment": "Stips cito carbo subnecto absum decor cupio audio votum auctor.",
    "createdAt": "2025-06-26T01:05:21.142Z"
  },
  {
    "productId": "6814d008dac5e44185ec222b",
    "userId": "6822d09ac08fdfcf24d49b27",
    "rating": 5,
    "comment": "Currus attero appono bardus nostrum utpote tenetur accendo conforto rerum.",
    "createdAt": "2025-06-26T13:49:19.515Z"
  },
  {
    "productId": "6814d4dbd4982e02496b6350",
    "userId": "6822d09ac08fdfcf24d49b27",
    "rating": 3,
    "comment": "Amor valeo angelus verbum administratio conatus tot terebro peior minus.",
    "createdAt": "2025-06-27T13:49:19.515Z"
  },
  {
    "productId": "6814af8ef38840c4bcc37edc",
    "userId": "6822d09ac08fdfcf24d49b27",
    "rating": 3,
    "comment": "Decretum tamdiu una voluptates ambulo esse molestiae tamquam nihil adfectus.",
    "createdAt": "2025-06-26T13:49:19.515Z"
  },
  {
    "productId": "6814c103ca19a92a5b1d5b07",
    "userId": "6822d09ac08fdfcf24d49b27",
    "rating": 3,
    "comment": "Harum triumphus constans substantia argumentum decimus solus repellendus decet adnuo.",
    "createdAt": "2025-06-26T13:49:19.515Z"
  },
  {
    "productId": "6814c03933cd17d446b06368",
    "userId": "68528c16e70abcf6bb2c7ff7",
    "rating": 5,
    "comment": "Illum sono succurro causa termes suppono vinculum comptus voco creo.",
    "createdAt": "2025-06-26T17:51:52.150Z"
  },
  {
    "productId": "68149cfe30a898aab1f043d1",
    "userId": "68528c16e70abcf6bb2c7ff7",
    "rating": 4,
    "comment": "Strenuus debitis approbo dignissimos spargo angustus vulnero casus ipsum communis.",
    "createdAt": "2025-06-28T17:51:52.150Z"
  },
  {
    "productId": "6814c104ca19a92a5b1d5b7f",
    "userId": "68528c16e70abcf6bb2c7ff7",
    "rating": 5,
    "comment": "Synagoga ubi dolores accommodo paulatim caute excepturi concedo cometes timor.",
    "createdAt": "2025-06-26T17:51:52.150Z"
  },
  {
    "productId": "6814c03933cd17d446b063d4",
    "userId": "68528c16e70abcf6bb2c7ff7",
    "rating": 5,
    "comment": "Confero capillus utrum alii decet voluptatibus celebrer pecto caute carus.",
    "createdAt": "2025-06-30T17:51:52.150Z"
  },
  {
    "productId": "6814d886eb6e44f9df4dbfef",
    "userId": "6823026a1f98de2bb173e6a3",
    "rating": 5,
    "comment": "Vester sonitus pauper depromo dignissimos audentia delectatio nam vere coerceo.",
    "createdAt": "2025-07-02T00:36:12.339Z"
  },
  {
    "productId": "6814daff48198c3c05074c4d",
    "userId": "6822d0a1c08fdfcf24d49c51",
    "rating": 5,
    "comment": "Strues aetas veritas ago pecto aestus tribuo decerno denuncio eos.",
    "createdAt": "2025-06-29T12:11:26.679Z"
  },
  {
    "productId": "6814c03933cd17d446b06346",
    "userId": "6822d0a1c08fdfcf24d49c51",
    "rating": 1,
    "comment": "Ubi correptius venio synagoga victus libero conor demum verbum acsi.",
    "createdAt": "2025-07-02T12:11:26.679Z"
  },
  {
    "productId": "6814be17a67388b7fa2b035a",
    "userId": "6822d088c08fdfcf24d49829",
    "rating": 3,
    "comment": "Incidunt spiculum contabesco clibanus atavus aurum comedo utilis voveo amo.",
    "createdAt": "2025-07-03T20:24:54.636Z"
  },
  {
    "productId": "6814cabe1780e5204676cddc",
    "userId": "6823e65859170eb65398fb5c",
    "rating": 5,
    "comment": "Dolorum aliqua cinis tempora tempora caelum alter tantum apparatus vulpes.",
    "createdAt": "2025-07-01T03:37:48.564Z"
  },
  {
    "productId": "6814c741b44fb7a9e6cbb4c8",
    "userId": "6822d06ec08fdfcf24d49421",
    "rating": 3,
    "comment": "Denuo caelestis caute deduco derideo minima corrigo auditor autem demulceo.",
    "createdAt": "2025-07-01T03:38:09.154Z"
  },
  {
    "productId": "6814bf396172128284c9bf28",
    "userId": "6822d0a5c08fdfcf24d49d3d",
    "rating": 5,
    "comment": "Atque aptus solutio capillus atavus tripudio confugo copia absum demonstro.",
    "createdAt": "2025-06-30T06:11:26.845Z"
  },
  {
    "productId": "6814c2ca511161f3045acc0c",
    "userId": "6822d09dc08fdfcf24d49c15",
    "rating": 5,
    "comment": "Demum vorago nostrum deinde videlicet acer catena voluptates vulticulus caries.",
    "createdAt": "2025-07-04T13:27:54.592Z"
  },
  {
    "productId": "6814d3abbcd9b504d290b050",
    "userId": "6822d09bc08fdfcf24d49b73",
    "rating": 5,
    "comment": "Tergiversatio trucido arx velut ademptio aestus reprehenderit totidem perferendis argentum.",
    "createdAt": "2025-07-04T22:08:15.380Z"
  },
  {
    "productId": "6814c3b3595891202e483aa0",
    "userId": "6822d08bc08fdfcf24d498fb",
    "rating": 3,
    "comment": "Vigilo turba cribro aegre esse laboriosam officiis voluptatum curto allatus.",
    "createdAt": "2025-07-06T04:58:46.709Z"
  },
  {
    "productId": "6814c75737cb2b415f50f06b",
    "userId": "6823026d1f98de2bb173e76f",
    "rating": 5,
    "comment": "Considero tantillus arguo allatus caput exercitationem degenero odit callide tabernus.",
    "createdAt": "2025-07-01T10:35:20.503Z"
  },
  {
    "productId": "6814c03933cd17d446b063cc",
    "userId": "6822d09dc08fdfcf24d49bfb",
    "rating": 5,
    "comment": "Blandior caput vestrum careo atqui qui doloribus tricesimus deludo excepturi.",
    "createdAt": "2025-07-01T11:30:33.806Z"
  },
  {
    "productId": "6814b49adb8e7421d9054830",
    "userId": "682302631f98de2bb173e5bf",
    "rating": 2,
    "comment": "Valeo curo molestiae amita tandem facilis decretum stella corrigo tabgo.",
    "createdAt": "2025-07-01T17:19:54.978Z"
  },
  {
    "productId": "6814a81835053cb1544dd115",
    "userId": "682302631f98de2bb173e5bf",
    "rating": 5,
    "comment": "Alii delego aperte atque accommodo iure despecto tollo totidem desparatus.",
    "createdAt": "2025-07-06T17:19:54.978Z"
  },
  {
    "productId": "6814d3abbcd9b504d290b050",
    "userId": "682302631f98de2bb173e5bf",
    "rating": 5,
    "comment": "In bene stillicidium tego tristis confido coruscus vaco impedit vulpes.",
    "createdAt": "2025-07-01T17:19:54.978Z"
  },
  {
    "productId": "6814c75637cb2b415f50f02b",
    "userId": "682302631f98de2bb173e5bf",
    "rating": 5,
    "comment": "Causa armarium cervus sumptus arbitro vomer cogito desolo valeo delego.",
    "createdAt": "2025-07-03T17:19:54.978Z"
  },
  {
    "productId": "6814d3abbcd9b504d290b06d",
    "userId": "6822d090c08fdfcf24d499a1",
    "rating": 5,
    "comment": "Fugit spectaculum urbs vetus cauda verto adstringo cursus vehemens suadeo.",
    "createdAt": "2025-07-04T07:24:09.363Z"
  },
  {
    "productId": "6814c104ca19a92a5b1d5b77",
    "userId": "6822d07ec08fdfcf24d4966d",
    "rating": 2,
    "comment": "Tepidus cribro veniam usque cultellus vereor veritatis angustus aperiam deprecator.",
    "createdAt": "2025-07-06T09:06:29.588Z"
  },
  {
    "productId": "68149cfe30a898aab1f043d1",
    "userId": "6822d080c08fdfcf24d49723",
    "rating": 5,
    "comment": "Tactus impedit ceno sed tabula amaritudo curvo summa deripio ubi.",
    "createdAt": "2025-07-04T11:58:30.185Z"
  },
  {
    "productId": "6814af8df38840c4bcc37eb8",
    "userId": "6822d0a1c08fdfcf24d49c4f",
    "rating": 5,
    "comment": "Decens verbum vulgo ago suffragium accusamus alveus altus artificiose credo.",
    "createdAt": "2025-07-04T15:54:19.201Z"
  }
]
