[
  {
    "title": "Sonno M Mattress",
    "product_category_id": "6814cb65dac58a3300ef9473",
    "description": "\n            <div class=\"collapse-body pdp-summary-group-body\">\n                \n<div class=\"row\">\n    <div class=\"pdp-summary-group-col-1 col-12 col-lg-5\">\n\n        \n        \n\n        \n        \n            <div class=\"mb-3\">\n                To design our Sonno Mattress, we worked with a family-run Italian company that’s been studying the science of sleep for 55 years. In that time, its design team has perfected their ability to transform the highest-quality Italian materials into the highest-quality sleep experience. Every component of a Sonno has a benefit – there’s no meaningless fluff – and every mattress is certified STANDARD 100 by OEKO-TEX, which means you can be certain that every part of it has been tested for harmful substances. Even the way Sonno ships is revolutionary, thanks to an innovative “bed in a box” method that brings end-user and environmental benefits to the entire transportation process. It ships rolled in a compact tube for easy handling and quickly expands to full thickness. Backed by a 100-Night Sleep Trial and a 10-year limited warranty. Made in Italy.\n            </div>\n        \n\n        \n        \n            <ul class=\"bulleted mb-3\">\n                \n                    <li>\n                        Sonno M: Memory foam and support foam construction.\n                    </li>\n                \n                    <li>\n                        Standard 8\" or Alto 11\" height.\n                    </li>\n                \n                    <li>\n                        All-white cover (not removable).\n                    </li>\n                \n                    <li>\n                        Firm or soft density.\n                    </li>\n                \n                    <li>\n                        Ships rolled and vacuum-sealed in a compact box.\n                    </li>\n                \n                    <li>\n                        Try Sonno risk-free for up to 100 nights, and a minimum of 30. One trial per household annually.\n                    </li>\n                \n            </ul>\n                                \n\n        \n        \n            <div>\n                Eco-Friendly Description: STANDARD 100 by OEKO-TEX. Products that carry the STANDARD 100 by OEKO-TEX® label have been independently tested for harmful substances according to strict scientific criteria that go beyond global legal regulations. For more information, visit oeko-tex.com. Upholstery textiles certified STANDARD 100 by OEKO-TEX® may contain added flame retardant chemicals\n            </div>\n        \n    </div>\n\n    <div class=\"pdp-summary-group-col-2 col-12 col-lg-5 offset-lg-1\">\n        <div class=\"table table-content summary-table\">\n            \n                \n                \n                    <dl>\n                        <dt>\n                            Brand\n                        </dt>\n                        <dd>\n                            <a href=\"/brands-design-within-reach?lang=en_US\">Design Within Reach</a>\n                        </dd>\n                    </dl>\n                \n            \n            \n            \n            \n                <dl>\n                    <dt>\n                        Collection\n                    </dt>\n                    <dd>\n                        <a href=\"/collection-sonno-mattress?lang=en_US\">Sonno Mattress Collection</a>\n                    </dd>\n                </dl>\n            \n\n            \n            \n                <dl>\n                    <dt>\n                        General Dimensions\n                    </dt>\n                    <dd>\n                        <ul class=\"unstyled summary-pdp-dimensions-list\">\n                            \n                                <li>\n                                    8\" H 60¼\" W 80\" L\n                                </li>\n                            \n                        </ul>\n                    </dd>\n                </dl>\n            \n\n            \n            \n\n            \n            \n\n            \n            <dl>\n                <dt>\n                    Assembly\n                </dt>\n                <dd>\n                    \n                        Comes fully assembled\n                    \n                </dd>\n            </dl>\n\n            \n            <dl>\n                <dt>\n                    Warranty\n                </dt>\n                <dd>\n                    \n                        10-year warranty<br>Terms and conditions apply. <a href=\"https://www.dwr.com/warranty.html\" target=\"_blank\">Learn more</a>\n                    \n                </dd>\n            </dl>\n\n            \n            \n                <dl>\n                    <dt>\n                        Lifestyle\n                    </dt>\n                    <dd>\n                        <ul class=\"pdp-summary-group-lifestyle unstyled\">\n                            \n                                <li>\n                                    \n\n\n\n<svg role=\"img\" class=\"icon icon-check-dark icon-check-dark-dims \" viewBox=\"0 0 11 9\">\n<title>check-dark</title>\n\n<path fill-rule=\"evenodd\" clip-rule=\"evenodd\" d=\"M10.819 1.818L4.182 8.455.546 4.818l1.273-1.272 2.363 2.363L9.546.546l1.273 1.272z\" fill=\"#242222\"></path></svg>\n\n\n                                    <span>Eco-friendly</span>\n                                </li>\n                            \n                            \n                        </ul>\n                    </dd>\n                </dl>\n            \n\n            \n            \n\n            \n            \n        </div>\n    </div>\n</div>\n            </div>\n        ",
    "listSize": [
      {
        "size": "Twin",
        "price": 33670000,
        "stock": 62
      },
      {
        "size": "Full",
        "price": 44070000,
        "stock": 91
      },
      {
        "size": "Queen",
        "price": 53170000,
        "stock": 75
      },
      {
        "size": "King",
        "price": 62270000,
        "stock": 78
      }
    ],
    "discountPercentage": 15,
    "thumbnail": "https://images.hermanmiller.group/m/7d4cb341efaa6452/W-DWR_2516559_100148292_white_a.png?trim=auto&trim-sd=1&blend-mode=darken&blend=f0f0f0&bg=f0f0f0&auto=format&w=90&h=auto&fit=fill",
    "images": [
      "https://images.hermanmiller.group/m/7d4cb341efaa6452/W-DWR_2516559_100148292_white_a.png?trim=auto&trim-sd=1&blend-mode=darken&blend=f0f0f0&bg=f0f0f0&auto=format&w=800&h=auto&fit=fill",
      "https://images.hermanmiller.group/m/a31e97b019848f0f/W-DWR_2516559_100148292_white_d1.png?trim=auto&trim-sd=1&blend-mode=darken&blend=f0f0f0&bg=f0f0f0&auto=format&w=800&h=auto&fit=fill",
      "https://images.hermanmiller.group/m/bb034b9ac3e4dc9b/W-DWR_2516559_100148292_white_d2.png?trim=auto&trim-sd=1&blend-mode=darken&blend=f0f0f0&bg=f0f0f0&auto=format&w=800&h=auto&fit=fill",
      "https://images.hermanmiller.group/m/4d038221b76e422f/W-DWR_Sonno_Cutout_M-tif.png?trim=auto&trim-sd=1&blend-mode=darken&blend=f0f0f0&bg=f0f0f0&auto=format&w=800&h=auto&fit=fill",
      "https://images.hermanmiller.group/m/ddd975f73bf64aef/W-DWR_2516561_100148286_white_d1.png?trim=auto&trim-sd=1&bg=f0f0f0&auto=format&w=800&h=auto&fit=fill",
      "https://images.hermanmiller.group/m/8549250ae041f68d/W-DWR_2516560_100148296_brown_b.png?trim=auto&trim-sd=1&bg=f0f0f0&auto=format&w=800&h=auto&fit=fill",
      "https://images.hermanmiller.group/m/a494a9f89092a85c/W-DWR_2516560_100148296_brown_a.png?trim=auto&trim-sd=1&bg=f0f0f0&auto=format&w=800&h=auto&fit=fill",
      "https://images.hermanmiller.group/m/bc2274f223eb81ba/W-DWR_2516559_100148290_white_v1_gif_011.png?trim=auto&trim-sd=1&bg=f0f0f0&auto=format&w=800&h=auto&fit=fill",
      "https://images.hermanmiller.group/m/dc8b4704fad330e4/W-DWR_2516559_100148292_white_v1_001.png?trim=auto&trim-sd=1&bg=f0f0f0&auto=format&w=800&h=auto&fit=fill",
      "https://images.hermanmiller.group/m/8e0a07c183d609f0/W-DWR_2516559_100148290_white_v1_001.png?trim=auto&trim-sd=1&bg=f0f0f0&auto=format&w=800&h=auto&fit=fill"
    ]
  },
  {
    "title": "Sonno MG Mattress",
    "product_category_id": "6814cb65dac58a3300ef9473",
    "description": "\n            <div class=\"collapse-body pdp-summary-group-body\">\n                \n<div class=\"row\">\n    <div class=\"pdp-summary-group-col-1 col-12 col-lg-5\">\n\n        \n        \n\n        \n        \n            <div class=\"mb-3\">\n                To design our Sonno Mattress, we worked with a family-run Italian company that’s been studying the science of sleep for 55 years. In that time, its design team has perfected their ability to transform the highest-quality Italian materials into the highest-quality sleep experience. Every component of a Sonno has a benefit – there’s no meaningless fluff – and every mattress is certified STANDARD 100 by OEKO-TEX, which means you can be certain that every part of it has been tested for harmful substances. Even the way Sonno ships is revolutionary, thanks to an innovative “bed in a box” method that brings end-user and environmental benefits to the entire transportation process. It ships rolled in a compact tube for easy handling and quickly expands to full thickness. Backed by a 100-Night Sleep Trial and a 10-year limited warranty. Made in Italy.\n            </div>\n        \n\n        \n        \n            <ul class=\"bulleted mb-3\">\n                \n                    <li>\n                        Sonno MG: Memory foam, support foam, and gel aerated foam for heat dissipation.\n                    </li>\n                \n                    <li>\n                        Standard 8.5\" or Alto 11.5\" height.\n                    </li>\n                \n                    <li>\n                        White and grey removable cover with 0.5\" memory foam quilting.\n                    </li>\n                \n                    <li>\n                        Firm or soft density.\n                    </li>\n                \n                    <li>\n                        Ships rolled and vacuum-sealed in a compact box.\n                    </li>\n                \n                    <li>\n                        Try Sonno risk-free for up to 100 nights, and a minimum of 30. One trial per household annually.\n                    </li>\n                \n            </ul>\n                                \n\n        \n        \n            <div>\n                Eco-Friendly Description: STANDARD 100 by OEKO-TEX. Products that carry the STANDARD 100 by OEKO-TEX® label have been independently tested for harmful substances according to strict scientific criteria that go beyond global legal regulations. For more information, visit oeko-tex.com. Upholstery textiles certified STANDARD 100 by OEKO-TEX® may contain added flame retardant chemicals\n            </div>\n        \n    </div>\n\n    <div class=\"pdp-summary-group-col-2 col-12 col-lg-5 offset-lg-1\">\n        <div class=\"table table-content summary-table\">\n            \n                \n                \n                    <dl>\n                        <dt>\n                            Brand\n                        </dt>\n                        <dd>\n                            <a href=\"/brands-design-within-reach?lang=en_US\">Design Within Reach</a>\n                        </dd>\n                    </dl>\n                \n            \n            \n            \n            \n                <dl>\n                    <dt>\n                        Collection\n                    </dt>\n                    <dd>\n                        <a href=\"/collection-sonno-mattress?lang=en_US\">Sonno Mattress Collection</a>\n                    </dd>\n                </dl>\n            \n\n            \n            \n                <dl>\n                    <dt>\n                        General Dimensions\n                    </dt>\n                    <dd>\n                        <ul class=\"unstyled summary-pdp-dimensions-list\">\n                            \n                                <li>\n                                    8½\" H 72⅛\" W 83⅞\" L\n                                </li>\n                            \n                        </ul>\n                    </dd>\n                </dl>\n            \n\n            \n            \n\n            \n            \n\n            \n            <dl>\n                <dt>\n                    Assembly\n                </dt>\n                <dd>\n                    \n                        Comes fully assembled\n                    \n                </dd>\n            </dl>\n\n            \n            <dl>\n                <dt>\n                    Warranty\n                </dt>\n                <dd>\n                    \n                        10-year warranty<br>Terms and conditions apply. <a href=\"https://www.dwr.com/warranty.html\" target=\"_blank\">Learn more</a>\n                    \n                </dd>\n            </dl>\n\n            \n            \n                <dl>\n                    <dt>\n                        Lifestyle\n                    </dt>\n                    <dd>\n                        <ul class=\"pdp-summary-group-lifestyle unstyled\">\n                            \n                                <li>\n                                    \n\n\n\n<svg role=\"img\" class=\"icon icon-check-dark icon-check-dark-dims \" viewBox=\"0 0 11 9\">\n<title>check-dark</title>\n\n<path fill-rule=\"evenodd\" clip-rule=\"evenodd\" d=\"M10.819 1.818L4.182 8.455.546 4.818l1.273-1.272 2.363 2.363L9.546.546l1.273 1.272z\" fill=\"#242222\"></path></svg>\n\n\n                                    <span>Eco-friendly</span>\n                                </li>\n                            \n                            \n                        </ul>\n                    </dd>\n                </dl>\n            \n\n            \n            \n\n            \n            \n        </div>\n    </div>\n</div>\n            </div>\n        ",
    "listSize": [
      {
        "size": "Full",
        "price": 57070000,
        "stock": 82
      },
      {
        "size": "Queen",
        "price": 67470000,
        "stock": 85
      },
      {
        "size": "King",
        "price": 80470000,
        "stock": 84
      },
      {
        "size": "California King",
        "price": 80470000,
        "stock": 63
      }
    ],
    "discountPercentage": 29,
    "thumbnail": "https://images.hermanmiller.group/m/44b8a7b800992f6c/W-DWR_2516560_100148298_white_a.png?trim=auto&trim-sd=1&blend-mode=darken&blend=f0f0f0&bg=f0f0f0&auto=format&w=90&h=auto&fit=fill",
    "images": [
      "https://images.hermanmiller.group/m/44b8a7b800992f6c/W-DWR_2516560_100148298_white_a.png?trim=auto&trim-sd=1&blend-mode=darken&blend=f0f0f0&bg=f0f0f0&auto=format&w=800&h=auto&fit=fill",
      "https://images.hermanmiller.group/m/5d1e299d9683ce39/W-DWR_Sonno_Cutout_MG_d1-tif.png?trim=auto&trim-sd=1&blend-mode=darken&blend=f0f0f0&bg=f0f0f0&auto=format&w=800&h=auto&fit=fill",
      "https://images.hermanmiller.group/m/5f79a59b1baf7ca0/W-DWR_2516560_100148298_white_d2.png?trim=auto&trim-sd=1&blend-mode=darken&blend=f0f0f0&bg=f0f0f0&auto=format&w=800&h=auto&fit=fill",
      "https://images.hermanmiller.group/m/48513489c177c8fc/W-DWR_2516560_100148298_white_d1.png?trim=auto&trim-sd=1&blend-mode=darken&blend=f0f0f0&bg=f0f0f0&auto=format&w=800&h=auto&fit=fill",
      "https://images.hermanmiller.group/m/3feeffa404c508ca/W-DWR_2555752_100379808_sonno_mg_white_v1_001.png?trim=auto&trim-sd=1&bg=f0f0f0&auto=format&w=800&h=auto&fit=fill",
      "https://images.hermanmiller.group/m/4c58264b67b7ad4f/W-DWR_2516560_100148299_white_v2_001.png?trim=auto&trim-sd=1&bg=f0f0f0&auto=format&w=800&h=auto&fit=fill",
      "https://images.hermanmiller.group/m/0833400bdfa430d4/W-DWR_2516560_100148299_white_v1_001.png?trim=auto&trim-sd=1&bg=f0f0f0&auto=format&w=800&h=auto&fit=fill",
      "https://images.hermanmiller.group/m/5aaf2a92c90644ff/W-DWR_2516561_100148285_white_v3_001.png?trim=auto&trim-sd=1&bg=f0f0f0&auto=format&w=800&h=auto&fit=fill",
      "https://images.hermanmiller.group/m/1667becf16c16c55/W-DWR_2516560_100148298_white_v5_001.png?trim=auto&trim-sd=1&bg=f0f0f0&auto=format&w=800&h=auto&fit=fill",
      "https://images.hermanmiller.group/m/e9db82efc6a3306f/W-DWR_2516560_100148298_white_v3_001.png?trim=auto&trim-sd=1&bg=f0f0f0&auto=format&w=800&h=auto&fit=fill",
      "https://images.hermanmiller.group/m/ddd975f73bf64aef/W-DWR_2516561_100148286_white_d1.png?trim=auto&trim-sd=1&bg=f0f0f0&auto=format&w=800&h=auto&fit=fill",
      "https://images.hermanmiller.group/m/8acca73db4fd85aa/W-DWR_2516560_100148298_white_d4.png?trim=auto&trim-sd=1&bg=f0f0f0&auto=format&w=800&h=auto&fit=fill",
      "https://images.hermanmiller.group/m/8549250ae041f68d/W-DWR_2516560_100148296_brown_b.png?trim=auto&trim-sd=1&bg=f0f0f0&auto=format&w=800&h=auto&fit=fill",
      "https://images.hermanmiller.group/m/a494a9f89092a85c/W-DWR_2516560_100148296_brown_a.png?trim=auto&trim-sd=1&bg=f0f0f0&auto=format&w=800&h=auto&fit=fill"
    ]
  },
  {
    "title": "Sonno MGV Mattress",
    "product_category_id": "6814cb65dac58a3300ef9473",
    "description": "\n            <div class=\"collapse-body pdp-summary-group-body\">\n                \n<div class=\"row\">\n    <div class=\"pdp-summary-group-col-1 col-12 col-lg-5\">\n\n        \n        \n\n        \n        \n            <div class=\"mb-3\">\n                To design our Sonno Mattress, we worked with a family-run Italian company that’s been studying the science of sleep for 55 years. In that time, its design team has perfected their ability to transform the highest-quality Italian materials into the highest-quality sleep experience. Every component of a Sonno has a benefit – there’s no meaningless fluff – and every mattress is certified STANDARD 100 by OEKO-TEX, which means you can be certain that every part of it has been tested for harmful substances. Even the way Sonno ships is revolutionary, thanks to an innovative “bed in a box” method that brings end-user and environmental benefits to the entire transportation process. It ships rolled in a compact tube for easy handling and quickly expands to full thickness. Backed by a 100-Night Sleep Trial and a 10-year limited warranty. Made in Italy.\n            </div>\n        \n\n        \n        \n            <ul class=\"bulleted mb-3\">\n                \n                    <li>\n                        Sonno MGV: Memory foam, support foam, and gel aerated foam for heat dissipation.\n                    </li>\n                \n                    <li>\n                        Dual-core design for couples with individual sleep needs.\n                    </li>\n                \n                    <li>\n                        Standard 9\" or Alto 12\" height.\n                    </li>\n                \n                    <li>\n                        All-grey removable cover with 1\" memory foam quilting.\n                    </li>\n                \n                    <li>\n                        Ships rolled and vacuum-sealed in a compact box.\n                    </li>\n                \n                    <li>\n                        Try Sonno risk-free for up to 100 nights, and a minimum of 30. One trial per household annually.\n                    </li>\n                \n            </ul>\n                                \n\n        \n        \n            <div>\n                Eco-Friendly Description: STANDARD 100 by OEKO-TEX. Products that carry the STANDARD 100 by OEKO-TEX® label have been independently tested for harmful substances according to strict scientific criteria that go beyond global legal regulations. For more information, visit oeko-tex.com. Upholstery textiles certified STANDARD 100 by OEKO-TEX® may contain added flame retardant chemicals\n            </div>\n        \n    </div>\n\n    <div class=\"pdp-summary-group-col-2 col-12 col-lg-5 offset-lg-1\">\n        <div class=\"table table-content summary-table\">\n            \n                \n                \n                    <dl>\n                        <dt>\n                            Brand\n                        </dt>\n                        <dd>\n                            <a href=\"/brands-design-within-reach?lang=en_US\">Design Within Reach</a>\n                        </dd>\n                    </dl>\n                \n            \n            \n            \n            \n                <dl>\n                    <dt>\n                        Collection\n                    </dt>\n                    <dd>\n                        <a href=\"/collection-sonno-mattress?lang=en_US\">Sonno Mattress Collection</a>\n                    </dd>\n                </dl>\n            \n\n            \n            \n                <dl>\n                    <dt>\n                        General Dimensions\n                    </dt>\n                    <dd>\n                        <ul class=\"unstyled summary-pdp-dimensions-list\">\n                            \n                                <li>\n                                    9\" H 76\" W 80\" L\n                                </li>\n                            \n                        </ul>\n                    </dd>\n                </dl>\n            \n\n            \n            \n\n            \n            \n\n            \n            <dl>\n                <dt>\n                    Assembly\n                </dt>\n                <dd>\n                    \n                        Comes fully assembled\n                    \n                </dd>\n            </dl>\n\n            \n            <dl>\n                <dt>\n                    Warranty\n                </dt>\n                <dd>\n                    \n                        10-year warranty<br>Terms and conditions apply. <a href=\"https://www.dwr.com/warranty.html\" target=\"_blank\">Learn more</a>\n                    \n                </dd>\n            </dl>\n\n            \n            \n                <dl>\n                    <dt>\n                        Lifestyle\n                    </dt>\n                    <dd>\n                        <ul class=\"pdp-summary-group-lifestyle unstyled\">\n                            \n                                <li>\n                                    \n\n\n\n<svg role=\"img\" class=\"icon icon-check-dark icon-check-dark-dims \" viewBox=\"0 0 11 9\">\n<title>check-dark</title>\n\n<path fill-rule=\"evenodd\" clip-rule=\"evenodd\" d=\"M10.819 1.818L4.182 8.455.546 4.818l1.273-1.272 2.363 2.363L9.546.546l1.273 1.272z\" fill=\"#242222\"></path></svg>\n\n\n                                    <span>Eco-friendly</span>\n                                </li>\n                            \n                            \n                        </ul>\n                    </dd>\n                </dl>\n            \n\n            \n            \n\n            \n            \n        </div>\n    </div>\n</div>\n            </div>\n        ",
    "listSize": [
      {
        "size": "Queen",
        "price": 80470000,
        "stock": 83
      },
      {
        "size": "King",
        "price": 97370000,
        "stock": 55
      },
      {
        "size": "California King",
        "price": 103870000,
        "stock": 98
      }
    ],
    "discountPercentage": 13,
    "thumbnail": "https://images.hermanmiller.group/m/86b02f244ee379bf/W-DWR_2516561_100148285_white_a.png?trim=auto&trim-sd=1&blend-mode=darken&blend=f0f0f0&bg=f0f0f0&auto=format&w=90&h=auto&fit=fill",
    "images": [
      "https://images.hermanmiller.group/m/86b02f244ee379bf/W-DWR_2516561_100148285_white_a.png?trim=auto&trim-sd=1&blend-mode=darken&blend=f0f0f0&bg=f0f0f0&auto=format&w=800&h=auto&fit=fill",
      "https://images.hermanmiller.group/m/56e25fefe9102daf/W-DWR_Sonno_Cutout_MGV-tif.png?trim=auto&trim-sd=1&bg=f0f0f0&auto=format&w=800&h=auto&fit=fill",
      "https://images.hermanmiller.group/m/5aaf2a92c90644ff/W-DWR_2516561_100148285_white_v3_001.png?trim=auto&trim-sd=1&bg=f0f0f0&auto=format&w=800&h=auto&fit=fill",
      "https://images.hermanmiller.group/m/4f3234b49208cdf7/W-DWR_2516561_100148285_white_v2_001.png?trim=auto&trim-sd=1&bg=f0f0f0&auto=format&w=800&h=auto&fit=fill",
      "https://images.hermanmiller.group/m/89cc4daf49e23ec4/W-DWR_2516561_100148285_white_d3.png?trim=auto&trim-sd=1&bg=f0f0f0&auto=format&w=800&h=auto&fit=fill",
      "https://images.hermanmiller.group/m/b2a2064d4788d8ee/W-DWR_2516561_100148285_white_d2.png?trim=auto&trim-sd=1&bg=f0f0f0&auto=format&w=800&h=auto&fit=fill",
      "https://images.hermanmiller.group/m/e690fd0305b26eac/W-DWR_2516561_100148285_white_d1.png?trim=auto&trim-sd=1&bg=f0f0f0&auto=format&w=800&h=auto&fit=fill",
      "https://images.hermanmiller.group/m/8549250ae041f68d/W-DWR_2516560_100148296_brown_b.png?trim=auto&trim-sd=1&bg=f0f0f0&auto=format&w=800&h=auto&fit=fill",
      "https://images.hermanmiller.group/m/a494a9f89092a85c/W-DWR_2516560_100148296_brown_a.png?trim=auto&trim-sd=1&bg=f0f0f0&auto=format&w=800&h=auto&fit=fill"
    ]
  },
  {
    "title": "DWR Pillow Insert",
    "product_category_id": "6814cb65dac58a3300ef9473",
    "description": "\n            <div class=\"collapse-body pdp-summary-group-body\">\n                \n<div class=\"row\">\n    <div class=\"pdp-summary-group-col-1 col-12 col-lg-5\">\n\n        \n        \n\n        \n        \n            <div class=\"mb-3\">\n                Our DWR Pillow Insert (2016) is manufactured to provide lightness, warmth, comfort, and luxury. A dense cotton shell  is finished with knife-edge cording for a crisp touch. For the down insert, workers meticulously select the fluffiest down clusters and straightest quills, which are then washed 12 times before insertion to a fill power of 550. The down-alternative full/queen-size insert gets 28.5 ounces of hypoallergenic fill, the king-size 37 ounces. Dry-clean only. Made in China.\n            </div>\n        \n\n        \n        \n            <ul class=\"bulleted mb-3\">\n                \n                    <li>\n                        HIgh-quality down or down-alternative.\n                    </li>\n                \n                    <li>\n                        Dense cotton shell to tightly contain fill.\n                    </li>\n                \n                    <li>\n                        Knife-edge cording for a crisp finish.\n                    </li>\n                \n            </ul>\n                                \n\n        \n        \n    </div>\n\n    <div class=\"pdp-summary-group-col-2 col-12 col-lg-5 offset-lg-1\">\n        <div class=\"table table-content summary-table\">\n            \n                \n                \n                    <dl>\n                        <dt>\n                            Brand\n                        </dt>\n                        <dd>\n                            <a href=\"/brands-design-within-reach?lang=en_US\">Design Within Reach</a>\n                        </dd>\n                    </dl>\n                \n            \n            \n            \n            \n\n            \n            \n                <dl>\n                    <dt>\n                        General Dimensions\n                    </dt>\n                    <dd>\n                        <ul class=\"unstyled summary-pdp-dimensions-list\">\n                            \n                                <li>\n                                    20\" W 36\" D\n                                </li>\n                            \n                        </ul>\n                    </dd>\n                </dl>\n            \n\n            \n            \n\n            \n            \n\n            \n            <dl>\n                <dt>\n                    Assembly\n                </dt>\n                <dd>\n                    \n                        Comes fully assembled\n                    \n                </dd>\n            </dl>\n\n            \n            <dl>\n                <dt>\n                    Warranty\n                </dt>\n                <dd>\n                    \n                        1-year warranty<br>Terms and conditions apply. <a href=\"https://www.dwr.com/warranty.html\" target=\"_blank\">Learn more</a>\n                    \n                </dd>\n            </dl>\n\n            \n            \n\n            \n            \n\n            \n            \n        </div>\n    </div>\n</div>\n            </div>\n        ",
    "listSize": [
      {
        "size": "King\n                                            \n\n\n\n\ndisable-danger",
        "price": 4940000,
        "stock": 75
      }
    ],
    "discountPercentage": 16,
    "thumbnail": "https://images.hermanmiller.group/m/5cbd2893049584e1/W-DWR_8107_10003786_king_f.png?trim=auto&trim-sd=1&blend-mode=darken&blend=f0f0f0&bg=f0f0f0&auto=format&w=90&h=auto&fit=fill",
    "images": [
      "https://images.hermanmiller.group/m/5cbd2893049584e1/W-DWR_8107_10003786_king_f.png?trim=auto&trim-sd=1&blend-mode=darken&blend=f0f0f0&bg=f0f0f0&auto=format&w=800&h=auto&fit=fill",
      "https://images.hermanmiller.group/m/4f3234b49208cdf7/W-DWR_2516561_100148285_white_v2_001.png?trim=auto&trim-sd=1&bg=f0f0f0&auto=format&w=800&h=auto&fit=fill"
    ]
  }
]
