[
  {
    "title": "Lilo Pool Float",
    "product_category_id": "6814d400317d4948c7f2eac2",
    "description": "\n            <div class=\"collapse-body pdp-summary-group-body\">\n                \n<div class=\"row\">\n    <div class=\"pdp-summary-group-col-1 col-12 col-lg-5\">\n\n        \n        \n\n        \n        \n            <div class=\"mb-3\">\n                Style doesn’t stop at the pool deck. Bring it into the water with the Lilo Pool Float (2024). Covered in a tear-proof, UV- and fade-resistant fabric in eye-catching colors exclusive to DWR, it’s suitable for all types of water and cushioned for endless relaxation. The float’s flush-mounted valves are protected but easily accessible – and the included pump will inflate or deflate the ring within 80 seconds. Plus, its easy-to-grip handle makes it a breeze to carry around. Every element has been considered, so all you need to do is step in and… float. Made in Thailand.\n            </div>\n        \n\n        \n        \n            <ul class=\"bulleted mb-3\">\n                \n                    <li>\n                        UV- and fade-resistant fabric is suitable for salt or chlorine water.\n                    </li>\n                \n                    <li>\n                        An ergonomic handle makes it easy to carry.\n                    </li>\n                \n                    <li>\n                        Flush-mounted valves are protected but easily accessible.\n                    </li>\n                \n                    <li>\n                        The provided pump inflates or deflates the float within 80 seconds.\n                    </li>\n                \n                    <li>\n                        Internal Y beam structure maintains shape and durability.\n                    </li>\n                \n                    <li>\n                        Includes an adhesive patch for seamless repairs.\n                    </li>\n                \n            </ul>\n                                \n\n        \n        \n    </div>\n\n    <div class=\"pdp-summary-group-col-2 col-12 col-lg-5 offset-lg-1\">\n        <div class=\"table table-content summary-table\">\n            \n                \n                \n                    <dl>\n                        <dt>\n                            Brand\n                        </dt>\n                        <dd>\n                            <a href=\"/brands-oliver-james-lilos?lang=en_US\">Oliver James Lilos</a>\n                        </dd>\n                    </dl>\n                \n            \n            \n            \n            \n                <dl>\n                    <dt>\n                        Collection\n                    </dt>\n                    <dd>\n                        <a href=\"/collection-oliver-james-lilos-pool-float?lang=en_US\">Oliver James Lilos Pool Float Collection</a>\n                    </dd>\n                </dl>\n            \n\n            \n            \n                <dl>\n                    <dt>\n                        General Dimensions\n                    </dt>\n                    <dd>\n                        <ul class=\"unstyled summary-pdp-dimensions-list\">\n                            \n                                <li>\n                                    21⅜\" H 33⅛\" W 63\" D\n                                </li>\n                            \n                        </ul>\n                    </dd>\n                </dl>\n            \n\n            \n            \n\n            \n            \n                <dl>\n                    <dt>\n                        Product Weight\n                    </dt>\n                    <dd class=\"summary-weight\">\n                        15.5 lbs\n                    </dd>\n                </dl>\n            \n\n            \n            <dl>\n                <dt>\n                    Assembly\n                </dt>\n                <dd>\n                    \n                        Requires Assembly\n                    \n                </dd>\n            </dl>\n\n            \n            <dl>\n                <dt>\n                    Warranty\n                </dt>\n                <dd>\n                    \n                        <div class=\"mb-2\">DWR honors a one (1) year warranty on all products. Brand-specific warranties may extend to longer periods.</div>\n                    \n                </dd>\n            </dl>\n\n            \n            \n\n            \n            \n\n            \n            \n        </div>\n    </div>\n</div>\n            </div>\n        ",
    "listSize": [
      {
        "size": "Single",
        "price": 31070000,
        "stock": 93
      },
      {
        "size": "Double",
        "price": 41470000,
        "stock": 91
      }
    ],
    "discountPercentage": 12,
    "thumbnail": "https://images.hermanmiller.group/asset/2c583cd9-2b22-4f50-a4c3-5eb65ee95a75/W/DWR_2590483_100649236_sand_white_stripe_f.png?trim=auto&trim-sd=1&blend-mode=darken&blend=f0f0f0&bg=f0f0f0&auto=format&w=90&h=auto&fit=fill",
    "images": [
      "https://images.hermanmiller.group/asset/2c583cd9-2b22-4f50-a4c3-5eb65ee95a75/W/DWR_2590483_100649236_sand_white_stripe_f.png?trim=auto&trim-sd=1&blend-mode=darken&blend=f0f0f0&bg=f0f0f0&auto=format&w=800&h=auto&fit=fill",
      "https://images.hermanmiller.group/asset/431e4b16-7b6f-4875-ac1d-4751e2910907/W/DWR_2590483_100649236_sand_white_stripe_a.png?trim=auto&trim-sd=1&blend-mode=darken&blend=f0f0f0&bg=f0f0f0&auto=format&w=800&h=auto&fit=fill",
      "https://images.hermanmiller.group/asset/b8192907-6893-4e21-89bc-58c00b7d0555/W/DWR_2590483_100649236_sand_white_stripe_p.png?trim=auto&trim-sd=1&blend-mode=darken&blend=f0f0f0&bg=f0f0f0&auto=format&w=800&h=auto&fit=fill",
      "https://images.hermanmiller.group/asset/cc051878-d896-421d-9342-3d1f07d25b06/W/DWR_2590483_100649236_sand_white_stripe_b.png?trim=auto&trim-sd=1&blend-mode=darken&blend=f0f0f0&bg=f0f0f0&auto=format&w=800&h=auto&fit=fill",
      "https://images.hermanmiller.group/asset/0fbe8394-a6b1-4c71-b67c-c13b09a8a355/W/DWR_2590482_100649232_beige_white_v1_0054_16x9.png?trim=auto&trim-sd=1&bg=f0f0f0&auto=format&w=800&h=auto&fit=fill",
      "https://images.hermanmiller.group/asset/9440bf74-a067-4adb-a3b9-0ad34b271180/W/DWR_2590482_100649232_beige_white_v1_0054_4x5.png?trim=auto&trim-sd=1&bg=f0f0f0&auto=format&w=800&h=auto&fit=fill",
      "https://images.hermanmiller.group/asset/dba47604-ebd4-4356-97ac-320e79eea455/W/DWR_2590483_100649235_navy_white_v1_0065.png?trim=auto&trim-sd=1&bg=f0f0f0&auto=format&w=800&h=auto&fit=fill",
      "https://images.hermanmiller.group/asset/7afed48a-f8b4-4c55-a966-1c1474b06ab3/W/DWR_2590482_100649232_beige_white_v1_0029.png?trim=auto&trim-sd=1&bg=f0f0f0&auto=format&w=800&h=auto&fit=fill"
    ]
  },
  {
    "title": "Lilo Pool Float",
    "product_category_id": "6814d400317d4948c7f2eac2",
    "description": "\n            <div class=\"collapse-body pdp-summary-group-body\">\n                \n<div class=\"row\">\n    <div class=\"pdp-summary-group-col-1 col-12 col-lg-5\">\n\n        \n        \n\n        \n        \n            <div class=\"mb-3\">\n                Style doesn’t stop at the pool deck. Bring it into the water with the Lilo Pool Float (2024). Covered in a tear-proof, UV- and fade-resistant fabric in eye-catching colors exclusive to DWR, it’s suitable for all types of water and cushioned for endless relaxation. The float’s flush-mounted valves are protected but easily accessible – and the included pump will inflate or deflate the ring within 80 seconds. Plus, its easy-to-grip handle makes it a breeze to carry around. Every element has been considered, so all you need to do is step in and… float. Made in Thailand.\n            </div>\n        \n\n        \n        \n            <ul class=\"bulleted mb-3\">\n                \n                    <li>\n                        UV- and fade-resistant fabric is suitable for salt or chlorine water.\n                    </li>\n                \n                    <li>\n                        An ergonomic handle makes it easy to carry.\n                    </li>\n                \n                    <li>\n                        Flush-mounted valves are protected but easily accessible.\n                    </li>\n                \n                    <li>\n                        The provided pump inflates or deflates the float within 80 seconds.\n                    </li>\n                \n                    <li>\n                        Internal Y beam structure maintains shape and durability.\n                    </li>\n                \n                    <li>\n                        Includes an adhesive patch for seamless repairs.\n                    </li>\n                \n            </ul>\n                                \n\n        \n        \n    </div>\n\n    <div class=\"pdp-summary-group-col-2 col-12 col-lg-5 offset-lg-1\">\n        <div class=\"table table-content summary-table\">\n            \n                \n                \n                    <dl>\n                        <dt>\n                            Brand\n                        </dt>\n                        <dd>\n                            <a href=\"/brands-oliver-james-lilos?lang=en_US\">Oliver James Lilos</a>\n                        </dd>\n                    </dl>\n                \n            \n            \n            \n            \n                <dl>\n                    <dt>\n                        Collection\n                    </dt>\n                    <dd>\n                        <a href=\"/collection-oliver-james-lilos-pool-float?lang=en_US\">Oliver James Lilos Pool Float Collection</a>\n                    </dd>\n                </dl>\n            \n\n            \n            \n                <dl>\n                    <dt>\n                        General Dimensions\n                    </dt>\n                    <dd>\n                        <ul class=\"unstyled summary-pdp-dimensions-list\">\n                            \n                                <li>\n                                    21⅜\" H 47¼\" W 63\" D\n                                </li>\n                            \n                        </ul>\n                    </dd>\n                </dl>\n            \n\n            \n            \n\n            \n            \n                <dl>\n                    <dt>\n                        Product Weight\n                    </dt>\n                    <dd class=\"summary-weight\">\n                        24.5 lbs\n                    </dd>\n                </dl>\n            \n\n            \n            <dl>\n                <dt>\n                    Assembly\n                </dt>\n                <dd>\n                    \n                        Requires Assembly\n                    \n                </dd>\n            </dl>\n\n            \n            <dl>\n                <dt>\n                    Warranty\n                </dt>\n                <dd>\n                    \n                        <div class=\"mb-2\">DWR honors a one (1) year warranty on all products. Brand-specific warranties may extend to longer periods.</div>\n                    \n                </dd>\n            </dl>\n\n            \n            \n\n            \n            \n\n            \n            \n        </div>\n    </div>\n</div>\n            </div>\n        ",
    "listSize": [
      {
        "size": "Single",
        "price": 31070000,
        "stock": 79
      },
      {
        "size": "Double",
        "price": 41470000,
        "stock": 58
      }
    ],
    "discountPercentage": 13,
    "thumbnail": "https://images.hermanmiller.group/asset/e8746753-3861-44b1-910f-3d1e206a51cd/W/DWR_2590483_100649237_blue_white_stripe_f.png?trim=auto&trim-sd=1&blend-mode=darken&blend=f0f0f0&bg=f0f0f0&auto=format&w=90&h=auto&fit=fill",
    "images": [
      "https://images.hermanmiller.group/asset/e8746753-3861-44b1-910f-3d1e206a51cd/W/DWR_2590483_100649237_blue_white_stripe_f.png?trim=auto&trim-sd=1&blend-mode=darken&blend=f0f0f0&bg=f0f0f0&auto=format&w=800&h=auto&fit=fill",
      "https://images.hermanmiller.group/asset/6b762e54-2115-4d87-80fc-89d20b5b02b0/W/DWR_2590483_100649237_blue_white_stripe_a.png?trim=auto&trim-sd=1&blend-mode=darken&blend=f0f0f0&bg=f0f0f0&auto=format&w=800&h=auto&fit=fill",
      "https://images.hermanmiller.group/asset/f8f8702d-0030-417a-94ae-bcf22c4ff525/W/DWR_2590483_100649237_blue_white_stripe_p.png?trim=auto&trim-sd=1&blend-mode=darken&blend=f0f0f0&bg=f0f0f0&auto=format&w=800&h=auto&fit=fill",
      "https://images.hermanmiller.group/asset/5668a947-cb06-4aec-8716-271169ece7b0/W/DWR_2590483_100649237_blue_white_stripe_b.png?trim=auto&trim-sd=1&blend-mode=darken&blend=f0f0f0&bg=f0f0f0&auto=format&w=800&h=auto&fit=fill",
      "https://images.hermanmiller.group/asset/0fbe8394-a6b1-4c71-b67c-c13b09a8a355/W/DWR_2590482_100649232_beige_white_v1_0054_16x9.png?trim=auto&trim-sd=1&bg=f0f0f0&auto=format&w=800&h=auto&fit=fill",
      "https://images.hermanmiller.group/asset/9440bf74-a067-4adb-a3b9-0ad34b271180/W/DWR_2590482_100649232_beige_white_v1_0054_4x5.png?trim=auto&trim-sd=1&bg=f0f0f0&auto=format&w=800&h=auto&fit=fill",
      "https://images.hermanmiller.group/asset/dba47604-ebd4-4356-97ac-320e79eea455/W/DWR_2590483_100649235_navy_white_v1_0065.png?trim=auto&trim-sd=1&bg=f0f0f0&auto=format&w=800&h=auto&fit=fill",
      "https://images.hermanmiller.group/asset/7afed48a-f8b4-4c55-a966-1c1474b06ab3/W/DWR_2590482_100649232_beige_white_v1_0029.png?trim=auto&trim-sd=1&bg=f0f0f0&auto=format&w=800&h=auto&fit=fill"
    ]
  },
  {
    "title": "Neutra Modern House Numbers",
    "product_category_id": "6814d400317d4948c7f2eac2",
    "description": "\n            <div class=\"collapse-body pdp-summary-group-body\">\n                \n<div class=\"row\">\n    <div class=\"pdp-summary-group-col-1 col-12 col-lg-5\">\n\n        \n        \n\n        \n        \n            <div class=\"mb-3\">\n                In 2001, renowned design studio House Industries partnered with the estate of late architect Richard Neutra – whose notable projects include the Kaufmann House (1947) in Palm Springs, the Lovell Health House (1929) in Los Angeles and the Kronish House (1955) in Beverly Hills – to create a set of fonts based on the geometric letterforms Neutra specified for many of his residential houses and commercial buildings. The resulting font family, Neutraface, became an integral part of the new millennium’s typographic landscape. Rendered directly from the Neutraface outlines, precision-crafted Neutra House Numbers (1930s) bring a piece of the Neutra aesthetic to any residential or commercial space. Made in Taiwan. <br><br>Elegant visibility.<br>Designed for visibility, these house numbers mount approximately 0.75\" off the wall to cast subtle shadows. Each includes installation instructions and a full-scale drilling template to eliminate any guesswork, and mounting hardware is hidden when installed properly.\n            </div>\n        \n\n        \n        \n            <ul class=\"bulleted mb-3\">\n                \n                    <li>\n                        Rendered directly form the Neutraface font family.\n                    </li>\n                \n                    <li>\n                        Precision-crafted from anodized or brass-plated aluminum.\n                    </li>\n                \n                    <li>\n                        Clean and crisp look.\n                    </li>\n                \n                    <li>\n                        Visible and legible by design.\n                    </li>\n                \n                    <li>\n                        Brings a piece of Neutra’s aesthetic to any home or building.\n                    </li>\n                \n                    <li>\n                        Instructions include full-scale drilling template for easy installation.\n                    </li>\n                \n            </ul>\n                                \n\n        \n        \n    </div>\n\n    <div class=\"pdp-summary-group-col-2 col-12 col-lg-5 offset-lg-1\">\n        <div class=\"table table-content summary-table\">\n            \n                \n                \n                    <dl>\n                        <dt>\n                            Brand\n                        </dt>\n                        <dd>\n                            <a href=\"/brands-design-within-reach?lang=en_US\">Design Within Reach</a>\n                        </dd>\n                    </dl>\n                \n            \n            \n            \n            \n\n            \n            \n                <dl>\n                    <dt>\n                        General Dimensions\n                    </dt>\n                    <dd>\n                        <ul class=\"unstyled summary-pdp-dimensions-list\">\n                            \n                                <li>\n                                    4\" H 2⅞\" W ¾\" D\n                                </li>\n                            \n                        </ul>\n                    </dd>\n                </dl>\n            \n\n            \n            \n\n            \n            \n\n            \n            <dl>\n                <dt>\n                    Assembly\n                </dt>\n                <dd>\n                    \n                        Requires Assembly\n                    \n                </dd>\n            </dl>\n\n            \n            <dl>\n                <dt>\n                    Warranty\n                </dt>\n                <dd>\n                    \n                        3-year warranty<br>Terms and conditions apply. <a href=\"https://www.dwr.com/warranty.html\" target=\"_blank\">Learn more</a>\n                    \n                </dd>\n            </dl>\n\n            \n            \n\n            \n            \n\n            \n            \n        </div>\n    </div>\n</div>\n            </div>\n        ",
    "listSize": [
      {
        "size": "4\"",
        "price": 910000,
        "stock": 63
      },
      {
        "size": "6\"",
        "price": 1040000,
        "stock": 84
      }
    ],
    "discountPercentage": 20,
    "thumbnail": "https://images.hermanmiller.group/m/c8034e4b388d5790/W-DWR_6209_100071517_aluminum_f.png?trim=auto&trim-sd=1&blend-mode=darken&blend=f0f0f0&bg=f0f0f0&auto=format&w=90&h=auto&fit=fill",
    "images": [
      "https://images.hermanmiller.group/m/c8034e4b388d5790/W-DWR_6209_100071517_aluminum_f.png?trim=auto&trim-sd=1&blend-mode=darken&blend=f0f0f0&bg=f0f0f0&auto=format&w=800&h=auto&fit=fill",
      "https://images.hermanmiller.group/m/3b9bdc4aa05ded68/W-DWR_6209_100071524_aluminum_v.png?trim=auto&trim-sd=1&bg=f0f0f0&auto=format&w=800&h=auto&fit=fill",
      "https://images.hermanmiller.group/m/7681b5291b4683c7/W-DWR_6209_100071543_black_v1_001.png?trim=auto&trim-sd=1&bg=f0f0f0&auto=format&w=800&h=auto&fit=fill",
      "https://images.hermanmiller.group/m/946ef5387420ddba/W-DWR_6209_100071541_black_v4.png?trim=auto&trim-sd=1&bg=f0f0f0&auto=format&w=800&h=auto&fit=fill",
      "https://images.hermanmiller.group/m/276c586d4e324c4d/W-DWR_6209_100071540_black_v-jpg.png?trim=auto&trim-sd=1&bg=f0f0f0&auto=format&w=800&h=auto&fit=fill",
      "https://images.hermanmiller.group/m/126735d4d4e48eb/W-DWR_6209_100071523_aluminum_v-tif.png?trim=auto&trim-sd=1&bg=f0f0f0&auto=format&w=800&h=auto&fit=fill",
      "https://images.hermanmiller.group/m/8d8f9fd4abb2b4b4/W-DWR_6209_100071536_black_v1_001.png?trim=auto&trim-sd=1&bg=f0f0f0&auto=format&w=800&h=auto&fit=fill",
      "https://images.hermanmiller.group/m/f426eba857cf9ef1/W-DWR_6209_100071537_black_v2_001.png?trim=auto&trim-sd=1&bg=f0f0f0&auto=format&w=800&h=auto&fit=fill"
    ]
  },
  {
    "title": "Ball Portable Lamp",
    "product_category_id": "6814d400317d4948c7f2eac2",
    "description": "\n            <div class=\"collapse-body pdp-summary-group-body\">\n                \n<div class=\"row\">\n    <div class=\"pdp-summary-group-col-1 col-12 col-lg-5\">\n\n        \n        \n\n        \n        \n            <div class=\"mb-3\">\n                Waterproof, shockproof, cordless, and rechargeable, the Ball Portable LED Lamp (2009) redefines how we think about light. Suited for use practically anywhere, it has three modes to choose from: static in one of four colors, dynamic with unlimited colors changing automatically, and candle effect. A full charge provides up to 8 hours at maximum intensity and 12 hours at low intensity. Bulbs (included): 16 white LEDs, 36 color LEDs. Bluetooth technology allows easy app-based control via smartphone. Made in China.\n            </div>\n        \n\n        \n        \n            <ul class=\"bulleted mb-3\">\n                \n                    <li>\n                        Waterproof.\n                    </li>\n                \n                    <li>\n                        Shockproof.\n                    </li>\n                \n                    <li>\n                        Cordless.\n                    </li>\n                \n            </ul>\n                                \n\n        \n        \n    </div>\n\n    <div class=\"pdp-summary-group-col-2 col-12 col-lg-5 offset-lg-1\">\n        <div class=\"table table-content summary-table\">\n            \n                \n                \n                    <dl>\n                        <dt>\n                            Brand\n                        </dt>\n                        <dd>\n                            <a href=\"/brands-space-lighting?lang=en_US\">Space Lighting</a>\n                        </dd>\n                    </dl>\n                \n            \n            \n            \n            \n\n            \n            \n                <dl>\n                    <dt>\n                        General Dimensions\n                    </dt>\n                    <dd>\n                        <ul class=\"unstyled summary-pdp-dimensions-list\">\n                            \n                                <li>\n                                    14\" DIA\n                                </li>\n                            \n                        </ul>\n                    </dd>\n                </dl>\n            \n\n            \n            \n\n            \n            \n                <dl>\n                    <dt>\n                        Product Weight\n                    </dt>\n                    <dd class=\"summary-weight\">\n                        4 lbs\n                    </dd>\n                </dl>\n            \n\n            \n            <dl>\n                <dt>\n                    Assembly\n                </dt>\n                <dd>\n                    \n                        Requires Assembly\n                    \n                </dd>\n            </dl>\n\n            \n            <dl>\n                <dt>\n                    Warranty\n                </dt>\n                <dd>\n                    \n                        1-year warranty<br>Terms and conditions apply. <a href=\"https://www.dwr.com/warranty.html\" target=\"_blank\">Learn more</a>\n                    \n                </dd>\n            </dl>\n\n            \n            \n\n            \n            \n\n            \n            \n        </div>\n    </div>\n</div>\n            </div>\n        ",
    "listSize": [
      {
        "size": "Small",
        "price": 4030000,
        "stock": 64
      },
      {
        "size": "Medium",
        "price": 6110000,
        "stock": 69
      },
      {
        "size": "Large",
        "price": 8580000,
        "stock": 96
      }
    ],
    "discountPercentage": 25,
    "thumbnail": "https://images.hermanmiller.group/m/a182333a33e9409/W-DWR_2198029_100107265_white_d7.png?trim=auto&trim-sd=1&blend-mode=darken&blend=f0f0f0&bg=f0f0f0&auto=format&w=90&h=auto&fit=fill",
    "images": [
      "https://images.hermanmiller.group/m/a182333a33e9409/W-DWR_2198029_100107265_white_d7.png?trim=auto&trim-sd=1&blend-mode=darken&blend=f0f0f0&bg=f0f0f0&auto=format&w=800&h=auto&fit=fill",
      "https://images.hermanmiller.group/m/34beef7af9efdb1c/W-DWR_2198029_100107265_white_d6.png?trim=auto&trim-sd=1&blend-mode=darken&blend=f0f0f0&bg=f0f0f0&auto=format&w=800&h=auto&fit=fill",
      "https://images.hermanmiller.group/m/3dfd678205213ca2/W-DWR_2198029_100107265_white_d4.png?trim=auto&trim-sd=1&blend-mode=darken&blend=f0f0f0&bg=f0f0f0&auto=format&w=800&h=auto&fit=fill",
      "https://images.hermanmiller.group/m/383c0e87e72359be/W-DWR_2198029_100107265_white_d5.png?trim=auto&trim-sd=1&blend-mode=darken&blend=f0f0f0&bg=f0f0f0&auto=format&w=800&h=auto&fit=fill",
      "https://images.hermanmiller.group/m/7da54287bff55219/W-DWR_2198029_100107265_white_d3.png?trim=auto&trim-sd=1&blend-mode=darken&blend=f0f0f0&bg=f0f0f0&auto=format&w=800&h=auto&fit=fill",
      "https://images.hermanmiller.group/m/7206e5967a63ecb5/W-DWR_2198029_100107265_white_d.png?trim=auto&trim-sd=1&blend-mode=darken&blend=f0f0f0&bg=f0f0f0&auto=format&w=800&h=auto&fit=fill",
      "https://images.hermanmiller.group/m/3bce95b99f49cd54/W-DWR_2198029_100107265_white_d1.png?trim=auto&trim-sd=1&blend-mode=darken&blend=f0f0f0&bg=f0f0f0&auto=format&w=800&h=auto&fit=fill",
      "https://images.hermanmiller.group/m/7bd8c7cc952c3796/W-DWR_2198029_100107265_white_d2.png?trim=auto&trim-sd=1&blend-mode=darken&blend=f0f0f0&bg=f0f0f0&auto=format&w=800&h=auto&fit=fill",
      "https://images.hermanmiller.group/m/5fe9ff616782ddc7/W-DWR_2198029_100107265_multi_d1.png?trim=auto&trim-sd=1&blend-mode=darken&blend=f0f0f0&bg=f0f0f0&auto=format&w=800&h=auto&fit=fill",
      "https://images.hermanmiller.group/m/5b53c7ecb759e2b9/W-DWR_2198029_100107265_white_v4.png?trim=auto&trim-sd=1&bg=f0f0f0&auto=format&w=800&h=auto&fit=fill",
      "https://images.hermanmiller.group/m/281f22cacf2f1f65/W-DWR_2198029_100107265_white_v3.png?trim=auto&trim-sd=1&bg=f0f0f0&auto=format&w=800&h=auto&fit=fill",
      "https://images.hermanmiller.group/m/760f570f2da103b6/W-DWR_2198029_100107265_white_v2.png?trim=auto&trim-sd=1&bg=f0f0f0&auto=format&w=800&h=auto&fit=fill",
      "https://images.hermanmiller.group/m/8fdd349049af7b/W-DWR_2198029_100107265_white_v1.png?trim=auto&trim-sd=1&bg=f0f0f0&auto=format&w=800&h=auto&fit=fill",
      "https://images.hermanmiller.group/m/beba83bfa74a4706/W-DWR_4069_703215_black_v2.png?trim=auto&trim-sd=1&bg=f0f0f0&auto=format&w=800&h=auto&fit=fill",
      "https://images.hermanmiller.group/m/484a6dd41838239b/W-DWR_3629_100129488_pumice_v1.png?trim=auto&trim-sd=1&bg=f0f0f0&auto=format&w=800&h=auto&fit=fill",
      "https://images.hermanmiller.group/m/c9a924249796182e/W-DWR_2198030_100107266_multi_v1_001.png?trim=auto&trim-sd=1&bg=f0f0f0&auto=format&w=800&h=auto&fit=fill",
      "https://images.hermanmiller.group/m/3289a1d18432919c/W-DWR_2530333_100212785_meteor_raven_wave_gravel_v1_001.png?trim=auto&trim-sd=1&bg=f0f0f0&auto=format&w=800&h=auto&fit=fill",
      "https://images.hermanmiller.group/m/4176f865927ea20e/W-DWR_2526179_100197028_black_v3_001.png?trim=auto&trim-sd=1&bg=f0f0f0&auto=format&w=800&h=auto&fit=fill",
      "https://images.hermanmiller.group/m/4fd79aedad17f433/W-DWR_6488_893558_teak_v1-tif.png?trim=auto&trim-sd=1&bg=f0f0f0&auto=format&w=800&h=auto&fit=fill",
      "https://images.hermanmiller.group/m/b96b92a67295694f/W-DWR_2198029_100107265_multi_v2_001.png?trim=auto&trim-sd=1&bg=f0f0f0&auto=format&w=800&h=auto&fit=fill",
      "https://images.hermanmiller.group/m/d78996d9e87730ae/W-DWR_2515602_100135308_black_slate_v1_001.png?trim=auto&trim-sd=1&bg=f0f0f0&auto=format&w=800&h=auto&fit=fill"
    ]
  },
  {
    "title": "Bullet Planter",
    "product_category_id": "6814d400317d4948c7f2eac2",
    "description": "\n            <div class=\"collapse-body pdp-summary-group-body\">\n                \n<div class=\"row\">\n    <div class=\"pdp-summary-group-col-1 col-12 col-lg-5\">\n\n        \n        \n\n        \n        \n            <div class=\"mb-3\">\n                Produced by several companies in the 1950s, this piece was never trademarked, and its designer was never identified. A passionate collector of midcentury modern design and a fan of the original, Kelley Sandidge decided to create her own version of the Bullet Planter (2002) after her search for vintage ones in good condition proved mostly fruitless. Reimagined and trademarked by Sandidge, this rendition is precision-crafted using advanced production methods from lightweight yet durable molded fiberglass perched atop a tripod of powder-coated steel.\n            </div>\n        \n\n        \n        \n            <ul class=\"bulleted mb-3\">\n                \n                    <li>\n                        Named for its inverted bullet profile.\n                    </li>\n                \n                    <li>\n                        Can be used to chill drinks or hold other items.\n                    </li>\n                \n                    <li>\n                        Lightweight yet durable.\n                    </li>\n                \n            </ul>\n                                \n\n        \n        \n    </div>\n\n    <div class=\"pdp-summary-group-col-2 col-12 col-lg-5 offset-lg-1\">\n        <div class=\"table table-content summary-table\">\n            \n                \n                \n                    <dl>\n                        <dt>\n                            Brand\n                        </dt>\n                        <dd>\n                            <a href=\"/brands-hip-haven?lang=en_US\">Hip Haven</a>\n                        </dd>\n                    </dl>\n                \n            \n            \n            \n            \n\n            \n            \n                <dl>\n                    <dt>\n                        General Dimensions\n                    </dt>\n                    <dd>\n                        <ul class=\"unstyled summary-pdp-dimensions-list\">\n                            \n                                <li>\n                                    23\" H 15¾\" DIA\n                                </li>\n                            \n                        </ul>\n                    </dd>\n                </dl>\n            \n\n            \n            \n\n            \n            \n                <dl>\n                    <dt>\n                        Product Weight\n                    </dt>\n                    <dd class=\"summary-weight\">\n                        6 lbs\n                    </dd>\n                </dl>\n            \n\n            \n            <dl>\n                <dt>\n                    Assembly\n                </dt>\n                <dd>\n                    \n                        Comes fully assembled\n                    \n                </dd>\n            </dl>\n\n            \n            <dl>\n                <dt>\n                    Warranty\n                </dt>\n                <dd>\n                    \n                        1-year warranty<br>Terms and conditions apply. <a href=\"https://www.dwr.com/warranty.html\" target=\"_blank\">Learn more</a>\n                    \n                </dd>\n            </dl>\n\n            \n            \n\n            \n            \n\n            \n            \n        </div>\n    </div>\n</div>\n            </div>\n        ",
    "listSize": [
      {
        "size": "Medium",
        "price": 5850000,
        "stock": 68
      },
      {
        "size": "Short",
        "price": 5590000,
        "stock": 98
      }
    ],
    "discountPercentage": 11,
    "thumbnail": "https://images.hermanmiller.group/m/532345c5d826f4f8/W-DWR_4193_100340355_short_blue_f.png?trim=auto&trim-sd=1&blend-mode=darken&blend=f0f0f0&bg=f0f0f0&auto=format&w=90&h=auto&fit=fill",
    "images": [
      "https://images.hermanmiller.group/m/532345c5d826f4f8/W-DWR_4193_100340355_short_blue_f.png?trim=auto&trim-sd=1&blend-mode=darken&blend=f0f0f0&bg=f0f0f0&auto=format&w=800&h=auto&fit=fill",
      "https://images.hermanmiller.group/m/aed74f50b4a8f654/W-DWR_4193_406451_white_v1.png?trim=auto&trim-sd=1&bg=f0f0f0&auto=format&w=800&h=auto&fit=fill",
      "https://images.hermanmiller.group/m/0a509cc312638d0c/W-DWR_4193_100340350_medium_orange_v1.png?trim=auto&trim-sd=1&bg=f0f0f0&auto=format&w=800&h=auto&fit=fill",
      "https://images.hermanmiller.group/m/7725c401b1c01d4b/W-DWR_4193_100340355_short_blue_v1.png?trim=auto&trim-sd=1&bg=f0f0f0&auto=format&w=800&h=auto&fit=fill",
      "https://images.hermanmiller.group/m/b570be19f80e4018/W-DWR_4193_406451_white_d2.png?trim=auto&trim-sd=1&bg=f0f0f0&auto=format&w=800&h=auto&fit=fill",
      "https://images.hermanmiller.group/m/9524325db03f66cb/W-DWR_4193_406451_white_d1.png?trim=auto&trim-sd=1&bg=f0f0f0&auto=format&w=800&h=auto&fit=fill",
      "https://images.hermanmiller.group/m/a5aabfa0efbe38fb/W-HM_2195399_100069218_heathered_grey_polished_aluminum_v2_001.png?trim=auto&trim-sd=1&bg=f0f0f0&auto=format&w=800&h=auto&fit=fill",
      "https://images.hermanmiller.group/m/f9ff37085af8b35f/W-DWR_2515273_100131721_multi_v2_001.png?trim=auto&trim-sd=1&bg=f0f0f0&auto=format&w=800&h=auto&fit=fill",
      "https://images.hermanmiller.group/m/3192f2e4433c80fb/W-DWR_2515273_100131721_multi_v1_001.png?trim=auto&trim-sd=1&bg=f0f0f0&auto=format&w=800&h=auto&fit=fill"
    ]
  },
  {
    "title": "Mini Bullet Planter",
    "product_category_id": "6814d400317d4948c7f2eac2",
    "description": "\n            <div class=\"collapse-body pdp-summary-group-body\">\n                \n<div class=\"row\">\n    <div class=\"pdp-summary-group-col-1 col-12 col-lg-5\">\n\n        \n        \n\n        \n        \n            <div class=\"mb-3\">\n                Produced by several companies in the 1950s, this piece was never trademarked, and its designer was never identified. A passionate collector of midcentury modern design and a fan of the original, Kelley Sandidge decided to create her own version of the Bullet Planter (2002) after her search for vintage ones in good condition proved mostly fruitless. Reimagined and trademarked by Sandidge, this rendition is precision-crafted using advanced production methods from lightweight yet durable powder-coated spun aluminum perched atop a tripod of powder-coated steel. Includes drainage hole.\n            </div>\n        \n\n        \n        \n            <ul class=\"bulleted mb-3\">\n                \n                    <li>\n                        Named for its inverted bullet profile.\n                    </li>\n                \n                    <li>\n                        Can be used to chill drinks or hold other items.\n                    </li>\n                \n                    <li>\n                        Lightweight yet durable.\n                    </li>\n                \n            </ul>\n                                \n\n        \n        \n    </div>\n\n    <div class=\"pdp-summary-group-col-2 col-12 col-lg-5 offset-lg-1\">\n        <div class=\"table table-content summary-table\">\n            \n                \n                \n                    <dl>\n                        <dt>\n                            Brand\n                        </dt>\n                        <dd>\n                            <a href=\"/brands-hip-haven?lang=en_US\">Hip Haven</a>\n                        </dd>\n                    </dl>\n                \n            \n            \n            \n            \n\n            \n            \n                <dl>\n                    <dt>\n                        General Dimensions\n                    </dt>\n                    <dd>\n                        <ul class=\"unstyled summary-pdp-dimensions-list\">\n                            \n                                <li>\n                                    9¼\" H 9\" DIA\n                                </li>\n                            \n                        </ul>\n                    </dd>\n                </dl>\n            \n\n            \n            \n\n            \n            \n                <dl>\n                    <dt>\n                        Product Weight\n                    </dt>\n                    <dd class=\"summary-weight\">\n                        4.5 lbs\n                    </dd>\n                </dl>\n            \n\n            \n            <dl>\n                <dt>\n                    Assembly\n                </dt>\n                <dd>\n                    \n                        Comes fully assembled\n                    \n                </dd>\n            </dl>\n\n            \n            <dl>\n                <dt>\n                    Warranty\n                </dt>\n                <dd>\n                    \n                        1-year warranty<br>Terms and conditions apply. <a href=\"https://www.dwr.com/warranty.html\" target=\"_blank\">Learn more</a>\n                    \n                </dd>\n            </dl>\n\n            \n            \n\n            \n            \n\n            \n            \n        </div>\n    </div>\n</div>\n            </div>\n        ",
    "listSize": [
      {
        "size": "Mini\n                                            \n\n\n\n\ndisable-danger",
        "price": 2990000,
        "stock": 78
      }
    ],
    "discountPercentage": 29,
    "thumbnail": "https://images.hermanmiller.group/m/c3612c1b9dfc9644/W-DWR_4193_100340352_mini_blue_f.png?trim=auto&trim-sd=1&blend-mode=darken&blend=f0f0f0&bg=f0f0f0&auto=format&w=90&h=auto&fit=fill",
    "images": [
      "https://images.hermanmiller.group/m/c3612c1b9dfc9644/W-DWR_4193_100340352_mini_blue_f.png?trim=auto&trim-sd=1&blend-mode=darken&blend=f0f0f0&bg=f0f0f0&auto=format&w=800&h=auto&fit=fill",
      "https://images.hermanmiller.group/m/4b0647ff9180f4c6/W-DWR_4193_406499_white_v1.png?trim=auto&trim-sd=1&bg=f0f0f0&auto=format&w=800&h=auto&fit=fill"
    ]
  },
  {
    "title": "Hourglass Planter",
    "product_category_id": "6814d400317d4948c7f2eac2",
    "description": "\n            <div class=\"collapse-body pdp-summary-group-body\">\n                \n<div class=\"row\">\n    <div class=\"pdp-summary-group-col-1 col-12 col-lg-5\">\n\n        \n        \n\n        \n        \n            <div class=\"mb-3\">\n                Accent your plants with the clean goblet shape of the Hourglass Planter (2018). This piece is crafted from smooth sheet metal with an antirust coating for withstanding years of use both indoors and out. Flip it in either direction for a smaller or larger pot. Cleans up easily with a damp cloth. Includes rubber-capped drainage hole. Made in India.\n            </div>\n        \n\n        \n                                \n\n        \n        \n    </div>\n\n    <div class=\"pdp-summary-group-col-2 col-12 col-lg-5 offset-lg-1\">\n        <div class=\"table table-content summary-table\">\n            \n                \n                \n                    <dl>\n                        <dt>\n                            Brand\n                        </dt>\n                        <dd>\n                            <a href=\"/brands-ferm-living?lang=en_US\">ferm LIVING</a>\n                        </dd>\n                    </dl>\n                \n            \n            \n            \n            \n\n            \n            \n                <dl>\n                    <dt>\n                        General Dimensions\n                    </dt>\n                    <dd>\n                        <ul class=\"unstyled summary-pdp-dimensions-list\">\n                            \n                                <li>\n                                    16¾\" H\n                                </li>\n                            \n                        </ul>\n                    </dd>\n                </dl>\n            \n\n            \n            \n\n            \n            \n\n            \n            <dl>\n                <dt>\n                    Assembly\n                </dt>\n                <dd>\n                    \n                        Requires Assembly\n                    \n                </dd>\n            </dl>\n\n            \n            <dl>\n                <dt>\n                    Warranty\n                </dt>\n                <dd>\n                    \n                        1-year warranty<br>Terms and conditions apply. <a href=\"https://www.dwr.com/warranty.html\" target=\"_blank\">Learn more</a>\n                    \n                </dd>\n            </dl>\n\n            \n            \n\n            \n            \n\n            \n            \n        </div>\n    </div>\n</div>\n            </div>\n        ",
    "listSize": [
      {
        "size": "Small",
        "price": 4654000,
        "stock": 100
      },
      {
        "size": "Medium",
        "price": 7930000,
        "stock": 86
      },
      {
        "size": "Large",
        "price": 11934000,
        "stock": 66
      },
      {
        "size": "Extra Small",
        "price": 3510000,
        "stock": 57
      }
    ],
    "discountPercentage": 18,
    "thumbnail": "https://images.hermanmiller.group/m/c4c7c527aceb9573/W-DWR_2517637_100189394_black_f.png?trim=auto&trim-sd=1&blend-mode=darken&blend=f0f0f0&bg=f0f0f0&auto=format&w=90&h=auto&fit=fill",
    "images": [
      "https://images.hermanmiller.group/m/c4c7c527aceb9573/W-DWR_2517637_100189394_black_f.png?trim=auto&trim-sd=1&blend-mode=darken&blend=f0f0f0&bg=f0f0f0&auto=format&w=800&h=auto&fit=fill",
      "https://images.hermanmiller.group/m/17899094ac950c2a/W-DWR_2566809_100441630_sahara_v1_036.png?trim=auto&trim-sd=1&bg=f0f0f0&auto=format&w=800&h=auto&fit=fill",
      "https://images.hermanmiller.group/m/268a241abc3d3d3b/W-DWR_2517637_100189394_black_d1.png?trim=auto&trim-sd=1&bg=f0f0f0&auto=format&w=800&h=auto&fit=fill",
      "https://images.hermanmiller.group/m/36473f205d096482/W-DWR_2517637_100161663_black_v2_00.png?trim=auto&trim-sd=1&bg=f0f0f0&auto=format&w=800&h=auto&fit=fill",
      "https://images.hermanmiller.group/m/c9b20ef708e7ae59/W-DWR_2517637_100161663_black_v1_001.png?trim=auto&trim-sd=1&bg=f0f0f0&auto=format&w=800&h=auto&fit=fill"
    ]
  },
  {
    "title": "Meira Oil Lantern",
    "product_category_id": "6814d400317d4948c7f2eac2",
    "description": "\n            <div class=\"collapse-body pdp-summary-group-body\">\n                \n<div class=\"row\">\n    <div class=\"pdp-summary-group-col-1 col-12 col-lg-5\">\n\n        \n        \n\n        \n        \n            <div class=\"mb-3\">\n                Featuring a classic shape inspired by ancient torches, the Meira Oil Lantern (2021) adds instant ambiance to outdoor gatherings. Made of powder-coated steel, this lantern emits a large, wide flame from its center. The refillable oil chamber comes with a removable plastic cap to prevent water from getting inside when not in use. Made in China.\n            </div>\n        \n\n        \n        \n            <ul class=\"bulleted mb-3\">\n                \n                    <li>\n                        Rust-resistant finish.\n                    </li>\n                \n                    <li>\n                        For outdoor use.\n                    </li>\n                \n                    <li>\n                        Oil not included.\n                    </li>\n                \n            </ul>\n                                \n\n        \n        \n    </div>\n\n    <div class=\"pdp-summary-group-col-2 col-12 col-lg-5 offset-lg-1\">\n        <div class=\"table table-content summary-table\">\n            \n                \n                \n                    <dl>\n                        <dt>\n                            Brand\n                        </dt>\n                        <dd>\n                            <a href=\"/brands-audo-copenhagen?lang=en_US\">Audo Copenhagen</a>\n                        </dd>\n                    </dl>\n                \n            \n            \n            \n            \n\n            \n            \n                <dl>\n                    <dt>\n                        General Dimensions\n                    </dt>\n                    <dd>\n                        <ul class=\"unstyled summary-pdp-dimensions-list\">\n                            \n                                <li>\n                                    5⅜\" H 6⅜\" W 6⅜\" D 6⅜\" DIA\n                                </li>\n                            \n                        </ul>\n                    </dd>\n                </dl>\n            \n\n            \n            \n\n            \n            \n                <dl>\n                    <dt>\n                        Product Weight\n                    </dt>\n                    <dd class=\"summary-weight\">\n                        1.75 lbs\n                    </dd>\n                </dl>\n            \n\n            \n            <dl>\n                <dt>\n                    Assembly\n                </dt>\n                <dd>\n                    \n                        Comes fully assembled\n                    \n                </dd>\n            </dl>\n\n            \n            <dl>\n                <dt>\n                    Warranty\n                </dt>\n                <dd>\n                    \n                        1-year warranty<br>Terms and conditions apply. <a href=\"https://www.dwr.com/warranty.html\" target=\"_blank\">Learn more</a>\n                    \n                </dd>\n            </dl>\n\n            \n            \n\n            \n            \n\n            \n            \n        </div>\n    </div>\n</div>\n            </div>\n        ",
    "listSize": [
      {
        "size": "Small",
        "price": 4550000,
        "stock": 57
      },
      {
        "size": "Medium",
        "price": 5850000,
        "stock": 96
      },
      {
        "size": "Large",
        "price": 6760000,
        "stock": 93
      },
      {
        "size": "Extra Large",
        "price": 7670000,
        "stock": 93
      }
    ],
    "discountPercentage": 15,
    "thumbnail": "https://images.hermanmiller.group/m/8a44caa14c8d492d/W-DWR_2552817_100421893_extra_large_f.png?trim=auto&trim-sd=1&blend-mode=darken&blend=f0f0f0&bg=f0f0f0&auto=format&w=90&h=auto&fit=fill",
    "images": [
      "https://images.hermanmiller.group/m/8a44caa14c8d492d/W-DWR_2552817_100421893_extra_large_f.png?trim=auto&trim-sd=1&blend-mode=darken&blend=f0f0f0&bg=f0f0f0&auto=format&w=800&h=auto&fit=fill",
      "https://images.hermanmiller.group/m/2a993875a0f03be4/W-DWR_2552817_100421893_extra_large_t2.png?trim=auto&trim-sd=1&blend-mode=darken&blend=f0f0f0&bg=f0f0f0&auto=format&w=800&h=auto&fit=fill",
      "https://images.hermanmiller.group/m/d645098dc1765fed/W-DWR_2552817_100421893_extra_large_t.png?trim=auto&trim-sd=1&blend-mode=darken&blend=f0f0f0&bg=f0f0f0&auto=format&w=800&h=auto&fit=fill",
      "https://images.hermanmiller.group/m/4e8ddd06528133d/W-KNO_5539_10002623_onyx_v5_1769.png?trim=auto&trim-sd=1&bg=f0f0f0&auto=format&w=800&h=auto&fit=fill",
      "https://images.hermanmiller.group/m/4b3ed13034c7c172/W-DWR_HW23_EDITORIAL_GARRISON_1189.png?trim=auto&trim-sd=1&bg=f0f0f0&auto=format&w=800&h=auto&fit=fill",
      "https://images.hermanmiller.group/m/18a6ab8d4c3cad1e/W-HM_2555033_100377029_charcoal_v1_001.png?trim=auto&trim-sd=1&bg=f0f0f0&auto=format&w=800&h=auto&fit=fill",
      "https://images.hermanmiller.group/m/c270e9e5158937a3/W-DWR_2552817_100368712_small_v3.png?trim=auto&trim-sd=1&bg=f0f0f0&auto=format&w=800&h=auto&fit=fill",
      "https://images.hermanmiller.group/m/062ec2b43c8b20ce/W-DWR_2552817_100368712_small_v2.png?trim=auto&trim-sd=1&bg=f0f0f0&auto=format&w=800&h=auto&fit=fill",
      "https://images.hermanmiller.group/m/a554307e82f79383/W-DWR_2552817_100368712_small_v1.png?trim=auto&trim-sd=1&bg=f0f0f0&auto=format&w=800&h=auto&fit=fill",
      "https://images.hermanmiller.group/m/1865a87342e1d3e5/W-DWR_2552817_100368712_family_v2.png?trim=auto&trim-sd=1&bg=f0f0f0&auto=format&w=800&h=auto&fit=fill"
    ]
  },
  {
    "title": "Deck Wall Mount",
    "product_category_id": "6814d400317d4948c7f2eac2",
    "description": "\n            <div class=\"collapse-body pdp-summary-group-body\">\n                \n<div class=\"row\">\n    <div class=\"pdp-summary-group-col-1 col-12 col-lg-5\">\n\n        \n        \n\n        \n        \n            <div class=\"mb-3\">\n                This solid untreated FSC-certified teak wall mount lets you stow pieces in Børge Mogensen’s Deck Chair Series (1971) when not in use. Can be mounted on the wall alone or in multiples to create long rails. Made in Vietnam.\n            </div>\n        \n\n        \n                                \n\n        \n        \n    </div>\n\n    <div class=\"pdp-summary-group-col-2 col-12 col-lg-5 offset-lg-1\">\n        <div class=\"table table-content summary-table\">\n            \n                \n                \n                    <dl>\n                        <dt>\n                            Brand\n                        </dt>\n                        <dd>\n                            <a href=\"/brands-carl-hansen-sn?lang=en_US\">Carl Hansen &amp; Søn</a>\n                        </dd>\n                    </dl>\n                \n            \n            \n            \n            \n                <dl>\n                    <dt>\n                        Collection\n                    </dt>\n                    <dd>\n                        <a href=\"/collection-deck?lang=en_US\">Deck Collection</a>\n                    </dd>\n                </dl>\n            \n\n            \n            \n                <dl>\n                    <dt>\n                        General Dimensions\n                    </dt>\n                    <dd>\n                        <ul class=\"unstyled summary-pdp-dimensions-list\">\n                            \n                                <li>\n                                    2½\" H 25¼\" W 4\" D\n                                </li>\n                            \n                        </ul>\n                    </dd>\n                </dl>\n            \n\n            \n            \n\n            \n            \n                <dl>\n                    <dt>\n                        Product Weight\n                    </dt>\n                    <dd class=\"summary-weight\">\n                        11.25 lbs\n                    </dd>\n                </dl>\n            \n\n            \n            <dl>\n                <dt>\n                    Assembly\n                </dt>\n                <dd>\n                    \n                        Comes fully assembled\n                    \n                </dd>\n            </dl>\n\n            \n            <dl>\n                <dt>\n                    Warranty\n                </dt>\n                <dd>\n                    \n                        1-year warranty<br>Terms and conditions apply. <a href=\"https://www.dwr.com/warranty.html\" target=\"_blank\">Learn more</a>\n                    \n                </dd>\n            </dl>\n\n            \n            \n\n            \n            \n\n            \n            \n        </div>\n    </div>\n</div>\n            </div>\n        ",
    "listSize": [
      {
        "size": "Long",
        "price": 3900000,
        "stock": 53
      },
      {
        "size": "Short",
        "price": 3900000,
        "stock": 78
      }
    ],
    "discountPercentage": 27,
    "thumbnail": "https://images.hermanmiller.group/m/6288f2bea10470a2/W-DWR_2526862_100204607_teak_f.png?trim=auto&trim-sd=1&blend-mode=darken&blend=f0f0f0&bg=f0f0f0&auto=format&w=90&h=auto&fit=fill",
    "images": [
      "https://images.hermanmiller.group/m/6288f2bea10470a2/W-DWR_2526862_100204607_teak_f.png?trim=auto&trim-sd=1&blend-mode=darken&blend=f0f0f0&bg=f0f0f0&auto=format&w=800&h=auto&fit=fill",
      "https://images.hermanmiller.group/m/de310ba23f92a144/W-DWR_2526860_100204604_teak_v1_001.png?trim=auto&trim-sd=1&bg=f0f0f0&auto=format&w=800&h=auto&fit=fill"
    ]
  },
  {
    "title": "Umanoff Planter",
    "product_category_id": "6814d400317d4948c7f2eac2",
    "description": "\n            <div class=\"collapse-body pdp-summary-group-body\">\n                \n<div class=\"row\">\n    <div class=\"pdp-summary-group-col-1 col-12 col-lg-5\">\n\n        \n        \n\n        \n        \n            <div class=\"mb-3\">\n                Late industrial designer Arthur Umanoff is known for his contribution to the midcentury modern movement. Umanoff operated on the principle that design should be beautiful but also attainable, and he frequently combined natural materials with modern modes of production to create pieces that embody his vision. Designed for indoor and outdoor use. Made in China.\n            </div>\n        \n\n        \n        \n            <ul class=\"bulleted mb-3\">\n                \n                    <li>\n                        Modern elevated planter.\n                    </li>\n                \n                    <li>\n                        Combines steel frame and handwoven rattan.\n                    </li>\n                \n                    <li>\n                        Choose from three sizes.\n                    </li>\n                \n            </ul>\n                                \n\n        \n        \n    </div>\n\n    <div class=\"pdp-summary-group-col-2 col-12 col-lg-5 offset-lg-1\">\n        <div class=\"table table-content summary-table\">\n            \n                \n                \n                    <dl>\n                        <dt>\n                            Brand\n                        </dt>\n                        <dd>\n                            <a href=\"/brands-audo-copenhagen?lang=en_US\">Audo Copenhagen</a>\n                        </dd>\n                    </dl>\n                \n            \n            \n            \n            \n\n            \n            \n                <dl>\n                    <dt>\n                        General Dimensions\n                    </dt>\n                    <dd>\n                        <ul class=\"unstyled summary-pdp-dimensions-list\">\n                            \n                                <li>\n                                    10⅝\" H 10⅝\" W 10⅝\" D\n                                </li>\n                            \n                        </ul>\n                    </dd>\n                </dl>\n            \n\n            \n            \n\n            \n            \n                <dl>\n                    <dt>\n                        Product Weight\n                    </dt>\n                    <dd class=\"summary-weight\">\n                        5.25 lbs\n                    </dd>\n                </dl>\n            \n\n            \n            <dl>\n                <dt>\n                    Assembly\n                </dt>\n                <dd>\n                    \n                        Comes fully assembled\n                    \n                </dd>\n            </dl>\n\n            \n            <dl>\n                <dt>\n                    Warranty\n                </dt>\n                <dd>\n                    \n                        1-year warranty<br>Terms and conditions apply. <a href=\"https://www.dwr.com/warranty.html\" target=\"_blank\">Learn more</a>\n                    \n                </dd>\n            </dl>\n\n            \n            \n\n            \n            \n\n            \n            \n        </div>\n    </div>\n</div>\n            </div>\n        ",
    "listSize": [
      {
        "size": "Small\n                                            \n\n\n\n\ndisable-danger",
        "price": 4810000,
        "stock": 90
      }
    ],
    "discountPercentage": 12,
    "thumbnail": "https://images.hermanmiller.group/m/94e09c0fd19fb691/W-DWR_2531586_100218365_small_a.png?trim=auto&trim-sd=1&blend-mode=darken&blend=f0f0f0&bg=f0f0f0&auto=format&w=90&h=auto&fit=fill",
    "images": [
      "https://images.hermanmiller.group/m/94e09c0fd19fb691/W-DWR_2531586_100218365_small_a.png?trim=auto&trim-sd=1&blend-mode=darken&blend=f0f0f0&bg=f0f0f0&auto=format&w=800&h=auto&fit=fill",
      "https://images.hermanmiller.group/m/c39f87b4d2d7cc61/W-DWR_SP23_EDITORIAL_CLEAR_OAK_048.png?trim=auto&trim-sd=1&bg=f0f0f0&auto=format&w=800&h=auto&fit=fill",
      "https://images.hermanmiller.group/m/272cc0f05aa1a349/W-DWR_SP23_EDITORIAL_CLEAR_OAK_135.png?trim=auto&trim-sd=1&bg=f0f0f0&auto=format&w=800&h=auto&fit=fill",
      "https://images.hermanmiller.group/m/eaa0146c1d66406c/W-DWR_2531586_100218365_all_d_v2.png?trim=auto&trim-sd=1&bg=f0f0f0&auto=format&w=800&h=auto&fit=fill",
      "https://images.hermanmiller.group/m/1504118393513f39/W-DWR_2531586_100218365_all_d.png?trim=auto&trim-sd=1&bg=f0f0f0&auto=format&w=800&h=auto&fit=fill",
      "https://images.hermanmiller.group/m/a8d4c97258b3a0dc/W-DWR_2531586_100218365_all_v1_001.png?trim=auto&trim-sd=1&bg=f0f0f0&auto=format&w=800&h=auto&fit=fill",
      "https://images.hermanmiller.group/m/22e94e594df44f28/W-DWR_2531586_100218365_all_v2_001.png?trim=auto&trim-sd=1&bg=f0f0f0&auto=format&w=800&h=auto&fit=fill"
    ]
  },
  {
    "title": "Bau Pot",
    "product_category_id": "6814d400317d4948c7f2eac2",
    "description": "\n            <div class=\"collapse-body pdp-summary-group-body\">\n                \n<div class=\"row\">\n    <div class=\"pdp-summary-group-col-1 col-12 col-lg-5\">\n\n        \n        \n\n        \n        \n            <div class=\"mb-3\">\n                Inspired by the uncluttered lines and industrial surfaces of Bauhaus architecture, the Bau Pot (2018) adds a sculptural modern twist to your porch or patio. This elevated pot brings attention to your beautiful blooms, and its corrugated steel construction makes it suitable for outdoor use. Drainage hole in the bottom of the pot. Made in China.\n            </div>\n        \n\n        \n        \n            <ul class=\"bulleted mb-3\">\n                \n                    <li>\n                        Pot is removable from base.\n                    </li>\n                \n                    <li>\n                        Interesting ribbed texture.\n                    </li>\n                \n                    <li>\n                        Weatherproof corrugated steel.\n                    </li>\n                \n                    <li>\n                        Drainage hole in bottom of pot.\n                    </li>\n                \n            </ul>\n                                \n\n        \n        \n    </div>\n\n    <div class=\"pdp-summary-group-col-2 col-12 col-lg-5 offset-lg-1\">\n        <div class=\"table table-content summary-table\">\n            \n                \n                \n                    <dl>\n                        <dt>\n                            Brand\n                        </dt>\n                        <dd>\n                            <a href=\"/brands-ferm-living?lang=en_US\">ferm LIVING</a>\n                        </dd>\n                    </dl>\n                \n            \n            \n            \n            \n\n            \n            \n                <dl>\n                    <dt>\n                        General Dimensions\n                    </dt>\n                    <dd>\n                        <ul class=\"unstyled summary-pdp-dimensions-list\">\n                            \n                                <li>\n                                    9½\" H 7⅛\" DIA\n                                </li>\n                            \n                        </ul>\n                    </dd>\n                </dl>\n            \n\n            \n            \n\n            \n            \n                <dl>\n                    <dt>\n                        Product Weight\n                    </dt>\n                    <dd class=\"summary-weight\">\n                        2 lbs\n                    </dd>\n                </dl>\n            \n\n            \n            <dl>\n                <dt>\n                    Assembly\n                </dt>\n                <dd>\n                    \n                        Comes fully assembled\n                    \n                </dd>\n            </dl>\n\n            \n            <dl>\n                <dt>\n                    Warranty\n                </dt>\n                <dd>\n                    \n                        1-year warranty<br>Terms and conditions apply. <a href=\"https://www.dwr.com/warranty.html\" target=\"_blank\">Learn more</a>\n                    \n                </dd>\n            </dl>\n\n            \n            \n\n            \n            \n\n            \n            \n        </div>\n    </div>\n</div>\n            </div>\n        ",
    "listSize": [
      {
        "size": "Small",
        "price": 2054000,
        "stock": 91
      },
      {
        "size": "Large",
        "price": 3094000,
        "stock": 85
      }
    ],
    "discountPercentage": 18,
    "thumbnail": "https://images.hermanmiller.group/m/072acd3f456c08c6/W-DWR_2536707_100269340_cashmere_f.png?trim=auto&trim-sd=1&blend-mode=darken&blend=f0f0f0&bg=f0f0f0&auto=format&w=90&h=auto&fit=fill",
    "images": [
      "https://images.hermanmiller.group/m/072acd3f456c08c6/W-DWR_2536707_100269340_cashmere_f.png?trim=auto&trim-sd=1&blend-mode=darken&blend=f0f0f0&bg=f0f0f0&auto=format&w=800&h=auto&fit=fill",
      "https://images.hermanmiller.group/m/8f51e37e804e82b4/W-DWR_2536707_100269341_black_v1.png?trim=auto&trim-sd=1&bg=f0f0f0&auto=format&w=800&h=auto&fit=fill",
      "https://images.hermanmiller.group/m/f4c316dfedacc8bf/W-DWR_2536707_100269340_cashmere_v3.png?trim=auto&trim-sd=1&bg=f0f0f0&auto=format&w=800&h=auto&fit=fill",
      "https://images.hermanmiller.group/m/ed3e104c30556375/W-DWR_2536707_100269340_cashmere_v2.png?trim=auto&trim-sd=1&bg=f0f0f0&auto=format&w=800&h=auto&fit=fill",
      "https://images.hermanmiller.group/m/3743ddcbeb50e5dc/W-DWR_2536707_100269340_cashmere_v1.png?trim=auto&trim-sd=1&bg=f0f0f0&auto=format&w=800&h=auto&fit=fill",
      "https://images.hermanmiller.group/m/52e8d6ff45a2858c/W-DWR_2536707_100269338_black_v2.png?trim=auto&trim-sd=1&bg=f0f0f0&auto=format&w=800&h=auto&fit=fill",
      "https://images.hermanmiller.group/m/18e6f99c1668e394/W-DWR_2536707_100269338_black_v1.png?trim=auto&trim-sd=1&bg=f0f0f0&auto=format&w=800&h=auto&fit=fill",
      "https://images.hermanmiller.group/m/eac2451373c2cf9a/W-DWR_2536707_100269337_cashmere_v1.png?trim=auto&trim-sd=1&bg=f0f0f0&auto=format&w=800&h=auto&fit=fill"
    ]
  }
]
