[
  {
    "title": "Eames Storage Unit",
    "product_category_id": "68142babd7e9c9a90236fde7",
    "description": "\n            <div class=\"collapse-body pdp-summary-group-body\">\n                \n<div class=\"row\">\n    <div class=\"pdp-summary-group-col-1 col-12 col-lg-5\">\n\n        \n        \n\n        \n        \n            <div class=\"mb-3\">\n                The innovative Eames Storage Unit (1950) was designed to be configured to fit a specific space or need. This original is an authentic, fully licensed product of Herman Miller, Inc. Eames is a licensed trademark of Herman Miller.\n            </div>\n        \n\n        \n        \n            <ul class=\"bulleted mb-3\">\n                \n                    <li>\n                        Modular modern storage solution.\n                    </li>\n                \n                    <li>\n                        Two color schemes.\n                    </li>\n                \n                    <li>\n                        Wood and steel.\n                    </li>\n                \n            </ul>\n                                \n\n        \n        \n    </div>\n\n    <div class=\"pdp-summary-group-col-2 col-12 col-lg-5 offset-lg-1\">\n        <div class=\"table table-content summary-table\">\n            \n                \n                \n                    <dl>\n                        <dt>\n                            Brand\n                        </dt>\n                        <dd>\n                            <a href=\"/brands-herman-miller?lang=en_US\">Herman Miller</a>\n                        </dd>\n                    </dl>\n                \n            \n            \n            \n            \n\n            \n            \n                <dl>\n                    <dt>\n                        General Dimensions\n                    </dt>\n                    <dd>\n                        <ul class=\"unstyled summary-pdp-dimensions-list\">\n                            \n                                <li>\n                                    58½\" H 47½\" W 16\" D\n                                </li>\n                            \n                        </ul>\n                    </dd>\n                </dl>\n            \n\n            \n            \n\n            \n            \n                <dl>\n                    <dt>\n                        Product Weight\n                    </dt>\n                    <dd class=\"summary-weight\">\n                        175 lbs\n                    </dd>\n                </dl>\n            \n\n            \n            <dl>\n                <dt>\n                    Assembly\n                </dt>\n                <dd>\n                    \n                        Comes fully assembled\n                    \n                </dd>\n            </dl>\n\n            \n            <dl>\n                <dt>\n                    Warranty\n                </dt>\n                <dd>\n                    \n                        5-year warranty<br>Terms and conditions apply. <a href=\"https://www.dwr.com/warranty.html\" target=\"_blank\">Learn more</a>\n                    \n                </dd>\n            </dl>\n\n            \n            \n\n            \n            \n\n            \n            \n        </div>\n    </div>\n</div>\n            </div>\n        ",
    "listSize": [
      {
        "size": "1x1",
        "price": 20670000,
        "stock": 88
      },
      {
        "size": "1x2",
        "price": 33670000,
        "stock": 57
      },
      {
        "size": "2x2",
        "price": 46670000,
        "stock": 64
      },
      {
        "size": "4x2",
        "price": 103870000,
        "stock": 81
      }
    ],
    "discountPercentage": 14,
    "thumbnail": "https://images.hermanmiller.group/m/4dc769c44330928b/W-HM_5280_194877_natural_a.png?trim=auto&trim-sd=1&blend-mode=darken&blend=f0f0f0&bg=f0f0f0&auto=format&w=90&h=auto&fit=fill",
    "images": [
      "https://images.hermanmiller.group/m/4dc769c44330928b/W-HM_5280_194877_natural_a.png?trim=auto&trim-sd=1&blend-mode=darken&blend=f0f0f0&bg=f0f0f0&auto=format&w=800&h=auto&fit=fill",
      "https://images.hermanmiller.group/m/4dc769c44330928b/W-HM_5280_194877_natural_a.png?trim=auto&trim-sd=1&blend-mode=darken&blend=f0f0f0&bg=f0f0f0&auto=format&w=800&h=auto&fit=fill",
      "https://images.hermanmiller.group/m/6c26881b07667d89/W-HM_5280_194877_natural_f.png?trim=auto&trim-sd=1&blend-mode=darken&blend=f0f0f0&bg=f0f0f0&auto=format&w=800&h=auto&fit=fill",
      "https://images.hermanmiller.group/m/17da3becfc8a4f1f/W-HM_5280_100074559_multi_black_v2_001.png?trim=auto&trim-sd=1&bg=f0f0f0&auto=format&w=800&h=auto&fit=fill",
      "https://images.hermanmiller.group/m/6e6dd4cb69be6a06/W-HM_5280_100074559_multi_black_v1_0298.png?trim=auto&trim-sd=1&bg=f0f0f0&auto=format&w=800&h=auto&fit=fill",
      "https://images.hermanmiller.group/m/7de9ed4e90da975b/W-HM_5667_537155_palisander_black_v3_0323.png?trim=auto&trim-sd=1&bg=f0f0f0&auto=format&w=800&h=auto&fit=fill",
      "https://images.hermanmiller.group/m/3132aad5de091db8/W-HM_5280_277310_multi_v2_001.png?trim=auto&trim-sd=1&bg=f0f0f0&auto=format&w=800&h=auto&fit=fill",
      "https://images.hermanmiller.group/m/95534d42a3b552c/W-HM_6230_103794_cherry_v2_013.png?trim=auto&trim-sd=1&bg=f0f0f0&auto=format&w=800&h=auto&fit=fill",
      "https://images.hermanmiller.group/m/8f6c1aaa37248440/W-HM_5280_294881_multi_zinc_plated_v1_001.png?trim=auto&trim-sd=1&bg=f0f0f0&auto=format&w=800&h=auto&fit=fill",
      "https://images.hermanmiller.group/m/9a6d05d6113e384e/W-HM_5280_294874_natural_zinc_v1_001.png?trim=auto&trim-sd=1&bg=f0f0f0&auto=format&w=800&h=auto&fit=fill",
      "https://images.hermanmiller.group/m/35bbd5ed05dc3617/W-LI_ESU_P_20031211_002.png?trim=auto&trim-sd=1&bg=f0f0f0&auto=format&w=800&h=auto&fit=fill",
      "https://images.hermanmiller.group/m/d3fdd2ce04144158/W-HM_5280_294867_natural_v1_001.png?trim=auto&trim-sd=1&bg=f0f0f0&auto=format&w=800&h=auto&fit=fill"
    ]
  },
  {
    "title": "Eames Storage Unit",
    "product_category_id": "68142babd7e9c9a90236fde7",
    "description": "\n            <div class=\"collapse-body pdp-summary-group-body\">\n                \n<div class=\"row\">\n    <div class=\"pdp-summary-group-col-1 col-12 col-lg-5\">\n\n        \n        \n\n        \n        \n            <div class=\"mb-3\">\n                The innovative Eames Storage Unit (1950) was designed to be configured to fit a specific space or need. This original is an authentic, fully licensed product of Herman Miller, Inc. Eames is a licensed trademark of Herman Miller.\n            </div>\n        \n\n        \n        \n            <ul class=\"bulleted mb-3\">\n                \n                    <li>\n                        Modular modern storage solution.\n                    </li>\n                \n                    <li>\n                        Two color schemes.\n                    </li>\n                \n                    <li>\n                        Wood and steel.\n                    </li>\n                \n            </ul>\n                                \n\n        \n        \n    </div>\n\n    <div class=\"pdp-summary-group-col-2 col-12 col-lg-5 offset-lg-1\">\n        <div class=\"table table-content summary-table\">\n            \n                \n                \n                    <dl>\n                        <dt>\n                            Brand\n                        </dt>\n                        <dd>\n                            <a href=\"/brands-herman-miller?lang=en_US\">Herman Miller</a>\n                        </dd>\n                    </dl>\n                \n            \n            \n            \n            \n\n            \n            \n                <dl>\n                    <dt>\n                        General Dimensions\n                    </dt>\n                    <dd>\n                        <ul class=\"unstyled summary-pdp-dimensions-list\">\n                            \n                                <li>\n                                    32½\" H 47\" W 16\" D\n                                </li>\n                            \n                        </ul>\n                    </dd>\n                </dl>\n            \n\n            \n            \n\n            \n            \n                <dl>\n                    <dt>\n                        Product Weight\n                    </dt>\n                    <dd class=\"summary-weight\">\n                        93 lbs\n                    </dd>\n                </dl>\n            \n\n            \n            <dl>\n                <dt>\n                    Assembly\n                </dt>\n                <dd>\n                    \n                        Comes fully assembled\n                    \n                </dd>\n            </dl>\n\n            \n            <dl>\n                <dt>\n                    Warranty\n                </dt>\n                <dd>\n                    \n                        5-year warranty<br>Terms and conditions apply. <a href=\"https://www.dwr.com/warranty.html\" target=\"_blank\">Learn more</a>\n                    \n                </dd>\n            </dl>\n\n            \n            \n\n            \n            \n\n            \n            \n        </div>\n    </div>\n</div>\n            </div>\n        ",
    "listSize": [
      {
        "size": "1x1",
        "price": 20670000,
        "stock": 53
      },
      {
        "size": "1x2",
        "price": 33670000,
        "stock": 71
      },
      {
        "size": "2x2",
        "price": 46670000,
        "stock": 97
      },
      {
        "size": "4x2",
        "price": 103870000,
        "stock": 87
      }
    ],
    "discountPercentage": 30,
    "thumbnail": "https://images.hermanmiller.group/m/89773dd79d032740/W-HM_5280_100074559_zinc_multi_a.png?trim=auto&trim-sd=1&blend-mode=darken&blend=f0f0f0&bg=f0f0f0&auto=format&w=90&h=auto&fit=fill",
    "images": [
      "https://images.hermanmiller.group/m/89773dd79d032740/W-HM_5280_100074559_zinc_multi_a.png?trim=auto&trim-sd=1&blend-mode=darken&blend=f0f0f0&bg=f0f0f0&auto=format&w=800&h=auto&fit=fill",
      "https://images.hermanmiller.group/m/ff31ab851509133d/W-HM_5280_277310_zinc_multi_a.png?trim=auto&trim-sd=1&blend-mode=darken&blend=f0f0f0&bg=f0f0f0&auto=format&w=800&h=auto&fit=fill",
      "https://images.hermanmiller.group/m/17da3becfc8a4f1f/W-HM_5280_100074559_multi_black_v2_001.png?trim=auto&trim-sd=1&bg=f0f0f0&auto=format&w=800&h=auto&fit=fill",
      "https://images.hermanmiller.group/m/6e6dd4cb69be6a06/W-HM_5280_100074559_multi_black_v1_0298.png?trim=auto&trim-sd=1&bg=f0f0f0&auto=format&w=800&h=auto&fit=fill",
      "https://images.hermanmiller.group/m/7de9ed4e90da975b/W-HM_5667_537155_palisander_black_v3_0323.png?trim=auto&trim-sd=1&bg=f0f0f0&auto=format&w=800&h=auto&fit=fill",
      "https://images.hermanmiller.group/m/3132aad5de091db8/W-HM_5280_277310_multi_v2_001.png?trim=auto&trim-sd=1&bg=f0f0f0&auto=format&w=800&h=auto&fit=fill",
      "https://images.hermanmiller.group/m/95534d42a3b552c/W-HM_6230_103794_cherry_v2_013.png?trim=auto&trim-sd=1&bg=f0f0f0&auto=format&w=800&h=auto&fit=fill",
      "https://images.hermanmiller.group/m/8f6c1aaa37248440/W-HM_5280_294881_multi_zinc_plated_v1_001.png?trim=auto&trim-sd=1&bg=f0f0f0&auto=format&w=800&h=auto&fit=fill",
      "https://images.hermanmiller.group/m/9a6d05d6113e384e/W-HM_5280_294874_natural_zinc_v1_001.png?trim=auto&trim-sd=1&bg=f0f0f0&auto=format&w=800&h=auto&fit=fill",
      "https://images.hermanmiller.group/m/35bbd5ed05dc3617/W-LI_ESU_P_20031211_002.png?trim=auto&trim-sd=1&bg=f0f0f0&auto=format&w=800&h=auto&fit=fill",
      "https://images.hermanmiller.group/m/d3fdd2ce04144158/W-HM_5280_294867_natural_v1_001.png?trim=auto&trim-sd=1&bg=f0f0f0&auto=format&w=800&h=auto&fit=fill"
    ]
  },
  {
    "title": "Eames Storage Unit",
    "product_category_id": "68142babd7e9c9a90236fde7",
    "description": "\n            <div class=\"collapse-body pdp-summary-group-body\">\n                \n<div class=\"row\">\n    <div class=\"pdp-summary-group-col-1 col-12 col-lg-5\">\n\n        \n        \n\n        \n        \n            <div class=\"mb-3\">\n                The innovative Eames Storage Unit (1950) was designed to be configured to fit a specific space or need. This original is an authentic, fully licensed product of Herman Miller, Inc. Eames is a licensed trademark of Herman Miller.\n            </div>\n        \n\n        \n        \n            <ul class=\"bulleted mb-3\">\n                \n                    <li>\n                        Modular modern storage solution.\n                    </li>\n                \n                    <li>\n                        Two color schemes.\n                    </li>\n                \n                    <li>\n                        Wood and steel.\n                    </li>\n                \n            </ul>\n                                \n\n        \n        \n    </div>\n\n    <div class=\"pdp-summary-group-col-2 col-12 col-lg-5 offset-lg-1\">\n        <div class=\"table table-content summary-table\">\n            \n                \n                \n                    <dl>\n                        <dt>\n                            Brand\n                        </dt>\n                        <dd>\n                            <a href=\"/brands-herman-miller?lang=en_US\">Herman Miller</a>\n                        </dd>\n                    </dl>\n                \n            \n            \n            \n            \n\n            \n            \n                <dl>\n                    <dt>\n                        General Dimensions\n                    </dt>\n                    <dd>\n                        <ul class=\"unstyled summary-pdp-dimensions-list\">\n                            \n                                <li>\n                                    20½\" H 47\" W 16\" D\n                                </li>\n                            \n                        </ul>\n                    </dd>\n                </dl>\n            \n\n            \n            \n\n            \n            \n                <dl>\n                    <dt>\n                        Product Weight\n                    </dt>\n                    <dd class=\"summary-weight\">\n                        75 lbs\n                    </dd>\n                </dl>\n            \n\n            \n            <dl>\n                <dt>\n                    Assembly\n                </dt>\n                <dd>\n                    \n                        Comes fully assembled\n                    \n                </dd>\n            </dl>\n\n            \n            <dl>\n                <dt>\n                    Warranty\n                </dt>\n                <dd>\n                    \n                        5-year warranty<br>Terms and conditions apply. <a href=\"https://www.dwr.com/warranty.html\" target=\"_blank\">Learn more</a>\n                    \n                </dd>\n            </dl>\n\n            \n            \n\n            \n            \n\n            \n            \n        </div>\n    </div>\n</div>\n            </div>\n        ",
    "listSize": [
      {
        "size": "1x1",
        "price": 20670000,
        "stock": 56
      },
      {
        "size": "1x2",
        "price": 33670000,
        "stock": 69
      },
      {
        "size": "2x2",
        "price": 46670000,
        "stock": 78
      },
      {
        "size": "4x2",
        "price": 103870000,
        "stock": 60
      }
    ],
    "discountPercentage": 25,
    "thumbnail": "https://images.hermanmiller.group/m/89773dd79d032740/W-HM_5280_100074559_zinc_multi_a.png?trim=auto&trim-sd=1&blend-mode=darken&blend=f0f0f0&bg=f0f0f0&auto=format&w=90&h=auto&fit=fill",
    "images": [
      "https://images.hermanmiller.group/m/89773dd79d032740/W-HM_5280_100074559_zinc_multi_a.png?trim=auto&trim-sd=1&blend-mode=darken&blend=f0f0f0&bg=f0f0f0&auto=format&w=800&h=auto&fit=fill",
      "https://images.hermanmiller.group/m/56343ca129d0a9c/W-HM_5280_100074720_Multi_f-jpg.png?trim=auto&trim-sd=1&blend-mode=darken&blend=f0f0f0&bg=f0f0f0&auto=format&w=800&h=auto&fit=fill",
      "https://images.hermanmiller.group/m/17da3becfc8a4f1f/W-HM_5280_100074559_multi_black_v2_001.png?trim=auto&trim-sd=1&bg=f0f0f0&auto=format&w=800&h=auto&fit=fill",
      "https://images.hermanmiller.group/m/6e6dd4cb69be6a06/W-HM_5280_100074559_multi_black_v1_0298.png?trim=auto&trim-sd=1&bg=f0f0f0&auto=format&w=800&h=auto&fit=fill",
      "https://images.hermanmiller.group/m/7de9ed4e90da975b/W-HM_5667_537155_palisander_black_v3_0323.png?trim=auto&trim-sd=1&bg=f0f0f0&auto=format&w=800&h=auto&fit=fill",
      "https://images.hermanmiller.group/m/3132aad5de091db8/W-HM_5280_277310_multi_v2_001.png?trim=auto&trim-sd=1&bg=f0f0f0&auto=format&w=800&h=auto&fit=fill",
      "https://images.hermanmiller.group/m/95534d42a3b552c/W-HM_6230_103794_cherry_v2_013.png?trim=auto&trim-sd=1&bg=f0f0f0&auto=format&w=800&h=auto&fit=fill",
      "https://images.hermanmiller.group/m/8f6c1aaa37248440/W-HM_5280_294881_multi_zinc_plated_v1_001.png?trim=auto&trim-sd=1&bg=f0f0f0&auto=format&w=800&h=auto&fit=fill",
      "https://images.hermanmiller.group/m/9a6d05d6113e384e/W-HM_5280_294874_natural_zinc_v1_001.png?trim=auto&trim-sd=1&bg=f0f0f0&auto=format&w=800&h=auto&fit=fill",
      "https://images.hermanmiller.group/m/35bbd5ed05dc3617/W-LI_ESU_P_20031211_002.png?trim=auto&trim-sd=1&bg=f0f0f0&auto=format&w=800&h=auto&fit=fill",
      "https://images.hermanmiller.group/m/d3fdd2ce04144158/W-HM_5280_294867_natural_v1_001.png?trim=auto&trim-sd=1&bg=f0f0f0&auto=format&w=800&h=auto&fit=fill"
    ]
  },
  {
    "title": "Eames Storage Unit",
    "product_category_id": "68142babd7e9c9a90236fde7",
    "description": "\n            <div class=\"collapse-body pdp-summary-group-body\">\n                \n<div class=\"row\">\n    <div class=\"pdp-summary-group-col-1 col-12 col-lg-5\">\n\n        \n        \n\n        \n        \n            <div class=\"mb-3\">\n                The innovative Eames Storage Unit (1950) was designed to be configured to fit a specific space or need. This original is an authentic, fully licensed product of Herman Miller, Inc. Eames is a licensed trademark of Herman Miller.\n            </div>\n        \n\n        \n        \n            <ul class=\"bulleted mb-3\">\n                \n                    <li>\n                        Modular modern storage solution.\n                    </li>\n                \n                    <li>\n                        Two color schemes.\n                    </li>\n                \n                    <li>\n                        Wood and steel.\n                    </li>\n                \n            </ul>\n                                \n\n        \n        \n    </div>\n\n    <div class=\"pdp-summary-group-col-2 col-12 col-lg-5 offset-lg-1\">\n        <div class=\"table table-content summary-table\">\n            \n                \n                \n                    <dl>\n                        <dt>\n                            Brand\n                        </dt>\n                        <dd>\n                            <a href=\"/brands-herman-miller?lang=en_US\">Herman Miller</a>\n                        </dd>\n                    </dl>\n                \n            \n            \n            \n            \n\n            \n            \n                <dl>\n                    <dt>\n                        General Dimensions\n                    </dt>\n                    <dd>\n                        <ul class=\"unstyled summary-pdp-dimensions-list\">\n                            \n                                <li>\n                                    20½\" H 24½\" W 16\" D\n                                </li>\n                            \n                        </ul>\n                    </dd>\n                </dl>\n            \n\n            \n            \n\n            \n            \n                <dl>\n                    <dt>\n                        Product Weight\n                    </dt>\n                    <dd class=\"summary-weight\">\n                        15 lbs\n                    </dd>\n                </dl>\n            \n\n            \n            <dl>\n                <dt>\n                    Assembly\n                </dt>\n                <dd>\n                    \n                        Comes fully assembled\n                    \n                </dd>\n            </dl>\n\n            \n            <dl>\n                <dt>\n                    Warranty\n                </dt>\n                <dd>\n                    \n                        5-year warranty<br>Terms and conditions apply. <a href=\"https://www.dwr.com/warranty.html\" target=\"_blank\">Learn more</a>\n                    \n                </dd>\n            </dl>\n\n            \n            \n\n            \n            \n\n            \n            \n        </div>\n    </div>\n</div>\n            </div>\n        ",
    "listSize": [
      {
        "size": "1x1",
        "price": 20670000,
        "stock": 70
      },
      {
        "size": "1x2",
        "price": 33670000,
        "stock": 89
      },
      {
        "size": "2x2",
        "price": 46670000,
        "stock": 50
      },
      {
        "size": "4x2",
        "price": 103870000,
        "stock": 99
      }
    ],
    "discountPercentage": 25,
    "thumbnail": "https://images.hermanmiller.group/m/89773dd79d032740/W-HM_5280_100074559_zinc_multi_a.png?trim=auto&trim-sd=1&blend-mode=darken&blend=f0f0f0&bg=f0f0f0&auto=format&w=90&h=auto&fit=fill",
    "images": [
      "https://images.hermanmiller.group/m/89773dd79d032740/W-HM_5280_100074559_zinc_multi_a.png?trim=auto&trim-sd=1&blend-mode=darken&blend=f0f0f0&bg=f0f0f0&auto=format&w=800&h=auto&fit=fill",
      "https://images.hermanmiller.group/m/10ca1f6566dc60af/W-HM_5280_100074553_Multi_f-jpg.png?trim=auto&trim-sd=1&blend-mode=darken&blend=f0f0f0&bg=f0f0f0&auto=format&w=800&h=auto&fit=fill",
      "https://images.hermanmiller.group/m/17da3becfc8a4f1f/W-HM_5280_100074559_multi_black_v2_001.png?trim=auto&trim-sd=1&bg=f0f0f0&auto=format&w=800&h=auto&fit=fill",
      "https://images.hermanmiller.group/m/6e6dd4cb69be6a06/W-HM_5280_100074559_multi_black_v1_0298.png?trim=auto&trim-sd=1&bg=f0f0f0&auto=format&w=800&h=auto&fit=fill",
      "https://images.hermanmiller.group/m/7de9ed4e90da975b/W-HM_5667_537155_palisander_black_v3_0323.png?trim=auto&trim-sd=1&bg=f0f0f0&auto=format&w=800&h=auto&fit=fill",
      "https://images.hermanmiller.group/m/3132aad5de091db8/W-HM_5280_277310_multi_v2_001.png?trim=auto&trim-sd=1&bg=f0f0f0&auto=format&w=800&h=auto&fit=fill",
      "https://images.hermanmiller.group/m/95534d42a3b552c/W-HM_6230_103794_cherry_v2_013.png?trim=auto&trim-sd=1&bg=f0f0f0&auto=format&w=800&h=auto&fit=fill",
      "https://images.hermanmiller.group/m/8f6c1aaa37248440/W-HM_5280_294881_multi_zinc_plated_v1_001.png?trim=auto&trim-sd=1&bg=f0f0f0&auto=format&w=800&h=auto&fit=fill",
      "https://images.hermanmiller.group/m/9a6d05d6113e384e/W-HM_5280_294874_natural_zinc_v1_001.png?trim=auto&trim-sd=1&bg=f0f0f0&auto=format&w=800&h=auto&fit=fill",
      "https://images.hermanmiller.group/m/35bbd5ed05dc3617/W-LI_ESU_P_20031211_002.png?trim=auto&trim-sd=1&bg=f0f0f0&auto=format&w=800&h=auto&fit=fill",
      "https://images.hermanmiller.group/m/d3fdd2ce04144158/W-HM_5280_294867_natural_v1_001.png?trim=auto&trim-sd=1&bg=f0f0f0&auto=format&w=800&h=auto&fit=fill"
    ]
  },
  {
    "title": "Story Bookcase",
    "product_category_id": "68142babd7e9c9a90236fde7",
    "description": "\n            <div class=\"collapse-body pdp-summary-group-body\">\n                \n<div class=\"row\">\n    <div class=\"pdp-summary-group-col-1 col-12 col-lg-5\">\n\n        \n        \n\n        \n        \n            <div class=\"mb-3\">\n                Book storage is difficult in small spaces. With a small footprint, and discreet frame, Story Bookcase was designed to make the most of your space and show off books and other collectibles. “We simply want to create things people won’t get rid of,” says Story designer Chen-Yen. In creating the Story Bookcase (2017), they brought a new twist to vertical book storage. Story allows you to shift and rotate the shelves to suit your space's needs. Made in China.<br><br>Be creative with your story.<br>The Story Bookcase and the Story Planter are built on the same stem. If you purchase both a bookcase and a planter, you can mix and match shelves and bowls to create literary gardens and libraries that grow. Simple assembly required; ships in multiple boxes for easy handling.\n            </div>\n        \n\n        \n        \n            <ul class=\"bulleted mb-3\">\n                \n                    <li>\n                        Space-saving compact footprint saves valuable room.\n                    </li>\n                \n                    <li>\n                        Also great for holding towels or displaying collectibles.\n                    </li>\n                \n                    <li>\n                        Shelves can be rotated to the front or side.\n                    </li>\n                \n                    <li>\n                        7-pound weight limit per shelf.\n                    </li>\n                \n                    <li>\n                        Wall anchoring hardware and safety strap included.\n                    </li>\n                \n                    <li>\n                        Simple assembly required.\n                    </li>\n                \n            </ul>\n                                \n\n        \n        \n    </div>\n\n    <div class=\"pdp-summary-group-col-2 col-12 col-lg-5 offset-lg-1\">\n        <div class=\"table table-content summary-table\">\n            \n                \n                \n                    <dl>\n                        <dt>\n                            Brand\n                        </dt>\n                        <dd>\n                            <a href=\"/brands-design-within-reach?lang=en_US\">Design Within Reach</a>\n                        </dd>\n                    </dl>\n                \n            \n            \n            \n            \n                <dl>\n                    <dt>\n                        Collection\n                    </dt>\n                    <dd>\n                        <a href=\"/collection-story?lang=en_US\">Story Collection</a>\n                    </dd>\n                </dl>\n            \n\n            \n            \n                <dl>\n                    <dt>\n                        General Dimensions\n                    </dt>\n                    <dd>\n                        <ul class=\"unstyled summary-pdp-dimensions-list\">\n                            \n                                <li>\n                                    62½\" H 15¾\" W 15¾\" D\n                                </li>\n                            \n                        </ul>\n                    </dd>\n                </dl>\n            \n\n            \n            \n\n            \n            \n                <dl>\n                    <dt>\n                        Product Weight\n                    </dt>\n                    <dd class=\"summary-weight\">\n                        47.25 lbs\n                    </dd>\n                </dl>\n            \n\n            \n            <dl>\n                <dt>\n                    Assembly\n                </dt>\n                <dd>\n                    \n                        Requires Assembly\n                    \n                </dd>\n            </dl>\n\n            \n            <dl>\n                <dt>\n                    Warranty\n                </dt>\n                <dd>\n                    \n                        2-year warranty<br>Terms and conditions apply. <a href=\"https://www.dwr.com/warranty.html\" target=\"_blank\">Learn more</a>\n                    \n                </dd>\n            </dl>\n\n            \n            \n\n            \n            \n\n            \n            \n        </div>\n    </div>\n</div>\n            </div>\n        ",
    "listSize": [
      {
        "size": "Standard",
        "price": 10270000,
        "stock": 59
      },
      {
        "size": "Tall",
        "price": 12870000,
        "stock": 69
      }
    ],
    "discountPercentage": 11,
    "thumbnail": "https://images.hermanmiller.group/m/7c414daec598961b/W-DWR_2197172_100087334_coal_f.png?trim=auto&trim-sd=1&blend-mode=darken&blend=f0f0f0&bg=f0f0f0&auto=format&w=90&h=auto&fit=fill",
    "images": [
      "https://images.hermanmiller.group/m/7c414daec598961b/W-DWR_2197172_100087334_coal_f.png?trim=auto&trim-sd=1&blend-mode=darken&blend=f0f0f0&bg=f0f0f0&auto=format&w=800&h=auto&fit=fill",
      "https://images.hermanmiller.group/m/20e4afa35bb48a2b/W-DWR_2197172_100087320_coal_f.png?trim=auto&trim-sd=1&blend-mode=darken&blend=f0f0f0&bg=f0f0f0&auto=format&w=800&h=auto&fit=fill",
      "https://images.hermanmiller.group/m/859a82d4db64b719/W-DWR_2197172_100087320_coal_a.png?trim=auto&trim-sd=1&blend-mode=darken&blend=f0f0f0&bg=f0f0f0&auto=format&w=800&h=auto&fit=fill",
      "https://images.hermanmiller.group/m/5343a20f6e2481bf/W-DWR_2197172_100087334_coal_a.png?trim=auto&trim-sd=1&blend-mode=darken&blend=f0f0f0&bg=f0f0f0&auto=format&w=800&h=auto&fit=fill",
      "https://images.hermanmiller.group/m/a467779c85668257/W-DWR_2197172_100087320_coal_p.png?trim=auto&trim-sd=1&blend-mode=darken&blend=f0f0f0&bg=f0f0f0&auto=format&w=800&h=auto&fit=fill",
      "https://images.hermanmiller.group/m/620edea8f6e1f6d0/W-DWR_2197172_100087334_coal_p.png?trim=auto&trim-sd=1&blend-mode=darken&blend=f0f0f0&bg=f0f0f0&auto=format&w=800&h=auto&fit=fill",
      "https://images.hermanmiller.group/m/a7e0479d47d5c86c/W-DWR_2197172_100087320_coal_b.png?trim=auto&trim-sd=1&blend-mode=darken&blend=f0f0f0&bg=f0f0f0&auto=format&w=800&h=auto&fit=fill",
      "https://images.hermanmiller.group/m/5096dc5e7c0956d4/W-DWR_2197172_100087334_coal_d2.png?trim=auto&trim-sd=1&blend-mode=darken&blend=f0f0f0&bg=f0f0f0&auto=format&w=800&h=auto&fit=fill",
      "https://images.hermanmiller.group/m/c39cda14e1170c73/W-DWR_2197172_100087334_coal_d.png?trim=auto&trim-sd=1&blend-mode=darken&blend=f0f0f0&bg=f0f0f0&auto=format&w=800&h=auto&fit=fill",
      "https://images.hermanmiller.group/m/1ecb4d25540867da/W-DWR_2197172_100503552_neptune_v1_008.png?trim=auto&trim-sd=1&bg=f0f0f0&auto=format&w=800&h=auto&fit=fill",
      "https://images.hermanmiller.group/m/27f30d5c7d8c7f24/W-DWR_2197172_100503553_sesame_v1_004_4x5.png?trim=auto&trim-sd=1&bg=f0f0f0&auto=format&w=800&h=auto&fit=fill",
      "https://images.hermanmiller.group/m/41d4ef46dc59759a/W-DWR_2541515_100298928_pure_white_v1_001.png?trim=auto&trim-sd=1&bg=f0f0f0&auto=format&w=800&h=auto&fit=fill",
      "https://images.hermanmiller.group/m/67a16f97673e6272/W-DWR_2197172_100087334_coal_v.png?trim=auto&trim-sd=1&bg=f0f0f0&auto=format&w=800&h=auto&fit=fill",
      "https://images.hermanmiller.group/m/40a77f1925b7eda8/W-DWR_6241_104609_fin_v1_001.png?trim=auto&trim-sd=1&bg=f0f0f0&auto=format&w=800&h=auto&fit=fill",
      "https://images.hermanmiller.group/m/c60448f1b5c11320/W-HM_1022_485609_walnut_chrome_v3_001.png?trim=auto&trim-sd=1&bg=f0f0f0&auto=format&w=800&h=auto&fit=fill",
      "https://images.hermanmiller.group/m/665d2adc403b4088/W-DWR_2197172_100087331_white_v4_001.png?trim=auto&trim-sd=1&bg=f0f0f0&auto=format&w=800&h=auto&fit=fill",
      "https://images.hermanmiller.group/m/1cc9b21c6ef5c172/W-HM_Social_670_v1_024.png?trim=auto&trim-sd=1&bg=f0f0f0&auto=format&w=800&h=auto&fit=fill",
      "https://images.hermanmiller.group/m/7c353b40a73be98/W-HM_2524143_100194907_white_ash_white_v1_027.png?trim=auto&trim-sd=1&bg=f0f0f0&auto=format&w=800&h=auto&fit=fill",
      "https://images.hermanmiller.group/m/6649dca510d6aa8c/W-DWR_2197172_100168598_pineapple_v1_001.png?trim=auto&trim-sd=1&bg=f0f0f0&auto=format&w=800&h=auto&fit=fill",
      "https://images.hermanmiller.group/m/f035ba1ccf7382d2/W-DWR_2197172_100087334_coal_v1_001.png?trim=auto&trim-sd=1&bg=f0f0f0&auto=format&w=800&h=auto&fit=fill"
    ]
  },
  {
    "title": "Panton Wire Shelving",
    "product_category_id": "68142babd7e9c9a90236fde7",
    "description": "\n            <div class=\"collapse-body pdp-summary-group-body\">\n                \n<div class=\"row\">\n    <div class=\"pdp-summary-group-col-1 col-12 col-lg-5\">\n\n        \n        \n\n        \n        \n            <div class=\"mb-3\">\n                Designed by Danish master Verner Panton, the Panton Wire Shelving (1971) is a timeless, adaptable system that meets a range of needs: Bookshelf, wall-mounted shelving, or room divider. The suspended wire shelves are made from sturdy lacquered steel. Choose from two combinations, low or high, with the option of an elegant marble top plate for even more shelf space. “The main purpose of my work is to provoke people into using their imagination and make their surroundings more exciting,” said Panton, and his shelving system brings this purpose to life. Use it in the living room to store books, display magazines, showcase objects, or house electronics. Made in Denmark.\n            </div>\n        \n\n        \n        \n            <ul class=\"bulleted mb-3\">\n                \n                    <li>\n                        Timeless, adaptable shelving system by legendary Danish designer Verner Panton.\n                    </li>\n                \n                    <li>\n                        Use as a bookshelf, wall-mounted shelving, or to divide a room.\n                    </li>\n                \n                    <li>\n                        Choose from two combinations, low or high.\n                    </li>\n                \n                    <li>\n                        Optional top plate in black marble.\n                    </li>\n                \n            </ul>\n                                \n\n        \n        \n    </div>\n\n    <div class=\"pdp-summary-group-col-2 col-12 col-lg-5 offset-lg-1\">\n        <div class=\"table table-content summary-table\">\n            \n                \n                \n                    <dl>\n                        <dt>\n                            Brand\n                        </dt>\n                        <dd>\n                            <a href=\"/brands-montana-furniture?lang=en_US\">Montana Furniture</a>\n                        </dd>\n                    </dl>\n                \n            \n            \n            \n            \n\n            \n            \n                <dl>\n                    <dt>\n                        General Dimensions\n                    </dt>\n                    <dd>\n                        <ul class=\"unstyled summary-pdp-dimensions-list\">\n                            \n                                <li>\n                                    40¾\" H 41¼\" W 13⅝\" D\n                                </li>\n                            \n                        </ul>\n                    </dd>\n                </dl>\n            \n\n            \n            \n\n            \n            \n                <dl>\n                    <dt>\n                        Product Weight\n                    </dt>\n                    <dd class=\"summary-weight\">\n                        56.25 lbs\n                    </dd>\n                </dl>\n            \n\n            \n            <dl>\n                <dt>\n                    Assembly\n                </dt>\n                <dd>\n                    \n                        Requires Assembly\n                    \n                </dd>\n            </dl>\n\n            \n            <dl>\n                <dt>\n                    Warranty\n                </dt>\n                <dd>\n                    \n                        <div class=\"mb-2\">DWR honors a one (1) year warranty on all products. Brand-specific warranties may extend to longer periods.</div>\n                    \n                </dd>\n            </dl>\n\n            \n            \n\n            \n            \n\n            \n            \n        </div>\n    </div>\n</div>\n            </div>\n        ",
    "listSize": [
      {
        "size": "Low",
        "price": 49270000,
        "stock": 97
      },
      {
        "size": "High",
        "price": 54470000,
        "stock": 73
      }
    ],
    "discountPercentage": 14,
    "thumbnail": "https://images.hermanmiller.group/asset/14a9bbcb-05a1-4f3a-be4e-f39f5fb7fdf6/W/DWR_2589116_100644594_chrome_black_marble_a.png?trim=auto&trim-sd=1&blend-mode=darken&blend=f0f0f0&bg=f0f0f0&auto=format&w=90&h=auto&fit=fill",
    "images": [
      "https://images.hermanmiller.group/asset/14a9bbcb-05a1-4f3a-be4e-f39f5fb7fdf6/W/DWR_2589116_100644594_chrome_black_marble_a.png?trim=auto&trim-sd=1&blend-mode=darken&blend=f0f0f0&bg=f0f0f0&auto=format&w=800&h=auto&fit=fill",
      "https://images.hermanmiller.group/asset/8fdffed1-8390-45f3-b231-7c7f7af24468/W/DWR_2589116_100644593_black_marble_chrome_d.png?trim=auto&trim-sd=1&bg=f0f0f0&auto=format&w=800&h=auto&fit=fill",
      "https://images.hermanmiller.group/asset/c422872b-b52c-44fc-838f-7f399f760d88/W/DWR_2589116_100644593_chrome_black_marble_v1_001.png?trim=auto&trim-sd=1&bg=f0f0f0&auto=format&w=800&h=auto&fit=fill",
      "https://images.hermanmiller.group/m/5d48e7d076345db9/W-DWR_2589116_100644593_chrome_black_marble_v2_002.png?trim=auto&trim-sd=1&bg=f0f0f0&auto=format&w=800&h=auto&fit=fill",
      "https://images.hermanmiller.group/m/713f1bb46e7b1a03/W-DWR_2589116_100644593_chrome_black_marble_v2_001.png?trim=auto&trim-sd=1&bg=f0f0f0&auto=format&w=800&h=auto&fit=fill"
    ]
  },
  {
    "title": "Panton Wire Shelving",
    "product_category_id": "68142babd7e9c9a90236fde7",
    "description": "\n            <div class=\"collapse-body pdp-summary-group-body\">\n                \n<div class=\"row\">\n    <div class=\"pdp-summary-group-col-1 col-12 col-lg-5\">\n\n        \n        \n\n        \n        \n            <div class=\"mb-3\">\n                Designed by Danish master Verner Panton, the Panton Wire Shelving (1971) is a timeless, adaptable system that meets a range of needs: Bookshelf, wall-mounted shelving, or room divider. The suspended wire shelves are made from sturdy lacquered steel. Choose from two combinations, low or high, with the option of an elegant marble top plate for even more shelf space. “The main purpose of my work is to provoke people into using their imagination and make their surroundings more exciting,” said Panton, and his shelving system brings this purpose to life. Use it in the living room to store books, display magazines, showcase objects, or house electronics. Made in Denmark.\n            </div>\n        \n\n        \n        \n            <ul class=\"bulleted mb-3\">\n                \n                    <li>\n                        Timeless, adaptable shelving system by legendary Danish designer Verner Panton.\n                    </li>\n                \n                    <li>\n                        Use as a bookshelf, wall-mounted shelving, or to divide a room.\n                    </li>\n                \n                    <li>\n                        Choose from two combinations, low or high.\n                    </li>\n                \n                    <li>\n                        Optional top plate in black marble.\n                    </li>\n                \n            </ul>\n                                \n\n        \n        \n    </div>\n\n    <div class=\"pdp-summary-group-col-2 col-12 col-lg-5 offset-lg-1\">\n        <div class=\"table table-content summary-table\">\n            \n                \n                \n                    <dl>\n                        <dt>\n                            Brand\n                        </dt>\n                        <dd>\n                            <a href=\"/brands-montana-furniture?lang=en_US\">Montana Furniture</a>\n                        </dd>\n                    </dl>\n                \n            \n            \n            \n            \n\n            \n            \n                <dl>\n                    <dt>\n                        General Dimensions\n                    </dt>\n                    <dd>\n                        <ul class=\"unstyled summary-pdp-dimensions-list\">\n                            \n                                <li>\n                                    54⅜\" H 27⅝\" W 13¾\" D\n                                </li>\n                            \n                        </ul>\n                    </dd>\n                </dl>\n            \n\n            \n            \n\n            \n            \n                <dl>\n                    <dt>\n                        Product Weight\n                    </dt>\n                    <dd class=\"summary-weight\">\n                        67.5 lbs\n                    </dd>\n                </dl>\n            \n\n            \n            <dl>\n                <dt>\n                    Assembly\n                </dt>\n                <dd>\n                    \n                        Requires Assembly\n                    \n                </dd>\n            </dl>\n\n            \n            <dl>\n                <dt>\n                    Warranty\n                </dt>\n                <dd>\n                    \n                        <div class=\"mb-2\">DWR honors a one (1) year warranty on all products. Brand-specific warranties may extend to longer periods.</div>\n                    \n                </dd>\n            </dl>\n\n            \n            \n\n            \n            \n\n            \n            \n        </div>\n    </div>\n</div>\n            </div>\n        ",
    "listSize": [
      {
        "size": "Low",
        "price": 49270000,
        "stock": 59
      },
      {
        "size": "High",
        "price": 54470000,
        "stock": 68
      }
    ],
    "discountPercentage": 27,
    "thumbnail": "https://images.hermanmiller.group/asset/204686c5-03d4-4c20-8339-dc93e6c399da/W/DWR_2589116_100640874_chrome_a.png?trim=auto&trim-sd=1&blend-mode=darken&blend=f0f0f0&bg=f0f0f0&auto=format&w=90&h=auto&fit=fill",
    "images": [
      "https://images.hermanmiller.group/asset/204686c5-03d4-4c20-8339-dc93e6c399da/W/DWR_2589116_100640874_chrome_a.png?trim=auto&trim-sd=1&blend-mode=darken&blend=f0f0f0&bg=f0f0f0&auto=format&w=800&h=auto&fit=fill",
      "https://images.hermanmiller.group/asset/8fdffed1-8390-45f3-b231-7c7f7af24468/W/DWR_2589116_100644593_black_marble_chrome_d.png?trim=auto&trim-sd=1&bg=f0f0f0&auto=format&w=800&h=auto&fit=fill",
      "https://images.hermanmiller.group/asset/c422872b-b52c-44fc-838f-7f399f760d88/W/DWR_2589116_100644593_chrome_black_marble_v1_001.png?trim=auto&trim-sd=1&bg=f0f0f0&auto=format&w=800&h=auto&fit=fill",
      "https://images.hermanmiller.group/m/5d48e7d076345db9/W-DWR_2589116_100644593_chrome_black_marble_v2_002.png?trim=auto&trim-sd=1&bg=f0f0f0&auto=format&w=800&h=auto&fit=fill",
      "https://images.hermanmiller.group/m/713f1bb46e7b1a03/W-DWR_2589116_100644593_chrome_black_marble_v2_001.png?trim=auto&trim-sd=1&bg=f0f0f0&auto=format&w=800&h=auto&fit=fill"
    ]
  },
  {
    "title": "Nuage Shelving",
    "product_category_id": "68142babd7e9c9a90236fde7",
    "description": "\n            <div class=\"collapse-body pdp-summary-group-body\">\n                \n<div class=\"row\">\n    <div class=\"pdp-summary-group-col-1 col-12 col-lg-5\">\n\n        \n        \n\n        \n        \n            <div class=\"mb-3\">\n                Relaunched by Cassina in 2012, Charlotte Perriand’s Nuage Shelving (1940) has a playful versatility that knows no bounds. On its own or combined, the design can serve as shelves, sideboards, storage cabinets, a double-sided or wall bookcase, or free-standing units that divide a room. A solid oak frame supports painted-oak shelves with a low-gloss finish. Aluminum sliding doors and vertical partitions add a utilitarian touch to its profile. Nuage’s varying combinations of modules create visual interplays in space, enhancing the objects it holds and lending beauty and character to living and working environments. Made in Italy.\n            </div>\n        \n\n        \n        \n            <ul class=\"bulleted mb-3\">\n                \n                    <li>\n                        Original shelving by pioneering French architect and designer Charlotte Perriand.\n                    </li>\n                \n                    <li>\n                        Versatile and playful; use as shelves, a sideboard, storage cabinets, a bookcase, or a room divider.\n                    </li>\n                \n                    <li>\n                        Visual interplay between modules enhances the objects Nuage holds.\n                    </li>\n                \n            </ul>\n                                \n\n        \n        \n    </div>\n\n    <div class=\"pdp-summary-group-col-2 col-12 col-lg-5 offset-lg-1\">\n        <div class=\"table table-content summary-table\">\n            \n                \n                \n                    <dl>\n                        <dt>\n                            Brand\n                        </dt>\n                        <dd>\n                            <a href=\"/brands-cassina?lang=en_US\">Cassina</a>\n                        </dd>\n                    </dl>\n                \n            \n            \n            \n            \n\n            \n            \n                <dl>\n                    <dt>\n                        General Dimensions\n                    </dt>\n                    <dd>\n                        <ul class=\"unstyled summary-pdp-dimensions-list\">\n                            \n                                <li>\n                                    71¾\" H 115\" W 19\" D\n                                </li>\n                            \n                        </ul>\n                    </dd>\n                </dl>\n            \n\n            \n            \n\n            \n            \n                <dl>\n                    <dt>\n                        Product Weight\n                    </dt>\n                    <dd class=\"summary-weight\">\n                        203 lbs\n                    </dd>\n                </dl>\n            \n\n            \n            <dl>\n                <dt>\n                    Assembly\n                </dt>\n                <dd>\n                    \n                        Requires Assembly\n                    \n                </dd>\n            </dl>\n\n            \n            <dl>\n                <dt>\n                    Warranty\n                </dt>\n                <dd>\n                    \n                        1-year warranty<br>Terms and conditions apply. <a href=\"https://www.dwr.com/warranty.html\" target=\"_blank\">Learn more</a>\n                    \n                </dd>\n            </dl>\n\n            \n            \n\n            \n            \n\n            \n            \n        </div>\n    </div>\n</div>\n            </div>\n        ",
    "listSize": [
      {
        "size": "Large\n                                            \n\n\n\n\ndisable-danger",
        "price": 737620000,
        "stock": 86
      }
    ],
    "discountPercentage": 27,
    "thumbnail": "https://images.hermanmiller.group/asset/1d57dc9d-fb2a-45f1-a7c4-59f4284fa8d7/W/DWR_2583791_100585816_multi_f.png?trim=auto&trim-sd=1&blend-mode=darken&blend=f0f0f0&bg=f0f0f0&auto=format&w=90&h=auto&fit=fill",
    "images": [
      "https://images.hermanmiller.group/asset/1d57dc9d-fb2a-45f1-a7c4-59f4284fa8d7/W/DWR_2583791_100585816_multi_f.png?trim=auto&trim-sd=1&blend-mode=darken&blend=f0f0f0&bg=f0f0f0&auto=format&w=800&h=auto&fit=fill",
      "https://images.hermanmiller.group/asset/7aa61d7e-e37c-4912-b7ee-3b3ebaf03d1e/W/DWR_2583791_100585816_multi_a.png?trim=auto&trim-sd=1&blend-mode=darken&blend=f0f0f0&bg=f0f0f0&auto=format&w=800&h=auto&fit=fill",
      "https://images.hermanmiller.group/asset/11d7b778-0472-4b9c-872f-742a546877d7/W/DWR_2583791_100585816_multi_d4.png?trim=auto&trim-sd=1&blend-mode=darken&blend=f0f0f0&bg=f0f0f0&auto=format&w=800&h=auto&fit=fill",
      "https://images.hermanmiller.group/asset/823d7c41-b041-44cd-a5d7-308a3473239d/W/DWR_2583791_100585816_multi_d5.png?trim=auto&trim-sd=1&blend-mode=darken&blend=f0f0f0&bg=f0f0f0&auto=format&w=800&h=auto&fit=fill",
      "https://images.hermanmiller.group/asset/d2010bea-cebf-4ff9-9fad-5794bcbeef78/W/DWR_2583791_100585816_multi_d3.png?trim=auto&trim-sd=1&blend-mode=darken&blend=f0f0f0&bg=f0f0f0&auto=format&w=800&h=auto&fit=fill",
      "https://images.hermanmiller.group/asset/e3d11d76-ca87-4398-b033-1901bd580e23/W/DWR_2583791_100585816_multi_d2.png?trim=auto&trim-sd=1&blend-mode=darken&blend=f0f0f0&bg=f0f0f0&auto=format&w=800&h=auto&fit=fill",
      "https://images.hermanmiller.group/asset/690967cb-3846-465c-834a-0ce5843ba8cf/W/DWR_2583791_100585816_multi_d6.png?trim=auto&trim-sd=1&blend-mode=darken&blend=f0f0f0&bg=f0f0f0&auto=format&w=800&h=auto&fit=fill",
      "https://images.hermanmiller.group/asset/6f4fef8e-a3ef-4c7a-a40e-6752b316a98d/W/DWR_2583791_100585816_multi_p.png?trim=auto&trim-sd=1&blend-mode=darken&blend=f0f0f0&bg=f0f0f0&auto=format&w=800&h=auto&fit=fill",
      "https://images.hermanmiller.group/asset/3b1cdea3-042d-4d10-a279-eee5996fc81b/W/DWR_2583791_100585816_multi_b.png?trim=auto&trim-sd=1&blend-mode=darken&blend=f0f0f0&bg=f0f0f0&auto=format&w=800&h=auto&fit=fill",
      "https://images.hermanmiller.group/asset/01a6ada6-60f2-4f10-a52f-bc639fb20cbb/W/DWR_2583791_100585816_oak_multi_v1_0208.png?trim=auto&trim-sd=1&bg=f0f0f0&auto=format&w=800&h=auto&fit=fill",
      "https://images.hermanmiller.group/asset/9297686b-8cbc-4d81-820b-12050283c900/W/DWR_2583791_100585816_oak_multi_v3_0246_primary_4x5.png?trim=auto&trim-sd=1&bg=f0f0f0&auto=format&w=800&h=auto&fit=fill"
    ]
  },
  {
    "title": "Story Bookcase",
    "product_category_id": "68142babd7e9c9a90236fde7",
    "description": "\n            <div class=\"collapse-body pdp-summary-group-body\">\n                \n<div class=\"row\">\n    <div class=\"pdp-summary-group-col-1 col-12 col-lg-5\">\n\n        \n        \n\n        \n        \n            <div class=\"mb-3\">\n                Book storage is difficult in small spaces. With a small footprint, and discreet frame, Story Bookcase was designed to make the most of your space and show off books and other collectibles. “We simply want to create things people won’t get rid of,” says Story designer Chen-Yen. In creating the Story Bookcase (2017), they brought a new twist to vertical book storage. Story allows you to shift and rotate the shelves to suit your space's needs. Made in China.<br><br>Be creative with your story.<br>The Story Bookcase and the Story Planter are built on the same stem. If you purchase both a bookcase and a planter, you can mix and match shelves and bowls to create literary gardens and libraries that grow. Simple assembly required; ships in multiple boxes for easy handling.\n            </div>\n        \n\n        \n        \n            <ul class=\"bulleted mb-3\">\n                \n                    <li>\n                        Space-saving compact footprint saves valuable room.\n                    </li>\n                \n                    <li>\n                        Also great for holding towels or displaying collectibles.\n                    </li>\n                \n                    <li>\n                        Shelves can be rotated to the front or side.\n                    </li>\n                \n                    <li>\n                        7-pound weight limit per shelf.\n                    </li>\n                \n                    <li>\n                        Wall anchoring hardware and safety strap included.\n                    </li>\n                \n                    <li>\n                        Simple assembly required.\n                    </li>\n                \n            </ul>\n                                \n\n        \n        \n    </div>\n\n    <div class=\"pdp-summary-group-col-2 col-12 col-lg-5 offset-lg-1\">\n        <div class=\"table table-content summary-table\">\n            \n                \n                \n                    <dl>\n                        <dt>\n                            Brand\n                        </dt>\n                        <dd>\n                            <a href=\"/brands-design-within-reach?lang=en_US\">Design Within Reach</a>\n                        </dd>\n                    </dl>\n                \n            \n            \n            \n            \n                <dl>\n                    <dt>\n                        Collection\n                    </dt>\n                    <dd>\n                        <a href=\"/collection-story?lang=en_US\">Story Collection</a>\n                    </dd>\n                </dl>\n            \n\n            \n            \n                <dl>\n                    <dt>\n                        General Dimensions\n                    </dt>\n                    <dd>\n                        <ul class=\"unstyled summary-pdp-dimensions-list\">\n                            \n                                <li>\n                                    62½\" H 15¾\" W 15¾\" D\n                                </li>\n                            \n                        </ul>\n                    </dd>\n                </dl>\n            \n\n            \n            \n\n            \n            \n                <dl>\n                    <dt>\n                        Product Weight\n                    </dt>\n                    <dd class=\"summary-weight\">\n                        47.25 lbs\n                    </dd>\n                </dl>\n            \n\n            \n            <dl>\n                <dt>\n                    Assembly\n                </dt>\n                <dd>\n                    \n                        Requires Assembly\n                    \n                </dd>\n            </dl>\n\n            \n            <dl>\n                <dt>\n                    Warranty\n                </dt>\n                <dd>\n                    \n                        2-year warranty<br>Terms and conditions apply. <a href=\"https://www.dwr.com/warranty.html\" target=\"_blank\">Learn more</a>\n                    \n                </dd>\n            </dl>\n\n            \n            \n\n            \n            \n\n            \n            \n        </div>\n    </div>\n</div>\n            </div>\n        ",
    "listSize": [
      {
        "size": "Standard",
        "price": 10270000,
        "stock": 84
      },
      {
        "size": "Tall",
        "price": 12870000,
        "stock": 74
      }
    ],
    "discountPercentage": 29,
    "thumbnail": "https://images.hermanmiller.group/m/2eb640af90f3f66e/W-DWR_2197172_100087331_white_f.png?trim=auto&trim-sd=1&blend-mode=darken&blend=f0f0f0&bg=f0f0f0&auto=format&w=90&h=auto&fit=fill",
    "images": [
      "https://images.hermanmiller.group/m/2eb640af90f3f66e/W-DWR_2197172_100087331_white_f.png?trim=auto&trim-sd=1&blend-mode=darken&blend=f0f0f0&bg=f0f0f0&auto=format&w=800&h=auto&fit=fill",
      "https://images.hermanmiller.group/m/a1aca2eca09c8a34/W-DWR_2197172_100087331_white_a.png?trim=auto&trim-sd=1&blend-mode=darken&blend=f0f0f0&bg=f0f0f0&auto=format&w=800&h=auto&fit=fill",
      "https://images.hermanmiller.group/m/1ecb4d25540867da/W-DWR_2197172_100503552_neptune_v1_008.png?trim=auto&trim-sd=1&bg=f0f0f0&auto=format&w=800&h=auto&fit=fill",
      "https://images.hermanmiller.group/m/27f30d5c7d8c7f24/W-DWR_2197172_100503553_sesame_v1_004_4x5.png?trim=auto&trim-sd=1&bg=f0f0f0&auto=format&w=800&h=auto&fit=fill",
      "https://images.hermanmiller.group/m/41d4ef46dc59759a/W-DWR_2541515_100298928_pure_white_v1_001.png?trim=auto&trim-sd=1&bg=f0f0f0&auto=format&w=800&h=auto&fit=fill",
      "https://images.hermanmiller.group/m/67a16f97673e6272/W-DWR_2197172_100087334_coal_v.png?trim=auto&trim-sd=1&bg=f0f0f0&auto=format&w=800&h=auto&fit=fill",
      "https://images.hermanmiller.group/m/40a77f1925b7eda8/W-DWR_6241_104609_fin_v1_001.png?trim=auto&trim-sd=1&bg=f0f0f0&auto=format&w=800&h=auto&fit=fill",
      "https://images.hermanmiller.group/m/c60448f1b5c11320/W-HM_1022_485609_walnut_chrome_v3_001.png?trim=auto&trim-sd=1&bg=f0f0f0&auto=format&w=800&h=auto&fit=fill",
      "https://images.hermanmiller.group/m/665d2adc403b4088/W-DWR_2197172_100087331_white_v4_001.png?trim=auto&trim-sd=1&bg=f0f0f0&auto=format&w=800&h=auto&fit=fill",
      "https://images.hermanmiller.group/m/1cc9b21c6ef5c172/W-HM_Social_670_v1_024.png?trim=auto&trim-sd=1&bg=f0f0f0&auto=format&w=800&h=auto&fit=fill",
      "https://images.hermanmiller.group/m/7c353b40a73be98/W-HM_2524143_100194907_white_ash_white_v1_027.png?trim=auto&trim-sd=1&bg=f0f0f0&auto=format&w=800&h=auto&fit=fill",
      "https://images.hermanmiller.group/m/6649dca510d6aa8c/W-DWR_2197172_100168598_pineapple_v1_001.png?trim=auto&trim-sd=1&bg=f0f0f0&auto=format&w=800&h=auto&fit=fill",
      "https://images.hermanmiller.group/m/f035ba1ccf7382d2/W-DWR_2197172_100087334_coal_v1_001.png?trim=auto&trim-sd=1&bg=f0f0f0&auto=format&w=800&h=auto&fit=fill"
    ]
  },
  {
    "title": "Folk Ladder Shelving",
    "product_category_id": "68142babd7e9c9a90236fde7",
    "description": "\n            <div class=\"collapse-body pdp-summary-group-body\">\n                \n<div class=\"row\">\n    <div class=\"pdp-summary-group-col-1 col-12 col-lg-5\">\n\n        \n        \n\n        \n        \n            <div class=\"mb-3\">\n                Danish designers Jonas Bjerre-Poulsen and Kasper Rønn named their company Norm to express their dedication to “working with Danish norms and standards refined over hundreds of years,” says Bjerre-Poulsen. The sincerity of their approach – bypassing flashy design for good design – shows in the quality of their work. Folk Ladder Shelving (2017) is yet another reflection of that renowned quality, at once a celebration of minimalism and functionality. “We wanted to create a timeless shelving unit that you could afford for your first studio apartment and easily move around, add elements to and expand as your needs and spaces change throughout your lifetime,” explains Rønn. <br><br>Minimal yet refined.<br>Ladder frames are made of elegantly shaped solid wood. Shelves are thoughtfully spaced and have thick solid wood front edges, which allow for sculptural details throughout. Wall mounting recommended (not included with In-Home Delivery service). Made in Malaysia.\n            </div>\n        \n\n        \n        \n            <ul class=\"bulleted mb-3\">\n                \n                    <li>\n                        Small space-friendly open shelving solution.\n                    </li>\n                \n                    <li>\n                        Generous storage in a compact footprint.\n                    </li>\n                \n                    <li>\n                        Minimalist design features elegantly shaped solid wood frames.\n                    </li>\n                \n                    <li>\n                        Combine wide and narrow units to perfectly fit your space.\n                    </li>\n                \n                    <li>\n                        Top shelf weight limit 15 pounds, lower shelves 40 pounds.\n                    </li>\n                \n                    <li>\n                        Wall mounting recommended; not included with In-Home Delivery service.\n                    </li>\n                \n            </ul>\n                                \n\n        \n        \n    </div>\n\n    <div class=\"pdp-summary-group-col-2 col-12 col-lg-5 offset-lg-1\">\n        <div class=\"table table-content summary-table\">\n            \n                \n                \n                    <dl>\n                        <dt>\n                            Brand\n                        </dt>\n                        <dd>\n                            <a href=\"/brands-design-within-reach?lang=en_US\">Design Within Reach</a>\n                        </dd>\n                    </dl>\n                \n            \n            \n            \n            \n                <dl>\n                    <dt>\n                        Collection\n                    </dt>\n                    <dd>\n                        <a href=\"/collection-folk-ladder?lang=en_US\">Folk Ladder Collection</a>\n                    </dd>\n                </dl>\n            \n\n            \n            \n                <dl>\n                    <dt>\n                        General Dimensions\n                    </dt>\n                    <dd>\n                        <ul class=\"unstyled summary-pdp-dimensions-list\">\n                            \n                                <li>\n                                    79¼\" H 32\" W 12\" D\n                                </li>\n                            \n                        </ul>\n                    </dd>\n                </dl>\n            \n\n            \n            \n\n            \n            \n                <dl>\n                    <dt>\n                        Product Weight\n                    </dt>\n                    <dd class=\"summary-weight\">\n                        46.5 lbs\n                    </dd>\n                </dl>\n            \n\n            \n            <dl>\n                <dt>\n                    Assembly\n                </dt>\n                <dd>\n                    \n                        Requires Assembly\n                    \n                </dd>\n            </dl>\n\n            \n            <dl>\n                <dt>\n                    Warranty\n                </dt>\n                <dd>\n                    \n                        1-year warranty<br>Terms and conditions apply. <a href=\"https://www.dwr.com/warranty.html\" target=\"_blank\">Learn more</a>\n                    \n                </dd>\n            </dl>\n\n            \n            \n\n            \n            \n\n            \n            \n        </div>\n    </div>\n</div>\n            </div>\n        ",
    "listSize": [
      {
        "size": "18\"",
        "price": 25870000,
        "stock": 93
      },
      {
        "size": "32\"",
        "price": 31070000,
        "stock": 79
      }
    ],
    "discountPercentage": 26,
    "thumbnail": "https://images.hermanmiller.group/m/d3310ef41b1a61c8/W-DWR_2196211_100077574_walnut_a.png?trim=auto&trim-sd=1&blend-mode=darken&blend=f0f0f0&bg=f0f0f0&auto=format&w=90&h=auto&fit=fill",
    "images": [
      "https://images.hermanmiller.group/m/d3310ef41b1a61c8/W-DWR_2196211_100077574_walnut_a.png?trim=auto&trim-sd=1&blend-mode=darken&blend=f0f0f0&bg=f0f0f0&auto=format&w=800&h=auto&fit=fill",
      "https://fast.wistia.com/embed/medias/u2cpdo0rjb/swatch",
      "https://images.hermanmiller.group/m/76f4a302f5e7ba8b/W-DWR_2196211_100077574_walnut_p.png?trim=auto&trim-sd=1&blend-mode=darken&blend=f0f0f0&bg=f0f0f0&auto=format&w=800&h=auto&fit=fill",
      "https://images.hermanmiller.group/m/ca9d1804596bbbc0/W-DWR_2196211_100077580_walnut_f.png?trim=auto&trim-sd=1&blend-mode=darken&blend=f0f0f0&bg=f0f0f0&auto=format&w=800&h=auto&fit=fill",
      "https://images.hermanmiller.group/m/ebd28b24b96b329c/W-DWR_2196211_100077580_walnut_a.png?trim=auto&trim-sd=1&blend-mode=darken&blend=f0f0f0&bg=f0f0f0&auto=format&w=800&h=auto&fit=fill",
      "https://images.hermanmiller.group/m/b9ab894e9528c3cf/W-DWR_2196211_100077574_walnut_d3.png?trim=auto&trim-sd=1&blend-mode=darken&blend=f0f0f0&bg=f0f0f0&auto=format&w=800&h=auto&fit=fill",
      "https://images.hermanmiller.group/m/1366c6609844ac51/W-DWR_2196211_100077574_walnut_d4.png?trim=auto&trim-sd=1&blend-mode=darken&blend=f0f0f0&bg=f0f0f0&auto=format&w=800&h=auto&fit=fill",
      "https://images.hermanmiller.group/m/433e93f6ee39894d/W-DWR_2196211_100077574_walnut_v.png?trim=auto&trim-sd=1&bg=f0f0f0&auto=format&w=800&h=auto&fit=fill",
      "https://images.hermanmiller.group/m/69502890902148c2/W-DWR_2196211_100077571_walnut_v3_016.png?trim=auto&trim-sd=1&bg=f0f0f0&auto=format&w=800&h=auto&fit=fill",
      "https://images.hermanmiller.group/m/c6ccf4ec3b0ab204/W-DWR_2196211_100077571_walnut_v1.png?trim=auto&trim-sd=1&bg=f0f0f0&auto=format&w=800&h=auto&fit=fill",
      "https://images.hermanmiller.group/m/15018a36f767e7b2/W-DWR_2196211_100077571_walnut_v2.png?trim=auto&trim-sd=1&bg=f0f0f0&auto=format&w=800&h=auto&fit=fill",
      "https://images.hermanmiller.group/m/934893bf790785e8/W-DWR_2196211_100077576_black_v1.png?trim=auto&trim-sd=1&bg=f0f0f0&auto=format&w=800&h=auto&fit=fill",
      "https://images.hermanmiller.group/m/978bc99e8042b955/W-DWR_2196211_100077574_walnut_v1_001.png?trim=auto&trim-sd=1&bg=f0f0f0&auto=format&w=800&h=auto&fit=fill",
      "https://images.hermanmiller.group/m/a744fdcc67e31039/W-DWR_2196214_100077586_black_v3_001.png?trim=auto&trim-sd=1&bg=f0f0f0&auto=format&w=800&h=auto&fit=fill",
      "https://images.hermanmiller.group/m/4234e027afe7c33e/W-DWR_2196211_100077573_black_v1_gif_003.png?trim=auto&trim-sd=1&bg=f0f0f0&auto=format&w=800&h=auto&fit=fill",
      "https://images.hermanmiller.group/m/4cbba612f6572976/W-DWR_2196214_100077580_walnut_v1_014.png?trim=auto&trim-sd=1&bg=f0f0f0&auto=format&w=800&h=auto&fit=fill",
      "https://images.hermanmiller.group/m/23be2eb15857e5e2/W-DWR_2196213_100077575_ash_v1_001.png?trim=auto&trim-sd=1&bg=f0f0f0&auto=format&w=800&h=auto&fit=fill"
    ]
  },
  {
    "title": "Folk Ladder Shelving",
    "product_category_id": "68142babd7e9c9a90236fde7",
    "description": "\n            <div class=\"collapse-body pdp-summary-group-body\">\n                \n<div class=\"row\">\n    <div class=\"pdp-summary-group-col-1 col-12 col-lg-5\">\n\n        \n        \n\n        \n        \n            <div class=\"mb-3\">\n                Danish designers Jonas Bjerre-Poulsen and Kasper Rønn named their company Norm to express their dedication to “working with Danish norms and standards refined over hundreds of years,” says Bjerre-Poulsen. The sincerity of their approach – bypassing flashy design for good design – shows in the quality of their work. Folk Ladder Shelving (2017) is yet another reflection of that renowned quality, at once a celebration of minimalism and functionality. “We wanted to create a timeless shelving unit that you could afford for your first studio apartment and easily move around, add elements to and expand as your needs and spaces change throughout your lifetime,” explains Rønn. <br><br>Minimal yet refined.<br>Ladder frames are made of elegantly shaped solid wood. Shelves are thoughtfully spaced and have thick solid wood front edges, which allow for sculptural details throughout. Wall mounting recommended (not included with In-Home Delivery service). Made in Malaysia.\n            </div>\n        \n\n        \n        \n            <ul class=\"bulleted mb-3\">\n                \n                    <li>\n                        Small space-friendly open shelving solution.\n                    </li>\n                \n                    <li>\n                        Generous storage in a compact footprint.\n                    </li>\n                \n                    <li>\n                        Minimalist design features elegantly shaped solid wood frames.\n                    </li>\n                \n                    <li>\n                        Combine wide and narrow units to perfectly fit your space.\n                    </li>\n                \n                    <li>\n                        Top shelf weight limit 15 pounds, lower shelves 40 pounds.\n                    </li>\n                \n                    <li>\n                        Wall mounting recommended; not included with In-Home Delivery service.\n                    </li>\n                \n            </ul>\n                                \n\n        \n        \n    </div>\n\n    <div class=\"pdp-summary-group-col-2 col-12 col-lg-5 offset-lg-1\">\n        <div class=\"table table-content summary-table\">\n            \n                \n                \n                    <dl>\n                        <dt>\n                            Brand\n                        </dt>\n                        <dd>\n                            <a href=\"/brands-design-within-reach?lang=en_US\">Design Within Reach</a>\n                        </dd>\n                    </dl>\n                \n            \n            \n            \n            \n                <dl>\n                    <dt>\n                        Collection\n                    </dt>\n                    <dd>\n                        <a href=\"/collection-folk-ladder?lang=en_US\">Folk Ladder Collection</a>\n                    </dd>\n                </dl>\n            \n\n            \n            \n                <dl>\n                    <dt>\n                        General Dimensions\n                    </dt>\n                    <dd>\n                        <ul class=\"unstyled summary-pdp-dimensions-list\">\n                            \n                                <li>\n                                    79¼\" H 18\" W 12\" D\n                                </li>\n                            \n                        </ul>\n                    </dd>\n                </dl>\n            \n\n            \n            \n\n            \n            \n                <dl>\n                    <dt>\n                        Product Weight\n                    </dt>\n                    <dd class=\"summary-weight\">\n                        31 lbs\n                    </dd>\n                </dl>\n            \n\n            \n            <dl>\n                <dt>\n                    Assembly\n                </dt>\n                <dd>\n                    \n                        Requires Assembly\n                    \n                </dd>\n            </dl>\n\n            \n            <dl>\n                <dt>\n                    Warranty\n                </dt>\n                <dd>\n                    \n                        1-year warranty<br>Terms and conditions apply. <a href=\"https://www.dwr.com/warranty.html\" target=\"_blank\">Learn more</a>\n                    \n                </dd>\n            </dl>\n\n            \n            \n\n            \n            \n\n            \n            \n        </div>\n    </div>\n</div>\n            </div>\n        ",
    "listSize": [
      {
        "size": "18\"",
        "price": 20670000,
        "stock": 75
      },
      {
        "size": "32\"",
        "price": 28470000,
        "stock": 100
      }
    ],
    "discountPercentage": 19,
    "thumbnail": "https://images.hermanmiller.group/m/5ed5c00b94fe49d4/W-DWR_2196211_100077575_natural_ash_f.png?trim=auto&trim-sd=1&blend-mode=darken&blend=f0f0f0&bg=f0f0f0&auto=format&w=90&h=auto&fit=fill",
    "images": [
      "https://images.hermanmiller.group/m/5ed5c00b94fe49d4/W-DWR_2196211_100077575_natural_ash_f.png?trim=auto&trim-sd=1&blend-mode=darken&blend=f0f0f0&bg=f0f0f0&auto=format&w=800&h=auto&fit=fill",
      "https://fast.wistia.com/embed/medias/u2cpdo0rjb/swatch",
      "https://images.hermanmiller.group/m/74f469f92162d531/W-DWR_2196211_100077575_natural_ash_a.png?trim=auto&trim-sd=1&blend-mode=darken&blend=f0f0f0&bg=f0f0f0&auto=format&w=800&h=auto&fit=fill",
      "https://images.hermanmiller.group/m/72eb794b13c1ba02/W-DWR_2196211_100077572_natural-ash_a.png?trim=auto&trim-sd=1&blend-mode=darken&blend=f0f0f0&bg=f0f0f0&auto=format&w=800&h=auto&fit=fill",
      "https://images.hermanmiller.group/m/11032151d65ceaaa/W-DWR_2196211_100077575_natural_ash_d2.png?trim=auto&trim-sd=1&blend-mode=darken&blend=f0f0f0&bg=f0f0f0&auto=format&w=800&h=auto&fit=fill",
      "https://images.hermanmiller.group/m/025b49298c37febb/W-DWR_2196211_100077575_natural_ash_d1.png?trim=auto&trim-sd=1&blend-mode=darken&blend=f0f0f0&bg=f0f0f0&auto=format&w=800&h=auto&fit=fill",
      "https://images.hermanmiller.group/m/433e93f6ee39894d/W-DWR_2196211_100077574_walnut_v.png?trim=auto&trim-sd=1&bg=f0f0f0&auto=format&w=800&h=auto&fit=fill",
      "https://images.hermanmiller.group/m/69502890902148c2/W-DWR_2196211_100077571_walnut_v3_016.png?trim=auto&trim-sd=1&bg=f0f0f0&auto=format&w=800&h=auto&fit=fill",
      "https://images.hermanmiller.group/m/c6ccf4ec3b0ab204/W-DWR_2196211_100077571_walnut_v1.png?trim=auto&trim-sd=1&bg=f0f0f0&auto=format&w=800&h=auto&fit=fill",
      "https://images.hermanmiller.group/m/15018a36f767e7b2/W-DWR_2196211_100077571_walnut_v2.png?trim=auto&trim-sd=1&bg=f0f0f0&auto=format&w=800&h=auto&fit=fill",
      "https://images.hermanmiller.group/m/934893bf790785e8/W-DWR_2196211_100077576_black_v1.png?trim=auto&trim-sd=1&bg=f0f0f0&auto=format&w=800&h=auto&fit=fill",
      "https://images.hermanmiller.group/m/978bc99e8042b955/W-DWR_2196211_100077574_walnut_v1_001.png?trim=auto&trim-sd=1&bg=f0f0f0&auto=format&w=800&h=auto&fit=fill",
      "https://images.hermanmiller.group/m/a744fdcc67e31039/W-DWR_2196214_100077586_black_v3_001.png?trim=auto&trim-sd=1&bg=f0f0f0&auto=format&w=800&h=auto&fit=fill",
      "https://images.hermanmiller.group/m/4234e027afe7c33e/W-DWR_2196211_100077573_black_v1_gif_003.png?trim=auto&trim-sd=1&bg=f0f0f0&auto=format&w=800&h=auto&fit=fill",
      "https://images.hermanmiller.group/m/4cbba612f6572976/W-DWR_2196214_100077580_walnut_v1_014.png?trim=auto&trim-sd=1&bg=f0f0f0&auto=format&w=800&h=auto&fit=fill",
      "https://images.hermanmiller.group/m/23be2eb15857e5e2/W-DWR_2196213_100077575_ash_v1_001.png?trim=auto&trim-sd=1&bg=f0f0f0&auto=format&w=800&h=auto&fit=fill"
    ]
  }
]
