[
  {
    "title": "Untitled (Red), Mexico City, 2024",
    "product_category_id": "6814d174eb18f2c07e20782b",
    "description": "\n            <div class=\"collapse-body pdp-summary-group-body\">\n                \n<div class=\"row\">\n    <div class=\"pdp-summary-group-col-1 col-12 col-lg-5\">\n\n        \n        \n\n        \n        \n            <div class=\"mb-3\">\n                Fine art photographer Adrian Gaut’s limited-edition photographs transform the intricate details of Mexico City’s buildings into bold, abstract compositions. Shot through the shadows, “Untitled (Red), Mexico City, 2024” features a rich, red concrete facade and strong geometric detail. The image is printed on textured fine art paper. The flush mount features a 3\" white border and arrives ready to hang in a white painted maple wood frame. Limited edition of 25 of each style.\n            </div>\n        \n\n        \n        \n            <ul class=\"bulleted mb-3\">\n                \n                    <li>\n                        Part of photographer Adrian Gaut’s “Untitled” series.\n                    </li>\n                \n                    <li>\n                        Limited edition of 25 of each style.\n                    </li>\n                \n                    <li>\n                        Printed on textured fine art paper.\n                    </li>\n                \n                    <li>\n                        Arrives framed and ready to hang.\n                    </li>\n                \n            </ul>\n                                \n\n        \n        \n    </div>\n\n    <div class=\"pdp-summary-group-col-2 col-12 col-lg-5 offset-lg-1\">\n        <div class=\"table table-content summary-table\">\n            \n                \n                \n                    <dl>\n                        <dt>\n                            Brand\n                        </dt>\n                        <dd>\n                            <a href=\"/brands-adrian-gaut?lang=en_US\">Adrian Gaut</a>\n                        </dd>\n                    </dl>\n                \n            \n            \n            \n            \n\n            \n            \n                <dl>\n                    <dt>\n                        General Dimensions\n                    </dt>\n                    <dd>\n                        <ul class=\"unstyled summary-pdp-dimensions-list\">\n                            \n                                <li>\n                                    40\" H 30\" W 2½\" D\n                                </li>\n                            \n                        </ul>\n                    </dd>\n                </dl>\n            \n\n            \n            \n\n            \n            \n                <dl>\n                    <dt>\n                        Product Weight\n                    </dt>\n                    <dd class=\"summary-weight\">\n                        20 lbs\n                    </dd>\n                </dl>\n            \n\n            \n            <dl>\n                <dt>\n                    Assembly\n                </dt>\n                <dd>\n                    \n                        Comes fully assembled\n                    \n                </dd>\n            </dl>\n\n            \n            <dl>\n                <dt>\n                    Warranty\n                </dt>\n                <dd>\n                    \n                        2-year warranty <br>Terms and conditions apply. <a href=\"https://www.dwr.com/warranty.html\" target=\"_blank\">Learn more</a>\n                    \n                </dd>\n            </dl>\n\n            \n            \n\n            \n            \n\n            \n            \n        </div>\n    </div>\n</div>\n            </div>\n        ",
    "listSize": [
      {
        "size": "24 x 32",
        "price": 33670000,
        "stock": 50
      },
      {
        "size": "30\" x 40\"",
        "price": 38870000,
        "stock": 86
      }
    ],
    "discountPercentage": 16,
    "thumbnail": "https://images.hermanmiller.group/m/43a5fe89de848863/W-DWR_2586096_100609415_untitled_red_mexico_city2024_30x40_f.png?trim=auto&trim-sd=1&blend-mode=darken&blend=f0f0f0&bg=f0f0f0&auto=format&w=90&h=auto&fit=fill",
    "images": [
      "https://images.hermanmiller.group/m/43a5fe89de848863/W-DWR_2586096_100609415_untitled_red_mexico_city2024_30x40_f.png?trim=auto&trim-sd=1&blend-mode=darken&blend=f0f0f0&bg=f0f0f0&auto=format&w=800&h=auto&fit=fill",
      "https://images.hermanmiller.group/m/f68def998ef584d2/W-DWR_2586096_100609415_untitled_red_mexico_city2024_30x40_d1.png?trim=auto&trim-sd=1&blend-mode=darken&blend=f0f0f0&bg=f0f0f0&auto=format&w=800&h=auto&fit=fill"
    ]
  },
  {
    "title": "Untitled (Red & White), Mexico City, 2024",
    "product_category_id": "6814d174eb18f2c07e20782b",
    "description": "\n            <div class=\"collapse-body pdp-summary-group-body\">\n                \n<div class=\"row\">\n    <div class=\"pdp-summary-group-col-1 col-12 col-lg-5\">\n\n        \n        \n\n        \n        \n            <div class=\"mb-3\">\n                Fine art photographer Adrian Gaut’s limited-edition photographs transform the intricate details of Mexico City’s buildings into bold, abstract compositions. The contrasting architectural elements in “Untitled (Red &amp; White), Mexico City, 2024” give the effect of a painted canvas. Under Gaut’s lens, the medley of fine lines and block color reveal an unexpected beauty. The image is printed on textured fine art paper. The flush mount features a 3\" white border and arrives ready to hang in a white painted maple wood frame. Limited edition of 25 of each style.\n            </div>\n        \n\n        \n        \n            <ul class=\"bulleted mb-3\">\n                \n                    <li>\n                        Part of photographer Adrian Gaut’s “Untitled” series.\n                    </li>\n                \n                    <li>\n                        Limited edition of 25 of each style.\n                    </li>\n                \n                    <li>\n                        Printed on textured fine art paper.\n                    </li>\n                \n                    <li>\n                        Arrives framed and ready to hang.\n                    </li>\n                \n            </ul>\n                                \n\n        \n        \n    </div>\n\n    <div class=\"pdp-summary-group-col-2 col-12 col-lg-5 offset-lg-1\">\n        <div class=\"table table-content summary-table\">\n            \n                \n                \n                    <dl>\n                        <dt>\n                            Brand\n                        </dt>\n                        <dd>\n                            <a href=\"/brands-adrian-gaut?lang=en_US\">Adrian Gaut</a>\n                        </dd>\n                    </dl>\n                \n            \n            \n            \n            \n\n            \n            \n                <dl>\n                    <dt>\n                        General Dimensions\n                    </dt>\n                    <dd>\n                        <ul class=\"unstyled summary-pdp-dimensions-list\">\n                            \n                                <li>\n                                    40\" H 30\" W 2½\" D\n                                </li>\n                            \n                        </ul>\n                    </dd>\n                </dl>\n            \n\n            \n            \n\n            \n            \n                <dl>\n                    <dt>\n                        Product Weight\n                    </dt>\n                    <dd class=\"summary-weight\">\n                        35 lbs\n                    </dd>\n                </dl>\n            \n\n            \n            <dl>\n                <dt>\n                    Assembly\n                </dt>\n                <dd>\n                    \n                        Comes fully assembled\n                    \n                </dd>\n            </dl>\n\n            \n            <dl>\n                <dt>\n                    Warranty\n                </dt>\n                <dd>\n                    \n                        2-year warranty <br>Terms and conditions apply. <a href=\"https://www.dwr.com/warranty.html\" target=\"_blank\">Learn more</a>\n                    \n                </dd>\n            </dl>\n\n            \n            \n\n            \n            \n\n            \n            \n        </div>\n    </div>\n</div>\n            </div>\n        ",
    "listSize": [
      {
        "size": "24 x 32",
        "price": 33670000,
        "stock": 59
      },
      {
        "size": "30\" x 40\"",
        "price": 38870000,
        "stock": 92
      }
    ],
    "discountPercentage": 17,
    "thumbnail": "https://images.hermanmiller.group/m/c5a09cb19d29be0a/W-DWR_2586097_100609417_untitled_red_white_mexico_city2024_30x40_f.png?trim=auto&trim-sd=1&blend-mode=darken&blend=f0f0f0&bg=f0f0f0&auto=format&w=90&h=auto&fit=fill",
    "images": [
      "https://images.hermanmiller.group/m/c5a09cb19d29be0a/W-DWR_2586097_100609417_untitled_red_white_mexico_city2024_30x40_f.png?trim=auto&trim-sd=1&blend-mode=darken&blend=f0f0f0&bg=f0f0f0&auto=format&w=800&h=auto&fit=fill",
      "https://images.hermanmiller.group/m/a424f29ecae3a506/W-DWR_2586097_100609417_untitled_red_white_mexico_city2024_30x40_d1.png?trim=auto&trim-sd=1&blend-mode=darken&blend=f0f0f0&bg=f0f0f0&auto=format&w=800&h=auto&fit=fill"
    ]
  },
  {
    "title": "Untitled (Blue), Mexico City, 2024",
    "product_category_id": "6814d174eb18f2c07e20782b",
    "description": "\n            <div class=\"collapse-body pdp-summary-group-body\">\n                \n<div class=\"row\">\n    <div class=\"pdp-summary-group-col-1 col-12 col-lg-5\">\n\n        \n        \n\n        \n        \n            <div class=\"mb-3\">\n                Fine art photographer Adrian Gaut’s limited-edition photographs transform the intricate details of Mexico City’s buildings into bold, abstract compositions. “Untitled (Blue), Mexico City, 2024” has an otherworldly feeling. The building’s mottled blue facade is framed against a similarly hued sky, which almost distorts space and time. The image is printed on textured fine art paper. The flush mount features a 3\" white border and arrives ready to hang in a white painted maple wood frame. Limited edition of 25 of each style.\n            </div>\n        \n\n        \n        \n            <ul class=\"bulleted mb-3\">\n                \n                    <li>\n                        Part of photographer Adrian Gaut’s “Untitled” series.\n                    </li>\n                \n                    <li>\n                        Limited edition of 25 of each style.\n                    </li>\n                \n                    <li>\n                        Printed on textured fine art paper.\n                    </li>\n                \n                    <li>\n                        Arrives framed and ready to hang.\n                    </li>\n                \n            </ul>\n                                \n\n        \n        \n    </div>\n\n    <div class=\"pdp-summary-group-col-2 col-12 col-lg-5 offset-lg-1\">\n        <div class=\"table table-content summary-table\">\n            \n                \n                \n                    <dl>\n                        <dt>\n                            Brand\n                        </dt>\n                        <dd>\n                            <a href=\"/brands-adrian-gaut?lang=en_US\">Adrian Gaut</a>\n                        </dd>\n                    </dl>\n                \n            \n            \n            \n            \n\n            \n            \n                <dl>\n                    <dt>\n                        General Dimensions\n                    </dt>\n                    <dd>\n                        <ul class=\"unstyled summary-pdp-dimensions-list\">\n                            \n                                <li>\n                                    40\" H 30\" W 2½\" D\n                                </li>\n                            \n                        </ul>\n                    </dd>\n                </dl>\n            \n\n            \n            \n\n            \n            \n                <dl>\n                    <dt>\n                        Product Weight\n                    </dt>\n                    <dd class=\"summary-weight\">\n                        20 lbs\n                    </dd>\n                </dl>\n            \n\n            \n            <dl>\n                <dt>\n                    Assembly\n                </dt>\n                <dd>\n                    \n                        Comes fully assembled\n                    \n                </dd>\n            </dl>\n\n            \n            <dl>\n                <dt>\n                    Warranty\n                </dt>\n                <dd>\n                    \n                        2-year warranty <br>Terms and conditions apply. <a href=\"https://www.dwr.com/warranty.html\" target=\"_blank\">Learn more</a>\n                    \n                </dd>\n            </dl>\n\n            \n            \n\n            \n            \n\n            \n            \n        </div>\n    </div>\n</div>\n            </div>\n        ",
    "listSize": [
      {
        "size": "24 x 32",
        "price": 33670000,
        "stock": 83
      },
      {
        "size": "30\" x 40\"",
        "price": 38870000,
        "stock": 52
      }
    ],
    "discountPercentage": 10,
    "thumbnail": "https://images.hermanmiller.group/m/b03a9a6a6afc6c33/W-DWR_2586098_100609419_untitled_blue_mexico_city2024_30x40_f.png?trim=auto&trim-sd=1&blend-mode=darken&blend=f0f0f0&bg=f0f0f0&auto=format&w=90&h=auto&fit=fill",
    "images": [
      "https://images.hermanmiller.group/m/b03a9a6a6afc6c33/W-DWR_2586098_100609419_untitled_blue_mexico_city2024_30x40_f.png?trim=auto&trim-sd=1&blend-mode=darken&blend=f0f0f0&bg=f0f0f0&auto=format&w=800&h=auto&fit=fill",
      "https://images.hermanmiller.group/m/445d00be34e018e5/W-DWR_2586098_100609419_untitled_blue_mexico_city2024_30x40_d1.png?trim=auto&trim-sd=1&blend-mode=darken&blend=f0f0f0&bg=f0f0f0&auto=format&w=800&h=auto&fit=fill",
      "https://images.hermanmiller.group/m/2195262993442ed/W-HM_veneerwrap_desk_walnut_v2_0298_primary.png?trim=auto&trim-sd=1&bg=f0f0f0&auto=format&w=800&h=auto&fit=fill",
      "https://images.hermanmiller.group/m/4a5b7485dba00a54/W-HM_2583474_100582082_walnut_v1_0304.png?trim=auto&trim-sd=1&bg=f0f0f0&auto=format&w=800&h=auto&fit=fill"
    ]
  },
  {
    "title": "Untitled (UNAM I), Mexico City, 2024",
    "product_category_id": "6814d174eb18f2c07e20782b",
    "description": "\n            <div class=\"collapse-body pdp-summary-group-body\">\n                \n<div class=\"row\">\n    <div class=\"pdp-summary-group-col-1 col-12 col-lg-5\">\n\n        \n        \n\n        \n        \n            <div class=\"mb-3\">\n                Fine art photographer Adrian Gaut’s limited-edition photographs transform the intricate details of Mexico City’s buildings into bold, abstract compositions. In “Untitled (UNAM I), Mexico City, 2024” distinct architectural elements create a pleasing unity. The clash of vertical rust-red linework, smooth off-white panels, and gridded beige details reveals an abstract beauty. The image is printed on textured fine art paper. The flush mount features a 3\" white border and arrives ready to hang in a white painted maple wood frame. Limited edition of 25 of each style.\n            </div>\n        \n\n        \n        \n            <ul class=\"bulleted mb-3\">\n                \n                    <li>\n                        Part of photographer Adrian Gaut’s “Untitled” series.\n                    </li>\n                \n                    <li>\n                        Limited edition of 25 of each style.\n                    </li>\n                \n                    <li>\n                        Printed on textured fine art paper.\n                    </li>\n                \n                    <li>\n                        Arrives framed and ready to hang.\n                    </li>\n                \n            </ul>\n                                \n\n        \n        \n    </div>\n\n    <div class=\"pdp-summary-group-col-2 col-12 col-lg-5 offset-lg-1\">\n        <div class=\"table table-content summary-table\">\n            \n                \n                \n                    <dl>\n                        <dt>\n                            Brand\n                        </dt>\n                        <dd>\n                            <a href=\"/brands-adrian-gaut?lang=en_US\">Adrian Gaut</a>\n                        </dd>\n                    </dl>\n                \n            \n            \n            \n            \n\n            \n            \n                <dl>\n                    <dt>\n                        General Dimensions\n                    </dt>\n                    <dd>\n                        <ul class=\"unstyled summary-pdp-dimensions-list\">\n                            \n                                <li>\n                                    60\" H 40\" W 2½\" D\n                                </li>\n                            \n                        </ul>\n                    </dd>\n                </dl>\n            \n\n            \n            \n\n            \n            \n                <dl>\n                    <dt>\n                        Product Weight\n                    </dt>\n                    <dd class=\"summary-weight\">\n                        35 lbs\n                    </dd>\n                </dl>\n            \n\n            \n            <dl>\n                <dt>\n                    Assembly\n                </dt>\n                <dd>\n                    \n                        Comes fully assembled\n                    \n                </dd>\n            </dl>\n\n            \n            <dl>\n                <dt>\n                    Warranty\n                </dt>\n                <dd>\n                    \n                        2-year warranty <br>Terms and conditions apply. <a href=\"https://www.dwr.com/warranty.html\" target=\"_blank\">Learn more</a>\n                    \n                </dd>\n            </dl>\n\n            \n            \n\n            \n            \n\n            \n            \n        </div>\n    </div>\n</div>\n            </div>\n        ",
    "listSize": [
      {
        "size": "24 x 32",
        "price": 33670000,
        "stock": 76
      },
      {
        "size": "30\" x 40\"",
        "price": 38870000,
        "stock": 93
      },
      {
        "size": "40\" x 60\"",
        "price": 51870000,
        "stock": 92
      }
    ],
    "discountPercentage": 28,
    "thumbnail": "https://images.hermanmiller.group/m/412ccecd93840f8c/W-DWR_2586099_100609421_untitled_unam_i_mexico_city2024_40x60_f.png?trim=auto&trim-sd=1&blend-mode=darken&blend=f0f0f0&bg=f0f0f0&auto=format&w=90&h=auto&fit=fill",
    "images": [
      "https://images.hermanmiller.group/m/412ccecd93840f8c/W-DWR_2586099_100609421_untitled_unam_i_mexico_city2024_40x60_f.png?trim=auto&trim-sd=1&blend-mode=darken&blend=f0f0f0&bg=f0f0f0&auto=format&w=800&h=auto&fit=fill",
      "https://images.hermanmiller.group/m/6e8d801dc2b9e304/W-DWR_2586099_100609421_untitled_unam_i_mexico_city2024_40x60_d1.png?trim=auto&trim-sd=1&blend-mode=darken&blend=f0f0f0&bg=f0f0f0&auto=format&w=800&h=auto&fit=fill"
    ]
  },
  {
    "title": "Ballylagan Collection",
    "product_category_id": "6814d174eb18f2c07e20782b",
    "description": "\n            <div class=\"collapse-body pdp-summary-group-body\">\n                \n<div class=\"row\">\n    <div class=\"pdp-summary-group-col-1 col-12 col-lg-5\">\n\n        \n        \n\n        \n        \n            <div class=\"mb-3\">\n                In this exclusive series for DWR, sculptor Mary Little meticulously tailors and stretches cotton canvas to create subtle abstract reliefs. As she draws, cuts, and sews, Little infuses the canvas with story. Each undulating surface evokes the emotion of a landscape, the Irish countryside of her childhood, and is named for the people, towns, and natural beauty of her homeland. Now based in Los Angeles, Little’s ritualistic process of creation remains highly bespoke and deeply personal. Stanley's Lane and Sandy's Hollow are a limited edition of 50; Bailey's Acre, Hugh's Hill, Harrison's Hill, and Findley's Field are a limited edition of 30. Arrives mounted and ready to hang. Made in U.S.A.\n            </div>\n        \n\n        \n        \n            <ul class=\"bulleted mb-3\">\n                \n                    <li>\n                        DWR-exclusive original artwork by sculptor Mary Little.\n                    </li>\n                \n                    <li>\n                        Six bespoke pieces feature hand-tailored stretched-cotton canvas.\n                    </li>\n                \n                    <li>\n                        Arrives mounted and ready to hang.\n                    </li>\n                \n            </ul>\n                                \n\n        \n        \n    </div>\n\n    <div class=\"pdp-summary-group-col-2 col-12 col-lg-5 offset-lg-1\">\n        <div class=\"table table-content summary-table\">\n            \n                \n                \n                    <dl>\n                        <dt>\n                            Brand\n                        </dt>\n                        <dd>\n                            <a href=\"/brands-mary-little?lang=en_US\">Mary Little</a>\n                        </dd>\n                    </dl>\n                \n            \n            \n            \n            \n\n            \n            \n                <dl>\n                    <dt>\n                        General Dimensions\n                    </dt>\n                    <dd>\n                        <ul class=\"unstyled summary-pdp-dimensions-list\">\n                            \n                                <li>\n                                    36\" H 36\" W 3\" D\n                                </li>\n                            \n                        </ul>\n                    </dd>\n                </dl>\n            \n\n            \n            \n\n            \n            \n                <dl>\n                    <dt>\n                        Product Weight\n                    </dt>\n                    <dd class=\"summary-weight\">\n                        8 lbs\n                    </dd>\n                </dl>\n            \n\n            \n            <dl>\n                <dt>\n                    Assembly\n                </dt>\n                <dd>\n                    \n                        Comes fully assembled\n                    \n                </dd>\n            </dl>\n\n            \n            <dl>\n                <dt>\n                    Warranty\n                </dt>\n                <dd>\n                    \n                        <div class=\"mb-2\">DWR honors a one (1) year warranty on all products. Brand-specific warranties may extend to longer periods.</div>\n                    \n                </dd>\n            </dl>\n\n            \n            \n\n            \n            \n\n            \n            \n        </div>\n    </div>\n</div>\n            </div>\n        ",
    "listSize": [
      {
        "size": "24\" x 24\"",
        "price": 87620000,
        "stock": 98
      },
      {
        "size": "36\" x 36\"",
        "price": 87620000,
        "stock": 58
      }
    ],
    "discountPercentage": 10,
    "thumbnail": "https://images.hermanmiller.group/m/226a4f4332e64e94/W-DWR_2587352_100617640_4x3_grid_baileys_acre_f-tif.png?trim=auto&trim-sd=1&blend-mode=darken&blend=f0f0f0&bg=f0f0f0&auto=format&w=90&h=auto&fit=fill",
    "images": [
      "https://images.hermanmiller.group/m/226a4f4332e64e94/W-DWR_2587352_100617640_4x3_grid_baileys_acre_f-tif.png?trim=auto&trim-sd=1&blend-mode=darken&blend=f0f0f0&bg=f0f0f0&auto=format&w=800&h=auto&fit=fill",
      "https://images.hermanmiller.group/m/5b9ec78a3183b0f5/W-DWR_2587352_100617640_4x3_grid_baileys_acre_a.png?trim=auto&trim-sd=1&blend-mode=darken&blend=f0f0f0&bg=f0f0f0&auto=format&w=800&h=auto&fit=fill",
      "https://images.hermanmiller.group/m/5a3dfb794ce0206b/W-DWR_2587352_100617642_30_indentation_staggered_v1_0271_5x4.png?trim=auto&trim-sd=1&bg=f0f0f0&auto=format&w=800&h=auto&fit=fill",
      "https://images.hermanmiller.group/m/527cc459d84b9601/W-DWR_2587352_100617645_harrisons_hill_v1_0384_primary_4x5.png?trim=auto&trim-sd=1&bg=f0f0f0&auto=format&w=800&h=auto&fit=fill",
      "https://images.hermanmiller.group/m/7be0d5ed6cefd793/W-DWR_2587352_100617644_2x3x2_staggered_hughs_hill_d3-tif.png?trim=auto&trim-sd=1&bg=f0f0f0&auto=format&w=800&h=auto&fit=fill"
    ]
  },
  {
    "title": "Ballylagan Collection",
    "product_category_id": "6814d174eb18f2c07e20782b",
    "description": "\n            <div class=\"collapse-body pdp-summary-group-body\">\n                \n<div class=\"row\">\n    <div class=\"pdp-summary-group-col-1 col-12 col-lg-5\">\n\n        \n        \n\n        \n        \n            <div class=\"mb-3\">\n                In this exclusive series for DWR, sculptor Mary Little meticulously tailors and stretches cotton canvas to create subtle abstract reliefs. As she draws, cuts, and sews, Little infuses the canvas with story. Each undulating surface evokes the emotion of a landscape, the Irish countryside of her childhood, and is named for the people, towns, and natural beauty of her homeland. Now based in Los Angeles, Little’s ritualistic process of creation remains highly bespoke and deeply personal. Stanley's Lane and Sandy's Hollow are a limited edition of 50; Bailey's Acre, Hugh's Hill, Harrison's Hill, and Findley's Field are a limited edition of 30. Arrives mounted and ready to hang. Made in U.S.A.\n            </div>\n        \n\n        \n        \n            <ul class=\"bulleted mb-3\">\n                \n                    <li>\n                        DWR-exclusive original artwork by sculptor Mary Little.\n                    </li>\n                \n                    <li>\n                        Six bespoke pieces feature hand-tailored stretched-cotton canvas.\n                    </li>\n                \n                    <li>\n                        Arrives mounted and ready to hang.\n                    </li>\n                \n            </ul>\n                                \n\n        \n        \n    </div>\n\n    <div class=\"pdp-summary-group-col-2 col-12 col-lg-5 offset-lg-1\">\n        <div class=\"table table-content summary-table\">\n            \n                \n                \n                    <dl>\n                        <dt>\n                            Brand\n                        </dt>\n                        <dd>\n                            <a href=\"/brands-mary-little?lang=en_US\">Mary Little</a>\n                        </dd>\n                    </dl>\n                \n            \n            \n            \n            \n\n            \n            \n                <dl>\n                    <dt>\n                        General Dimensions\n                    </dt>\n                    <dd>\n                        <ul class=\"unstyled summary-pdp-dimensions-list\">\n                            \n                                <li>\n                                    36\" H 36\" W 3\" D\n                                </li>\n                            \n                        </ul>\n                    </dd>\n                </dl>\n            \n\n            \n            \n\n            \n            \n                <dl>\n                    <dt>\n                        Product Weight\n                    </dt>\n                    <dd class=\"summary-weight\">\n                        8 lbs\n                    </dd>\n                </dl>\n            \n\n            \n            <dl>\n                <dt>\n                    Assembly\n                </dt>\n                <dd>\n                    \n                        Comes fully assembled\n                    \n                </dd>\n            </dl>\n\n            \n            <dl>\n                <dt>\n                    Warranty\n                </dt>\n                <dd>\n                    \n                        <div class=\"mb-2\">DWR honors a one (1) year warranty on all products. Brand-specific warranties may extend to longer periods.</div>\n                    \n                </dd>\n            </dl>\n\n            \n            \n\n            \n            \n\n            \n            \n        </div>\n    </div>\n</div>\n            </div>\n        ",
    "listSize": [
      {
        "size": "24\" x 24\"",
        "price": 87620000,
        "stock": 87
      },
      {
        "size": "36\" x 36\"",
        "price": 87620000,
        "stock": 100
      }
    ],
    "discountPercentage": 22,
    "thumbnail": "https://images.hermanmiller.group/m/38566eddbd6c8757/W-DWR_2587352_100617642_30_indentation_staggered_findleys_field_f-tif.png?trim=auto&trim-sd=1&blend-mode=darken&blend=f0f0f0&bg=f0f0f0&auto=format&w=90&h=auto&fit=fill",
    "images": [
      "https://images.hermanmiller.group/m/38566eddbd6c8757/W-DWR_2587352_100617642_30_indentation_staggered_findleys_field_f-tif.png?trim=auto&trim-sd=1&blend-mode=darken&blend=f0f0f0&bg=f0f0f0&auto=format&w=800&h=auto&fit=fill",
      "https://images.hermanmiller.group/m/5a3dfb794ce0206b/W-DWR_2587352_100617642_30_indentation_staggered_v1_0271_5x4.png?trim=auto&trim-sd=1&bg=f0f0f0&auto=format&w=800&h=auto&fit=fill",
      "https://images.hermanmiller.group/m/527cc459d84b9601/W-DWR_2587352_100617645_harrisons_hill_v1_0384_primary_4x5.png?trim=auto&trim-sd=1&bg=f0f0f0&auto=format&w=800&h=auto&fit=fill",
      "https://images.hermanmiller.group/m/7be0d5ed6cefd793/W-DWR_2587352_100617644_2x3x2_staggered_hughs_hill_d3-tif.png?trim=auto&trim-sd=1&bg=f0f0f0&auto=format&w=800&h=auto&fit=fill"
    ]
  },
  {
    "title": "Ballylagan Collection",
    "product_category_id": "6814d174eb18f2c07e20782b",
    "description": "\n            <div class=\"collapse-body pdp-summary-group-body\">\n                \n<div class=\"row\">\n    <div class=\"pdp-summary-group-col-1 col-12 col-lg-5\">\n\n        \n        \n\n        \n        \n            <div class=\"mb-3\">\n                In this exclusive series for DWR, sculptor Mary Little meticulously tailors and stretches cotton canvas to create subtle abstract reliefs. As she draws, cuts, and sews, Little infuses the canvas with story. Each undulating surface evokes the emotion of a landscape, the Irish countryside of her childhood, and is named for the people, towns, and natural beauty of her homeland. Now based in Los Angeles, Little’s ritualistic process of creation remains highly bespoke and deeply personal. Stanley's Lane and Sandy's Hollow are a limited edition of 50; Bailey's Acre, Hugh's Hill, Harrison's Hill, and Findley's Field are a limited edition of 30. Arrives mounted and ready to hang. Made in U.S.A.\n            </div>\n        \n\n        \n        \n            <ul class=\"bulleted mb-3\">\n                \n                    <li>\n                        DWR-exclusive original artwork by sculptor Mary Little.\n                    </li>\n                \n                    <li>\n                        Six bespoke pieces feature hand-tailored stretched-cotton canvas.\n                    </li>\n                \n                    <li>\n                        Arrives mounted and ready to hang.\n                    </li>\n                \n            </ul>\n                                \n\n        \n        \n    </div>\n\n    <div class=\"pdp-summary-group-col-2 col-12 col-lg-5 offset-lg-1\">\n        <div class=\"table table-content summary-table\">\n            \n                \n                \n                    <dl>\n                        <dt>\n                            Brand\n                        </dt>\n                        <dd>\n                            <a href=\"/brands-mary-little?lang=en_US\">Mary Little</a>\n                        </dd>\n                    </dl>\n                \n            \n            \n            \n            \n\n            \n            \n                <dl>\n                    <dt>\n                        General Dimensions\n                    </dt>\n                    <dd>\n                        <ul class=\"unstyled summary-pdp-dimensions-list\">\n                            \n                                <li>\n                                    24\" H 24\" W 3\" D\n                                </li>\n                            \n                        </ul>\n                    </dd>\n                </dl>\n            \n\n            \n            \n\n            \n            \n                <dl>\n                    <dt>\n                        Product Weight\n                    </dt>\n                    <dd class=\"summary-weight\">\n                        5 lbs\n                    </dd>\n                </dl>\n            \n\n            \n            <dl>\n                <dt>\n                    Assembly\n                </dt>\n                <dd>\n                    \n                        Comes fully assembled\n                    \n                </dd>\n            </dl>\n\n            \n            <dl>\n                <dt>\n                    Warranty\n                </dt>\n                <dd>\n                    \n                        <div class=\"mb-2\">DWR honors a one (1) year warranty on all products. Brand-specific warranties may extend to longer periods.</div>\n                    \n                </dd>\n            </dl>\n\n            \n            \n\n            \n            \n\n            \n            \n        </div>\n    </div>\n</div>\n            </div>\n        ",
    "listSize": [
      {
        "size": "24\" x 24\"",
        "price": 59540000,
        "stock": 100
      },
      {
        "size": "36\" x 36\"",
        "price": 59540000,
        "stock": 88
      }
    ],
    "discountPercentage": 25,
    "thumbnail": "https://images.hermanmiller.group/m/145e18dedba5303d/W-DWR_2587352_100617643_8_indentations_row_stanleys_lane_f-tif.png?trim=auto&trim-sd=1&blend-mode=darken&blend=f0f0f0&bg=f0f0f0&auto=format&w=90&h=auto&fit=fill",
    "images": [
      "https://images.hermanmiller.group/m/145e18dedba5303d/W-DWR_2587352_100617643_8_indentations_row_stanleys_lane_f-tif.png?trim=auto&trim-sd=1&blend-mode=darken&blend=f0f0f0&bg=f0f0f0&auto=format&w=800&h=auto&fit=fill",
      "https://images.hermanmiller.group/m/6885eff2012a29ae/W-marylittle_dwr_rowofdimples_24sq_3q_4216.png?trim=auto&trim-sd=1&blend-mode=darken&blend=f0f0f0&bg=f0f0f0&auto=format&w=800&h=auto&fit=fill",
      "https://images.hermanmiller.group/m/5a3dfb794ce0206b/W-DWR_2587352_100617642_30_indentation_staggered_v1_0271_5x4.png?trim=auto&trim-sd=1&bg=f0f0f0&auto=format&w=800&h=auto&fit=fill",
      "https://images.hermanmiller.group/m/527cc459d84b9601/W-DWR_2587352_100617645_harrisons_hill_v1_0384_primary_4x5.png?trim=auto&trim-sd=1&bg=f0f0f0&auto=format&w=800&h=auto&fit=fill",
      "https://images.hermanmiller.group/m/7be0d5ed6cefd793/W-DWR_2587352_100617644_2x3x2_staggered_hughs_hill_d3-tif.png?trim=auto&trim-sd=1&bg=f0f0f0&auto=format&w=800&h=auto&fit=fill"
    ]
  },
  {
    "title": "Ballylagan Collection",
    "product_category_id": "6814d174eb18f2c07e20782b",
    "description": "\n            <div class=\"collapse-body pdp-summary-group-body\">\n                \n<div class=\"row\">\n    <div class=\"pdp-summary-group-col-1 col-12 col-lg-5\">\n\n        \n        \n\n        \n        \n            <div class=\"mb-3\">\n                In this exclusive series for DWR, sculptor Mary Little meticulously tailors and stretches cotton canvas to create subtle abstract reliefs. As she draws, cuts, and sews, Little infuses the canvas with story. Each undulating surface evokes the emotion of a landscape, the Irish countryside of her childhood, and is named for the people, towns, and natural beauty of her homeland. Now based in Los Angeles, Little’s ritualistic process of creation remains highly bespoke and deeply personal. Stanley's Lane and Sandy's Hollow are a limited edition of 50; Bailey's Acre, Hugh's Hill, Harrison's Hill, and Findley's Field are a limited edition of 30. Arrives mounted and ready to hang. Made in U.S.A.\n            </div>\n        \n\n        \n        \n            <ul class=\"bulleted mb-3\">\n                \n                    <li>\n                        DWR-exclusive original artwork by sculptor Mary Little.\n                    </li>\n                \n                    <li>\n                        Six bespoke pieces feature hand-tailored stretched-cotton canvas.\n                    </li>\n                \n                    <li>\n                        Arrives mounted and ready to hang.\n                    </li>\n                \n            </ul>\n                                \n\n        \n        \n    </div>\n\n    <div class=\"pdp-summary-group-col-2 col-12 col-lg-5 offset-lg-1\">\n        <div class=\"table table-content summary-table\">\n            \n                \n                \n                    <dl>\n                        <dt>\n                            Brand\n                        </dt>\n                        <dd>\n                            <a href=\"/brands-mary-little?lang=en_US\">Mary Little</a>\n                        </dd>\n                    </dl>\n                \n            \n            \n            \n            \n\n            \n            \n                <dl>\n                    <dt>\n                        General Dimensions\n                    </dt>\n                    <dd>\n                        <ul class=\"unstyled summary-pdp-dimensions-list\">\n                            \n                                <li>\n                                    24\" H 24\" W 3\" D\n                                </li>\n                            \n                        </ul>\n                    </dd>\n                </dl>\n            \n\n            \n            \n\n            \n            \n                <dl>\n                    <dt>\n                        Product Weight\n                    </dt>\n                    <dd class=\"summary-weight\">\n                        5 lbs\n                    </dd>\n                </dl>\n            \n\n            \n            <dl>\n                <dt>\n                    Assembly\n                </dt>\n                <dd>\n                    \n                        Comes fully assembled\n                    \n                </dd>\n            </dl>\n\n            \n            <dl>\n                <dt>\n                    Warranty\n                </dt>\n                <dd>\n                    \n                        <div class=\"mb-2\">DWR honors a one (1) year warranty on all products. Brand-specific warranties may extend to longer periods.</div>\n                    \n                </dd>\n            </dl>\n\n            \n            \n\n            \n            \n\n            \n            \n        </div>\n    </div>\n</div>\n            </div>\n        ",
    "listSize": [
      {
        "size": "24\" x 24\"",
        "price": 59540000,
        "stock": 78
      },
      {
        "size": "36\" x 36\"",
        "price": 59540000,
        "stock": 80
      }
    ],
    "discountPercentage": 30,
    "thumbnail": "https://images.hermanmiller.group/m/191ed347daf3d08b/W-DWR_2587352_100617644_2x3x2_staggered_hughs_hill_f-tif.png?trim=auto&trim-sd=1&blend-mode=darken&blend=f0f0f0&bg=f0f0f0&auto=format&w=90&h=auto&fit=fill",
    "images": [
      "https://images.hermanmiller.group/m/191ed347daf3d08b/W-DWR_2587352_100617644_2x3x2_staggered_hughs_hill_f-tif.png?trim=auto&trim-sd=1&blend-mode=darken&blend=f0f0f0&bg=f0f0f0&auto=format&w=800&h=auto&fit=fill",
      "https://images.hermanmiller.group/m/5a3dfb794ce0206b/W-DWR_2587352_100617642_30_indentation_staggered_v1_0271_5x4.png?trim=auto&trim-sd=1&bg=f0f0f0&auto=format&w=800&h=auto&fit=fill",
      "https://images.hermanmiller.group/m/527cc459d84b9601/W-DWR_2587352_100617645_harrisons_hill_v1_0384_primary_4x5.png?trim=auto&trim-sd=1&bg=f0f0f0&auto=format&w=800&h=auto&fit=fill",
      "https://images.hermanmiller.group/m/7be0d5ed6cefd793/W-DWR_2587352_100617644_2x3x2_staggered_hughs_hill_d3-tif.png?trim=auto&trim-sd=1&bg=f0f0f0&auto=format&w=800&h=auto&fit=fill"
    ]
  },
  {
    "title": "Armin Hofmann Poster",
    "product_category_id": "6814d174eb18f2c07e20782b",
    "description": "\n            <div class=\"collapse-body pdp-summary-group-body\">\n                \n<div class=\"row\">\n    <div class=\"pdp-summary-group-col-1 col-12 col-lg-5\">\n\n        \n        \n\n        \n        \n            <div class=\"mb-3\">\n                Herman Miller has a long tradition of styling its physical spaces with bold ads and graphics, a process it calls “environmental enrichment.” Fans of the brand often ask where they can find these works of art, which prompted the company to reprint select pieces from its archives. One of the most frequent requests is for this poster by Armin Hofmann. The Swiss designer is recognized for his role in developing the International Typographic Style, a graphic design movement characterized by clarity and simplicity of form. In 1962, Herman Miller commissioned him to create this poster for the brand’s European showrooms.\n            </div>\n        \n\n        \n        \n            <ul class=\"bulleted mb-3\">\n                \n                    <li>\n                        Limited-edition high-resolution digital print on 100% cotton paper.\n                    </li>\n                \n                    <li>\n                        Archival artwork reproduced from the Herman Miller archives.\n                    </li>\n                \n                    <li>\n                        Appears to float in its frame, creating a graphic look when on the wall.\n                    </li>\n                \n                    <li>\n                        American maple frame with a white, black, or natural finish.\n                    </li>\n                \n                    <li>\n                        Made by hand in Austin, Texas.\n                    </li>\n                \n            </ul>\n                                \n\n        \n        \n    </div>\n\n    <div class=\"pdp-summary-group-col-2 col-12 col-lg-5 offset-lg-1\">\n        <div class=\"table table-content summary-table\">\n            \n                \n                \n                    <dl>\n                        <dt>\n                            Brand\n                        </dt>\n                        <dd>\n                            <a href=\"/brands-herman-miller?lang=en_US\">Herman Miller</a>\n                        </dd>\n                    </dl>\n                \n            \n            \n            \n            \n                <dl>\n                    <dt>\n                        Collection\n                    </dt>\n                    <dd>\n                        <a href=\"/collection-herman-miller-archival-poster?lang=en_US\">Herman Miller Archival Poster Collection</a>\n                    </dd>\n                </dl>\n            \n\n            \n            \n                <dl>\n                    <dt>\n                        General Dimensions\n                    </dt>\n                    <dd>\n                        <ul class=\"unstyled summary-pdp-dimensions-list\">\n                            \n                                <li>\n                                    53½\" H 38½\" W 2½\" D\n                                </li>\n                            \n                        </ul>\n                    </dd>\n                </dl>\n            \n\n            \n            \n\n            \n            \n                <dl>\n                    <dt>\n                        Product Weight\n                    </dt>\n                    <dd class=\"summary-weight\">\n                        20 lbs\n                    </dd>\n                </dl>\n            \n\n            \n            <dl>\n                <dt>\n                    Assembly\n                </dt>\n                <dd>\n                    \n                        Requires Assembly\n                    \n                </dd>\n            </dl>\n\n            \n            <dl>\n                <dt>\n                    Warranty\n                </dt>\n                <dd>\n                    \n                        1-year warranty<br>Terms and conditions apply. <a href=\"https://www.dwr.com/warranty.html\" target=\"_blank\">Learn more</a>\n                    \n                </dd>\n            </dl>\n\n            \n            \n\n            \n            \n\n            \n            \n        </div>\n    </div>\n</div>\n            </div>\n        ",
    "listSize": [
      {
        "size": "38.4\" x 53.4\"\n                                            \n\n\n\n\ndisable-danger",
        "price": 29250000,
        "stock": 69
      }
    ],
    "discountPercentage": 23,
    "thumbnail": "https://images.hermanmiller.group/m/79e400dcb562268a/W-HM_2540053_100291513_white_f.png?trim=auto&trim-sd=1&blend-mode=darken&blend=f0f0f0&bg=f0f0f0&auto=format&w=90&h=auto&fit=fill",
    "images": [
      "https://images.hermanmiller.group/m/79e400dcb562268a/W-HM_2540053_100291513_white_f.png?trim=auto&trim-sd=1&blend-mode=darken&blend=f0f0f0&bg=f0f0f0&auto=format&w=800&h=auto&fit=fill",
      "https://images.hermanmiller.group/m/1d089a8cea174ad4/W-HM_2540053_100291512_black_v1_018.png?trim=auto&trim-sd=1&bg=f0f0f0&auto=format&w=800&h=auto&fit=fill"
    ]
  },
  {
    "title": "Hot Dog Picnic Poster",
    "product_category_id": "6814d174eb18f2c07e20782b",
    "description": "\n            <div class=\"collapse-body pdp-summary-group-body\">\n                \n<div class=\"row\">\n    <div class=\"pdp-summary-group-col-1 col-12 col-lg-5\">\n\n        \n        \n\n        \n        \n            <div class=\"mb-3\">\n                Starting in 1970, in-house graphic designer Steve Frykholm designed bold, graphic posters for Herman Miller’s annual employee picnic. These distinctive posters became coveted collectibles, even included in the permanent collection of the Museum of Modern Art. Herman Miller has now reissued the Hot Dog Picnic Poster from their archives. A series favorite, the Hot Dog Poster is an abstract take on classic Americana, printed on 100% cotton paper and encased in a floating frame that focuses attention on the art. Made in U.S.A.\n            </div>\n        \n\n        \n        \n            <ul class=\"bulleted mb-3\">\n                \n                    <li>\n                        Authentic limited-run reprint from the Herman Miller archives.\n                    </li>\n                \n                    <li>\n                        Printed on 100% cotton paper.\n                    </li>\n                \n                    <li>\n                        Appears to float in its frame, creating a graphic look when hung on the wall.\n                    </li>\n                \n            </ul>\n                                \n\n        \n        \n    </div>\n\n    <div class=\"pdp-summary-group-col-2 col-12 col-lg-5 offset-lg-1\">\n        <div class=\"table table-content summary-table\">\n            \n                \n                \n                    <dl>\n                        <dt>\n                            Brand\n                        </dt>\n                        <dd>\n                            <a href=\"/brands-herman-miller?lang=en_US\">Herman Miller</a>\n                        </dd>\n                    </dl>\n                \n            \n            \n            \n            \n                <dl>\n                    <dt>\n                        Collection\n                    </dt>\n                    <dd>\n                        <a href=\"/collection-herman-miller-archival-poster?lang=en_US\">Herman Miller Archival Poster Collection</a>\n                    </dd>\n                </dl>\n            \n\n            \n            \n                <dl>\n                    <dt>\n                        General Dimensions\n                    </dt>\n                    <dd>\n                        <ul class=\"unstyled summary-pdp-dimensions-list\">\n                            \n                                <li>\n                                    42½\" H 28\" W 2½\" D\n                                </li>\n                            \n                        </ul>\n                    </dd>\n                </dl>\n            \n\n            \n            \n\n            \n            \n                <dl>\n                    <dt>\n                        Product Weight\n                    </dt>\n                    <dd class=\"summary-weight\">\n                        15 lbs\n                    </dd>\n                </dl>\n            \n\n            \n            <dl>\n                <dt>\n                    Assembly\n                </dt>\n                <dd>\n                    \n                        Requires Assembly\n                    \n                </dd>\n            </dl>\n\n            \n            <dl>\n                <dt>\n                    Warranty\n                </dt>\n                <dd>\n                    \n                        1-year warranty<br>Terms and conditions apply. <a href=\"https://www.dwr.com/warranty.html\" target=\"_blank\">Learn more</a>\n                    \n                </dd>\n            </dl>\n\n            \n            \n\n            \n            \n\n            \n            \n        </div>\n    </div>\n</div>\n            </div>\n        ",
    "listSize": [
      {
        "size": "28 x 42.5\"\n                                            \n\n\n\n\ndisable-danger",
        "price": 23270000,
        "stock": 67
      }
    ],
    "discountPercentage": 18,
    "thumbnail": "https://images.hermanmiller.group/m/3e19ba0c469a918e/W-HM_2572158_100487604_maple_f.png?trim=auto&trim-sd=1&blend-mode=darken&blend=f0f0f0&bg=f0f0f0&auto=format&w=90&h=auto&fit=fill",
    "images": [
      "https://images.hermanmiller.group/m/3e19ba0c469a918e/W-HM_2572158_100487604_maple_f.png?trim=auto&trim-sd=1&blend-mode=darken&blend=f0f0f0&bg=f0f0f0&auto=format&w=800&h=auto&fit=fill",
      "https://images.hermanmiller.group/m/229a0bbd401e3446/W-HM_2572158_100487604_maple_a.png?trim=auto&trim-sd=1&blend-mode=darken&blend=f0f0f0&bg=f0f0f0&auto=format&w=800&h=auto&fit=fill",
      "https://images.hermanmiller.group/m/503c0623f6d631d8/W-HM_2572158_100487605_white_v1_2135.png?trim=auto&trim-sd=1&bg=f0f0f0&auto=format&w=800&h=auto&fit=fill"
    ]
  }
]
