[
  {
    "title": "Coliseu Pedestal",
    "product_category_id": "6814d211fbd5f57d2021510e",
    "description": "\n            <div class=\"collapse-body pdp-summary-group-body\">\n                \n<div class=\"row\">\n    <div class=\"pdp-summary-group-col-1 col-12 col-lg-5\">\n\n        \n        \n\n        \n        \n            <div class=\"mb-3\">\n                The Coliseau Pedestal, designed by Gabriel Tan and handcrafted by artisans in Portugal, literally elevates anything you place in it, from sea glass to pistachios. Tan’s design was inspired by  ancient amphitheaters, combining a Roman travertine tray with a smoked ash base. This sculptural piece celebrates the beautiful variations in tone, grain, and texture of these natural materials. Made in Portugal.\n            </div>\n        \n\n        \n        \n            <ul class=\"bulleted mb-3\">\n                \n                    <li>\n                        Roman travertine tray made by stonemason Ricardo Eira.\n                    </li>\n                \n                    <li>\n                        Smoked ash base crafted by woodworker Carlos Barbosa.\n                    </li>\n                \n                    <li>\n                        Unique, handcrafted variations in each piece.\n                    </li>\n                \n            </ul>\n                                \n\n        \n        \n    </div>\n\n    <div class=\"pdp-summary-group-col-2 col-12 col-lg-5 offset-lg-1\">\n        <div class=\"table table-content summary-table\">\n            \n                \n                \n                    <dl>\n                        <dt>\n                            Brand\n                        </dt>\n                        <dd>\n                            <a href=\"/brands-origin-made?lang=en_US\">Origin Made</a>\n                        </dd>\n                    </dl>\n                \n            \n            \n            \n            \n\n            \n            \n                <dl>\n                    <dt>\n                        General Dimensions\n                    </dt>\n                    <dd>\n                        <ul class=\"unstyled summary-pdp-dimensions-list\">\n                            \n                                <li>\n                                    2⅝\" H 10¼\" W 10¼\" D 10¼\" DIA\n                                </li>\n                            \n                        </ul>\n                    </dd>\n                </dl>\n            \n\n            \n            \n\n            \n            \n                <dl>\n                    <dt>\n                        Product Weight\n                    </dt>\n                    <dd class=\"summary-weight\">\n                        7.25 lbs\n                    </dd>\n                </dl>\n            \n\n            \n            <dl>\n                <dt>\n                    Assembly\n                </dt>\n                <dd>\n                    \n                        Comes fully assembled\n                    \n                </dd>\n            </dl>\n\n            \n            <dl>\n                <dt>\n                    Warranty\n                </dt>\n                <dd>\n                    \n                        1-year warranty<br>Terms and conditions apply. <a href=\"https://www.dwr.com/warranty.html\" target=\"_blank\">Learn more</a>\n                    \n                </dd>\n            </dl>\n\n            \n            \n\n            \n            \n\n            \n            \n        </div>\n    </div>\n</div>\n            </div>\n        ",
    "listSize": [
      {
        "size": "Low",
        "price": 13650000,
        "stock": 56
      },
      {
        "size": "Medium",
        "price": 11570000,
        "stock": 95
      },
      {
        "size": "Tall",
        "price": 8450000,
        "stock": 78
      }
    ],
    "discountPercentage": 25,
    "thumbnail": "https://images.hermanmiller.group/m/7a964a54d223a0f8/W-DWR_-2570318_100475034_tall_f.png?trim=auto&trim-sd=1&blend-mode=darken&blend=f0f0f0&bg=f0f0f0&auto=format&w=90&h=auto&fit=fill",
    "images": [
      "https://images.hermanmiller.group/m/7a964a54d223a0f8/W-DWR_-2570318_100475034_tall_f.png?trim=auto&trim-sd=1&blend-mode=darken&blend=f0f0f0&bg=f0f0f0&auto=format&w=800&h=auto&fit=fill",
      "https://images.hermanmiller.group/m/8c047a1404d5ea30/W-DWR_-2570318_100475034_tall_f2.png?trim=auto&trim-sd=1&blend-mode=darken&blend=f0f0f0&bg=f0f0f0&auto=format&w=800&h=auto&fit=fill",
      "https://images.hermanmiller.group/m/17303365ff844942/W-DWR_-2570318_100475033_medium_low_v1.png?trim=auto&trim-sd=1&bg=f0f0f0&auto=format&w=800&h=auto&fit=fill",
      "https://images.hermanmiller.group/m/256bad1249a80ef6/W-DWR_-2570318_100475033_medium_low_v2.png?trim=auto&trim-sd=1&bg=f0f0f0&auto=format&w=800&h=auto&fit=fill",
      "https://images.hermanmiller.group/m/98e12cb68c337404/W-DWR_-2570318_100475034_all_v1.png?trim=auto&trim-sd=1&bg=f0f0f0&auto=format&w=800&h=auto&fit=fill",
      "https://images.hermanmiller.group/m/4d55af326b466a9a/W-DWR_-2570318_100475034_all_v2.png?trim=auto&trim-sd=1&bg=f0f0f0&auto=format&w=800&h=auto&fit=fill",
      "https://images.hermanmiller.group/m/e6a5764b9e7f78db/W-DWR_-2570318_100475034_all_v3.png?trim=auto&trim-sd=1&bg=f0f0f0&auto=format&w=800&h=auto&fit=fill",
      "https://images.hermanmiller.group/m/ccc0b6840edbc7e5/W-DWR_-2570318_100475034_all_v4.png?trim=auto&trim-sd=1&bg=f0f0f0&auto=format&w=800&h=auto&fit=fill",
      "https://images.hermanmiller.group/m/5bac5cfe7f9054f9/W-DWR_-2570318_100475034_tall_medium_v1.png?trim=auto&trim-sd=1&bg=f0f0f0&auto=format&w=800&h=auto&fit=fill",
      "https://images.hermanmiller.group/m/4f84056a78c74b2e/W-DWR_-2570318_100475034_tall_medium_v2.png?trim=auto&trim-sd=1&bg=f0f0f0&auto=format&w=800&h=auto&fit=fill",
      "https://images.hermanmiller.group/m/fb440265791b18b8/W-DWR_-2570318_100475034_tall_v1.png?trim=auto&trim-sd=1&bg=f0f0f0&auto=format&w=800&h=auto&fit=fill"
    ]
  },
  {
    "title": "Coluna Vase",
    "product_category_id": "6814d211fbd5f57d2021510e",
    "description": "\n            <div class=\"collapse-body pdp-summary-group-body\">\n                \n<div class=\"row\">\n    <div class=\"pdp-summary-group-col-1 col-12 col-lg-5\">\n\n        \n        \n\n        \n        \n            <div class=\"mb-3\">\n                The Coluna Vase (2022) is the result of a collaboration between designer Hallgeir Homstvedt and master ceramicist Joao Lourenço for Origin Made. Made from a unique, coarse clay with grains of varied sizes, developed by Lourenço specially for this piece, it has a rich, tactile surface. The Coluna Vase is hand-thrown and then fired to highlight the character of the materials. The crisp geometry of the slender column with a distinctive wide rim is juxtaposed with the rugged material. Made in Portugal.\n            </div>\n        \n\n        \n        \n            <ul class=\"bulleted mb-3\">\n                \n                    <li>\n                        Handcrafted by master ceramicist João Lourenço.\n                    </li>\n                \n                    <li>\n                        Created by renowned Norwegian designer Hallgeir Homstvedt.\n                    </li>\n                \n                    <li>\n                        Watertight vase for holding flowers or use on its own as a sculptural piece.\n                    </li>\n                \n            </ul>\n                                \n\n        \n        \n    </div>\n\n    <div class=\"pdp-summary-group-col-2 col-12 col-lg-5 offset-lg-1\">\n        <div class=\"table table-content summary-table\">\n            \n                \n                \n                    <dl>\n                        <dt>\n                            Brand\n                        </dt>\n                        <dd>\n                            <a href=\"/brands-origin-made?lang=en_US\">Origin Made</a>\n                        </dd>\n                    </dl>\n                \n            \n            \n            \n            \n\n            \n            \n                <dl>\n                    <dt>\n                        General Dimensions\n                    </dt>\n                    <dd>\n                        <ul class=\"unstyled summary-pdp-dimensions-list\">\n                            \n                                <li>\n                                    7½\" H 10⅝\" W 10⅝\" D 10⅝\" DIA\n                                </li>\n                            \n                        </ul>\n                    </dd>\n                </dl>\n            \n\n            \n            \n\n            \n            \n                <dl>\n                    <dt>\n                        Product Weight\n                    </dt>\n                    <dd class=\"summary-weight\">\n                        5.25 lbs\n                    </dd>\n                </dl>\n            \n\n            \n            <dl>\n                <dt>\n                    Assembly\n                </dt>\n                <dd>\n                    \n                        Comes fully assembled\n                    \n                </dd>\n            </dl>\n\n            \n            <dl>\n                <dt>\n                    Warranty\n                </dt>\n                <dd>\n                    \n                        1-year warranty<br>Terms and conditions apply. <a href=\"https://www.dwr.com/warranty.html\" target=\"_blank\">Learn more</a>\n                    \n                </dd>\n            </dl>\n\n            \n            \n\n            \n            \n\n            \n            \n        </div>\n    </div>\n</div>\n            </div>\n        ",
    "listSize": [
      {
        "size": "Low",
        "price": 9750000,
        "stock": 84
      },
      {
        "size": "Tall",
        "price": 10270000,
        "stock": 64
      }
    ],
    "discountPercentage": 12,
    "thumbnail": "https://images.hermanmiller.group/m/800ef345045b4fdc/W-DWR_2570319_100475036_tall_f.png?trim=auto&trim-sd=1&blend-mode=darken&blend=f0f0f0&bg=f0f0f0&auto=format&w=90&h=auto&fit=fill",
    "images": [
      "https://images.hermanmiller.group/m/800ef345045b4fdc/W-DWR_2570319_100475036_tall_f.png?trim=auto&trim-sd=1&blend-mode=darken&blend=f0f0f0&bg=f0f0f0&auto=format&w=800&h=auto&fit=fill",
      "https://images.hermanmiller.group/m/929f90a9aa74bcc8/W-DWR_2570319_100475036_tall_d1.png?trim=auto&trim-sd=1&blend-mode=darken&blend=f0f0f0&bg=f0f0f0&auto=format&w=800&h=auto&fit=fill",
      "https://images.hermanmiller.group/m/e6455789152954c0/W-DWR_2570319_100475035_low_tall_v1.png?trim=auto&trim-sd=1&bg=f0f0f0&auto=format&w=800&h=auto&fit=fill",
      "https://images.hermanmiller.group/m/fe05cef20916aeca/W-DWR_2570319_100475035_low_tall_v2.png?trim=auto&trim-sd=1&bg=f0f0f0&auto=format&w=800&h=auto&fit=fill",
      "https://images.hermanmiller.group/m/d06ba73cab843aa0/W-DWR_2570319_100475035_low_tall_v3.png?trim=auto&trim-sd=1&bg=f0f0f0&auto=format&w=800&h=auto&fit=fill",
      "https://images.hermanmiller.group/m/185c8ff0e7caf6c1/W-DWR_2570319_100475035_low_tall_v4.png?trim=auto&trim-sd=1&bg=f0f0f0&auto=format&w=800&h=auto&fit=fill",
      "https://images.hermanmiller.group/m/9ddc488a28ae6ffe/W-DWR_2570319_100475035_low_v1.png?trim=auto&trim-sd=1&bg=f0f0f0&auto=format&w=800&h=auto&fit=fill",
      "https://images.hermanmiller.group/m/acf42a43017af0ec/W-DWR_2570319_100475036_tall_v1.png?trim=auto&trim-sd=1&bg=f0f0f0&auto=format&w=800&h=auto&fit=fill"
    ]
  },
  {
    "title": "Ridge Vase",
    "product_category_id": "6814d211fbd5f57d2021510e",
    "description": "\n            <div class=\"collapse-body pdp-summary-group-body\">\n                \n<div class=\"row\">\n    <div class=\"pdp-summary-group-col-1 col-12 col-lg-5\">\n\n        \n        \n\n        \n        \n            <div class=\"mb-3\">\n                The Ridge Vase (2019) by Studio Kaksikko is a sculptural vessel for arranging flowers that looks just as attractive when not in use. It features a slim profile – in ceramic or glass – with rounded sides and concave impressions that not only lend visual interest but also double as handles for secure repositioning. Made in Portugal.\n            </div>\n        \n\n        \n        \n            <ul class=\"bulleted mb-3\">\n                \n                    <li>\n                        A sculptural vessel that's just as beautiful full as empty.\n                    </li>\n                \n                    <li>\n                        Slim profile with rounded sides and concave impressions.\n                    </li>\n                \n                    <li>\n                        Designed by Studio Kaksikko for Muuto.\n                    </li>\n                \n            </ul>\n                                \n\n        \n        \n    </div>\n\n    <div class=\"pdp-summary-group-col-2 col-12 col-lg-5 offset-lg-1\">\n        <div class=\"table table-content summary-table\">\n            \n                \n                \n                    <dl>\n                        <dt>\n                            Brand\n                        </dt>\n                        <dd>\n                            <a href=\"/brands-muuto?lang=en_US\">Muuto</a>\n                        </dd>\n                    </dl>\n                \n            \n            \n            \n            \n\n            \n            \n                <dl>\n                    <dt>\n                        General Dimensions\n                    </dt>\n                    <dd>\n                        <ul class=\"unstyled summary-pdp-dimensions-list\">\n                            \n                                <li>\n                                    13⅞\" H 9⅛\" W 3⅜\" D\n                                </li>\n                            \n                        </ul>\n                    </dd>\n                </dl>\n            \n\n            \n            \n\n            \n            \n                <dl>\n                    <dt>\n                        Product Weight\n                    </dt>\n                    <dd class=\"summary-weight\">\n                        7 lbs\n                    </dd>\n                </dl>\n            \n\n            \n            <dl>\n                <dt>\n                    Assembly\n                </dt>\n                <dd>\n                    \n                        Comes fully assembled\n                    \n                </dd>\n            </dl>\n\n            \n            <dl>\n                <dt>\n                    Warranty\n                </dt>\n                <dd>\n                    \n                        3-year warranty<br>Terms and conditions apply. <a href=\"https://www.dwr.com/warranty.html\" target=\"_blank\">Learn more</a>\n                    \n                </dd>\n            </dl>\n\n            \n            \n\n            \n            \n\n            \n            \n        </div>\n    </div>\n</div>\n            </div>\n        ",
    "listSize": [
      {
        "size": "19\"",
        "price": 6890000,
        "stock": 60
      },
      {
        "size": "13.8\"",
        "price": 3614000,
        "stock": 74
      },
      {
        "size": "6.5\"",
        "price": 2314000,
        "stock": 73
      }
    ],
    "discountPercentage": 28,
    "thumbnail": "https://images.hermanmiller.group/m/b7a7800a9a54ec74/W-MTO_2536694_100386586_off_white_a_1.png?trim=auto&trim-sd=1&blend-mode=darken&blend=f0f0f0&bg=f0f0f0&auto=format&w=90&h=auto&fit=fill",
    "images": [
      "https://images.hermanmiller.group/m/b7a7800a9a54ec74/W-MTO_2536694_100386586_off_white_a_1.png?trim=auto&trim-sd=1&blend-mode=darken&blend=f0f0f0&bg=f0f0f0&auto=format&w=800&h=auto&fit=fill",
      "https://images.hermanmiller.group/asset/5665d3af-c9f6-472a-8f48-b8d0e6033b99/W/MTO_Two_layer_pendant_grey_earnest_table_dark_oiled_oak_ridge_vase_35_white_frosted_glass_fiber_arm_acca_731_muuto_org-tif.png?trim=auto&trim-sd=1&bg=f0f0f0&auto=format&w=800&h=auto&fit=fill",
      "https://images.hermanmiller.group/asset/6af87a8c-f89c-475e-9217-38c7e75c9e98/W/MTO_strand_table_lamp_h_59_ridge_vase_light_blue_frosted_glass_35_org-tif.png?trim=auto&trim-sd=1&bg=f0f0f0&auto=format&w=800&h=auto&fit=fill",
      "https://images.hermanmiller.group/asset/da4ef8dc-5e44-406c-b5f7-fd2f0e6bf779/W/MTO_Settle_lounge_chair_laze_1_grey_flow_coffee_table_grey_ply_rug_recycled_polyester_moss_green_ridge_vase_16_white_frosted_muuto_org-tif.png?trim=auto&trim-sd=1&bg=f0f0f0&auto=format&w=800&h=auto&fit=fill",
      "https://images.hermanmiller.group/asset/86679f64-d011-47db-b38c-65f80a9be3ff/W/MTO_Ridge_vase_frosted_glass_taupe_light_blue_white_16_35_48_group_muuto_hi_res-tif.png?trim=auto&trim-sd=1&bg=f0f0f0&auto=format&w=800&h=auto&fit=fill",
      "https://images.hermanmiller.group/asset/8393c939-28cc-47b1-b4b8-5b91aacc3405/W/MTO_Ridge_vase_48_light_blue_frosted_glass_muuto_org-tif.png?trim=auto&trim-sd=1&bg=f0f0f0&auto=format&w=800&h=auto&fit=fill",
      "https://images.hermanmiller.group/asset/586dbc25-f00e-4def-b6ca-7b9c5bac44b9/W/MTO_ridge_vase_48_light_blue_frosted_glass-2-_muuto_org-tif.png?trim=auto&trim-sd=1&bg=f0f0f0&auto=format&w=800&h=auto&fit=fill",
      "https://images.hermanmiller.group/asset/259b112f-adca-4d45-be4d-10a41c92ac1a/W/MTO_ridge_vase_35_white_frosted_glass_muuto_org-tif.png?trim=auto&trim-sd=1&bg=f0f0f0&auto=format&w=800&h=auto&fit=fill",
      "https://images.hermanmiller.group/asset/65581a0e-233a-40cd-988c-a860a48756a4/W/MTO_earnest_table_dark_oiled_oak_ridge_vase_35_white_frosted_glass_muuto_org-tif.png?trim=auto&trim-sd=1&bg=f0f0f0&auto=format&w=800&h=auto&fit=fill",
      "https://images.hermanmiller.group/asset/564b5c46-cd88-49f4-a0c8-b715a47181e3/W/Flow_coffee_table_grey_ridge_vase_16_light_blue_frosted_glass_connect_soft_vidar_956_relevo_rug_sage_green-2-_muuto_org.png?trim=auto&trim-sd=1&bg=f0f0f0&auto=format&w=800&h=auto&fit=fill",
      "https://images.hermanmiller.group/asset/85650199-7054-47cf-a480-bd10438a85c4/W/Flow_coffee_table_grey_ridge_vase_16_light_blue_frosted_glass_connect_soft_vidar_956_relevo_rug_sage_green_muuto_org.png?trim=auto&trim-sd=1&bg=f0f0f0&auto=format&w=800&h=auto&fit=fill",
      "https://images.hermanmiller.group/m/3b5e40b045333f2a/W-MTO_cover_barstool_v1-tif.png?trim=auto&trim-sd=1&bg=f0f0f0&auto=format&w=800&h=auto&fit=fill",
      "https://images.hermanmiller.group/m/902945191db9b808/W-MTO_ridge_vase_frosted_glass_white_concept_v-tif.png?trim=auto&trim-sd=1&bg=f0f0f0&auto=format&w=800&h=auto&fit=fill",
      "https://images.hermanmiller.group/m/0270dd3c74e99a4d/W-MTO_ridge_vase_frosted_glass_light_blue_concept_v-tif.png?trim=auto&trim-sd=1&bg=f0f0f0&auto=format&w=800&h=auto&fit=fill",
      "https://images.hermanmiller.group/m/e3705b8db6804d1b/W-MTO_ridge_vase_frosted_glass_light_blue_blur_concept_v-tif.png?trim=auto&trim-sd=1&bg=f0f0f0&auto=format&w=800&h=auto&fit=fill",
      "https://images.hermanmiller.group/m/2f8ed0c46a99814a/W-DWR_2536694_100268559_terracotta_v1.png?trim=auto&trim-sd=1&bg=f0f0f0&auto=format&w=800&h=auto&fit=fill",
      "https://images.hermanmiller.group/m/bf802e2060eecc43/W-DWR_2536694_100268558_off_white_v4.png?trim=auto&trim-sd=1&bg=f0f0f0&auto=format&w=800&h=auto&fit=fill",
      "https://images.hermanmiller.group/m/0925df74e12f3955/W-DWR_2536694_100268558_off_white_v3.png?trim=auto&trim-sd=1&bg=f0f0f0&auto=format&w=800&h=auto&fit=fill",
      "https://images.hermanmiller.group/m/868e032a9a0253af/W-DWR_2536694_100268558_off_white_v2.png?trim=auto&trim-sd=1&bg=f0f0f0&auto=format&w=800&h=auto&fit=fill",
      "https://images.hermanmiller.group/m/91c9d211155c1b84/W-DWR_2536694_100268558_off_white_v1.png?trim=auto&trim-sd=1&bg=f0f0f0&auto=format&w=800&h=auto&fit=fill",
      "https://images.hermanmiller.group/m/ed949792acb4eafd/W-DWR_2536694_100268558_off_white_d3.png?trim=auto&trim-sd=1&bg=f0f0f0&auto=format&w=800&h=auto&fit=fill",
      "https://images.hermanmiller.group/m/be60349a131a9b4e/W-DWR_2536694_100268557_terracotta_d2.png?trim=auto&trim-sd=1&bg=f0f0f0&auto=format&w=800&h=auto&fit=fill",
      "https://images.hermanmiller.group/m/a52ebbe4c8b4e095/W-DWR_2536694_100268556_off_white_d1.png?trim=auto&trim-sd=1&bg=f0f0f0&auto=format&w=800&h=auto&fit=fill"
    ]
  },
  {
    "title": "Nougat Vase",
    "product_category_id": "6814d211fbd5f57d2021510e",
    "description": "\n            <div class=\"collapse-body pdp-summary-group-body\">\n                \n<div class=\"row\">\n    <div class=\"pdp-summary-group-col-1 col-12 col-lg-5\">\n\n        \n        \n\n        \n        \n            <div class=\"mb-3\">\n                Based in Milan, Stories of Italy is a design studio that uses time-honored techniques to create beautifully crafted modern objects. Their Nougat Collection resulted from experiments reusing pieces of Murano blown glass, resulting in one-of-a-kind vases, bowls, and glasses that feature a mix of transparent colored shards against an opaque white background. Made in Italy.\n            </div>\n        \n\n        \n        \n            <ul class=\"bulleted mb-3\">\n                \n                    <li>\n                        A beautiful object for everyday use.\n                    </li>\n                \n                    <li>\n                        Mouth-blown Murano glass that is hand-finished.\n                    </li>\n                \n                    <li>\n                        Each piece is one of a kind.\n                    </li>\n                \n            </ul>\n                                \n\n        \n        \n    </div>\n\n    <div class=\"pdp-summary-group-col-2 col-12 col-lg-5 offset-lg-1\">\n        <div class=\"table table-content summary-table\">\n            \n                \n                \n                    <dl>\n                        <dt>\n                            Brand\n                        </dt>\n                        <dd>\n                            <a href=\"/brands-stories-of-italy?lang=en_US\">Stories of Italy</a>\n                        </dd>\n                    </dl>\n                \n            \n            \n            \n            \n\n            \n            \n                <dl>\n                    <dt>\n                        General Dimensions\n                    </dt>\n                    <dd>\n                        <ul class=\"unstyled summary-pdp-dimensions-list\">\n                            \n                                <li>\n                                    7⅞\" H 5⅛\" DIA\n                                </li>\n                            \n                        </ul>\n                    </dd>\n                </dl>\n            \n\n            \n            \n\n            \n            \n                <dl>\n                    <dt>\n                        Product Weight\n                    </dt>\n                    <dd class=\"summary-weight\">\n                        2.75 lbs\n                    </dd>\n                </dl>\n            \n\n            \n            <dl>\n                <dt>\n                    Assembly\n                </dt>\n                <dd>\n                    \n                        Comes fully assembled\n                    \n                </dd>\n            </dl>\n\n            \n            <dl>\n                <dt>\n                    Warranty\n                </dt>\n                <dd>\n                    \n                        1-year warranty<br>Terms and conditions apply. <a href=\"https://www.dwr.com/warranty.html\" target=\"_blank\">Learn more</a>\n                    \n                </dd>\n            </dl>\n\n            \n            \n\n            \n            \n\n            \n            \n        </div>\n    </div>\n</div>\n            </div>\n        ",
    "listSize": [
      {
        "size": "Medium",
        "price": 7462000,
        "stock": 77
      },
      {
        "size": "Tall",
        "price": 8658000,
        "stock": 76
      }
    ],
    "discountPercentage": 24,
    "thumbnail": "https://images.hermanmiller.group/m/c4e64ebc2a9294eb/W-DWR_2556572_100384416_multi_f.png?trim=auto&trim-sd=1&blend-mode=darken&blend=f0f0f0&bg=f0f0f0&auto=format&w=90&h=auto&fit=fill",
    "images": [
      "https://images.hermanmiller.group/m/c4e64ebc2a9294eb/W-DWR_2556572_100384416_multi_f.png?trim=auto&trim-sd=1&blend-mode=darken&blend=f0f0f0&bg=f0f0f0&auto=format&w=800&h=auto&fit=fill",
      "https://images.hermanmiller.group/m/f4e91fa711a899cc/W-DWR_2556572_100384416_multi_d2.png?trim=auto&trim-sd=1&blend-mode=darken&blend=f0f0f0&bg=f0f0f0&auto=format&w=800&h=auto&fit=fill",
      "https://images.hermanmiller.group/m/9c44fa9316072578/W-DWR_2556572_100384416_multi_d1.png?trim=auto&trim-sd=1&blend-mode=darken&blend=f0f0f0&bg=f0f0f0&auto=format&w=800&h=auto&fit=fill",
      "https://images.hermanmiller.group/asset/2f2544c0-37b5-4aa2-bdef-0f94c874662e/W/DWR_2556572_100596256_winter_v3_001.png?trim=auto&trim-sd=1&bg=f0f0f0&auto=format&w=800&h=auto&fit=fill",
      "https://images.hermanmiller.group/asset/855a8a72-216b-4a57-877e-db98ad90ab61/W/DWR_2556572_100596256_winter_d2.png?trim=auto&trim-sd=1&bg=f0f0f0&auto=format&w=800&h=auto&fit=fill",
      "https://images.hermanmiller.group/asset/d7a71207-386a-4165-ae40-e25e909be34c/W/DWR_2556572_100596256_winter_d1.png?trim=auto&trim-sd=1&bg=f0f0f0&auto=format&w=800&h=auto&fit=fill",
      "https://images.hermanmiller.group/m/6cdb254e715e0d79/W-DWR_2556576_100384610_purple_blue_ivory_v1_001.png?trim=auto&trim-sd=1&bg=f0f0f0&auto=format&w=800&h=auto&fit=fill"
    ]
  },
  {
    "title": "HAY Phaidon Book",
    "product_category_id": "6814d211fbd5f57d2021510e",
    "description": "\n            <div class=\"collapse-body pdp-summary-group-body\">\n                \n<div class=\"row\">\n    <div class=\"pdp-summary-group-col-1 col-12 col-lg-5\">\n\n        \n        \n\n        \n        \n            <div class=\"mb-3\">\n                Since 2002, HAY has been a beloved resource for colorful, playful, and functional designs. The first-ever book about the brand, HAY (2022) explores the origins and trajectory of the brand – from its founding in Copenhagen by husband-and-wife team Rolf and Mette Hay to its ever-growing roster of collaborations with designers and brands around the world. HAY features a foreword by John Hoke, Chief Design Officer of Nike, interviews with key collaborations, and an illustrated timeline of key milestones and collaborations over the years.\n            </div>\n        \n\n        \n        \n            <ul class=\"bulleted mb-3\">\n                \n                    <li>\n                        The first-ever book about HAY exploring its origins and trajectory.\n                    </li>\n                \n                    <li>\n                        Includes an illustrated timeline of HAY’s milestones and collaborations.\n                    </li>\n                \n                    <li>\n                        Features a foreword by John Hoke, Chief Design Officer at Nike.\n                    </li>\n                \n            </ul>\n                                \n\n        \n        \n    </div>\n\n    <div class=\"pdp-summary-group-col-2 col-12 col-lg-5 offset-lg-1\">\n        <div class=\"table table-content summary-table\">\n            \n                \n                \n                    <dl>\n                        <dt>\n                            Brand\n                        </dt>\n                        <dd>\n                            <a href=\"/brands-hay?lang=en_US\">HAY</a>\n                        </dd>\n                    </dl>\n                \n            \n            \n            \n            \n\n            \n            \n                <dl>\n                    <dt>\n                        General Dimensions\n                    </dt>\n                    <dd>\n                        <ul class=\"unstyled summary-pdp-dimensions-list\">\n                            \n                                <li>\n                                    10⅝\" H 8⅛\" W 1\" D\n                                </li>\n                            \n                        </ul>\n                    </dd>\n                </dl>\n            \n\n            \n            \n\n            \n            \n\n            \n            <dl>\n                <dt>\n                    Assembly\n                </dt>\n                <dd>\n                    \n                        Comes fully assembled\n                    \n                </dd>\n            </dl>\n\n            \n            <dl>\n                <dt>\n                    Warranty\n                </dt>\n                <dd>\n                    \n                        2-year warranty<br>Terms and conditions apply. <a href=\"https://www.dwr.com/warranty.html\" target=\"_blank\">Learn more</a>\n                    \n                </dd>\n            </dl>\n\n            \n            \n\n            \n            \n\n            \n            \n        </div>\n    </div>\n</div>\n            </div>\n        ",
    "listSize": [
      {
        "size": "Hardcover\n                                            \n\n\n\n\ndisable-danger",
        "price": 1558700,
        "stock": 80
      }
    ],
    "discountPercentage": 29,
    "thumbnail": "https://images.hermanmiller.group/m/2e225c0bc64cff3f/W-HAY_2555339_100377753_hardcover_f.png?trim=auto&trim-sd=1&blend-mode=darken&blend=f0f0f0&bg=f0f0f0&auto=format&w=90&h=auto&fit=fill",
    "images": [
      "https://images.hermanmiller.group/m/2e225c0bc64cff3f/W-HAY_2555339_100377753_hardcover_f.png?trim=auto&trim-sd=1&blend-mode=darken&blend=f0f0f0&bg=f0f0f0&auto=format&w=800&h=auto&fit=fill",
      "https://images.hermanmiller.group/m/28c225a63a2f5fa5/W-HAY_2555339_100377753_hardcover_a.png?trim=auto&trim-sd=1&blend-mode=darken&blend=f0f0f0&bg=f0f0f0&auto=format&w=800&h=auto&fit=fill",
      "https://images.hermanmiller.group/m/1b8cc597cb17e995/W-HAY_2555339_100377753_hardcover_a2.png?trim=auto&trim-sd=1&blend-mode=darken&blend=f0f0f0&bg=f0f0f0&auto=format&w=800&h=auto&fit=fill",
      "https://images.hermanmiller.group/m/6e68ba44eb0c63d1/W-HAY_2555339_100377753_hardcover_f2.png?trim=auto&trim-sd=1&blend-mode=darken&blend=f0f0f0&bg=f0f0f0&auto=format&w=800&h=auto&fit=fill",
      "https://images.hermanmiller.group/m/f6f79952ab9231/W-HAY_2555339_100377753_hardcover_v1.png?trim=auto&trim-sd=1&bg=f0f0f0&auto=format&w=800&h=auto&fit=fill",
      "https://images.hermanmiller.group/m/282820bcda80d341/W-HAY_2555339_100377753_hardcover_v6.png?trim=auto&trim-sd=1&bg=f0f0f0&auto=format&w=800&h=auto&fit=fill",
      "https://images.hermanmiller.group/m/200a64f842d2d05b/W-HAY_2555339_100377753_hardcover_d5.png?trim=auto&trim-sd=1&bg=f0f0f0&auto=format&w=800&h=auto&fit=fill",
      "https://images.hermanmiller.group/m/21b66cd16f03df4/W-HAY_2555339_100377753_hardcover_d6.png?trim=auto&trim-sd=1&bg=f0f0f0&auto=format&w=800&h=auto&fit=fill",
      "https://images.hermanmiller.group/m/5d8d287b179848d2/W-HAY_2555339_100377753_hardcover_d2.png?trim=auto&trim-sd=1&bg=f0f0f0&auto=format&w=800&h=auto&fit=fill",
      "https://images.hermanmiller.group/m/4c6e6acb789bac8a/W-HAY_2555339_100377753_hardcover_d7.png?trim=auto&trim-sd=1&bg=f0f0f0&auto=format&w=800&h=auto&fit=fill",
      "https://images.hermanmiller.group/m/74566673e5855122/W-HAY_2555339_100377753_hardcover_d1.png?trim=auto&trim-sd=1&bg=f0f0f0&auto=format&w=800&h=auto&fit=fill",
      "https://images.hermanmiller.group/m/5fd0ba59379f76e1/W-HAY_2555339_100377753_hardcover_d4.png?trim=auto&trim-sd=1&bg=f0f0f0&auto=format&w=800&h=auto&fit=fill"
    ]
  },
  {
    "title": "Hemisphere Table Clock",
    "product_category_id": "6814d211fbd5f57d2021510e",
    "description": "\n            <div class=\"collapse-body pdp-summary-group-body\">\n                \n<div class=\"row\">\n    <div class=\"pdp-summary-group-col-1 col-12 col-lg-5\">\n\n        \n        \n\n        \n        \n            <div class=\"mb-3\">\n                The Hemisphere Clock (2021) began with an investigation of wall clocks on the market, revealing a homogeneity of designs – mostly flat discs of about the same size. With Hemisphere, designer Henry Julier offers a counterpoint: The clock floats off the wall, a sculptural form that is as dynamic as it is functional. Includes a stand for optional tabletop use. Runs on one AA battery (not included). Made in Taiwan.\n            </div>\n        \n\n        \n        \n            <ul class=\"bulleted mb-3\">\n                \n                    <li>\n                        Graphic and sculptural form.\n                    </li>\n                \n                    <li>\n                        The clock face, held in place with magnets, can be easily removed for battery replacement.\n                    </li>\n                \n                    <li>\n                        A lack of hour marks and easy-to-read hands complement the bold nature of the clock case.\n                    </li>\n                \n                    <li>\n                        Hemisphere received a 2021 Esquire Home Design Award, given to “the 40 coolest items for your home.\"\n                    </li>\n                \n                    <li>\n                        Includes a stand for optional tabletop use.\n                    </li>\n                \n                    <li>\n                        Runs on one AA battery (not included).\n                    </li>\n                \n            </ul>\n                                \n\n        \n        \n    </div>\n\n    <div class=\"pdp-summary-group-col-2 col-12 col-lg-5 offset-lg-1\">\n        <div class=\"table table-content summary-table\">\n            \n                \n                \n                    <dl>\n                        <dt>\n                            Brand\n                        </dt>\n                        <dd>\n                            <a href=\"/brands-design-within-reach?lang=en_US\">Design Within Reach</a>\n                        </dd>\n                    </dl>\n                \n            \n            \n            \n            \n\n            \n            \n                <dl>\n                    <dt>\n                        General Dimensions\n                    </dt>\n                    <dd>\n                        <ul class=\"unstyled summary-pdp-dimensions-list\">\n                            \n                                <li>\n                                    5\" H 5\" W 2\" D 5\" DIA\n                                </li>\n                            \n                        </ul>\n                    </dd>\n                </dl>\n            \n\n            \n            \n\n            \n            \n\n            \n            <dl>\n                <dt>\n                    Assembly\n                </dt>\n                <dd>\n                    \n                        Comes fully assembled\n                    \n                </dd>\n            </dl>\n\n            \n            <dl>\n                <dt>\n                    Warranty\n                </dt>\n                <dd>\n                    \n                        1-year warranty<br>Terms and conditions apply. <a href=\"https://www.dwr.com/warranty.html\" target=\"_blank\">Learn more</a>\n                    \n                </dd>\n            </dl>\n\n            \n            \n\n            \n            \n\n            \n            \n        </div>\n    </div>\n</div>\n            </div>\n        ",
    "listSize": [
      {
        "size": "Small\n                                            \n\n\n\n\ndisable-danger",
        "price": 2600000,
        "stock": 66
      }
    ],
    "discountPercentage": 21,
    "thumbnail": "https://images.hermanmiller.group/m/191b6ceb9abd6376/W-DWR_2528799_100180722_monochrome_a.png?trim=auto&trim-sd=1&blend-mode=darken&blend=f0f0f0&bg=f0f0f0&auto=format&w=90&h=auto&fit=fill",
    "images": [
      "https://images.hermanmiller.group/m/191b6ceb9abd6376/W-DWR_2528799_100180722_monochrome_a.png?trim=auto&trim-sd=1&blend-mode=darken&blend=f0f0f0&bg=f0f0f0&auto=format&w=800&h=auto&fit=fill",
      "https://images.hermanmiller.group/m/5e033a527ea3e06d/W-DWR_2528799_100180722_monochrome_f.png?trim=auto&trim-sd=1&blend-mode=darken&blend=f0f0f0&bg=f0f0f0&auto=format&w=800&h=auto&fit=fill",
      "https://images.hermanmiller.group/m/79eef1d2e1f5539b/W-DWR_2528799_100180722_monochrome_p.png?trim=auto&trim-sd=1&blend-mode=darken&blend=f0f0f0&bg=f0f0f0&auto=format&w=800&h=auto&fit=fill",
      "https://images.hermanmiller.group/m/9b9014ed129a78e5/W-DWR_2528799_100180722_monochrome_d1.png?trim=auto&trim-sd=1&blend-mode=darken&blend=f0f0f0&bg=f0f0f0&auto=format&w=800&h=auto&fit=fill",
      "https://images.hermanmiller.group/m/22f6474eb8a6ac4f/W-DWR_2528799_all_d2.png?trim=auto&trim-sd=1&bg=f0f0f0&auto=format&w=800&h=auto&fit=fill",
      "https://images.hermanmiller.group/m/69aaaa4da625196f/W-DWR_2531570_100219468_window_v1_001.png?trim=auto&trim-sd=1&bg=f0f0f0&auto=format&w=800&h=auto&fit=fill"
    ]
  },
  {
    "title": "Hourglass Planter",
    "product_category_id": "6814d211fbd5f57d2021510e",
    "description": "\n            <div class=\"collapse-body pdp-summary-group-body\">\n                \n<div class=\"row\">\n    <div class=\"pdp-summary-group-col-1 col-12 col-lg-5\">\n\n        \n        \n\n        \n        \n            <div class=\"mb-3\">\n                Accent your plants with the clean goblet shape of the Hourglass Planter (2018). This piece is crafted from smooth sheet metal with an antirust coating for withstanding years of use both indoors and out. Flip it in either direction for a smaller or larger pot. Cleans up easily with a damp cloth. Includes rubber-capped drainage hole. Made in India.\n            </div>\n        \n\n        \n                                \n\n        \n        \n    </div>\n\n    <div class=\"pdp-summary-group-col-2 col-12 col-lg-5 offset-lg-1\">\n        <div class=\"table table-content summary-table\">\n            \n                \n                \n                    <dl>\n                        <dt>\n                            Brand\n                        </dt>\n                        <dd>\n                            <a href=\"/brands-ferm-living?lang=en_US\">ferm LIVING</a>\n                        </dd>\n                    </dl>\n                \n            \n            \n            \n            \n\n            \n            \n                <dl>\n                    <dt>\n                        General Dimensions\n                    </dt>\n                    <dd>\n                        <ul class=\"unstyled summary-pdp-dimensions-list\">\n                            \n                                <li>\n                                    16¾\" H\n                                </li>\n                            \n                        </ul>\n                    </dd>\n                </dl>\n            \n\n            \n            \n\n            \n            \n\n            \n            <dl>\n                <dt>\n                    Assembly\n                </dt>\n                <dd>\n                    \n                        Requires Assembly\n                    \n                </dd>\n            </dl>\n\n            \n            <dl>\n                <dt>\n                    Warranty\n                </dt>\n                <dd>\n                    \n                        1-year warranty<br>Terms and conditions apply. <a href=\"https://www.dwr.com/warranty.html\" target=\"_blank\">Learn more</a>\n                    \n                </dd>\n            </dl>\n\n            \n            \n\n            \n            \n\n            \n            \n        </div>\n    </div>\n</div>\n            </div>\n        ",
    "listSize": [
      {
        "size": "Small",
        "price": 4654000,
        "stock": 72
      },
      {
        "size": "Medium",
        "price": 7930000,
        "stock": 72
      },
      {
        "size": "Large",
        "price": 11934000,
        "stock": 53
      },
      {
        "size": "Extra Small",
        "price": 3510000,
        "stock": 90
      }
    ],
    "discountPercentage": 12,
    "thumbnail": "https://images.hermanmiller.group/m/c4c7c527aceb9573/W-DWR_2517637_100189394_black_f.png?trim=auto&trim-sd=1&blend-mode=darken&blend=f0f0f0&bg=f0f0f0&auto=format&w=90&h=auto&fit=fill",
    "images": [
      "https://images.hermanmiller.group/m/c4c7c527aceb9573/W-DWR_2517637_100189394_black_f.png?trim=auto&trim-sd=1&blend-mode=darken&blend=f0f0f0&bg=f0f0f0&auto=format&w=800&h=auto&fit=fill",
      "https://images.hermanmiller.group/m/17899094ac950c2a/W-DWR_2566809_100441630_sahara_v1_036.png?trim=auto&trim-sd=1&bg=f0f0f0&auto=format&w=800&h=auto&fit=fill",
      "https://images.hermanmiller.group/m/268a241abc3d3d3b/W-DWR_2517637_100189394_black_d1.png?trim=auto&trim-sd=1&bg=f0f0f0&auto=format&w=800&h=auto&fit=fill",
      "https://images.hermanmiller.group/m/36473f205d096482/W-DWR_2517637_100161663_black_v2_00.png?trim=auto&trim-sd=1&bg=f0f0f0&auto=format&w=800&h=auto&fit=fill",
      "https://images.hermanmiller.group/m/c9b20ef708e7ae59/W-DWR_2517637_100161663_black_v1_001.png?trim=auto&trim-sd=1&bg=f0f0f0&auto=format&w=800&h=auto&fit=fill"
    ]
  },
  {
    "title": "Silent Vase",
    "product_category_id": "6814d211fbd5f57d2021510e",
    "description": "\n            <div class=\"collapse-body pdp-summary-group-body\">\n                \n<div class=\"row\">\n    <div class=\"pdp-summary-group-col-1 col-12 col-lg-5\">\n\n        \n        \n\n        \n        \n            <div class=\"mb-3\">\n                The Silent Vase (2013) is a subtle design that puts the focus on shape and complements the flowers it's holding. Made of glass, each vase is mouth blown and then cut and polished for a smooth, shiny finish. Hand wash only, not dishwasher safe. Made in China.\n            </div>\n        \n\n        \n        \n            <ul class=\"bulleted mb-3\">\n                \n                    <li>\n                        Mouth-blown glass.\n                    </li>\n                \n                    <li>\n                        Choice of size and color.\n                    </li>\n                \n                    <li>\n                        Mix and match sizes and colors to create an eye-catching display.\n                    </li>\n                \n            </ul>\n                                \n\n        \n        \n    </div>\n\n    <div class=\"pdp-summary-group-col-2 col-12 col-lg-5 offset-lg-1\">\n        <div class=\"table table-content summary-table\">\n            \n                \n                \n                    <dl>\n                        <dt>\n                            Brand\n                        </dt>\n                        <dd>\n                            <a href=\"/brands-muuto?lang=en_US\">Muuto</a>\n                        </dd>\n                    </dl>\n                \n            \n            \n            \n            \n\n            \n            \n                <dl>\n                    <dt>\n                        General Dimensions\n                    </dt>\n                    <dd>\n                        <ul class=\"unstyled summary-pdp-dimensions-list\">\n                            \n                                <li>\n                                    5⅜\" H 4⅜\" DIA\n                                </li>\n                            \n                        </ul>\n                    </dd>\n                </dl>\n            \n\n            \n            \n\n            \n            \n                <dl>\n                    <dt>\n                        Product Weight\n                    </dt>\n                    <dd class=\"summary-weight\">\n                        3.5 lbs\n                    </dd>\n                </dl>\n            \n\n            \n            <dl>\n                <dt>\n                    Assembly\n                </dt>\n                <dd>\n                    \n                        Comes fully assembled\n                    \n                </dd>\n            </dl>\n\n            \n            <dl>\n                <dt>\n                    Warranty\n                </dt>\n                <dd>\n                    \n                        1-year warranty<br>Terms and conditions apply. <a href=\"https://www.dwr.com/warranty.html\" target=\"_blank\">Learn more</a>\n                    \n                </dd>\n            </dl>\n\n            \n            \n\n            \n            \n\n            \n            \n        </div>\n    </div>\n</div>\n            </div>\n        ",
    "listSize": [
      {
        "size": "Small",
        "price": 1430000,
        "stock": 67
      },
      {
        "size": "Medium",
        "price": 2210000,
        "stock": 67
      },
      {
        "size": "Large",
        "price": 2834000,
        "stock": 83
      }
    ],
    "discountPercentage": 26,
    "thumbnail": "https://images.hermanmiller.group/m/ed41df13ad4f3589/W-MTO_silent_vase_20_burnt_orange_f-tif.png?trim=auto&trim-sd=1&blend-mode=darken&blend=f0f0f0&bg=f0f0f0&auto=format&w=90&h=auto&fit=fill",
    "images": [
      "https://images.hermanmiller.group/m/ed41df13ad4f3589/W-MTO_silent_vase_20_burnt_orange_f-tif.png?trim=auto&trim-sd=1&blend-mode=darken&blend=f0f0f0&bg=f0f0f0&auto=format&w=800&h=auto&fit=fill",
      "https://images.hermanmiller.group/m/4cdf2058dc6b994f/W-MTO_silent_vase_family_dark_green_d-tif.png?trim=auto&trim-sd=1&bg=f0f0f0&auto=format&w=800&h=auto&fit=fill",
      "https://images.hermanmiller.group/m/66b50959335e3cec/W-MTO_1362_100477171_clear_v1_015.png?trim=auto&trim-sd=1&bg=f0f0f0&auto=format&w=800&h=auto&fit=fill",
      "https://images.hermanmiller.group/m/27f46d213794711a/W-MTO_2571624_100477161_grey_oiled_oak_v1_001.png?trim=auto&trim-sd=1&bg=f0f0f0&auto=format&w=800&h=auto&fit=fill",
      "https://images.hermanmiller.group/m/bb375cbbca8c7fbc/W-MTO_1362_100477178_dark_green_v1_001.png?trim=auto&trim-sd=1&bg=f0f0f0&auto=format&w=800&h=auto&fit=fill"
    ]
  },
  {
    "title": "Raawii Strøm Bowl",
    "product_category_id": "6814d211fbd5f57d2021510e",
    "description": "\n            <div class=\"collapse-body pdp-summary-group-body\">\n                \n<div class=\"row\">\n    <div class=\"pdp-summary-group-col-1 col-12 col-lg-5\">\n\n        \n        \n\n        \n        \n            <div class=\"mb-3\">\n                Designer Nicholai Wiig Hansen drew inspiration for his bright Raawii Strøm Bowl (2016) from still lifes by Danish modernist artist Vilhelm Lundstrøm, evoking the vibrant color palette found in much of Lundstrøm’s work. Handmade using a slip-cast technique, it marries refined simplicity with everyday functionality. Made in Portugal.\n            </div>\n        \n\n        \n        \n            <ul class=\"bulleted mb-3\">\n                \n                    <li>\n                        Handcrafted using a slip-cast technique.\n                    </li>\n                \n                    <li>\n                        Glazed ceramic.\n                    </li>\n                \n                    <li>\n                        Inspired by Danish modernist still life paintings.\n                    </li>\n                \n            </ul>\n                                \n\n        \n        \n    </div>\n\n    <div class=\"pdp-summary-group-col-2 col-12 col-lg-5 offset-lg-1\">\n        <div class=\"table table-content summary-table\">\n            \n                \n                \n                    <dl>\n                        <dt>\n                            Brand\n                        </dt>\n                        <dd>\n                            <a href=\"/brands-raawii?lang=en_US\">Raawii</a>\n                        </dd>\n                    </dl>\n                \n            \n            \n            \n            \n\n            \n            \n                <dl>\n                    <dt>\n                        General Dimensions\n                    </dt>\n                    <dd>\n                        <ul class=\"unstyled summary-pdp-dimensions-list\">\n                            \n                                <li>\n                                    4\" H 6\" DIA\n                                </li>\n                            \n                        </ul>\n                    </dd>\n                </dl>\n            \n\n            \n            \n\n            \n            \n\n            \n            <dl>\n                <dt>\n                    Assembly\n                </dt>\n                <dd>\n                    \n                        Comes fully assembled\n                    \n                </dd>\n            </dl>\n\n            \n            <dl>\n                <dt>\n                    Warranty\n                </dt>\n                <dd>\n                    \n                        1-year warranty<br>Terms and conditions apply. <a href=\"https://www.dwr.com/warranty.html\" target=\"_blank\">Learn more</a>\n                    \n                </dd>\n            </dl>\n\n            \n            \n\n            \n            \n\n            \n            \n        </div>\n    </div>\n</div>\n            </div>\n        ",
    "listSize": [
      {
        "size": "Small",
        "price": 2314000,
        "stock": 85
      },
      {
        "size": "Large",
        "price": 3614000,
        "stock": 62
      }
    ],
    "discountPercentage": 20,
    "thumbnail": "https://images.hermanmiller.group/m/d985407939176425/W-DWR_2517103_100158376_freesia_yellow_vendor_f.png?trim=auto&trim-sd=1&blend-mode=darken&blend=f0f0f0&bg=f0f0f0&auto=format&w=90&h=auto&fit=fill",
    "images": [
      "https://images.hermanmiller.group/m/d985407939176425/W-DWR_2517103_100158376_freesia_yellow_vendor_f.png?trim=auto&trim-sd=1&blend-mode=darken&blend=f0f0f0&bg=f0f0f0&auto=format&w=800&h=auto&fit=fill",
      "https://images.hermanmiller.group/m/4c5e9f613f69b0ed/W-DWR_2573028_100509484_chrome_v2_001.png?trim=auto&trim-sd=1&bg=f0f0f0&auto=format&w=800&h=auto&fit=fill",
      "https://images.hermanmiller.group/m/a182b63398674bba/W-DWR_2515203_100131074_maple_v1_001_editorial.png?trim=auto&trim-sd=1&bg=f0f0f0&auto=format&w=800&h=auto&fit=fill",
      "https://images.hermanmiller.group/m/dd060d7c295f1e9e/W-DWR_2534271_100248213_oak_lacquer_v4_0128.png?trim=auto&trim-sd=1&bg=f0f0f0&auto=format&w=800&h=auto&fit=fill",
      "https://images.hermanmiller.group/m/9923114b0d73a13b/W-HM_4561_100172772_white_black_panda_v1_001.png?trim=auto&trim-sd=1&bg=f0f0f0&auto=format&w=800&h=auto&fit=fill",
      "https://images.hermanmiller.group/m/06fb7f121032a7ea/W-DWR_2517101_100158370_freesia_yellow_v1_001.png?trim=auto&trim-sd=1&bg=f0f0f0&auto=format&w=800&h=auto&fit=fill",
      "https://images.hermanmiller.group/m/bbce7948715e9a5d/W-HAY_2514631_100145198_white_v2_001.png?trim=auto&trim-sd=1&bg=f0f0f0&auto=format&w=800&h=auto&fit=fill",
      "https://images.hermanmiller.group/m/5daf6d58cd061a23/W-DWR_2517103_100158378_coral_blush_v1_001.png?trim=auto&trim-sd=1&bg=f0f0f0&auto=format&w=800&h=auto&fit=fill"
    ]
  },
  {
    "title": "Contour Planter",
    "product_category_id": "6814d211fbd5f57d2021510e",
    "description": "\n            <div class=\"collapse-body pdp-summary-group-body\">\n                \n<div class=\"row\">\n    <div class=\"pdp-summary-group-col-1 col-12 col-lg-5\">\n\n        \n        \n\n        \n        \n            <div class=\"mb-3\">\n                Thoughtfully designed with a drainage hole and removable saucer so you can tailor the amount of water catchment to suit your plants, the Contour Planter (2018) looks good while helping your green thumb. Made of porcelain, the surface of this planter is designed with a series of ridges or coils for textural interest. Made in USA.\n            </div>\n        \n\n        \n        \n            <ul class=\"bulleted mb-3\">\n                \n                    <li>\n                        Two-piece set: pot and water tray.\n                    </li>\n                \n                    <li>\n                        Water tray is removable.\n                    </li>\n                \n            </ul>\n                                \n\n        \n        \n    </div>\n\n    <div class=\"pdp-summary-group-col-2 col-12 col-lg-5 offset-lg-1\">\n        <div class=\"table table-content summary-table\">\n            \n                \n                \n                    <dl>\n                        <dt>\n                            Brand\n                        </dt>\n                        <dd>\n                            <a href=\"/brands-andrew-molleur?lang=en_US\">Andrew Molleur</a>\n                        </dd>\n                    </dl>\n                \n            \n            \n            \n            \n\n            \n            \n                <dl>\n                    <dt>\n                        General Dimensions\n                    </dt>\n                    <dd>\n                        <ul class=\"unstyled summary-pdp-dimensions-list\">\n                            \n                                <li>\n                                    4½\" H 8\" W 8\" D 8\" DIA\n                                </li>\n                            \n                        </ul>\n                    </dd>\n                </dl>\n            \n\n            \n            \n\n            \n            \n                <dl>\n                    <dt>\n                        Product Weight\n                    </dt>\n                    <dd class=\"summary-weight\">\n                        3.5 lbs\n                    </dd>\n                </dl>\n            \n\n            \n            <dl>\n                <dt>\n                    Assembly\n                </dt>\n                <dd>\n                    \n                        Comes fully assembled\n                    \n                </dd>\n            </dl>\n\n            \n            <dl>\n                <dt>\n                    Warranty\n                </dt>\n                <dd>\n                    \n                        1-year warranty<br>Terms and conditions apply. <a href=\"https://www.dwr.com/warranty.html\" target=\"_blank\">Learn more</a>\n                    \n                </dd>\n            </dl>\n\n            \n            \n\n            \n            \n\n            \n            \n        </div>\n    </div>\n</div>\n            </div>\n        ",
    "listSize": [
      {
        "size": "Block",
        "price": 1560000,
        "stock": 91
      },
      {
        "size": "Oblique",
        "price": 2600000,
        "stock": 92
      },
      {
        "size": "Ribbed",
        "price": 2080000,
        "stock": 68
      }
    ],
    "discountPercentage": 26,
    "thumbnail": "https://images.hermanmiller.group/m/bf0a3003f1684b4c/W-DWR_2558000_100390666_ribbed_natural_f.png?trim=auto&trim-sd=1&blend-mode=darken&blend=f0f0f0&bg=f0f0f0&auto=format&w=90&h=auto&fit=fill",
    "images": [
      "https://images.hermanmiller.group/m/bf0a3003f1684b4c/W-DWR_2558000_100390666_ribbed_natural_f.png?trim=auto&trim-sd=1&blend-mode=darken&blend=f0f0f0&bg=f0f0f0&auto=format&w=800&h=auto&fit=fill",
      "https://images.hermanmiller.group/m/65059b41bfc61caa/W-DWR_2558000_100390666_ribbed_natural_d1.png?trim=auto&trim-sd=1&blend-mode=darken&blend=f0f0f0&bg=f0f0f0&auto=format&w=800&h=auto&fit=fill",
      "https://images.hermanmiller.group/m/2a02b4852a447918/W-DWR_SU23_EDITORIAL_HIGH_WEST_102.png?trim=auto&trim-sd=1&bg=f0f0f0&auto=format&w=800&h=auto&fit=fill",
      "https://images.hermanmiller.group/m/536fdf449c0eb5ef/W-DWR_2558000_100390668_ink_d.png?trim=auto&trim-sd=1&bg=f0f0f0&auto=format&w=800&h=auto&fit=fill",
      "https://images.hermanmiller.group/m/21541f0a74bf4bf9/W-DWR_2558000_100390667_brick_d.png?trim=auto&trim-sd=1&bg=f0f0f0&auto=format&w=800&h=auto&fit=fill"
    ]
  }
]
