[
  {
    "title": "Saarinen Dining Table, Round",
    "product_category_id": "6814bc85d484cd5ee84b3f35",
    "description": "\n            <div class=\"collapse-body pdp-summary-group-body\">\n                \n<div class=\"row\">\n    <div class=\"pdp-summary-group-col-1 col-12 col-lg-5\">\n\n        \n        \n\n        \n        \n            <div class=\"mb-3\">\n                Architect Eero Saarinen was a genius at creating expressive sculptural forms. From his TWA Terminal (now the TWA Hotel) at New York’s JFK Airport to the Gateway Arch in St. Louis to his Pedestal Table (1956), there’s a magic in everything he created. The Saarinen Dining Table, as he explained in a 1956 Time magazine cover story, was designed to “clear up the slum of legs in the U.S. home.” Later that year, he completed the Pedestal Table, which stands on a gracefully shaped cast-aluminum base. This is the authentic Pedestal Table by Knoll. It’s stamped with the KnollStudio logo and Eero Saarinen’s signature. Tabletop made in Italy or U.S.A., depending on material.\n            </div>\n        \n\n        \n        \n            <ul class=\"bulleted mb-3\">\n                \n                    <li>\n                        This is an authentic Knoll Saarinen Table.\n                    </li>\n                \n                    <li>\n                        Choice of marble, granite, quartz, wood veneer, or laminate top.\n                    </li>\n                \n                    <li>\n                        Sculptural pedestal base inspired by a drop of liquid offers more legroom.\n                    </li>\n                \n            </ul>\n                                \n\n        \n        \n            <div>\n                Eco-Friendly Description: Certified Intertek Clean Air GOLD. Products certified Intertek Clean Air GOLD are certified for low-VOC emissions and conform to ANSI/ BIFMA e3 standard credits 7.6.1, 7.6.2 and/or credit 7.6.3, which includes California Department of Public Health (CDPH) Standard Method v1.2 01350 (2017), as well as conformance to low-emitting materials for WELL and LEED.\n            </div>\n        \n    </div>\n\n    <div class=\"pdp-summary-group-col-2 col-12 col-lg-5 offset-lg-1\">\n        <div class=\"table table-content summary-table\">\n            \n                \n                \n                    <dl>\n                        <dt>\n                            Brand\n                        </dt>\n                        <dd>\n                            <a href=\"/brands-knoll?lang=en_US\">Knoll®</a>\n                        </dd>\n                    </dl>\n                \n            \n            \n            \n            \n                <dl>\n                    <dt>\n                        Collection\n                    </dt>\n                    <dd>\n                        <a href=\"/collection-saarinen-dining-table?lang=en_US\">Saarinen Dining Table Collection</a>\n                    </dd>\n                </dl>\n            \n\n            \n            \n                <dl>\n                    <dt>\n                        General Dimensions\n                    </dt>\n                    <dd>\n                        <ul class=\"unstyled summary-pdp-dimensions-list\">\n                            \n                                <li>\n                                    28¼\" H 42¼\" DIA\n                                </li>\n                            \n                        </ul>\n                    </dd>\n                </dl>\n            \n\n            \n            \n\n            \n            \n                <dl>\n                    <dt>\n                        Product Weight\n                    </dt>\n                    <dd class=\"summary-weight\">\n                        125 lbs\n                    </dd>\n                </dl>\n            \n\n            \n            <dl>\n                <dt>\n                    Assembly\n                </dt>\n                <dd>\n                    \n                        Requires Assembly\n                    \n                </dd>\n            </dl>\n\n            \n            <dl>\n                <dt>\n                    Warranty\n                </dt>\n                <dd>\n                    \n                        5-year warranty<br>Terms and conditions apply. <a href=\"https://www.dwr.com/warranty.html\" target=\"_blank\">Learn more</a>\n                    \n                </dd>\n            </dl>\n\n            \n            \n                <dl>\n                    <dt>\n                        Lifestyle\n                    </dt>\n                    <dd>\n                        <ul class=\"pdp-summary-group-lifestyle unstyled\">\n                            \n                                <li>\n                                    \n\n\n\n<svg role=\"img\" class=\"icon icon-check-dark icon-check-dark-dims \" viewBox=\"0 0 11 9\">\n<title>check-dark</title>\n\n<path fill-rule=\"evenodd\" clip-rule=\"evenodd\" d=\"M10.819 1.818L4.182 8.455.546 4.818l1.273-1.272 2.363 2.363L9.546.546l1.273 1.272z\" fill=\"#242222\"></path></svg>\n\n\n                                    <span>Eco-friendly</span>\n                                </li>\n                            \n                            \n                        </ul>\n                    </dd>\n                </dl>\n            \n\n            \n            \n\n            \n            \n        </div>\n    </div>\n</div>\n            </div>\n        ",
    "listSize": [
      {
        "size": "35\"",
        "price": 64870000,
        "stock": 89
      },
      {
        "size": "42\"",
        "price": 77870000,
        "stock": 93
      },
      {
        "size": "47\"",
        "price": 93470000,
        "stock": 78
      },
      {
        "size": "54\"",
        "price": 119470000,
        "stock": 83
      },
      {
        "size": "60\"",
        "price": 163670000,
        "stock": 69
      },
      {
        "size": "72\"",
        "price": 163670000,
        "stock": 91
      },
      {
        "size": "78\"",
        "price": 163670000,
        "stock": 77
      },
      {
        "size": "84\"",
        "price": 163670000,
        "stock": 55
      },
      {
        "size": "96\"",
        "price": 163670000,
        "stock": 80
      }
    ],
    "discountPercentage": 14,
    "thumbnail": "https://images.hermanmiller.group/m/3fe03b4bc02fbd7c/W-DWR_7204_100080648_white_f-jpg.png?trim=auto&trim-sd=1&blend-mode=darken&blend=f0f0f0&bg=f0f0f0&auto=format&w=90&h=auto&fit=fill",
    "images": [
      "https://images.hermanmiller.group/m/3fe03b4bc02fbd7c/W-DWR_7204_100080648_white_f-jpg.png?trim=auto&trim-sd=1&blend-mode=darken&blend=f0f0f0&bg=f0f0f0&auto=format&w=800&h=auto&fit=fill",
      "https://images.hermanmiller.group/asset/4c4f243e-b285-4a63-8d6b-21c54c7327ef/W/KNO_7204_100081531_white_carrara_v1_0325.png?trim=auto&trim-sd=1&bg=f0f0f0&auto=format&w=800&h=auto&fit=fill",
      "https://images.hermanmiller.group/m/6b6bc0b79868079d/W-KNO_7204_100301191_grigio_marquina_white_v1_1196.png?trim=auto&trim-sd=1&bg=f0f0f0&auto=format&w=800&h=auto&fit=fill",
      "https://images.hermanmiller.group/m/678ee59163b89618/W-KNO_7204_100301191_grigio_marquina_white_v1_1157.png?trim=auto&trim-sd=1&bg=f0f0f0&auto=format&w=800&h=auto&fit=fill",
      "https://images.hermanmiller.group/m/5e33cf47c2e95f27/W-KNO_7204_100301296_polished_espresso_marble_black_v1_032.png?trim=auto&trim-sd=1&bg=f0f0f0&auto=format&w=800&h=auto&fit=fill",
      "https://images.hermanmiller.group/m/40bfdcb4fa5073d4/W-KNO_7204_100301296_polished_espresso_marble_black_v1_016.png?trim=auto&trim-sd=1&bg=f0f0f0&auto=format&w=800&h=auto&fit=fill",
      "https://images.hermanmiller.group/m/110c5f181a964596/W-KNO_7204_290661_oak_v1_094.png?trim=auto&trim-sd=1&bg=f0f0f0&auto=format&w=800&h=auto&fit=fill",
      "https://images.hermanmiller.group/m/23af8832f3614452/W-KNO_SEC_17358.png?trim=auto&trim-sd=1&bg=f0f0f0&auto=format&w=800&h=auto&fit=fill",
      "https://images.hermanmiller.group/m/d44a75ec97fd29f8/W-KNO_SEC_13389.png?trim=auto&trim-sd=1&bg=f0f0f0&auto=format&w=800&h=auto&fit=fill",
      "https://images.hermanmiller.group/m/18d3cd64694bde73/W-HM_1104_100366203_brick_red_black_walnut_v2_001.png?trim=auto&trim-sd=1&bg=f0f0f0&auto=format&w=800&h=auto&fit=fill",
      "https://images.hermanmiller.group/m/315e5e95b02e00e2/W-KNO_7204_291149_nero_marquina_black_v1_001.png?trim=auto&trim-sd=1&bg=f0f0f0&auto=format&w=800&h=auto&fit=fill",
      "https://images.hermanmiller.group/m/53baf184f3741fba/W-KNO_SRT_18206-jpg.png?trim=auto&trim-sd=1&bg=f0f0f0&auto=format&w=800&h=auto&fit=fill",
      "https://images.hermanmiller.group/m/a87381d1c6b34735/W-KNO_SRT_14225-jpg.png?trim=auto&trim-sd=1&bg=f0f0f0&auto=format&w=800&h=auto&fit=fill",
      "https://images.hermanmiller.group/m/4c92466114294a3a/W-KNO_SRT_4877-jpg.png?trim=auto&trim-sd=1&bg=f0f0f0&auto=format&w=800&h=auto&fit=fill",
      "https://images.hermanmiller.group/m/8aada70890223d32/W-DWR_SP23_EDITORIAL_BRIDGE_HOUSE_422.png?trim=auto&trim-sd=1&bg=f0f0f0&auto=format&w=800&h=auto&fit=fill",
      "https://images.hermanmiller.group/m/92afbea446bac5bc/W-DWR_7204_100193332_coated_carrara_black_v1_001.png?trim=auto&trim-sd=1&bg=f0f0f0&auto=format&w=800&h=auto&fit=fill",
      "https://images.hermanmiller.group/m/d731030493abf084/W-DWR_7204_100204644_carrara_white_v1_001.png?trim=auto&trim-sd=1&bg=f0f0f0&auto=format&w=800&h=auto&fit=fill",
      "https://images.hermanmiller.group/m/3531acb7b4d0650e/W-DWR_7204_100081520_carrara_white_v2_001.png?trim=auto&trim-sd=1&bg=f0f0f0&auto=format&w=800&h=auto&fit=fill",
      "https://images.hermanmiller.group/m/f3678719aee8bea8/W-DWR_7204_100204596_polished_arabescato_white_v1_001.png?trim=auto&trim-sd=1&bg=f0f0f0&auto=format&w=800&h=auto&fit=fill",
      "https://images.hermanmiller.group/m/63b5031593498da5/W-DWR_7204_787109_arabescato_white_v1_001.png?trim=auto&trim-sd=1&bg=f0f0f0&auto=format&w=800&h=auto&fit=fill",
      "https://images.hermanmiller.group/m/601e17369f9d0d7e/W-PD_7204_7202_ENV6-jpg.png?trim=auto&trim-sd=1&bg=f0f0f0&auto=format&w=800&h=auto&fit=fill",
      "https://images.hermanmiller.group/m/c3e90b4e85df15a6/W-DWR_7204_308533_rosewood_black_v1_041.png?trim=auto&trim-sd=1&bg=f0f0f0&auto=format&w=800&h=auto&fit=fill",
      "https://images.hermanmiller.group/m/483cd8c944202f35/W-DWR_7202_787482_arabescato_white_v4_001.png?trim=auto&trim-sd=1&bg=f0f0f0&auto=format&w=800&h=auto&fit=fill",
      "https://images.hermanmiller.group/m/cf557d6c9a5c191a/W-DWR_4541_100120420_natural_beech_v1_001.png?trim=auto&trim-sd=1&bg=f0f0f0&auto=format&w=800&h=auto&fit=fill"
    ]
  },
  {
    "title": "OE1 Table",
    "product_category_id": "6814bc85d484cd5ee84b3f35",
    "description": "\n            <div class=\"collapse-body pdp-summary-group-body\">\n                \n<div class=\"row\">\n    <div class=\"pdp-summary-group-col-1 col-12 col-lg-5\">\n\n        \n        \n\n        \n        \n            <div class=\"mb-3\">\n                When Kim Colin and Sam Hecht created products for Yamaha, Issey Miyake, Herman Miller, Muji, and many other companies, they approached each project as a means of simplifying people’s lives in an inspirational way. An essential modern desk, the OE1 Table (2020) embodies that philosophy, with a minimalist aesthetic and flexible functionality that bring quietude and utility to the home or office. It’s designed to work individually, in multiples, and with what you already have.\n            </div>\n        \n\n        \n        \n            <ul class=\"bulleted mb-3\">\n                \n                    <li>\n                        Teardrop legs can be positioned in two ways.\n                    </li>\n                \n                    <li>\n                        Turn legs one way for a rounded corner, another way for a crisp edge.\n                    </li>\n                \n                    <li>\n                        A simple, refined design that makes a refreshing statement in a home office or workplace.\n                    </li>\n                \n            </ul>\n                                \n\n        \n        \n    </div>\n\n    <div class=\"pdp-summary-group-col-2 col-12 col-lg-5 offset-lg-1\">\n        <div class=\"table table-content summary-table\">\n            \n                \n                \n                    <dl>\n                        <dt>\n                            Brand\n                        </dt>\n                        <dd>\n                            <a href=\"/brands-herman-miller?lang=en_US\">Herman Miller</a>\n                        </dd>\n                    </dl>\n                \n            \n            \n            \n            \n                <dl>\n                    <dt>\n                        Collection\n                    </dt>\n                    <dd>\n                        <a href=\"/collection-oe1?lang=en_US\">OE1 Collection</a>\n                    </dd>\n                </dl>\n            \n\n            \n            \n                <dl>\n                    <dt>\n                        General Dimensions\n                    </dt>\n                    <dd>\n                        <ul class=\"unstyled summary-pdp-dimensions-list\">\n                            \n                                <li>\n                                    28½\" H 72\" W 30\" D\n                                </li>\n                            \n                        </ul>\n                    </dd>\n                </dl>\n            \n\n            \n            \n\n            \n            \n                <dl>\n                    <dt>\n                        Product Weight\n                    </dt>\n                    <dd class=\"summary-weight\">\n                        85 lbs\n                    </dd>\n                </dl>\n            \n\n            \n            <dl>\n                <dt>\n                    Assembly\n                </dt>\n                <dd>\n                    \n                        Requires Assembly\n                    \n                </dd>\n            </dl>\n\n            \n            <dl>\n                <dt>\n                    Warranty\n                </dt>\n                <dd>\n                    \n                        12-year warranty<br>Terms and conditions apply. <a href=\"https://www.dwr.com/warranty.html\" target=\"_blank\">Learn more</a>\n                    \n                </dd>\n            </dl>\n\n            \n            \n\n            \n            \n\n            \n            \n        </div>\n    </div>\n</div>\n            </div>\n        ",
    "listSize": [
      {
        "size": "18 x 48",
        "price": 18070000,
        "stock": 57
      },
      {
        "size": "24 x 48",
        "price": 19370000,
        "stock": 71
      },
      {
        "size": "30 x 60",
        "price": 20670000,
        "stock": 67
      },
      {
        "size": "30 x 72",
        "price": 21970000,
        "stock": 92
      }
    ],
    "discountPercentage": 21,
    "thumbnail": "https://images.hermanmiller.group/m/c0fb4f16fa99fd4c/W-HM_2524143_100194831_white_black_f.png?trim=auto&trim-sd=1&blend-mode=darken&blend=f0f0f0&bg=f0f0f0&auto=format&w=90&h=auto&fit=fill",
    "images": [
      "https://images.hermanmiller.group/m/c0fb4f16fa99fd4c/W-HM_2524143_100194831_white_black_f.png?trim=auto&trim-sd=1&blend-mode=darken&blend=f0f0f0&bg=f0f0f0&auto=format&w=800&h=auto&fit=fill",
      "https://images.hermanmiller.group/m/70dc9734dc6bf6cb/W-HM_passsport_table_light_woodgrain_v1_408.png?trim=auto&trim-sd=1&bg=f0f0f0&auto=format&w=800&h=auto&fit=fill",
      "https://images.hermanmiller.group/m/3ede151aed5ec694/W-HM_2524143_100286367_white_nightfall_v2_001.png?trim=auto&trim-sd=1&bg=f0f0f0&auto=format&w=800&h=auto&fit=fill",
      "https://images.hermanmiller.group/m/4fe7118881db38dd/W-HM_2294_100102411_black_licorice_v1_001.png?trim=auto&trim-sd=1&bg=f0f0f0&auto=format&w=800&h=auto&fit=fill",
      "https://images.hermanmiller.group/m/55d9e919832d6dd6/W-HM_2524143_100194837_white_white_v1_001_Glacier.png?trim=auto&trim-sd=1&bg=f0f0f0&auto=format&w=800&h=auto&fit=fill",
      "https://images.hermanmiller.group/m/79d5c63a5aef9da8/W-HM_2524143_100194852_white_black_v1_001.png?trim=auto&trim-sd=1&bg=f0f0f0&auto=format&w=800&h=auto&fit=fill",
      "https://images.hermanmiller.group/m/e7eae15e2622ea3f/W-HM_2195348_100249122_onyx_v1_001.png?trim=auto&trim-sd=1&bg=f0f0f0&auto=format&w=800&h=auto&fit=fill",
      "https://images.hermanmiller.group/m/fa4c0ddadc532fdb/W-HM_2524143_100286369_white_ash_canyon_v1_229.png?trim=auto&trim-sd=1&bg=f0f0f0&auto=format&w=800&h=auto&fit=fill",
      "https://images.hermanmiller.group/m/efe271643af99c4d/W-HM_2515454_100128927_nightfall_v1_001.png?trim=auto&trim-sd=1&bg=f0f0f0&auto=format&w=800&h=auto&fit=fill",
      "https://images.hermanmiller.group/m/bdbe9d3a454f2aad/W-HM_2524143_100194892_olive_walnut_v1_001.png?trim=auto&trim-sd=1&bg=f0f0f0&auto=format&w=800&h=auto&fit=fill",
      "https://images.hermanmiller.group/m/7c353b40a73be98/W-HM_2524143_100194907_white_ash_white_v1_027.png?trim=auto&trim-sd=1&bg=f0f0f0&auto=format&w=800&h=auto&fit=fill",
      "https://images.hermanmiller.group/m/ab9a957c2f2626ab/W-HM_2524143_100194905_white_ash_nightfall_v4_001.png?trim=auto&trim-sd=1&bg=f0f0f0&auto=format&w=800&h=auto&fit=fill",
      "https://images.hermanmiller.group/m/ed462d4ee84d0d48/W-HM_2524143_100194877_white_nightfall_v1_001.png?trim=auto&trim-sd=1&bg=f0f0f0&auto=format&w=800&h=auto&fit=fill",
      "https://images.hermanmiller.group/m/c4fd7a4ef49db80d/W-HM_1453_100114241_alpine_fog_white_v1_001.png?trim=auto&trim-sd=1&bg=f0f0f0&auto=format&w=800&h=auto&fit=fill",
      "https://images.hermanmiller.group/m/f3dacbc7442db1b8/W-HM_2519413_100180989_iceburg_mineral_v2_001.png?trim=auto&trim-sd=1&bg=f0f0f0&auto=format&w=800&h=auto&fit=fill"
    ]
  },
  {
    "title": "OE1 Table",
    "product_category_id": "6814bc85d484cd5ee84b3f35",
    "description": "\n            <div class=\"collapse-body pdp-summary-group-body\">\n                \n<div class=\"row\">\n    <div class=\"pdp-summary-group-col-1 col-12 col-lg-5\">\n\n        \n        \n\n        \n        \n            <div class=\"mb-3\">\n                When Kim Colin and Sam Hecht created products for Yamaha, Issey Miyake, Herman Miller, Muji, and many other companies, they approached each project as a means of simplifying people’s lives in an inspirational way. An essential modern desk, the OE1 Table (2020) embodies that philosophy, with a minimalist aesthetic and flexible functionality that bring quietude and utility to the home or office. It’s designed to work individually, in multiples, and with what you already have.\n            </div>\n        \n\n        \n        \n            <ul class=\"bulleted mb-3\">\n                \n                    <li>\n                        Teardrop legs can be positioned in two ways.\n                    </li>\n                \n                    <li>\n                        Turn legs one way for a rounded corner, another way for a crisp edge.\n                    </li>\n                \n                    <li>\n                        A simple, refined design that makes a refreshing statement in a home office or workplace.\n                    </li>\n                \n            </ul>\n                                \n\n        \n        \n    </div>\n\n    <div class=\"pdp-summary-group-col-2 col-12 col-lg-5 offset-lg-1\">\n        <div class=\"table table-content summary-table\">\n            \n                \n                \n                    <dl>\n                        <dt>\n                            Brand\n                        </dt>\n                        <dd>\n                            <a href=\"/brands-herman-miller?lang=en_US\">Herman Miller</a>\n                        </dd>\n                    </dl>\n                \n            \n            \n            \n            \n                <dl>\n                    <dt>\n                        Collection\n                    </dt>\n                    <dd>\n                        <a href=\"/collection-oe1?lang=en_US\">OE1 Collection</a>\n                    </dd>\n                </dl>\n            \n\n            \n            \n                <dl>\n                    <dt>\n                        General Dimensions\n                    </dt>\n                    <dd>\n                        <ul class=\"unstyled summary-pdp-dimensions-list\">\n                            \n                                <li>\n                                    28½\" H 60\" W 30\" D\n                                </li>\n                            \n                        </ul>\n                    </dd>\n                </dl>\n            \n\n            \n            \n\n            \n            \n                <dl>\n                    <dt>\n                        Product Weight\n                    </dt>\n                    <dd class=\"summary-weight\">\n                        80 lbs\n                    </dd>\n                </dl>\n            \n\n            \n            <dl>\n                <dt>\n                    Assembly\n                </dt>\n                <dd>\n                    \n                        Requires Assembly\n                    \n                </dd>\n            </dl>\n\n            \n            <dl>\n                <dt>\n                    Warranty\n                </dt>\n                <dd>\n                    \n                        12-year warranty<br>Terms and conditions apply. <a href=\"https://www.dwr.com/warranty.html\" target=\"_blank\">Learn more</a>\n                    \n                </dd>\n            </dl>\n\n            \n            \n\n            \n            \n\n            \n            \n        </div>\n    </div>\n</div>\n            </div>\n        ",
    "listSize": [
      {
        "size": "18 x 48",
        "price": 18070000,
        "stock": 55
      },
      {
        "size": "24 x 48",
        "price": 19370000,
        "stock": 66
      },
      {
        "size": "30 x 60",
        "price": 20670000,
        "stock": 79
      },
      {
        "size": "30 x 72",
        "price": 21970000,
        "stock": 82
      }
    ],
    "discountPercentage": 30,
    "thumbnail": "https://images.hermanmiller.group/m/c0fb4f16fa99fd4c/W-HM_2524143_100194831_white_black_f.png?trim=auto&trim-sd=1&blend-mode=darken&blend=f0f0f0&bg=f0f0f0&auto=format&w=90&h=auto&fit=fill",
    "images": [
      "https://images.hermanmiller.group/m/c0fb4f16fa99fd4c/W-HM_2524143_100194831_white_black_f.png?trim=auto&trim-sd=1&blend-mode=darken&blend=f0f0f0&bg=f0f0f0&auto=format&w=800&h=auto&fit=fill",
      "https://images.hermanmiller.group/m/70dc9734dc6bf6cb/W-HM_passsport_table_light_woodgrain_v1_408.png?trim=auto&trim-sd=1&bg=f0f0f0&auto=format&w=800&h=auto&fit=fill",
      "https://images.hermanmiller.group/m/3ede151aed5ec694/W-HM_2524143_100286367_white_nightfall_v2_001.png?trim=auto&trim-sd=1&bg=f0f0f0&auto=format&w=800&h=auto&fit=fill",
      "https://images.hermanmiller.group/m/4fe7118881db38dd/W-HM_2294_100102411_black_licorice_v1_001.png?trim=auto&trim-sd=1&bg=f0f0f0&auto=format&w=800&h=auto&fit=fill",
      "https://images.hermanmiller.group/m/55d9e919832d6dd6/W-HM_2524143_100194837_white_white_v1_001_Glacier.png?trim=auto&trim-sd=1&bg=f0f0f0&auto=format&w=800&h=auto&fit=fill",
      "https://images.hermanmiller.group/m/79d5c63a5aef9da8/W-HM_2524143_100194852_white_black_v1_001.png?trim=auto&trim-sd=1&bg=f0f0f0&auto=format&w=800&h=auto&fit=fill",
      "https://images.hermanmiller.group/m/e7eae15e2622ea3f/W-HM_2195348_100249122_onyx_v1_001.png?trim=auto&trim-sd=1&bg=f0f0f0&auto=format&w=800&h=auto&fit=fill",
      "https://images.hermanmiller.group/m/fa4c0ddadc532fdb/W-HM_2524143_100286369_white_ash_canyon_v1_229.png?trim=auto&trim-sd=1&bg=f0f0f0&auto=format&w=800&h=auto&fit=fill",
      "https://images.hermanmiller.group/m/efe271643af99c4d/W-HM_2515454_100128927_nightfall_v1_001.png?trim=auto&trim-sd=1&bg=f0f0f0&auto=format&w=800&h=auto&fit=fill",
      "https://images.hermanmiller.group/m/bdbe9d3a454f2aad/W-HM_2524143_100194892_olive_walnut_v1_001.png?trim=auto&trim-sd=1&bg=f0f0f0&auto=format&w=800&h=auto&fit=fill",
      "https://images.hermanmiller.group/m/7c353b40a73be98/W-HM_2524143_100194907_white_ash_white_v1_027.png?trim=auto&trim-sd=1&bg=f0f0f0&auto=format&w=800&h=auto&fit=fill",
      "https://images.hermanmiller.group/m/ab9a957c2f2626ab/W-HM_2524143_100194905_white_ash_nightfall_v4_001.png?trim=auto&trim-sd=1&bg=f0f0f0&auto=format&w=800&h=auto&fit=fill",
      "https://images.hermanmiller.group/m/ed462d4ee84d0d48/W-HM_2524143_100194877_white_nightfall_v1_001.png?trim=auto&trim-sd=1&bg=f0f0f0&auto=format&w=800&h=auto&fit=fill",
      "https://images.hermanmiller.group/m/c4fd7a4ef49db80d/W-HM_1453_100114241_alpine_fog_white_v1_001.png?trim=auto&trim-sd=1&bg=f0f0f0&auto=format&w=800&h=auto&fit=fill",
      "https://images.hermanmiller.group/m/f3dacbc7442db1b8/W-HM_2519413_100180989_iceburg_mineral_v2_001.png?trim=auto&trim-sd=1&bg=f0f0f0&auto=format&w=800&h=auto&fit=fill"
    ]
  },
  {
    "title": "Eames Table",
    "product_category_id": "6814bc85d484cd5ee84b3f35",
    "description": "\n            <div class=\"collapse-body pdp-summary-group-body\">\n                \n<div class=\"row\">\n    <div class=\"pdp-summary-group-col-1 col-12 col-lg-5\">\n\n        \n        \n\n        \n        \n            <div class=\"mb-3\">\n                The versatile Eames Table (1964) is a durable, simple, sleek solution for residential and commercial settings. It features a sturdy streamlined base with plenty of legroom and leveling floor glides for uneven surfaces. Depending on selected options, the table is constructed of varying percentages of recycled and recyclable materials. This is an authentic Eames Table by Herman Miller. Greenguard Certified. Simple assembly required.\n            </div>\n        \n\n        \n        \n            <ul class=\"bulleted mb-3\">\n                \n                    <li>\n                        Legendary husband-and-wife design team.\n                    </li>\n                \n                    <li>\n                        A range of size, base, and top options.\n                    </li>\n                \n                    <li>\n                        Constructed of recycled and recyclable materials.\n                    </li>\n                \n            </ul>\n                                \n\n        \n        \n    </div>\n\n    <div class=\"pdp-summary-group-col-2 col-12 col-lg-5 offset-lg-1\">\n        <div class=\"table table-content summary-table\">\n            \n                \n                \n                    <dl>\n                        <dt>\n                            Brand\n                        </dt>\n                        <dd>\n                            <a href=\"/brands-herman-miller?lang=en_US\">Herman Miller</a>\n                        </dd>\n                    </dl>\n                \n            \n            \n            \n            \n\n            \n            \n                <dl>\n                    <dt>\n                        General Dimensions\n                    </dt>\n                    <dd>\n                        <ul class=\"unstyled summary-pdp-dimensions-list\">\n                            \n                                <li>\n                                    28½\" H 30\" W 30\" D 30\" DIA\n                                </li>\n                            \n                        </ul>\n                    </dd>\n                </dl>\n            \n\n            \n            \n\n            \n            \n                <dl>\n                    <dt>\n                        Product Weight\n                    </dt>\n                    <dd class=\"summary-weight\">\n                        50.25 lbs\n                    </dd>\n                </dl>\n            \n\n            \n            <dl>\n                <dt>\n                    Assembly\n                </dt>\n                <dd>\n                    \n                        Requires Assembly\n                    \n                </dd>\n            </dl>\n\n            \n            <dl>\n                <dt>\n                    Warranty\n                </dt>\n                <dd>\n                    \n                        12-year warranty<br>Terms and conditions apply. <a href=\"https://www.dwr.com/warranty.html\" target=\"_blank\">Learn more</a>\n                    \n                </dd>\n            </dl>\n\n            \n            \n\n            \n            \n\n            \n            \n        </div>\n    </div>\n</div>\n            </div>\n        ",
    "listSize": [
      {
        "size": "30\"",
        "price": 23270000,
        "stock": 91
      },
      {
        "size": "36\"",
        "price": 23270000,
        "stock": 65
      },
      {
        "size": "36\" x 36\"",
        "price": 25870000,
        "stock": 94
      },
      {
        "size": "36\" x 72\"",
        "price": 25870000,
        "stock": 92
      },
      {
        "size": "48\"",
        "price": 36270000,
        "stock": 57
      },
      {
        "size": "30\" x 30\"",
        "price": 36270000,
        "stock": 58
      }
    ],
    "discountPercentage": 24,
    "thumbnail": "https://images.hermanmiller.group/m/b48ccd4654a7bd89/W-HM_104_100071959_white_black_aluminum_f.png?trim=auto&trim-sd=1&blend-mode=darken&blend=f0f0f0&bg=f0f0f0&auto=format&w=90&h=auto&fit=fill",
    "images": [
      "https://images.hermanmiller.group/m/b48ccd4654a7bd89/W-HM_104_100071959_white_black_aluminum_f.png?trim=auto&trim-sd=1&blend-mode=darken&blend=f0f0f0&bg=f0f0f0&auto=format&w=800&h=auto&fit=fill",
      "https://images.hermanmiller.group/m/c6406d5ae195e903/W-HM_104_100071959_white_black_aluminum_a.png?trim=auto&trim-sd=1&blend-mode=darken&blend=f0f0f0&bg=f0f0f0&auto=format&w=800&h=auto&fit=fill",
      "https://images.hermanmiller.group/m/de136436490c918e/W-HM_104_100071959_white_black_aluminum_d1.png?trim=auto&trim-sd=1&blend-mode=darken&blend=f0f0f0&bg=f0f0f0&auto=format&w=800&h=auto&fit=fill",
      "https://images.hermanmiller.group/m/2c823fc214808b1d/W-HM_2552200_100366317_blue_green_v1_001.png?trim=auto&trim-sd=1&bg=f0f0f0&auto=format&w=800&h=auto&fit=fill",
      "https://images.hermanmiller.group/m/7da2b30f4e08d81c/W-HM_104_9047138_black_aluminum_d2.png?trim=auto&trim-sd=1&bg=f0f0f0&auto=format&w=800&h=auto&fit=fill",
      "https://images.hermanmiller.group/m/8a860f9db5c47f13/W-HM_104_100071961_white_white_v1_001.png?trim=auto&trim-sd=1&bg=f0f0f0&auto=format&w=800&h=auto&fit=fill",
      "https://images.hermanmiller.group/m/3785b64819060704/W-Tree_House_014_004_20190411105741655.png?trim=auto&trim-sd=1&bg=f0f0f0&auto=format&w=800&h=auto&fit=fill",
      "https://images.hermanmiller.group/m/31c972695f472c2f/W-DWR_6668_100073320_doll_five_v2-tif.png?trim=auto&trim-sd=1&bg=f0f0f0&auto=format&w=800&h=auto&fit=fill",
      "https://images.hermanmiller.group/m/3e7b990e9a4bf7b0/W-HM_FD_Shot10_50291_O.png?trim=auto&trim-sd=1&bg=f0f0f0&auto=format&w=800&h=auto&fit=fill"
    ]
  },
  {
    "title": "OE1 Table",
    "product_category_id": "6814bc85d484cd5ee84b3f35",
    "description": "\n            <div class=\"collapse-body pdp-summary-group-body\">\n                \n<div class=\"row\">\n    <div class=\"pdp-summary-group-col-1 col-12 col-lg-5\">\n\n        \n        \n\n        \n        \n            <div class=\"mb-3\">\n                When Kim Colin and Sam Hecht created products for Yamaha, Issey Miyake, Herman Miller, Muji, and many other companies, they approached each project as a means of simplifying people’s lives in an inspirational way. An essential modern desk, the OE1 Table (2020) embodies that philosophy, with a minimalist aesthetic and flexible functionality that bring quietude and utility to the home or office. It’s designed to work individually, in multiples, and with what you already have.\n            </div>\n        \n\n        \n        \n            <ul class=\"bulleted mb-3\">\n                \n                    <li>\n                        Teardrop legs can be positioned in two ways.\n                    </li>\n                \n                    <li>\n                        Turn legs one way for a rounded corner, another way for a crisp edge.\n                    </li>\n                \n                    <li>\n                        A simple, refined design that makes a refreshing statement in a home office or workplace.\n                    </li>\n                \n            </ul>\n                                \n\n        \n        \n    </div>\n\n    <div class=\"pdp-summary-group-col-2 col-12 col-lg-5 offset-lg-1\">\n        <div class=\"table table-content summary-table\">\n            \n                \n                \n                    <dl>\n                        <dt>\n                            Brand\n                        </dt>\n                        <dd>\n                            <a href=\"/brands-herman-miller?lang=en_US\">Herman Miller</a>\n                        </dd>\n                    </dl>\n                \n            \n            \n            \n            \n                <dl>\n                    <dt>\n                        Collection\n                    </dt>\n                    <dd>\n                        <a href=\"/collection-oe1?lang=en_US\">OE1 Collection</a>\n                    </dd>\n                </dl>\n            \n\n            \n            \n                <dl>\n                    <dt>\n                        General Dimensions\n                    </dt>\n                    <dd>\n                        <ul class=\"unstyled summary-pdp-dimensions-list\">\n                            \n                                <li>\n                                    28½\" H 48\" W 24\" D\n                                </li>\n                            \n                        </ul>\n                    </dd>\n                </dl>\n            \n\n            \n            \n\n            \n            \n                <dl>\n                    <dt>\n                        Product Weight\n                    </dt>\n                    <dd class=\"summary-weight\">\n                        75 lbs\n                    </dd>\n                </dl>\n            \n\n            \n            <dl>\n                <dt>\n                    Assembly\n                </dt>\n                <dd>\n                    \n                        Requires Assembly\n                    \n                </dd>\n            </dl>\n\n            \n            <dl>\n                <dt>\n                    Warranty\n                </dt>\n                <dd>\n                    \n                        12-year warranty<br>Terms and conditions apply. <a href=\"https://www.dwr.com/warranty.html\" target=\"_blank\">Learn more</a>\n                    \n                </dd>\n            </dl>\n\n            \n            \n\n            \n            \n\n            \n            \n        </div>\n    </div>\n</div>\n            </div>\n        ",
    "listSize": [
      {
        "size": "18 x 48",
        "price": 18070000,
        "stock": 74
      },
      {
        "size": "24 x 48",
        "price": 19370000,
        "stock": 86
      },
      {
        "size": "30 x 60",
        "price": 20670000,
        "stock": 74
      },
      {
        "size": "30 x 72",
        "price": 21970000,
        "stock": 50
      }
    ],
    "discountPercentage": 30,
    "thumbnail": "https://images.hermanmiller.group/m/c0fb4f16fa99fd4c/W-HM_2524143_100194831_white_black_f.png?trim=auto&trim-sd=1&blend-mode=darken&blend=f0f0f0&bg=f0f0f0&auto=format&w=90&h=auto&fit=fill",
    "images": [
      "https://images.hermanmiller.group/m/c0fb4f16fa99fd4c/W-HM_2524143_100194831_white_black_f.png?trim=auto&trim-sd=1&blend-mode=darken&blend=f0f0f0&bg=f0f0f0&auto=format&w=800&h=auto&fit=fill",
      "https://images.hermanmiller.group/m/70dc9734dc6bf6cb/W-HM_passsport_table_light_woodgrain_v1_408.png?trim=auto&trim-sd=1&bg=f0f0f0&auto=format&w=800&h=auto&fit=fill",
      "https://images.hermanmiller.group/m/3ede151aed5ec694/W-HM_2524143_100286367_white_nightfall_v2_001.png?trim=auto&trim-sd=1&bg=f0f0f0&auto=format&w=800&h=auto&fit=fill",
      "https://images.hermanmiller.group/m/4fe7118881db38dd/W-HM_2294_100102411_black_licorice_v1_001.png?trim=auto&trim-sd=1&bg=f0f0f0&auto=format&w=800&h=auto&fit=fill",
      "https://images.hermanmiller.group/m/55d9e919832d6dd6/W-HM_2524143_100194837_white_white_v1_001_Glacier.png?trim=auto&trim-sd=1&bg=f0f0f0&auto=format&w=800&h=auto&fit=fill",
      "https://images.hermanmiller.group/m/79d5c63a5aef9da8/W-HM_2524143_100194852_white_black_v1_001.png?trim=auto&trim-sd=1&bg=f0f0f0&auto=format&w=800&h=auto&fit=fill",
      "https://images.hermanmiller.group/m/e7eae15e2622ea3f/W-HM_2195348_100249122_onyx_v1_001.png?trim=auto&trim-sd=1&bg=f0f0f0&auto=format&w=800&h=auto&fit=fill",
      "https://images.hermanmiller.group/m/fa4c0ddadc532fdb/W-HM_2524143_100286369_white_ash_canyon_v1_229.png?trim=auto&trim-sd=1&bg=f0f0f0&auto=format&w=800&h=auto&fit=fill",
      "https://images.hermanmiller.group/m/efe271643af99c4d/W-HM_2515454_100128927_nightfall_v1_001.png?trim=auto&trim-sd=1&bg=f0f0f0&auto=format&w=800&h=auto&fit=fill",
      "https://images.hermanmiller.group/m/bdbe9d3a454f2aad/W-HM_2524143_100194892_olive_walnut_v1_001.png?trim=auto&trim-sd=1&bg=f0f0f0&auto=format&w=800&h=auto&fit=fill",
      "https://images.hermanmiller.group/m/7c353b40a73be98/W-HM_2524143_100194907_white_ash_white_v1_027.png?trim=auto&trim-sd=1&bg=f0f0f0&auto=format&w=800&h=auto&fit=fill",
      "https://images.hermanmiller.group/m/ab9a957c2f2626ab/W-HM_2524143_100194905_white_ash_nightfall_v4_001.png?trim=auto&trim-sd=1&bg=f0f0f0&auto=format&w=800&h=auto&fit=fill",
      "https://images.hermanmiller.group/m/ed462d4ee84d0d48/W-HM_2524143_100194877_white_nightfall_v1_001.png?trim=auto&trim-sd=1&bg=f0f0f0&auto=format&w=800&h=auto&fit=fill",
      "https://images.hermanmiller.group/m/c4fd7a4ef49db80d/W-HM_1453_100114241_alpine_fog_white_v1_001.png?trim=auto&trim-sd=1&bg=f0f0f0&auto=format&w=800&h=auto&fit=fill",
      "https://images.hermanmiller.group/m/f3dacbc7442db1b8/W-HM_2519413_100180989_iceburg_mineral_v2_001.png?trim=auto&trim-sd=1&bg=f0f0f0&auto=format&w=800&h=auto&fit=fill"
    ]
  },
  {
    "title": "Nelson X-Leg Table",
    "product_category_id": "6814bc85d484cd5ee84b3f35",
    "description": "\n            <div class=\"collapse-body pdp-summary-group-body\">\n                \n<div class=\"row\">\n    <div class=\"pdp-summary-group-col-1 col-12 col-lg-5\">\n\n        \n        \n\n        \n        \n            <div class=\"mb-3\">\n                George Nelson did his work at home and in his office (and probably every place in between), and his lack of distinction between those spaces shows in the multifunctional furniture he designed – especially the universal X-Leg Table (1950). Accommodating by design, this table pairs well with everything from dining chairs to task chairs. This is the authentic Nelson X-Leg Table produced by Herman Miller, Inc. Nelson is a trademark of Herman Miller.\n            </div>\n        \n\n        \n        \n            <ul class=\"bulleted mb-3\">\n                \n                    <li>\n                        Large tabletop for ample workspace.\n                    </li>\n                \n                    <li>\n                        Sturdy tubular steel legs for great support.\n                    </li>\n                \n                    <li>\n                        Pairs with task and dining chairs.\n                    </li>\n                \n                    <li>\n                        This is not a folding table.\n                    </li>\n                \n            </ul>\n                                \n\n        \n        \n    </div>\n\n    <div class=\"pdp-summary-group-col-2 col-12 col-lg-5 offset-lg-1\">\n        <div class=\"table table-content summary-table\">\n            \n                \n                \n                    <dl>\n                        <dt>\n                            Brand\n                        </dt>\n                        <dd>\n                            <a href=\"/brands-herman-miller?lang=en_US\">Herman Miller</a>\n                        </dd>\n                    </dl>\n                \n            \n            \n            \n            \n\n            \n            \n                <dl>\n                    <dt>\n                        General Dimensions\n                    </dt>\n                    <dd>\n                        <ul class=\"unstyled summary-pdp-dimensions-list\">\n                            \n                                <li>\n                                    28½\" H 72\" W 36\" D\n                                </li>\n                            \n                        </ul>\n                    </dd>\n                </dl>\n            \n\n            \n            \n\n            \n            \n                <dl>\n                    <dt>\n                        Product Weight\n                    </dt>\n                    <dd class=\"summary-weight\">\n                        134 lbs\n                    </dd>\n                </dl>\n            \n\n            \n            <dl>\n                <dt>\n                    Assembly\n                </dt>\n                <dd>\n                    \n                        Requires Assembly\n                    \n                </dd>\n            </dl>\n\n            \n            <dl>\n                <dt>\n                    Warranty\n                </dt>\n                <dd>\n                    \n                        5-year warranty<br>Terms and conditions apply. <a href=\"https://www.dwr.com/warranty.html\" target=\"_blank\">Learn more</a>\n                    \n                </dd>\n            </dl>\n\n            \n            \n\n            \n            \n\n            \n            \n        </div>\n    </div>\n</div>\n            </div>\n        ",
    "listSize": [
      {
        "size": "30 x 60",
        "price": 59670000,
        "stock": 64
      },
      {
        "size": "36 x 72",
        "price": 85670000,
        "stock": 78
      }
    ],
    "discountPercentage": 13,
    "thumbnail": "https://images.hermanmiller.group/m/2c344a885b3e1848/W-LI_NXL_P_20110130_074.png?trim=auto&trim-sd=1&blend-mode=darken&blend=f0f0f0&bg=f0f0f0&auto=format&w=90&h=auto&fit=fill",
    "images": [
      "https://images.hermanmiller.group/m/2c344a885b3e1848/W-LI_NXL_P_20110130_074.png?trim=auto&trim-sd=1&blend-mode=darken&blend=f0f0f0&bg=f0f0f0&auto=format&w=800&h=auto&fit=fill",
      "https://images.hermanmiller.group/m/2e1274e1f033e633/W-LI_NXL_P_20111215_076.png?trim=auto&trim-sd=1&blend-mode=darken&blend=f0f0f0&bg=f0f0f0&auto=format&w=800&h=auto&fit=fill",
      "https://images.hermanmiller.group/m/1fafb2d492ec1777/W-5380_01_DF_HOME_1_150_V3_rgb_20181112150237720.png?trim=auto&trim-sd=1&bg=f0f0f0&auto=format&w=800&h=auto&fit=fill",
      "https://images.hermanmiller.group/m/7f6e01eae8cb9dba/W-HM_NUA_043.png?trim=auto&trim-sd=1&bg=f0f0f0&auto=format&w=800&h=auto&fit=fill",
      "https://images.hermanmiller.group/m/b6a7bcbafa0b7a37/W-HM_1753_9047758_santos_palisander_black_v1_001.png?trim=auto&trim-sd=1&bg=f0f0f0&auto=format&w=800&h=auto&fit=fill",
      "https://images.hermanmiller.group/m/739829ecd4ded57e/W-Beach_House_005_005_20190411105638792.png?trim=auto&trim-sd=1&bg=f0f0f0&auto=format&w=800&h=auto&fit=fill",
      "https://images.hermanmiller.group/m/6b0b0460dcf2f8c3/W-HM_Pound_Ridge_13_DiningWide_019-Hero_20191122110422707.png?trim=auto&trim-sd=1&bg=f0f0f0&auto=format&w=800&h=auto&fit=fill",
      "https://images.hermanmiller.group/m/57aa61ce6a756b37/W-HM_HolidaySale_2015_Office_Mirra2.png?trim=auto&trim-sd=1&bg=f0f0f0&auto=format&w=800&h=auto&fit=fill"
    ]
  },
  {
    "title": "Eames Table",
    "product_category_id": "6814bc85d484cd5ee84b3f35",
    "description": "\n            <div class=\"collapse-body pdp-summary-group-body\">\n                \n<div class=\"row\">\n    <div class=\"pdp-summary-group-col-1 col-12 col-lg-5\">\n\n        \n        \n\n        \n        \n            <div class=\"mb-3\">\n                The versatile Eames Table (1964) is a durable, simple, sleek solution for residential and commercial settings. It features a sturdy streamlined base with plenty of legroom and leveling floor glides for uneven surfaces. Depending on selected options, the table is constructed of varying percentages of recycled and recyclable materials. This is an authentic Eames Table by Herman Miller. Greenguard Certified. Simple assembly required.\n            </div>\n        \n\n        \n        \n            <ul class=\"bulleted mb-3\">\n                \n                    <li>\n                        Legendary husband-and-wife design team.\n                    </li>\n                \n                    <li>\n                        A range of size, base, and top options.\n                    </li>\n                \n                    <li>\n                        Constructed of recycled and recyclable materials.\n                    </li>\n                \n            </ul>\n                                \n\n        \n        \n    </div>\n\n    <div class=\"pdp-summary-group-col-2 col-12 col-lg-5 offset-lg-1\">\n        <div class=\"table table-content summary-table\">\n            \n                \n                \n                    <dl>\n                        <dt>\n                            Brand\n                        </dt>\n                        <dd>\n                            <a href=\"/brands-herman-miller?lang=en_US\">Herman Miller</a>\n                        </dd>\n                    </dl>\n                \n            \n            \n            \n            \n\n            \n            \n                <dl>\n                    <dt>\n                        General Dimensions\n                    </dt>\n                    <dd>\n                        <ul class=\"unstyled summary-pdp-dimensions-list\">\n                            \n                                <li>\n                                    28½\" H 36\" W 72\" D 36\" DIA\n                                </li>\n                            \n                        </ul>\n                    </dd>\n                </dl>\n            \n\n            \n            \n\n            \n            \n                <dl>\n                    <dt>\n                        Product Weight\n                    </dt>\n                    <dd class=\"summary-weight\">\n                        82 lbs\n                    </dd>\n                </dl>\n            \n\n            \n            <dl>\n                <dt>\n                    Assembly\n                </dt>\n                <dd>\n                    \n                        Requires Assembly\n                    \n                </dd>\n            </dl>\n\n            \n            <dl>\n                <dt>\n                    Warranty\n                </dt>\n                <dd>\n                    \n                        12-year warranty<br>Terms and conditions apply. <a href=\"https://www.dwr.com/warranty.html\" target=\"_blank\">Learn more</a>\n                    \n                </dd>\n            </dl>\n\n            \n            \n\n            \n            \n\n            \n            \n        </div>\n    </div>\n</div>\n            </div>\n        ",
    "listSize": [
      {
        "size": "30\"",
        "price": 59670000,
        "stock": 64
      },
      {
        "size": "36\"",
        "price": 59670000,
        "stock": 97
      },
      {
        "size": "36\" x 36\"",
        "price": 59670000,
        "stock": 69
      },
      {
        "size": "36\" x 72\"",
        "price": 59670000,
        "stock": 71
      },
      {
        "size": "48\"",
        "price": 59670000,
        "stock": 55
      },
      {
        "size": "30\" x 30\"",
        "price": 59670000,
        "stock": 57
      }
    ],
    "discountPercentage": 21,
    "thumbnail": "https://images.hermanmiller.group/m/ad1dafa2ce384f3c/W-HM_104_9047138_black_aluminum_f.png?trim=auto&trim-sd=1&blend-mode=darken&blend=f0f0f0&bg=f0f0f0&auto=format&w=90&h=auto&fit=fill",
    "images": [
      "https://images.hermanmiller.group/m/ad1dafa2ce384f3c/W-HM_104_9047138_black_aluminum_f.png?trim=auto&trim-sd=1&blend-mode=darken&blend=f0f0f0&bg=f0f0f0&auto=format&w=800&h=auto&fit=fill",
      "https://images.hermanmiller.group/m/8f1262a0df924be1/W-HM_104_9047138_black_aluminum_a.png?trim=auto&trim-sd=1&blend-mode=darken&blend=f0f0f0&bg=f0f0f0&auto=format&w=800&h=auto&fit=fill",
      "https://images.hermanmiller.group/m/0b165dfd9b5f99d1/W-HM_104_9047138_black_aluminum_d3.png?trim=auto&trim-sd=1&blend-mode=darken&blend=f0f0f0&bg=f0f0f0&auto=format&w=800&h=auto&fit=fill",
      "https://images.hermanmiller.group/m/2c823fc214808b1d/W-HM_2552200_100366317_blue_green_v1_001.png?trim=auto&trim-sd=1&bg=f0f0f0&auto=format&w=800&h=auto&fit=fill",
      "https://images.hermanmiller.group/m/7da2b30f4e08d81c/W-HM_104_9047138_black_aluminum_d2.png?trim=auto&trim-sd=1&bg=f0f0f0&auto=format&w=800&h=auto&fit=fill",
      "https://images.hermanmiller.group/m/8a860f9db5c47f13/W-HM_104_100071961_white_white_v1_001.png?trim=auto&trim-sd=1&bg=f0f0f0&auto=format&w=800&h=auto&fit=fill",
      "https://images.hermanmiller.group/m/3785b64819060704/W-Tree_House_014_004_20190411105741655.png?trim=auto&trim-sd=1&bg=f0f0f0&auto=format&w=800&h=auto&fit=fill",
      "https://images.hermanmiller.group/m/31c972695f472c2f/W-DWR_6668_100073320_doll_five_v2-tif.png?trim=auto&trim-sd=1&bg=f0f0f0&auto=format&w=800&h=auto&fit=fill",
      "https://images.hermanmiller.group/m/3e7b990e9a4bf7b0/W-HM_FD_Shot10_50291_O.png?trim=auto&trim-sd=1&bg=f0f0f0&auto=format&w=800&h=auto&fit=fill"
    ]
  },
  {
    "title": "Eames Table",
    "product_category_id": "6814bc85d484cd5ee84b3f35",
    "description": "\n            <div class=\"collapse-body pdp-summary-group-body\">\n                \n<div class=\"row\">\n    <div class=\"pdp-summary-group-col-1 col-12 col-lg-5\">\n\n        \n        \n\n        \n        \n            <div class=\"mb-3\">\n                The versatile Eames Table (1964) is a durable, simple, sleek solution for residential and commercial settings. It features a sturdy streamlined base with plenty of legroom and leveling floor glides for uneven surfaces. Depending on selected options, the table is constructed of varying percentages of recycled and recyclable materials. This is an authentic Eames Table by Herman Miller. Greenguard Certified. Simple assembly required.\n            </div>\n        \n\n        \n        \n            <ul class=\"bulleted mb-3\">\n                \n                    <li>\n                        Legendary husband-and-wife design team.\n                    </li>\n                \n                    <li>\n                        A range of size, base, and top options.\n                    </li>\n                \n                    <li>\n                        Constructed of recycled and recyclable materials.\n                    </li>\n                \n            </ul>\n                                \n\n        \n        \n    </div>\n\n    <div class=\"pdp-summary-group-col-2 col-12 col-lg-5 offset-lg-1\">\n        <div class=\"table table-content summary-table\">\n            \n                \n                \n                    <dl>\n                        <dt>\n                            Brand\n                        </dt>\n                        <dd>\n                            <a href=\"/brands-herman-miller?lang=en_US\">Herman Miller</a>\n                        </dd>\n                    </dl>\n                \n            \n            \n            \n            \n\n            \n            \n                <dl>\n                    <dt>\n                        General Dimensions\n                    </dt>\n                    <dd>\n                        <ul class=\"unstyled summary-pdp-dimensions-list\">\n                            \n                                <li>\n                                    28½\" H 36\" W 36\" D 36\" DIA\n                                </li>\n                            \n                        </ul>\n                    </dd>\n                </dl>\n            \n\n            \n            \n\n            \n            \n\n            \n            <dl>\n                <dt>\n                    Assembly\n                </dt>\n                <dd>\n                    \n                        Requires Assembly\n                    \n                </dd>\n            </dl>\n\n            \n            <dl>\n                <dt>\n                    Warranty\n                </dt>\n                <dd>\n                    \n                        12-year warranty<br>Terms and conditions apply. <a href=\"https://www.dwr.com/warranty.html\" target=\"_blank\">Learn more</a>\n                    \n                </dd>\n            </dl>\n\n            \n            \n\n            \n            \n\n            \n            \n        </div>\n    </div>\n</div>\n            </div>\n        ",
    "listSize": [
      {
        "size": "30\"",
        "price": 36270000,
        "stock": 69
      },
      {
        "size": "36\"",
        "price": 36270000,
        "stock": 78
      },
      {
        "size": "36\" x 36\"",
        "price": 36270000,
        "stock": 97
      },
      {
        "size": "36\" x 72\"",
        "price": 36270000,
        "stock": 71
      },
      {
        "size": "48\"",
        "price": 36270000,
        "stock": 73
      },
      {
        "size": "30\" x 30\"",
        "price": 33670000,
        "stock": 80
      }
    ],
    "discountPercentage": 18,
    "thumbnail": "https://images.hermanmiller.group/m/5b833b97f084d303/W-HM_104_100125872_walnut_black_aluminum_f.png?trim=auto&trim-sd=1&blend-mode=darken&blend=f0f0f0&bg=f0f0f0&auto=format&w=90&h=auto&fit=fill",
    "images": [
      "https://images.hermanmiller.group/m/5b833b97f084d303/W-HM_104_100125872_walnut_black_aluminum_f.png?trim=auto&trim-sd=1&blend-mode=darken&blend=f0f0f0&bg=f0f0f0&auto=format&w=800&h=auto&fit=fill",
      "https://images.hermanmiller.group/m/3c3f041f8e75a6db/W-HM_104_100119139_walnut_black_aluminum_d1.png?trim=auto&trim-sd=1&blend-mode=darken&blend=f0f0f0&bg=f0f0f0&auto=format&w=800&h=auto&fit=fill",
      "https://images.hermanmiller.group/m/2c823fc214808b1d/W-HM_2552200_100366317_blue_green_v1_001.png?trim=auto&trim-sd=1&bg=f0f0f0&auto=format&w=800&h=auto&fit=fill",
      "https://images.hermanmiller.group/m/7da2b30f4e08d81c/W-HM_104_9047138_black_aluminum_d2.png?trim=auto&trim-sd=1&bg=f0f0f0&auto=format&w=800&h=auto&fit=fill",
      "https://images.hermanmiller.group/m/8a860f9db5c47f13/W-HM_104_100071961_white_white_v1_001.png?trim=auto&trim-sd=1&bg=f0f0f0&auto=format&w=800&h=auto&fit=fill",
      "https://images.hermanmiller.group/m/3785b64819060704/W-Tree_House_014_004_20190411105741655.png?trim=auto&trim-sd=1&bg=f0f0f0&auto=format&w=800&h=auto&fit=fill",
      "https://images.hermanmiller.group/m/31c972695f472c2f/W-DWR_6668_100073320_doll_five_v2-tif.png?trim=auto&trim-sd=1&bg=f0f0f0&auto=format&w=800&h=auto&fit=fill",
      "https://images.hermanmiller.group/m/3e7b990e9a4bf7b0/W-HM_FD_Shot10_50291_O.png?trim=auto&trim-sd=1&bg=f0f0f0&auto=format&w=800&h=auto&fit=fill"
    ]
  },
  {
    "title": "OE1 Table",
    "product_category_id": "6814bc85d484cd5ee84b3f35",
    "description": "\n            <div class=\"collapse-body pdp-summary-group-body\">\n                \n<div class=\"row\">\n    <div class=\"pdp-summary-group-col-1 col-12 col-lg-5\">\n\n        \n        \n\n        \n        \n            <div class=\"mb-3\">\n                When Kim Colin and Sam Hecht created products for Yamaha, Issey Miyake, Herman Miller, Muji, and many other companies, they approached each project as a means of simplifying people’s lives in an inspirational way. An essential modern desk, the OE1 Table (2020) embodies that philosophy, with a minimalist aesthetic and flexible functionality that bring quietude and utility to the home or office. It’s designed to work individually, in multiples, and with what you already have.\n            </div>\n        \n\n        \n        \n            <ul class=\"bulleted mb-3\">\n                \n                    <li>\n                        Teardrop legs can be positioned in two ways.\n                    </li>\n                \n                    <li>\n                        Turn legs one way for a rounded corner, another way for a crisp edge.\n                    </li>\n                \n                    <li>\n                        A simple, refined design that makes a refreshing statement in a home office or workplace.\n                    </li>\n                \n            </ul>\n                                \n\n        \n        \n    </div>\n\n    <div class=\"pdp-summary-group-col-2 col-12 col-lg-5 offset-lg-1\">\n        <div class=\"table table-content summary-table\">\n            \n                \n                \n                    <dl>\n                        <dt>\n                            Brand\n                        </dt>\n                        <dd>\n                            <a href=\"/brands-herman-miller?lang=en_US\">Herman Miller</a>\n                        </dd>\n                    </dl>\n                \n            \n            \n            \n            \n                <dl>\n                    <dt>\n                        Collection\n                    </dt>\n                    <dd>\n                        <a href=\"/collection-oe1?lang=en_US\">OE1 Collection</a>\n                    </dd>\n                </dl>\n            \n\n            \n            \n                <dl>\n                    <dt>\n                        General Dimensions\n                    </dt>\n                    <dd>\n                        <ul class=\"unstyled summary-pdp-dimensions-list\">\n                            \n                                <li>\n                                    28½\" H 48\" W 18\" D\n                                </li>\n                            \n                        </ul>\n                    </dd>\n                </dl>\n            \n\n            \n            \n\n            \n            \n                <dl>\n                    <dt>\n                        Product Weight\n                    </dt>\n                    <dd class=\"summary-weight\">\n                        70 lbs\n                    </dd>\n                </dl>\n            \n\n            \n            <dl>\n                <dt>\n                    Assembly\n                </dt>\n                <dd>\n                    \n                        Requires Assembly\n                    \n                </dd>\n            </dl>\n\n            \n            <dl>\n                <dt>\n                    Warranty\n                </dt>\n                <dd>\n                    \n                        12-year warranty<br>Terms and conditions apply. <a href=\"https://www.dwr.com/warranty.html\" target=\"_blank\">Learn more</a>\n                    \n                </dd>\n            </dl>\n\n            \n            \n\n            \n            \n\n            \n            \n        </div>\n    </div>\n</div>\n            </div>\n        ",
    "listSize": [
      {
        "size": "18 x 48",
        "price": 18070000,
        "stock": 67
      },
      {
        "size": "24 x 48",
        "price": 19370000,
        "stock": 85
      },
      {
        "size": "30 x 60",
        "price": 20670000,
        "stock": 66
      },
      {
        "size": "30 x 72",
        "price": 21970000,
        "stock": 83
      }
    ],
    "discountPercentage": 29,
    "thumbnail": "https://images.hermanmiller.group/m/c0fb4f16fa99fd4c/W-HM_2524143_100194831_white_black_f.png?trim=auto&trim-sd=1&blend-mode=darken&blend=f0f0f0&bg=f0f0f0&auto=format&w=90&h=auto&fit=fill",
    "images": [
      "https://images.hermanmiller.group/m/c0fb4f16fa99fd4c/W-HM_2524143_100194831_white_black_f.png?trim=auto&trim-sd=1&blend-mode=darken&blend=f0f0f0&bg=f0f0f0&auto=format&w=800&h=auto&fit=fill",
      "https://images.hermanmiller.group/m/70dc9734dc6bf6cb/W-HM_passsport_table_light_woodgrain_v1_408.png?trim=auto&trim-sd=1&bg=f0f0f0&auto=format&w=800&h=auto&fit=fill",
      "https://images.hermanmiller.group/m/3ede151aed5ec694/W-HM_2524143_100286367_white_nightfall_v2_001.png?trim=auto&trim-sd=1&bg=f0f0f0&auto=format&w=800&h=auto&fit=fill",
      "https://images.hermanmiller.group/m/4fe7118881db38dd/W-HM_2294_100102411_black_licorice_v1_001.png?trim=auto&trim-sd=1&bg=f0f0f0&auto=format&w=800&h=auto&fit=fill",
      "https://images.hermanmiller.group/m/55d9e919832d6dd6/W-HM_2524143_100194837_white_white_v1_001_Glacier.png?trim=auto&trim-sd=1&bg=f0f0f0&auto=format&w=800&h=auto&fit=fill",
      "https://images.hermanmiller.group/m/79d5c63a5aef9da8/W-HM_2524143_100194852_white_black_v1_001.png?trim=auto&trim-sd=1&bg=f0f0f0&auto=format&w=800&h=auto&fit=fill",
      "https://images.hermanmiller.group/m/e7eae15e2622ea3f/W-HM_2195348_100249122_onyx_v1_001.png?trim=auto&trim-sd=1&bg=f0f0f0&auto=format&w=800&h=auto&fit=fill",
      "https://images.hermanmiller.group/m/fa4c0ddadc532fdb/W-HM_2524143_100286369_white_ash_canyon_v1_229.png?trim=auto&trim-sd=1&bg=f0f0f0&auto=format&w=800&h=auto&fit=fill",
      "https://images.hermanmiller.group/m/efe271643af99c4d/W-HM_2515454_100128927_nightfall_v1_001.png?trim=auto&trim-sd=1&bg=f0f0f0&auto=format&w=800&h=auto&fit=fill",
      "https://images.hermanmiller.group/m/bdbe9d3a454f2aad/W-HM_2524143_100194892_olive_walnut_v1_001.png?trim=auto&trim-sd=1&bg=f0f0f0&auto=format&w=800&h=auto&fit=fill",
      "https://images.hermanmiller.group/m/7c353b40a73be98/W-HM_2524143_100194907_white_ash_white_v1_027.png?trim=auto&trim-sd=1&bg=f0f0f0&auto=format&w=800&h=auto&fit=fill",
      "https://images.hermanmiller.group/m/ab9a957c2f2626ab/W-HM_2524143_100194905_white_ash_nightfall_v4_001.png?trim=auto&trim-sd=1&bg=f0f0f0&auto=format&w=800&h=auto&fit=fill",
      "https://images.hermanmiller.group/m/ed462d4ee84d0d48/W-HM_2524143_100194877_white_nightfall_v1_001.png?trim=auto&trim-sd=1&bg=f0f0f0&auto=format&w=800&h=auto&fit=fill",
      "https://images.hermanmiller.group/m/c4fd7a4ef49db80d/W-HM_1453_100114241_alpine_fog_white_v1_001.png?trim=auto&trim-sd=1&bg=f0f0f0&auto=format&w=800&h=auto&fit=fill",
      "https://images.hermanmiller.group/m/f3dacbc7442db1b8/W-HM_2519413_100180989_iceburg_mineral_v2_001.png?trim=auto&trim-sd=1&bg=f0f0f0&auto=format&w=800&h=auto&fit=fill"
    ]
  },
  {
    "title": "Doubleframe Table",
    "product_category_id": "6814bc85d484cd5ee84b3f35",
    "description": "\n            <div class=\"collapse-body pdp-summary-group-body\">\n                \n<div class=\"row\">\n    <div class=\"pdp-summary-group-col-1 col-12 col-lg-5\">\n\n        \n        \n\n        \n        \n            <div class=\"mb-3\">\n                After being schooled in industrial design and engineering at the Royal College of Art and Imperial College in London, Michael Anastassiades founded his studio in 1994. His pieces, which fall somewhere in between industrial and sculptural, can be found in hotels, restaurants, and shops worldwide, including the SoHo House New York, the Grand Hôtel Stockholm, and Sergio Rossi boutiques. Giving a nod to the classic Parsons table, Anastassiades focused on materials, craftsmanship, and timelessness when creating his sleek Doubleframe Table (2018). “I wanted a table that would be as relevant to our lives now as it will be in the future, as it could have been in the past,” he says. “The language of it is so distilled.” Available with a wood veneer or marble top set in a solid wood base, it has a twofold character, hence its name. Small size seats 6–8 people, large size 8–10. Made in Canada.\n            </div>\n        \n\n        \n        \n            <ul class=\"bulleted mb-3\">\n                \n                    <li>\n                        Timeless dining table with solid oak or walnut frame.\n                    </li>\n                \n                    <li>\n                        Available with a recessed wood veneer or marble top.\n                    </li>\n                \n                    <li>\n                        Small size seats 6–8, large 8–10.\n                    </li>\n                \n            </ul>\n                                \n\n        \n        \n    </div>\n\n    <div class=\"pdp-summary-group-col-2 col-12 col-lg-5 offset-lg-1\">\n        <div class=\"table table-content summary-table\">\n            \n                \n                \n                    <dl>\n                        <dt>\n                            Brand\n                        </dt>\n                        <dd>\n                            <a href=\"/brands-herman-miller?lang=en_US\">Herman Miller</a>\n                        </dd>\n                    </dl>\n                \n            \n            \n            \n            \n\n            \n            \n                <dl>\n                    <dt>\n                        General Dimensions\n                    </dt>\n                    <dd>\n                        <ul class=\"unstyled summary-pdp-dimensions-list\">\n                            \n                                <li>\n                                    29\" H 70\" W 36\" D\n                                </li>\n                            \n                        </ul>\n                    </dd>\n                </dl>\n            \n\n            \n            \n\n            \n            \n\n            \n            <dl>\n                <dt>\n                    Assembly\n                </dt>\n                <dd>\n                    \n                        Requires Assembly\n                    \n                </dd>\n            </dl>\n\n            \n            <dl>\n                <dt>\n                    Warranty\n                </dt>\n                <dd>\n                    \n                        5-year warranty <br>Terms and conditions apply. <a href=\"https://www.dwr.com/warranty.html\" target=\"_blank\">Learn more</a>\n                    \n                </dd>\n            </dl>\n\n            \n            \n\n            \n            \n\n            \n            \n        </div>\n    </div>\n</div>\n            </div>\n        ",
    "listSize": [
      {
        "size": "70\" x 36\"",
        "price": 129870000,
        "stock": 94
      },
      {
        "size": "92\" x 36\"",
        "price": 142870000,
        "stock": 72
      }
    ],
    "discountPercentage": 22,
    "thumbnail": "https://images.hermanmiller.group/m/66f37c83380fc031/W-HM_2514130_100176246_carrara_oak_f-tif.png?trim=auto&trim-sd=1&blend-mode=darken&blend=f0f0f0&bg=f0f0f0&auto=format&w=90&h=auto&fit=fill",
    "images": [
      "https://images.hermanmiller.group/m/66f37c83380fc031/W-HM_2514130_100176246_carrara_oak_f-tif.png?trim=auto&trim-sd=1&blend-mode=darken&blend=f0f0f0&bg=f0f0f0&auto=format&w=800&h=auto&fit=fill",
      "https://images.hermanmiller.group/m/6420475b2b7a0ff1/W-HM_2514130_100176246_carrara_oak_a-tif.png?trim=auto&trim-sd=1&blend-mode=darken&blend=f0f0f0&bg=f0f0f0&auto=format&w=800&h=auto&fit=fill",
      "https://images.hermanmiller.group/m/6151caeac0ca8cdf/W-HM_2514130_100176246_carrara_oak_d1-tif.png?trim=auto&trim-sd=1&blend-mode=darken&blend=f0f0f0&bg=f0f0f0&auto=format&w=800&h=auto&fit=fill",
      "https://images.hermanmiller.group/asset/65f20ca3-9634-449f-a87d-283819b1a726/W/HM_2514130_100176242_carrara_oak_v1_2505.png?trim=auto&trim-sd=1&bg=f0f0f0&auto=format&w=800&h=auto&fit=fill",
      "https://images.hermanmiller.group/asset/f5ecc72e-7056-4258-bf8f-ca9a3fd12df7/W/HM_2514130_100176242_carrara_oak_v1_2579.png?trim=auto&trim-sd=1&bg=f0f0f0&auto=format&w=800&h=auto&fit=fill",
      "https://images.hermanmiller.group/m/c5d327362c2042d/W-HM_519_100068560_chrome_ivory_v1_001.png?trim=auto&trim-sd=1&bg=f0f0f0&auto=format&w=800&h=auto&fit=fill",
      "https://images.hermanmiller.group/m/239c0d01601b8399/W-HM_2514130_100176245_walnut_v1_2306.png?trim=auto&trim-sd=1&bg=f0f0f0&auto=format&w=800&h=auto&fit=fill",
      "https://images.hermanmiller.group/m/9547ba11d0486b92/W-HM_2525376_100208311_canyon_beech_leather_terarose_v1_001.png?trim=auto&trim-sd=1&bg=f0f0f0&auto=format&w=800&h=auto&fit=fill",
      "https://images.hermanmiller.group/m/4dc384f928eef8e0/W-HM_1743_179546_V1_0381.png?trim=auto&trim-sd=1&bg=f0f0f0&auto=format&w=800&h=auto&fit=fill",
      "https://images.hermanmiller.group/m/4ee724dc9c8e057/W-HM_Boerum_01_Kitchen_DoubleFrameDining_052_20181120101700928.png?trim=auto&trim-sd=1&bg=f0f0f0&auto=format&w=800&h=auto&fit=fill",
      "https://images.hermanmiller.group/m/3c5caaa2051e8d86/W-HM_03_Dining_020_Hero_20181120143342801.png?trim=auto&trim-sd=1&bg=f0f0f0&auto=format&w=800&h=auto&fit=fill",
      "https://images.hermanmiller.group/m/59241d39ca6fd708/W-HM_Boerum_02_Kitchen_DoubleFrameDining_Detail_023_Hero_20181120101751959.png?trim=auto&trim-sd=1&bg=f0f0f0&auto=format&w=800&h=auto&fit=fill",
      "https://images.hermanmiller.group/m/8d193d5000a81949/W-HM_2514130_100118956_oak_v5_001.png?trim=auto&trim-sd=1&bg=f0f0f0&auto=format&w=800&h=auto&fit=fill",
      "https://images.hermanmiller.group/m/616a219e4359b9cb/W-HM_2514130_100118956_oak_v2_002.png?trim=auto&trim-sd=1&bg=f0f0f0&auto=format&w=800&h=auto&fit=fill",
      "https://images.hermanmiller.group/m/8c12fe941d4e211e/W-DWR_2514014_100117412_light_grey_walnut_v1_001.png?trim=auto&trim-sd=1&bg=f0f0f0&auto=format&w=800&h=auto&fit=fill"
    ]
  }
]
