[
  {
    "title": "Line Media Console",
    "product_category_id": "6814a40db600fbac90b72c7a",
    "description": "\n            <div class=\"collapse-body pdp-summary-group-body\">\n                \n<div class=\"row\">\n    <div class=\"pdp-summary-group-col-1 col-12 col-lg-5\">\n\n        \n        \n\n        \n        \n            <div class=\"mb-3\">\n                A customer favorite since its debut, the Line Collection features geometric frames made out of precisely crafted oak or walnut. It's distinguished by its strong horizontal lines that reflect natural landscapes and lend a sense of restfulness and calm. On the Line Media Console (2010), this eye-catching louvered design also serves a purpose, allowing remotes to control devices inside. Its roomy, well-organized interior brings order to electronics, routers, albums, books and anything else that needs a home. Working from his studio in Singapore, designer Nathan Yong designs thoughtful pieces that resonate with a quiet elegance, for which he credits the congestion of city living. “My work is a reflection of my yearning for nature in this concrete jungle,” he says. Made in Malaysia.<br><br>What’s inside.<br>Line Media Console 35 has one door, one adjustable shelf, and one cord escape. The two larger units – Console 55 and Console 70 – have two doors, one adjustable shelf, one drawer, and two cord escapes. All cords route through the bottom panel, leaving the back unblemished by cord escape holes, and allowing the Line Media Console to be placed anywhere in a room; it doesn’t have to be pushed against a wall.\n            </div>\n        \n\n        \n        \n            <ul class=\"bulleted mb-3\">\n                \n                    <li>\n                        Versatile storage solution.\n                    </li>\n                \n                    <li>\n                        Sleek design; louvered doors to allow remotes to control devices inside.\n                    </li>\n                \n                    <li>\n                        Console 35 has one adjustable shelf and cord escape in the bottom panel.\n                    </li>\n                \n                    <li>\n                        Consoles 55 and 70 have one adjustable shelf, one drawer, and two cord escapes.\n                    </li>\n                \n                    <li>\n                        Through-bottom cord escapes allow for flexible placement within a room.\n                    </li>\n                \n            </ul>\n                                \n\n        \n        \n    </div>\n\n    <div class=\"pdp-summary-group-col-2 col-12 col-lg-5 offset-lg-1\">\n        <div class=\"table table-content summary-table\">\n            \n                \n                \n                    <dl>\n                        <dt>\n                            Brand\n                        </dt>\n                        <dd>\n                            <a href=\"/brands-design-within-reach?lang=en_US\">Design Within Reach</a>\n                        </dd>\n                    </dl>\n                \n            \n            \n            \n            \n                <dl>\n                    <dt>\n                        Collection\n                    </dt>\n                    <dd>\n                        <a href=\"/collection-line?lang=en_US\">Line Collection</a>\n                    </dd>\n                </dl>\n            \n\n            \n            \n                <dl>\n                    <dt>\n                        General Dimensions\n                    </dt>\n                    <dd>\n                        <ul class=\"unstyled summary-pdp-dimensions-list\">\n                            \n                                <li>\n                                    16\" H 55⅛\" W 17¾\" D\n                                </li>\n                            \n                        </ul>\n                    </dd>\n                </dl>\n            \n\n            \n            \n\n            \n            \n                <dl>\n                    <dt>\n                        Product Weight\n                    </dt>\n                    <dd class=\"summary-weight\">\n                        114.5 lbs\n                    </dd>\n                </dl>\n            \n\n            \n            <dl>\n                <dt>\n                    Assembly\n                </dt>\n                <dd>\n                    \n                        Comes fully assembled\n                    \n                </dd>\n            </dl>\n\n            \n            <dl>\n                <dt>\n                    Warranty\n                </dt>\n                <dd>\n                    \n                        1-year warranty<br>Terms and conditions apply. <a href=\"https://www.dwr.com/warranty.html\" target=\"_blank\">Learn more</a>\n                    \n                </dd>\n            </dl>\n\n            \n            \n\n            \n            \n\n            \n            \n        </div>\n    </div>\n</div>\n            </div>\n        ",
    "listSize": [
      {
        "size": "35\"",
        "price": 49270000,
        "stock": 92
      },
      {
        "size": "55\"",
        "price": 83070000,
        "stock": 53
      },
      {
        "size": "70\"",
        "price": 97370000,
        "stock": 99
      }
    ],
    "discountPercentage": 18,
    "thumbnail": "https://images.hermanmiller.group/m/3204e456fe3219ad/W-DWR_1021_100143647_black_f.png?trim=auto&trim-sd=1&blend-mode=darken&blend=f0f0f0&bg=f0f0f0&auto=format&w=90&h=auto&fit=fill",
    "images": [
      "https://images.hermanmiller.group/m/3204e456fe3219ad/W-DWR_1021_100143647_black_f.png?trim=auto&trim-sd=1&blend-mode=darken&blend=f0f0f0&bg=f0f0f0&auto=format&w=800&h=auto&fit=fill",
      "https://images.hermanmiller.group/m/1ddfd269cf716d1c/W-DWR_5158_100143647_black_d-jpg.png?trim=auto&trim-sd=1&blend-mode=darken&blend=f0f0f0&bg=f0f0f0&auto=format&w=800&h=auto&fit=fill",
      "https://images.hermanmiller.group/m/e6fc49033dc0bf31/W-DWR_SP23_EDITORIAL_STAHL_HOUSE_107.png?trim=auto&trim-sd=1&bg=f0f0f0&auto=format&w=800&h=auto&fit=fill",
      "https://images.hermanmiller.group/m/47d0bea5ea8661f4/W-DWR_5158_100143645_walnut_v.png?trim=auto&trim-sd=1&bg=f0f0f0&auto=format&w=800&h=auto&fit=fill",
      "https://images.hermanmiller.group/m/21548c4499ad9022/W-DWR_5158_100131376_walnut_v1.png?trim=auto&trim-sd=1&bg=f0f0f0&auto=format&w=800&h=auto&fit=fill",
      "https://images.hermanmiller.group/m/4090d5aa7a9a018/W-DWR_5158_100143642_walnut_v1_002.png?trim=auto&trim-sd=1&bg=f0f0f0&auto=format&w=800&h=auto&fit=fill",
      "https://images.hermanmiller.group/m/6423c49a5346b85c/W-DWR_5158_100143642_walnut_v1_001-jpg.png?trim=auto&trim-sd=1&bg=f0f0f0&auto=format&w=800&h=auto&fit=fill",
      "https://images.hermanmiller.group/m/9acb1d35436280a2/W-DWR_2515233_100131376_walnut_v1_002.png?trim=auto&trim-sd=1&bg=f0f0f0&auto=format&w=800&h=auto&fit=fill",
      "https://images.hermanmiller.group/m/44b1ef5ea51314c3/W-DWR_2515233_100131376_walnut_v1_001.png?trim=auto&trim-sd=1&bg=f0f0f0&auto=format&w=800&h=auto&fit=fill",
      "https://images.hermanmiller.group/m/bee5ee8cc668e561/W-DWR_2515233_100131378_oak_p.png?trim=auto&trim-sd=1&bg=f0f0f0&auto=format&w=800&h=auto&fit=fill",
      "https://images.hermanmiller.group/m/fe9848feddeb1c7e/W-DWR_2515233_100131378_oak_d2.png?trim=auto&trim-sd=1&bg=f0f0f0&auto=format&w=800&h=auto&fit=fill",
      "https://images.hermanmiller.group/m/1ecbf00d503e8290/W-DWR_2515233_100131378_oak_d1.png?trim=auto&trim-sd=1&bg=f0f0f0&auto=format&w=800&h=auto&fit=fill",
      "https://images.hermanmiller.group/m/16c5fa78694738f5/W-DWR_2515233_100131378_oak_b.png?trim=auto&trim-sd=1&bg=f0f0f0&auto=format&w=800&h=auto&fit=fill",
      "https://images.hermanmiller.group/m/3069d517e234f7cb/W-DWR_2515233_100131378_oak_a.png?trim=auto&trim-sd=1&bg=f0f0f0&auto=format&w=800&h=auto&fit=fill"
    ]
  },
  {
    "title": "Line Credenza",
    "product_category_id": "6814a40db600fbac90b72c7a",
    "description": "\n            <div class=\"collapse-body pdp-summary-group-body\">\n                \n<div class=\"row\">\n    <div class=\"pdp-summary-group-col-1 col-12 col-lg-5\">\n\n        \n        \n\n        \n        \n            <div class=\"mb-3\">\n                Designer Nathan Yong creates pieces that project quiet elegance, for which he credits hectic city living. “My work is a reflection of my yearning for nature in this concrete jungle,” he says. The Line Collection (2012) is distinguished by horizontal lines that lend a sense of restfulness. This louvered design also serves a purpose on applicable units, allowing remotes to control devices inside. Line brings order to electronics, barware, tableware, and even office supplies. Made in Malaysia.\n            </div>\n        \n\n        \n        \n            <ul class=\"bulleted mb-3\">\n                \n                    <li>\n                        Sleek design.\n                    </li>\n                \n                    <li>\n                        Versatile storage solution.\n                    </li>\n                \n                    <li>\n                        Louvered doors allows remotes to control devices inside.\n                    </li>\n                \n                    <li>\n                        Through-bottom cord escapes so credenza can float within a room.\n                    </li>\n                \n                    <li>\n                        Leveling floor glides.\n                    </li>\n                \n            </ul>\n                                \n\n        \n        \n    </div>\n\n    <div class=\"pdp-summary-group-col-2 col-12 col-lg-5 offset-lg-1\">\n        <div class=\"table table-content summary-table\">\n            \n                \n                \n                    <dl>\n                        <dt>\n                            Brand\n                        </dt>\n                        <dd>\n                            <a href=\"/brands-design-within-reach?lang=en_US\">Design Within Reach</a>\n                        </dd>\n                    </dl>\n                \n            \n            \n            \n            \n                <dl>\n                    <dt>\n                        Collection\n                    </dt>\n                    <dd>\n                        <a href=\"/collection-line?lang=en_US\">Line Collection</a>\n                    </dd>\n                </dl>\n            \n\n            \n            \n                <dl>\n                    <dt>\n                        General Dimensions\n                    </dt>\n                    <dd>\n                        <ul class=\"unstyled summary-pdp-dimensions-list\">\n                            \n                                <li>\n                                    29½\" H 72\" W 19\" D\n                                </li>\n                            \n                        </ul>\n                    </dd>\n                </dl>\n            \n\n            \n            \n\n            \n            \n                <dl>\n                    <dt>\n                        Product Weight\n                    </dt>\n                    <dd class=\"summary-weight\">\n                        210 lbs\n                    </dd>\n                </dl>\n            \n\n            \n            <dl>\n                <dt>\n                    Assembly\n                </dt>\n                <dd>\n                    \n                        Comes fully assembled\n                    \n                </dd>\n            </dl>\n\n            \n            <dl>\n                <dt>\n                    Warranty\n                </dt>\n                <dd>\n                    \n                        1-year warranty<br>Terms and conditions apply. <a href=\"https://www.dwr.com/warranty.html\" target=\"_blank\">Learn more</a>\n                    \n                </dd>\n            </dl>\n\n            \n            \n\n            \n            \n\n            \n            \n        </div>\n    </div>\n</div>\n            </div>\n        ",
    "listSize": [
      {
        "size": "Small",
        "price": 99970000,
        "stock": 50
      },
      {
        "size": "Large",
        "price": 123370000,
        "stock": 91
      }
    ],
    "discountPercentage": 21,
    "thumbnail": "https://images.hermanmiller.group/m/939903a18d8b0bc9/W-DWR_927_100143637_black_f.png?trim=auto&trim-sd=1&blend-mode=darken&blend=f0f0f0&bg=f0f0f0&auto=format&w=90&h=auto&fit=fill",
    "images": [
      "https://images.hermanmiller.group/m/939903a18d8b0bc9/W-DWR_927_100143637_black_f.png?trim=auto&trim-sd=1&blend-mode=darken&blend=f0f0f0&bg=f0f0f0&auto=format&w=800&h=auto&fit=fill",
      "https://images.hermanmiller.group/m/117f991dabb96411/W-DWR_5157_100143637_oak_v2_001.png?trim=auto&trim-sd=1&bg=f0f0f0&auto=format&w=800&h=auto&fit=fill",
      "https://images.hermanmiller.group/m/36efa6d88fdbf1d3/W-DWR_5157_100143636_walnut_v2_028.png?trim=auto&trim-sd=1&bg=f0f0f0&auto=format&w=800&h=auto&fit=fill",
      "https://images.hermanmiller.group/m/50e5a211b596a5d5/W-DWR_5157_100143641_black_v2_1638.png?trim=auto&trim-sd=1&bg=f0f0f0&auto=format&w=800&h=auto&fit=fill",
      "https://images.hermanmiller.group/m/4b77911bf0bae140/W-DWR_5157_100143641_black_v.png?trim=auto&trim-sd=1&bg=f0f0f0&auto=format&w=800&h=auto&fit=fill",
      "https://images.hermanmiller.group/m/0be9808747138ad3/W-DWR_5157_100143636_walnut_v.png?trim=auto&trim-sd=1&bg=f0f0f0&auto=format&w=800&h=auto&fit=fill",
      "https://images.hermanmiller.group/m/bdc3b195b29dbb0e/W-DWR_5157_100143636_walnut_v1_001.png?trim=auto&trim-sd=1&bg=f0f0f0&auto=format&w=800&h=auto&fit=fill",
      "https://images.hermanmiller.group/m/1299fd20576b8470/W-DWR_5157_100143636_walnut_v2_001.png?trim=auto&trim-sd=1&bg=f0f0f0&auto=format&w=800&h=auto&fit=fill",
      "https://images.hermanmiller.group/m/d6945072d2a6d34e/W-DWR_5157_100143637_oak_v1_001.png?trim=auto&trim-sd=1&bg=f0f0f0&auto=format&w=800&h=auto&fit=fill"
    ]
  },
  {
    "title": "Eames Storage Unit",
    "product_category_id": "6814a40db600fbac90b72c7a",
    "description": "\n            <div class=\"collapse-body pdp-summary-group-body\">\n                \n<div class=\"row\">\n    <div class=\"pdp-summary-group-col-1 col-12 col-lg-5\">\n\n        \n        \n\n        \n        \n            <div class=\"mb-3\">\n                The innovative Eames Storage Unit (1950) was designed to be configured to fit a specific space or need. This original is an authentic, fully licensed product of Herman Miller, Inc. Eames is a licensed trademark of Herman Miller.\n            </div>\n        \n\n        \n        \n            <ul class=\"bulleted mb-3\">\n                \n                    <li>\n                        Modular modern storage solution.\n                    </li>\n                \n                    <li>\n                        Two color schemes.\n                    </li>\n                \n                    <li>\n                        Wood and steel.\n                    </li>\n                \n            </ul>\n                                \n\n        \n        \n    </div>\n\n    <div class=\"pdp-summary-group-col-2 col-12 col-lg-5 offset-lg-1\">\n        <div class=\"table table-content summary-table\">\n            \n                \n                \n                    <dl>\n                        <dt>\n                            Brand\n                        </dt>\n                        <dd>\n                            <a href=\"/brands-herman-miller?lang=en_US\">Herman Miller</a>\n                        </dd>\n                    </dl>\n                \n            \n            \n            \n            \n\n            \n            \n                <dl>\n                    <dt>\n                        General Dimensions\n                    </dt>\n                    <dd>\n                        <ul class=\"unstyled summary-pdp-dimensions-list\">\n                            \n                                <li>\n                                    32½\" H 47\" W 16\" D\n                                </li>\n                            \n                        </ul>\n                    </dd>\n                </dl>\n            \n\n            \n            \n\n            \n            \n                <dl>\n                    <dt>\n                        Product Weight\n                    </dt>\n                    <dd class=\"summary-weight\">\n                        93 lbs\n                    </dd>\n                </dl>\n            \n\n            \n            <dl>\n                <dt>\n                    Assembly\n                </dt>\n                <dd>\n                    \n                        Comes fully assembled\n                    \n                </dd>\n            </dl>\n\n            \n            <dl>\n                <dt>\n                    Warranty\n                </dt>\n                <dd>\n                    \n                        5-year warranty<br>Terms and conditions apply. <a href=\"https://www.dwr.com/warranty.html\" target=\"_blank\">Learn more</a>\n                    \n                </dd>\n            </dl>\n\n            \n            \n\n            \n            \n\n            \n            \n        </div>\n    </div>\n</div>\n            </div>\n        ",
    "listSize": [
      {
        "size": "1x1",
        "price": 20670000,
        "stock": 83
      },
      {
        "size": "1x2",
        "price": 33670000,
        "stock": 80
      },
      {
        "size": "2x2",
        "price": 46670000,
        "stock": 68
      },
      {
        "size": "4x2",
        "price": 103870000,
        "stock": 77
      }
    ],
    "discountPercentage": 11,
    "thumbnail": "https://images.hermanmiller.group/m/89773dd79d032740/W-HM_5280_100074559_zinc_multi_a.png?trim=auto&trim-sd=1&blend-mode=darken&blend=f0f0f0&bg=f0f0f0&auto=format&w=90&h=auto&fit=fill",
    "images": [
      "https://images.hermanmiller.group/m/89773dd79d032740/W-HM_5280_100074559_zinc_multi_a.png?trim=auto&trim-sd=1&blend-mode=darken&blend=f0f0f0&bg=f0f0f0&auto=format&w=800&h=auto&fit=fill",
      "https://images.hermanmiller.group/m/ff31ab851509133d/W-HM_5280_277310_zinc_multi_a.png?trim=auto&trim-sd=1&blend-mode=darken&blend=f0f0f0&bg=f0f0f0&auto=format&w=800&h=auto&fit=fill",
      "https://images.hermanmiller.group/m/17da3becfc8a4f1f/W-HM_5280_100074559_multi_black_v2_001.png?trim=auto&trim-sd=1&bg=f0f0f0&auto=format&w=800&h=auto&fit=fill",
      "https://images.hermanmiller.group/m/6e6dd4cb69be6a06/W-HM_5280_100074559_multi_black_v1_0298.png?trim=auto&trim-sd=1&bg=f0f0f0&auto=format&w=800&h=auto&fit=fill",
      "https://images.hermanmiller.group/m/7de9ed4e90da975b/W-HM_5667_537155_palisander_black_v3_0323.png?trim=auto&trim-sd=1&bg=f0f0f0&auto=format&w=800&h=auto&fit=fill",
      "https://images.hermanmiller.group/m/3132aad5de091db8/W-HM_5280_277310_multi_v2_001.png?trim=auto&trim-sd=1&bg=f0f0f0&auto=format&w=800&h=auto&fit=fill",
      "https://images.hermanmiller.group/m/95534d42a3b552c/W-HM_6230_103794_cherry_v2_013.png?trim=auto&trim-sd=1&bg=f0f0f0&auto=format&w=800&h=auto&fit=fill",
      "https://images.hermanmiller.group/m/8f6c1aaa37248440/W-HM_5280_294881_multi_zinc_plated_v1_001.png?trim=auto&trim-sd=1&bg=f0f0f0&auto=format&w=800&h=auto&fit=fill",
      "https://images.hermanmiller.group/m/9a6d05d6113e384e/W-HM_5280_294874_natural_zinc_v1_001.png?trim=auto&trim-sd=1&bg=f0f0f0&auto=format&w=800&h=auto&fit=fill",
      "https://images.hermanmiller.group/m/35bbd5ed05dc3617/W-LI_ESU_P_20031211_002.png?trim=auto&trim-sd=1&bg=f0f0f0&auto=format&w=800&h=auto&fit=fill",
      "https://images.hermanmiller.group/m/d3fdd2ce04144158/W-HM_5280_294867_natural_v1_001.png?trim=auto&trim-sd=1&bg=f0f0f0&auto=format&w=800&h=auto&fit=fill"
    ]
  },
  {
    "title": "Eames Storage Unit",
    "product_category_id": "6814a40db600fbac90b72c7a",
    "description": "\n            <div class=\"collapse-body pdp-summary-group-body\">\n                \n<div class=\"row\">\n    <div class=\"pdp-summary-group-col-1 col-12 col-lg-5\">\n\n        \n        \n\n        \n        \n            <div class=\"mb-3\">\n                The innovative Eames Storage Unit (1950) was designed to be configured to fit a specific space or need. This original is an authentic, fully licensed product of Herman Miller, Inc. Eames is a licensed trademark of Herman Miller.\n            </div>\n        \n\n        \n        \n            <ul class=\"bulleted mb-3\">\n                \n                    <li>\n                        Modular modern storage solution.\n                    </li>\n                \n                    <li>\n                        Two color schemes.\n                    </li>\n                \n                    <li>\n                        Wood and steel.\n                    </li>\n                \n            </ul>\n                                \n\n        \n        \n    </div>\n\n    <div class=\"pdp-summary-group-col-2 col-12 col-lg-5 offset-lg-1\">\n        <div class=\"table table-content summary-table\">\n            \n                \n                \n                    <dl>\n                        <dt>\n                            Brand\n                        </dt>\n                        <dd>\n                            <a href=\"/brands-herman-miller?lang=en_US\">Herman Miller</a>\n                        </dd>\n                    </dl>\n                \n            \n            \n            \n            \n\n            \n            \n                <dl>\n                    <dt>\n                        General Dimensions\n                    </dt>\n                    <dd>\n                        <ul class=\"unstyled summary-pdp-dimensions-list\">\n                            \n                                <li>\n                                    20½\" H 47\" W 16\" D\n                                </li>\n                            \n                        </ul>\n                    </dd>\n                </dl>\n            \n\n            \n            \n\n            \n            \n                <dl>\n                    <dt>\n                        Product Weight\n                    </dt>\n                    <dd class=\"summary-weight\">\n                        75 lbs\n                    </dd>\n                </dl>\n            \n\n            \n            <dl>\n                <dt>\n                    Assembly\n                </dt>\n                <dd>\n                    \n                        Comes fully assembled\n                    \n                </dd>\n            </dl>\n\n            \n            <dl>\n                <dt>\n                    Warranty\n                </dt>\n                <dd>\n                    \n                        5-year warranty<br>Terms and conditions apply. <a href=\"https://www.dwr.com/warranty.html\" target=\"_blank\">Learn more</a>\n                    \n                </dd>\n            </dl>\n\n            \n            \n\n            \n            \n\n            \n            \n        </div>\n    </div>\n</div>\n            </div>\n        ",
    "listSize": [
      {
        "size": "1x1",
        "price": 20670000,
        "stock": 82
      },
      {
        "size": "1x2",
        "price": 33670000,
        "stock": 53
      },
      {
        "size": "2x2",
        "price": 46670000,
        "stock": 67
      },
      {
        "size": "4x2",
        "price": 103870000,
        "stock": 83
      }
    ],
    "discountPercentage": 11,
    "thumbnail": "https://images.hermanmiller.group/m/89773dd79d032740/W-HM_5280_100074559_zinc_multi_a.png?trim=auto&trim-sd=1&blend-mode=darken&blend=f0f0f0&bg=f0f0f0&auto=format&w=90&h=auto&fit=fill",
    "images": [
      "https://images.hermanmiller.group/m/89773dd79d032740/W-HM_5280_100074559_zinc_multi_a.png?trim=auto&trim-sd=1&blend-mode=darken&blend=f0f0f0&bg=f0f0f0&auto=format&w=800&h=auto&fit=fill",
      "https://images.hermanmiller.group/m/56343ca129d0a9c/W-HM_5280_100074720_Multi_f-jpg.png?trim=auto&trim-sd=1&blend-mode=darken&blend=f0f0f0&bg=f0f0f0&auto=format&w=800&h=auto&fit=fill",
      "https://images.hermanmiller.group/m/17da3becfc8a4f1f/W-HM_5280_100074559_multi_black_v2_001.png?trim=auto&trim-sd=1&bg=f0f0f0&auto=format&w=800&h=auto&fit=fill",
      "https://images.hermanmiller.group/m/6e6dd4cb69be6a06/W-HM_5280_100074559_multi_black_v1_0298.png?trim=auto&trim-sd=1&bg=f0f0f0&auto=format&w=800&h=auto&fit=fill",
      "https://images.hermanmiller.group/m/7de9ed4e90da975b/W-HM_5667_537155_palisander_black_v3_0323.png?trim=auto&trim-sd=1&bg=f0f0f0&auto=format&w=800&h=auto&fit=fill",
      "https://images.hermanmiller.group/m/3132aad5de091db8/W-HM_5280_277310_multi_v2_001.png?trim=auto&trim-sd=1&bg=f0f0f0&auto=format&w=800&h=auto&fit=fill",
      "https://images.hermanmiller.group/m/95534d42a3b552c/W-HM_6230_103794_cherry_v2_013.png?trim=auto&trim-sd=1&bg=f0f0f0&auto=format&w=800&h=auto&fit=fill",
      "https://images.hermanmiller.group/m/8f6c1aaa37248440/W-HM_5280_294881_multi_zinc_plated_v1_001.png?trim=auto&trim-sd=1&bg=f0f0f0&auto=format&w=800&h=auto&fit=fill",
      "https://images.hermanmiller.group/m/9a6d05d6113e384e/W-HM_5280_294874_natural_zinc_v1_001.png?trim=auto&trim-sd=1&bg=f0f0f0&auto=format&w=800&h=auto&fit=fill",
      "https://images.hermanmiller.group/m/35bbd5ed05dc3617/W-LI_ESU_P_20031211_002.png?trim=auto&trim-sd=1&bg=f0f0f0&auto=format&w=800&h=auto&fit=fill",
      "https://images.hermanmiller.group/m/d3fdd2ce04144158/W-HM_5280_294867_natural_v1_001.png?trim=auto&trim-sd=1&bg=f0f0f0&auto=format&w=800&h=auto&fit=fill"
    ]
  },
  {
    "title": "Raleigh Media Unit",
    "product_category_id": "6814a40db600fbac90b72c7a",
    "description": "\n            <div class=\"collapse-body pdp-summary-group-body\">\n                \n<div class=\"row\">\n    <div class=\"pdp-summary-group-col-1 col-12 col-lg-5\">\n\n        \n        \n\n        \n        \n            <div class=\"mb-3\">\n                With expansive wood uninterrupted by hardware, the Raleigh Media Unit (2024) is a midcentury-inspired storage solution for electronics, books, and more. Its drawers, doors, and legs are beautifully crafted from solid wood with an expertly veneered top in oak or walnut. “The result is warm and inviting,” says designer Jeffrey Bernett. Choose from two sizes: a 60\" unit that features two doors and two soft-closing drawers, or an 82\" four-door unit. Both include adjustable shelves and space for routing cords to seamlessly exit. Made in the U.S.A.\n            </div>\n        \n\n        \n        \n            <ul class=\"bulleted mb-3\">\n                \n                    <li>\n                        Beautifully crafted storage solution for electronics, books, and more.\n                    </li>\n                \n                    <li>\n                        Streamlined, midcentury-inspired design free of hardware.\n                    </li>\n                \n                    <li>\n                        Solid wood drawers, doors, and legs.\n                    </li>\n                \n                    <li>\n                        Space for routing cords to exit.\n                    </li>\n                \n            </ul>\n                                \n\n        \n        \n    </div>\n\n    <div class=\"pdp-summary-group-col-2 col-12 col-lg-5 offset-lg-1\">\n        <div class=\"table table-content summary-table\">\n            \n                \n                \n                    <dl>\n                        <dt>\n                            Brand\n                        </dt>\n                        <dd>\n                            <a href=\"/brands-design-within-reach?lang=en_US\">Design Within Reach</a>\n                        </dd>\n                    </dl>\n                \n            \n            \n            \n            \n                <dl>\n                    <dt>\n                        Collection\n                    </dt>\n                    <dd>\n                        <a href=\"/collection-raleigh?lang=en_US\">Raleigh Collection</a>\n                    </dd>\n                </dl>\n            \n\n            \n            \n                <dl>\n                    <dt>\n                        General Dimensions\n                    </dt>\n                    <dd>\n                        <ul class=\"unstyled summary-pdp-dimensions-list\">\n                            \n                                <li>\n                                    22\" H 82\" W 18\" D\n                                </li>\n                            \n                        </ul>\n                    </dd>\n                </dl>\n            \n\n            \n            \n\n            \n            \n                <dl>\n                    <dt>\n                        Product Weight\n                    </dt>\n                    <dd class=\"summary-weight\">\n                        115 lbs\n                    </dd>\n                </dl>\n            \n\n            \n            <dl>\n                <dt>\n                    Assembly\n                </dt>\n                <dd>\n                    \n                        Comes fully assembled\n                    \n                </dd>\n            </dl>\n\n            \n            <dl>\n                <dt>\n                    Warranty\n                </dt>\n                <dd>\n                    \n                        <div class=\"mb-2\">DWR honors a one (1) year warranty on all products. Brand-specific warranties may extend to longer periods.</div>\n                    \n                </dd>\n            </dl>\n\n            \n            \n\n            \n            \n\n            \n            \n        </div>\n    </div>\n</div>\n            </div>\n        ",
    "listSize": [
      {
        "size": "60\"",
        "price": 109070000,
        "stock": 79
      },
      {
        "size": "82\"",
        "price": 124670000,
        "stock": 51
      }
    ],
    "discountPercentage": 27,
    "thumbnail": "https://images.hermanmiller.group/m/4e81a5481922ccec/W-DWR_2583463_100581317_walnut_f.png?trim=auto&trim-sd=1&blend-mode=darken&blend=f0f0f0&bg=f0f0f0&auto=format&w=90&h=auto&fit=fill",
    "images": [
      "https://images.hermanmiller.group/m/4e81a5481922ccec/W-DWR_2583463_100581317_walnut_f.png?trim=auto&trim-sd=1&blend-mode=darken&blend=f0f0f0&bg=f0f0f0&auto=format&w=800&h=auto&fit=fill",
      "https://images.hermanmiller.group/m/d815b8a98716b955/W-DWR_2583463_100581317_walnut_a.png?trim=auto&trim-sd=1&blend-mode=darken&blend=f0f0f0&bg=f0f0f0&auto=format&w=800&h=auto&fit=fill",
      "https://images.hermanmiller.group/m/a47c2fc189b39fb3/W-DWR_2583463_100581317_walnut_p.png?trim=auto&trim-sd=1&blend-mode=darken&blend=f0f0f0&bg=f0f0f0&auto=format&w=800&h=auto&fit=fill",
      "https://images.hermanmiller.group/m/b587a4e28d88331d/W-DWR_2583463_100581317_walnut_b.png?trim=auto&trim-sd=1&blend-mode=darken&blend=f0f0f0&bg=f0f0f0&auto=format&w=800&h=auto&fit=fill"
    ]
  },
  {
    "title": "Line Media Console",
    "product_category_id": "6814a40db600fbac90b72c7a",
    "description": "\n            <div class=\"collapse-body pdp-summary-group-body\">\n                \n<div class=\"row\">\n    <div class=\"pdp-summary-group-col-1 col-12 col-lg-5\">\n\n        \n        \n\n        \n        \n            <div class=\"mb-3\">\n                A customer favorite since its debut, the Line Collection features geometric frames made out of precisely crafted oak or walnut. It's distinguished by its strong horizontal lines that reflect natural landscapes and lend a sense of restfulness and calm. On the Line Media Console (2010), this eye-catching louvered design also serves a purpose, allowing remotes to control devices inside. Its roomy, well-organized interior brings order to electronics, routers, albums, books and anything else that needs a home. Working from his studio in Singapore, designer Nathan Yong designs thoughtful pieces that resonate with a quiet elegance, for which he credits the congestion of city living. “My work is a reflection of my yearning for nature in this concrete jungle,” he says. Made in Malaysia.<br><br>What’s inside.<br>Line Media Console 35 has one door, one adjustable shelf, and one cord escape. The two larger units – Console 55 and Console 70 – have two doors, one adjustable shelf, one drawer, and two cord escapes. All cords route through the bottom panel, leaving the back unblemished by cord escape holes, and allowing the Line Media Console to be placed anywhere in a room; it doesn’t have to be pushed against a wall.\n            </div>\n        \n\n        \n        \n            <ul class=\"bulleted mb-3\">\n                \n                    <li>\n                        Versatile storage solution.\n                    </li>\n                \n                    <li>\n                        Sleek design; louvered doors to allow remotes to control devices inside.\n                    </li>\n                \n                    <li>\n                        Console 35 has one adjustable shelf and cord escape in the bottom panel.\n                    </li>\n                \n                    <li>\n                        Consoles 55 and 70 have one adjustable shelf, one drawer, and two cord escapes.\n                    </li>\n                \n                    <li>\n                        Through-bottom cord escapes allow for flexible placement within a room.\n                    </li>\n                \n            </ul>\n                                \n\n        \n        \n    </div>\n\n    <div class=\"pdp-summary-group-col-2 col-12 col-lg-5 offset-lg-1\">\n        <div class=\"table table-content summary-table\">\n            \n                \n                \n                    <dl>\n                        <dt>\n                            Brand\n                        </dt>\n                        <dd>\n                            <a href=\"/brands-design-within-reach?lang=en_US\">Design Within Reach</a>\n                        </dd>\n                    </dl>\n                \n            \n            \n            \n            \n                <dl>\n                    <dt>\n                        Collection\n                    </dt>\n                    <dd>\n                        <a href=\"/collection-line?lang=en_US\">Line Collection</a>\n                    </dd>\n                </dl>\n            \n\n            \n            \n                <dl>\n                    <dt>\n                        General Dimensions\n                    </dt>\n                    <dd>\n                        <ul class=\"unstyled summary-pdp-dimensions-list\">\n                            \n                                <li>\n                                    16\" H 70¾\" W 17¾\" D\n                                </li>\n                            \n                        </ul>\n                    </dd>\n                </dl>\n            \n\n            \n            \n\n            \n            \n                <dl>\n                    <dt>\n                        Product Weight\n                    </dt>\n                    <dd class=\"summary-weight\">\n                        150 lbs\n                    </dd>\n                </dl>\n            \n\n            \n            <dl>\n                <dt>\n                    Assembly\n                </dt>\n                <dd>\n                    \n                        Comes fully assembled\n                    \n                </dd>\n            </dl>\n\n            \n            <dl>\n                <dt>\n                    Warranty\n                </dt>\n                <dd>\n                    \n                        1-year warranty<br>Terms and conditions apply. <a href=\"https://www.dwr.com/warranty.html\" target=\"_blank\">Learn more</a>\n                    \n                </dd>\n            </dl>\n\n            \n            \n\n            \n            \n\n            \n            \n        </div>\n    </div>\n</div>\n            </div>\n        ",
    "listSize": [
      {
        "size": "35\"",
        "price": 49270000,
        "stock": 85
      },
      {
        "size": "55\"",
        "price": 83070000,
        "stock": 69
      },
      {
        "size": "70\"",
        "price": 97370000,
        "stock": 71
      }
    ],
    "discountPercentage": 30,
    "thumbnail": "https://images.hermanmiller.group/m/3204e456fe3219ad/W-DWR_1021_100143647_black_f.png?trim=auto&trim-sd=1&blend-mode=darken&blend=f0f0f0&bg=f0f0f0&auto=format&w=90&h=auto&fit=fill",
    "images": [
      "https://images.hermanmiller.group/m/3204e456fe3219ad/W-DWR_1021_100143647_black_f.png?trim=auto&trim-sd=1&blend-mode=darken&blend=f0f0f0&bg=f0f0f0&auto=format&w=800&h=auto&fit=fill",
      "https://images.hermanmiller.group/m/1ddfd269cf716d1c/W-DWR_5158_100143647_black_d-jpg.png?trim=auto&trim-sd=1&blend-mode=darken&blend=f0f0f0&bg=f0f0f0&auto=format&w=800&h=auto&fit=fill",
      "https://images.hermanmiller.group/m/e6fc49033dc0bf31/W-DWR_SP23_EDITORIAL_STAHL_HOUSE_107.png?trim=auto&trim-sd=1&bg=f0f0f0&auto=format&w=800&h=auto&fit=fill",
      "https://images.hermanmiller.group/m/47d0bea5ea8661f4/W-DWR_5158_100143645_walnut_v.png?trim=auto&trim-sd=1&bg=f0f0f0&auto=format&w=800&h=auto&fit=fill",
      "https://images.hermanmiller.group/m/21548c4499ad9022/W-DWR_5158_100131376_walnut_v1.png?trim=auto&trim-sd=1&bg=f0f0f0&auto=format&w=800&h=auto&fit=fill",
      "https://images.hermanmiller.group/m/4090d5aa7a9a018/W-DWR_5158_100143642_walnut_v1_002.png?trim=auto&trim-sd=1&bg=f0f0f0&auto=format&w=800&h=auto&fit=fill",
      "https://images.hermanmiller.group/m/6423c49a5346b85c/W-DWR_5158_100143642_walnut_v1_001-jpg.png?trim=auto&trim-sd=1&bg=f0f0f0&auto=format&w=800&h=auto&fit=fill",
      "https://images.hermanmiller.group/m/9acb1d35436280a2/W-DWR_2515233_100131376_walnut_v1_002.png?trim=auto&trim-sd=1&bg=f0f0f0&auto=format&w=800&h=auto&fit=fill",
      "https://images.hermanmiller.group/m/44b1ef5ea51314c3/W-DWR_2515233_100131376_walnut_v1_001.png?trim=auto&trim-sd=1&bg=f0f0f0&auto=format&w=800&h=auto&fit=fill",
      "https://images.hermanmiller.group/m/bee5ee8cc668e561/W-DWR_2515233_100131378_oak_p.png?trim=auto&trim-sd=1&bg=f0f0f0&auto=format&w=800&h=auto&fit=fill",
      "https://images.hermanmiller.group/m/fe9848feddeb1c7e/W-DWR_2515233_100131378_oak_d2.png?trim=auto&trim-sd=1&bg=f0f0f0&auto=format&w=800&h=auto&fit=fill",
      "https://images.hermanmiller.group/m/1ecbf00d503e8290/W-DWR_2515233_100131378_oak_d1.png?trim=auto&trim-sd=1&bg=f0f0f0&auto=format&w=800&h=auto&fit=fill",
      "https://images.hermanmiller.group/m/16c5fa78694738f5/W-DWR_2515233_100131378_oak_b.png?trim=auto&trim-sd=1&bg=f0f0f0&auto=format&w=800&h=auto&fit=fill",
      "https://images.hermanmiller.group/m/3069d517e234f7cb/W-DWR_2515233_100131378_oak_a.png?trim=auto&trim-sd=1&bg=f0f0f0&auto=format&w=800&h=auto&fit=fill"
    ]
  },
  {
    "title": "Edel Credenza",
    "product_category_id": "6814a40db600fbac90b72c7a",
    "description": "\n            <div class=\"collapse-body pdp-summary-group-body\">\n                \n<div class=\"row\">\n    <div class=\"pdp-summary-group-col-1 col-12 col-lg-5\">\n\n        \n        \n\n        \n        \n            <div class=\"mb-3\">\n                Scandinavian design language meets cutting-edge 3-D molding technology in the Edel Credenza (2018). Easy-to-live-with forms speak quietly but offer hidden delights in use. “We made Edel attractive,” explain the designers, “but the love for it comes when you start interacting with it. When you see how the doors slide across and everything’s fluid.” Unit has space for routing cords behind the adjustable shelves. Cords exit through bottom of cabinet for an unobstructed back. Made in Slovenia.\n            </div>\n        \n\n        \n        \n            <ul class=\"bulleted mb-3\">\n                \n                    <li>\n                        Small version has three adjustable shelves and two drawers.\n                    </li>\n                \n                    <li>\n                        Large version has five adjustable shelves, four drawers, and pullout media player shelf.\n                    </li>\n                \n                    <li>\n                        Space behind shelves for routing cords.\n                    </li>\n                \n                    <li>\n                        Solid wood handles and legs.\n                    </li>\n                \n                    <li>\n                        Soft-close drawers with dovetail joints.\n                    </li>\n                \n            </ul>\n                                \n\n        \n        \n    </div>\n\n    <div class=\"pdp-summary-group-col-2 col-12 col-lg-5 offset-lg-1\">\n        <div class=\"table table-content summary-table\">\n            \n                \n                \n                    <dl>\n                        <dt>\n                            Brand\n                        </dt>\n                        <dd>\n                            <a href=\"/brands-design-within-reach?lang=en_US\">Design Within Reach</a>\n                        </dd>\n                    </dl>\n                \n            \n            \n            \n            \n                <dl>\n                    <dt>\n                        Collection\n                    </dt>\n                    <dd>\n                        <a href=\"/collection-edel?lang=en_US\">Edel Collection</a>\n                    </dd>\n                </dl>\n            \n\n            \n            \n                <dl>\n                    <dt>\n                        General Dimensions\n                    </dt>\n                    <dd>\n                        <ul class=\"unstyled summary-pdp-dimensions-list\">\n                            \n                                <li>\n                                    28½\" H 75\" W 20\" D\n                                </li>\n                            \n                        </ul>\n                    </dd>\n                </dl>\n            \n\n            \n            \n\n            \n            \n                <dl>\n                    <dt>\n                        Product Weight\n                    </dt>\n                    <dd class=\"summary-weight\">\n                        220 lbs\n                    </dd>\n                </dl>\n            \n\n            \n            <dl>\n                <dt>\n                    Assembly\n                </dt>\n                <dd>\n                    \n                        Comes fully assembled\n                    \n                </dd>\n            </dl>\n\n            \n            <dl>\n                <dt>\n                    Warranty\n                </dt>\n                <dd>\n                    \n                        1-year warranty<br>Terms and conditions apply. <a href=\"https://www.dwr.com/warranty.html\" target=\"_blank\">Learn more</a>\n                    \n                </dd>\n            </dl>\n\n            \n            \n\n            \n            \n\n            \n            \n        </div>\n    </div>\n</div>\n            </div>\n        ",
    "listSize": [
      {
        "size": "60\"",
        "price": 103870000,
        "stock": 98
      },
      {
        "size": "75\"",
        "price": 119470000,
        "stock": 61
      }
    ],
    "discountPercentage": 23,
    "thumbnail": "https://images.hermanmiller.group/m/d89ddffdf6293b76/W-DWR_2514133_100119019_walnut_f.png?trim=auto&trim-sd=1&blend-mode=darken&blend=f0f0f0&bg=f0f0f0&auto=format&w=90&h=auto&fit=fill",
    "images": [
      "https://images.hermanmiller.group/m/d89ddffdf6293b76/W-DWR_2514133_100119019_walnut_f.png?trim=auto&trim-sd=1&blend-mode=darken&blend=f0f0f0&bg=f0f0f0&auto=format&w=800&h=auto&fit=fill",
      "https://fast.wistia.com/embed/medias/gcdy0acw8o/swatch",
      "https://images.hermanmiller.group/m/d1634984c2833483/W-DWR_2514133_100119019_walnut_a.png?trim=auto&trim-sd=1&blend-mode=darken&blend=f0f0f0&bg=f0f0f0&auto=format&w=800&h=auto&fit=fill",
      "https://images.hermanmiller.group/m/ca6ad6efe8135137/W-DWR_2514133_100119019_walnut_p.png?trim=auto&trim-sd=1&blend-mode=darken&blend=f0f0f0&bg=f0f0f0&auto=format&w=800&h=auto&fit=fill",
      "https://images.hermanmiller.group/m/006e8403e181d992/W-DWR_2514133_100119019_walnut_b.png?trim=auto&trim-sd=1&blend-mode=darken&blend=f0f0f0&bg=f0f0f0&auto=format&w=800&h=auto&fit=fill",
      "https://images.hermanmiller.group/m/202ad1ffde9e54ff/W-DWR_2514133_100119019_walnut_v1_003.png?trim=auto&trim-sd=1&blend-mode=darken&blend=f0f0f0&bg=f0f0f0&auto=format&w=800&h=auto&fit=fill",
      "https://images.hermanmiller.group/m/8b6320257b1c3df2/W-DWR_2514133_100119019_walnut_v1_001.png?trim=auto&trim-sd=1&blend-mode=darken&blend=f0f0f0&bg=f0f0f0&auto=format&w=800&h=auto&fit=fill",
      "https://images.hermanmiller.group/m/08254a88b4f2586e/W-DWR_2514133_100119019_walnut_d3.png?trim=auto&trim-sd=1&blend-mode=darken&blend=f0f0f0&bg=f0f0f0&auto=format&w=800&h=auto&fit=fill",
      "https://images.hermanmiller.group/m/b0753035057d88f0/W-DWR_2514133_100119019_walnut_d2.png?trim=auto&trim-sd=1&blend-mode=darken&blend=f0f0f0&bg=f0f0f0&auto=format&w=800&h=auto&fit=fill",
      "https://images.hermanmiller.group/m/ab428d61ecaaba0b/W-DWR_2514133_100119019_walnut_d5.png?trim=auto&trim-sd=1&blend-mode=darken&blend=f0f0f0&bg=f0f0f0&auto=format&w=800&h=auto&fit=fill",
      "https://images.hermanmiller.group/m/6046d642d1644d89/W-DWR_2514133_100119019_walnut_d4.png?trim=auto&trim-sd=1&blend-mode=darken&blend=f0f0f0&bg=f0f0f0&auto=format&w=800&h=auto&fit=fill",
      "https://images.hermanmiller.group/m/544c9d4e7f981867/W-DWR_2514133_100119019_walnut_d1.png?trim=auto&trim-sd=1&blend-mode=darken&blend=f0f0f0&bg=f0f0f0&auto=format&w=800&h=auto&fit=fill",
      "https://images.hermanmiller.group/m/11d08aaa6a5512b7/W-DWR_2514133_100168844_walnut_d3.png?trim=auto&trim-sd=1&blend-mode=darken&blend=f0f0f0&bg=f0f0f0&auto=format&w=800&h=auto&fit=fill",
      "https://images.hermanmiller.group/m/38ca2fd2cd84a374/W-DWR_2514133_100119019_walnut_v5_001.png?trim=auto&trim-sd=1&blend-mode=darken&blend=f0f0f0&bg=f0f0f0&auto=format&w=800&h=auto&fit=fill",
      "https://images.hermanmiller.group/m/38ca2fd2cd84a374/W-DWR_2514133_100119019_walnut_v5_001.png?trim=auto&trim-sd=1&bg=f0f0f0&auto=format&w=800&h=auto&fit=fill"
    ]
  },
  {
    "title": "Line Credenza",
    "product_category_id": "6814a40db600fbac90b72c7a",
    "description": "\n            <div class=\"collapse-body pdp-summary-group-body\">\n                \n<div class=\"row\">\n    <div class=\"pdp-summary-group-col-1 col-12 col-lg-5\">\n\n        \n        \n\n        \n        \n            <div class=\"mb-3\">\n                Designer Nathan Yong creates pieces that project quiet elegance, for which he credits hectic city living. “My work is a reflection of my yearning for nature in this concrete jungle,” he says. The Line Collection (2012) is distinguished by horizontal lines that lend a sense of restfulness. This louvered design also serves a purpose on applicable units, allowing remotes to control devices inside. Line brings order to electronics, barware, tableware, and even office supplies. Made in Malaysia.\n            </div>\n        \n\n        \n        \n            <ul class=\"bulleted mb-3\">\n                \n                    <li>\n                        Sleek design.\n                    </li>\n                \n                    <li>\n                        Versatile storage solution.\n                    </li>\n                \n                    <li>\n                        Louvered doors allows remotes to control devices inside.\n                    </li>\n                \n                    <li>\n                        Through-bottom cord escapes so credenza can float within a room.\n                    </li>\n                \n                    <li>\n                        Leveling floor glides.\n                    </li>\n                \n            </ul>\n                                \n\n        \n        \n    </div>\n\n    <div class=\"pdp-summary-group-col-2 col-12 col-lg-5 offset-lg-1\">\n        <div class=\"table table-content summary-table\">\n            \n                \n                \n                    <dl>\n                        <dt>\n                            Brand\n                        </dt>\n                        <dd>\n                            <a href=\"/brands-design-within-reach?lang=en_US\">Design Within Reach</a>\n                        </dd>\n                    </dl>\n                \n            \n            \n            \n            \n                <dl>\n                    <dt>\n                        Collection\n                    </dt>\n                    <dd>\n                        <a href=\"/collection-line?lang=en_US\">Line Collection</a>\n                    </dd>\n                </dl>\n            \n\n            \n            \n                <dl>\n                    <dt>\n                        General Dimensions\n                    </dt>\n                    <dd>\n                        <ul class=\"unstyled summary-pdp-dimensions-list\">\n                            \n                                <li>\n                                    29½\" H 54\" W 19\" D\n                                </li>\n                            \n                        </ul>\n                    </dd>\n                </dl>\n            \n\n            \n            \n\n            \n            \n                <dl>\n                    <dt>\n                        Product Weight\n                    </dt>\n                    <dd class=\"summary-weight\">\n                        182 lbs\n                    </dd>\n                </dl>\n            \n\n            \n            <dl>\n                <dt>\n                    Assembly\n                </dt>\n                <dd>\n                    \n                        Comes fully assembled\n                    \n                </dd>\n            </dl>\n\n            \n            <dl>\n                <dt>\n                    Warranty\n                </dt>\n                <dd>\n                    \n                        1-year warranty<br>Terms and conditions apply. <a href=\"https://www.dwr.com/warranty.html\" target=\"_blank\">Learn more</a>\n                    \n                </dd>\n            </dl>\n\n            \n            \n\n            \n            \n\n            \n            \n        </div>\n    </div>\n</div>\n            </div>\n        ",
    "listSize": [
      {
        "size": "Small",
        "price": 99970000,
        "stock": 86
      },
      {
        "size": "Large",
        "price": 123370000,
        "stock": 61
      }
    ],
    "discountPercentage": 28,
    "thumbnail": "https://images.hermanmiller.group/m/939903a18d8b0bc9/W-DWR_927_100143637_black_f.png?trim=auto&trim-sd=1&blend-mode=darken&blend=f0f0f0&bg=f0f0f0&auto=format&w=90&h=auto&fit=fill",
    "images": [
      "https://images.hermanmiller.group/m/939903a18d8b0bc9/W-DWR_927_100143637_black_f.png?trim=auto&trim-sd=1&blend-mode=darken&blend=f0f0f0&bg=f0f0f0&auto=format&w=800&h=auto&fit=fill",
      "https://images.hermanmiller.group/m/117f991dabb96411/W-DWR_5157_100143637_oak_v2_001.png?trim=auto&trim-sd=1&bg=f0f0f0&auto=format&w=800&h=auto&fit=fill",
      "https://images.hermanmiller.group/m/36efa6d88fdbf1d3/W-DWR_5157_100143636_walnut_v2_028.png?trim=auto&trim-sd=1&bg=f0f0f0&auto=format&w=800&h=auto&fit=fill",
      "https://images.hermanmiller.group/m/50e5a211b596a5d5/W-DWR_5157_100143641_black_v2_1638.png?trim=auto&trim-sd=1&bg=f0f0f0&auto=format&w=800&h=auto&fit=fill",
      "https://images.hermanmiller.group/m/4b77911bf0bae140/W-DWR_5157_100143641_black_v.png?trim=auto&trim-sd=1&bg=f0f0f0&auto=format&w=800&h=auto&fit=fill",
      "https://images.hermanmiller.group/m/0be9808747138ad3/W-DWR_5157_100143636_walnut_v.png?trim=auto&trim-sd=1&bg=f0f0f0&auto=format&w=800&h=auto&fit=fill",
      "https://images.hermanmiller.group/m/bdc3b195b29dbb0e/W-DWR_5157_100143636_walnut_v1_001.png?trim=auto&trim-sd=1&bg=f0f0f0&auto=format&w=800&h=auto&fit=fill",
      "https://images.hermanmiller.group/m/1299fd20576b8470/W-DWR_5157_100143636_walnut_v2_001.png?trim=auto&trim-sd=1&bg=f0f0f0&auto=format&w=800&h=auto&fit=fill",
      "https://images.hermanmiller.group/m/d6945072d2a6d34e/W-DWR_5157_100143637_oak_v1_001.png?trim=auto&trim-sd=1&bg=f0f0f0&auto=format&w=800&h=auto&fit=fill"
    ]
  },
  {
    "title": "Edel Credenza",
    "product_category_id": "6814a40db600fbac90b72c7a",
    "description": "\n            <div class=\"collapse-body pdp-summary-group-body\">\n                \n<div class=\"row\">\n    <div class=\"pdp-summary-group-col-1 col-12 col-lg-5\">\n\n        \n        \n\n        \n        \n            <div class=\"mb-3\">\n                Scandinavian design language meets cutting-edge 3-D molding technology in the Edel Credenza (2018). Easy-to-live-with forms speak quietly but offer hidden delights in use. “We made Edel attractive,” explain the designers, “but the love for it comes when you start interacting with it. When you see how the doors slide across and everything’s fluid.” Unit has space for routing cords behind the adjustable shelves. Cords exit through bottom of cabinet for an unobstructed back. Made in Slovenia.\n            </div>\n        \n\n        \n        \n            <ul class=\"bulleted mb-3\">\n                \n                    <li>\n                        Small version has three adjustable shelves and two drawers.\n                    </li>\n                \n                    <li>\n                        Large version has five adjustable shelves, four drawers, and pullout media player shelf.\n                    </li>\n                \n                    <li>\n                        Space behind shelves for routing cords.\n                    </li>\n                \n                    <li>\n                        Solid wood handles and legs.\n                    </li>\n                \n                    <li>\n                        Soft-close drawers with dovetail joints.\n                    </li>\n                \n            </ul>\n                                \n\n        \n        \n    </div>\n\n    <div class=\"pdp-summary-group-col-2 col-12 col-lg-5 offset-lg-1\">\n        <div class=\"table table-content summary-table\">\n            \n                \n                \n                    <dl>\n                        <dt>\n                            Brand\n                        </dt>\n                        <dd>\n                            <a href=\"/brands-design-within-reach?lang=en_US\">Design Within Reach</a>\n                        </dd>\n                    </dl>\n                \n            \n            \n            \n            \n                <dl>\n                    <dt>\n                        Collection\n                    </dt>\n                    <dd>\n                        <a href=\"/collection-edel?lang=en_US\">Edel Collection</a>\n                    </dd>\n                </dl>\n            \n\n            \n            \n                <dl>\n                    <dt>\n                        General Dimensions\n                    </dt>\n                    <dd>\n                        <ul class=\"unstyled summary-pdp-dimensions-list\">\n                            \n                                <li>\n                                    28⅝\" H 60\" W 20\" D\n                                </li>\n                            \n                        </ul>\n                    </dd>\n                </dl>\n            \n\n            \n            \n\n            \n            \n                <dl>\n                    <dt>\n                        Product Weight\n                    </dt>\n                    <dd class=\"summary-weight\">\n                        205 lbs\n                    </dd>\n                </dl>\n            \n\n            \n            <dl>\n                <dt>\n                    Assembly\n                </dt>\n                <dd>\n                    \n                        Comes fully assembled\n                    \n                </dd>\n            </dl>\n\n            \n            <dl>\n                <dt>\n                    Warranty\n                </dt>\n                <dd>\n                    \n                        1-year warranty<br>Terms and conditions apply. <a href=\"https://www.dwr.com/warranty.html\" target=\"_blank\">Learn more</a>\n                    \n                </dd>\n            </dl>\n\n            \n            \n\n            \n            \n\n            \n            \n        </div>\n    </div>\n</div>\n            </div>\n        ",
    "listSize": [
      {
        "size": "60\"",
        "price": 93470000,
        "stock": 76
      },
      {
        "size": "75\"",
        "price": 109070000,
        "stock": 62
      }
    ],
    "discountPercentage": 11,
    "thumbnail": "https://images.hermanmiller.group/m/67c7addcabca607b/W-DWR_2514133_100119021_ebonized_oak_f.png?trim=auto&trim-sd=1&blend-mode=darken&blend=f0f0f0&bg=f0f0f0&auto=format&w=90&h=auto&fit=fill",
    "images": [
      "https://images.hermanmiller.group/m/67c7addcabca607b/W-DWR_2514133_100119021_ebonized_oak_f.png?trim=auto&trim-sd=1&blend-mode=darken&blend=f0f0f0&bg=f0f0f0&auto=format&w=800&h=auto&fit=fill",
      "https://fast.wistia.com/embed/medias/gcdy0acw8o/swatch",
      "https://images.hermanmiller.group/m/01fa4799b79a445d/W-DWR_2514133_100119021_ebonized_oak_a.png?trim=auto&trim-sd=1&blend-mode=darken&blend=f0f0f0&bg=f0f0f0&auto=format&w=800&h=auto&fit=fill",
      "https://images.hermanmiller.group/m/124705acf4f4f8f9/W-DWR_2514133_100168843_ebonized_oak_v1_0372.png?trim=auto&trim-sd=1&blend-mode=darken&blend=f0f0f0&bg=f0f0f0&auto=format&w=800&h=auto&fit=fill",
      "https://images.hermanmiller.group/m/38ca2fd2cd84a374/W-DWR_2514133_100119019_walnut_v5_001.png?trim=auto&trim-sd=1&bg=f0f0f0&auto=format&w=800&h=auto&fit=fill"
    ]
  },
  {
    "title": "Line Media Console",
    "product_category_id": "6814a40db600fbac90b72c7a",
    "description": "\n            <div class=\"collapse-body pdp-summary-group-body\">\n                \n<div class=\"row\">\n    <div class=\"pdp-summary-group-col-1 col-12 col-lg-5\">\n\n        \n        \n\n        \n        \n            <div class=\"mb-3\">\n                A customer favorite since its debut, the Line Collection features geometric frames made out of precisely crafted oak or walnut. It's distinguished by its strong horizontal lines that reflect natural landscapes and lend a sense of restfulness and calm. On the Line Media Console (2010), this eye-catching louvered design also serves a purpose, allowing remotes to control devices inside. Its roomy, well-organized interior brings order to electronics, routers, albums, books and anything else that needs a home. Working from his studio in Singapore, designer Nathan Yong designs thoughtful pieces that resonate with a quiet elegance, for which he credits the congestion of city living. “My work is a reflection of my yearning for nature in this concrete jungle,” he says. Made in Malaysia.<br><br>What’s inside.<br>Line Media Console 35 has one door, one adjustable shelf, and one cord escape. The two larger units – Console 55 and Console 70 – have two doors, one adjustable shelf, one drawer, and two cord escapes. All cords route through the bottom panel, leaving the back unblemished by cord escape holes, and allowing the Line Media Console to be placed anywhere in a room; it doesn’t have to be pushed against a wall.\n            </div>\n        \n\n        \n        \n            <ul class=\"bulleted mb-3\">\n                \n                    <li>\n                        Versatile storage solution.\n                    </li>\n                \n                    <li>\n                        Sleek design; louvered doors to allow remotes to control devices inside.\n                    </li>\n                \n                    <li>\n                        Console 35 has one adjustable shelf and cord escape in the bottom panel.\n                    </li>\n                \n                    <li>\n                        Consoles 55 and 70 have one adjustable shelf, one drawer, and two cord escapes.\n                    </li>\n                \n                    <li>\n                        Through-bottom cord escapes allow for flexible placement within a room.\n                    </li>\n                \n            </ul>\n                                \n\n        \n        \n    </div>\n\n    <div class=\"pdp-summary-group-col-2 col-12 col-lg-5 offset-lg-1\">\n        <div class=\"table table-content summary-table\">\n            \n                \n                \n                    <dl>\n                        <dt>\n                            Brand\n                        </dt>\n                        <dd>\n                            <a href=\"/brands-design-within-reach?lang=en_US\">Design Within Reach</a>\n                        </dd>\n                    </dl>\n                \n            \n            \n            \n            \n                <dl>\n                    <dt>\n                        Collection\n                    </dt>\n                    <dd>\n                        <a href=\"/collection-line?lang=en_US\">Line Collection</a>\n                    </dd>\n                </dl>\n            \n\n            \n            \n                <dl>\n                    <dt>\n                        General Dimensions\n                    </dt>\n                    <dd>\n                        <ul class=\"unstyled summary-pdp-dimensions-list\">\n                            \n                                <li>\n                                    16\" H 35¼\" W 17¾\" D\n                                </li>\n                            \n                        </ul>\n                    </dd>\n                </dl>\n            \n\n            \n            \n\n            \n            \n                <dl>\n                    <dt>\n                        Product Weight\n                    </dt>\n                    <dd class=\"summary-weight\">\n                        70 lbs\n                    </dd>\n                </dl>\n            \n\n            \n            <dl>\n                <dt>\n                    Assembly\n                </dt>\n                <dd>\n                    \n                        Comes fully assembled\n                    \n                </dd>\n            </dl>\n\n            \n            <dl>\n                <dt>\n                    Warranty\n                </dt>\n                <dd>\n                    \n                        1-year warranty<br>Terms and conditions apply. <a href=\"https://www.dwr.com/warranty.html\" target=\"_blank\">Learn more</a>\n                    \n                </dd>\n            </dl>\n\n            \n            \n\n            \n            \n\n            \n            \n        </div>\n    </div>\n</div>\n            </div>\n        ",
    "listSize": [
      {
        "size": "35\"",
        "price": 51870000,
        "stock": 83
      },
      {
        "size": "55\"",
        "price": 83070000,
        "stock": 82
      },
      {
        "size": "70\"",
        "price": 97370000,
        "stock": 51
      }
    ],
    "discountPercentage": 12,
    "thumbnail": "https://images.hermanmiller.group/m/661acfa92b802b2e/W-DWR_5158_100143646_oak_a.png?trim=auto&trim-sd=1&blend-mode=darken&blend=f0f0f0&bg=f0f0f0&auto=format&w=90&h=auto&fit=fill",
    "images": [
      "https://images.hermanmiller.group/m/661acfa92b802b2e/W-DWR_5158_100143646_oak_a.png?trim=auto&trim-sd=1&blend-mode=darken&blend=f0f0f0&bg=f0f0f0&auto=format&w=800&h=auto&fit=fill",
      "https://images.hermanmiller.group/m/0e0f9990b469a453/W-DWR_1021_100143646_oak_b.png?trim=auto&trim-sd=1&blend-mode=darken&blend=f0f0f0&bg=f0f0f0&auto=format&w=800&h=auto&fit=fill",
      "https://images.hermanmiller.group/m/35b34daf1d59e6e7/W-DWR_1021_100143646_oak_d2.png?trim=auto&trim-sd=1&blend-mode=darken&blend=f0f0f0&bg=f0f0f0&auto=format&w=800&h=auto&fit=fill",
      "https://images.hermanmiller.group/m/b7ae1fdb402e7b4b/W-DWR_1021_100143646_oak_d1.png?trim=auto&trim-sd=1&blend-mode=darken&blend=f0f0f0&bg=f0f0f0&auto=format&w=800&h=auto&fit=fill",
      "https://images.hermanmiller.group/m/e6fc49033dc0bf31/W-DWR_SP23_EDITORIAL_STAHL_HOUSE_107.png?trim=auto&trim-sd=1&bg=f0f0f0&auto=format&w=800&h=auto&fit=fill",
      "https://images.hermanmiller.group/m/47d0bea5ea8661f4/W-DWR_5158_100143645_walnut_v.png?trim=auto&trim-sd=1&bg=f0f0f0&auto=format&w=800&h=auto&fit=fill",
      "https://images.hermanmiller.group/m/21548c4499ad9022/W-DWR_5158_100131376_walnut_v1.png?trim=auto&trim-sd=1&bg=f0f0f0&auto=format&w=800&h=auto&fit=fill",
      "https://images.hermanmiller.group/m/4090d5aa7a9a018/W-DWR_5158_100143642_walnut_v1_002.png?trim=auto&trim-sd=1&bg=f0f0f0&auto=format&w=800&h=auto&fit=fill",
      "https://images.hermanmiller.group/m/6423c49a5346b85c/W-DWR_5158_100143642_walnut_v1_001-jpg.png?trim=auto&trim-sd=1&bg=f0f0f0&auto=format&w=800&h=auto&fit=fill",
      "https://images.hermanmiller.group/m/9acb1d35436280a2/W-DWR_2515233_100131376_walnut_v1_002.png?trim=auto&trim-sd=1&bg=f0f0f0&auto=format&w=800&h=auto&fit=fill",
      "https://images.hermanmiller.group/m/44b1ef5ea51314c3/W-DWR_2515233_100131376_walnut_v1_001.png?trim=auto&trim-sd=1&bg=f0f0f0&auto=format&w=800&h=auto&fit=fill",
      "https://images.hermanmiller.group/m/bee5ee8cc668e561/W-DWR_2515233_100131378_oak_p.png?trim=auto&trim-sd=1&bg=f0f0f0&auto=format&w=800&h=auto&fit=fill",
      "https://images.hermanmiller.group/m/fe9848feddeb1c7e/W-DWR_2515233_100131378_oak_d2.png?trim=auto&trim-sd=1&bg=f0f0f0&auto=format&w=800&h=auto&fit=fill",
      "https://images.hermanmiller.group/m/1ecbf00d503e8290/W-DWR_2515233_100131378_oak_d1.png?trim=auto&trim-sd=1&bg=f0f0f0&auto=format&w=800&h=auto&fit=fill",
      "https://images.hermanmiller.group/m/16c5fa78694738f5/W-DWR_2515233_100131378_oak_b.png?trim=auto&trim-sd=1&bg=f0f0f0&auto=format&w=800&h=auto&fit=fill",
      "https://images.hermanmiller.group/m/3069d517e234f7cb/W-DWR_2515233_100131378_oak_a.png?trim=auto&trim-sd=1&bg=f0f0f0&auto=format&w=800&h=auto&fit=fill"
    ]
  },
  {
    "title": "Edel Media Unit",
    "product_category_id": "6814a40db600fbac90b72c7a",
    "description": "\n            <div class=\"collapse-body pdp-summary-group-body\">\n                \n<div class=\"row\">\n    <div class=\"pdp-summary-group-col-1 col-12 col-lg-5\">\n\n        \n        \n\n        \n        \n            <div class=\"mb-3\">\n                Scandinavian design language meets cutting-edge 3-D molding technology in the Edel Media Unit (2018). Easy-to-live-with forms speak quietly but offer hidden delights in use. “We made Edel attractive,” explain the designers, “but the love for it comes when you start interacting with it. When you see how the doors slide across and everything’s fluid.” Choose from two sizes: a 60\" unit that features one drawer and three adjustable shelves, or a 75\" unit that features two drawers and six adjustable shelves. Space for routing cords is included behind the shelving. Cords seamlessly exit through bottom of cabinet for an unobstructed back. Made in Slovenia.\n            </div>\n        \n\n        \n        \n            <ul class=\"bulleted mb-3\">\n                \n                    <li>\n                        Choose from two sizes; both feature drawers and adjustable shelves.\n                    </li>\n                \n                    <li>\n                        Space behind shelves for routing cords.\n                    </li>\n                \n                    <li>\n                        Solid wood handles and legs.\n                    </li>\n                \n                    <li>\n                        Soft-close drawers with dovetail joints.\n                    </li>\n                \n                    <li>\n                        Sliding doors.\n                    </li>\n                \n            </ul>\n                                \n\n        \n        \n    </div>\n\n    <div class=\"pdp-summary-group-col-2 col-12 col-lg-5 offset-lg-1\">\n        <div class=\"table table-content summary-table\">\n            \n                \n                \n                    <dl>\n                        <dt>\n                            Brand\n                        </dt>\n                        <dd>\n                            <a href=\"/brands-design-within-reach?lang=en_US\">Design Within Reach</a>\n                        </dd>\n                    </dl>\n                \n            \n            \n            \n            \n                <dl>\n                    <dt>\n                        Collection\n                    </dt>\n                    <dd>\n                        <a href=\"/collection-edel?lang=en_US\">Edel Collection</a>\n                    </dd>\n                </dl>\n            \n\n            \n            \n                <dl>\n                    <dt>\n                        General Dimensions\n                    </dt>\n                    <dd>\n                        <ul class=\"unstyled summary-pdp-dimensions-list\">\n                            \n                                <li>\n                                    20¼\" H 75\" W 20\" D\n                                </li>\n                            \n                        </ul>\n                    </dd>\n                </dl>\n            \n\n            \n            \n\n            \n            \n                <dl>\n                    <dt>\n                        Product Weight\n                    </dt>\n                    <dd class=\"summary-weight\">\n                        180 lbs\n                    </dd>\n                </dl>\n            \n\n            \n            <dl>\n                <dt>\n                    Assembly\n                </dt>\n                <dd>\n                    \n                        Comes fully assembled\n                    \n                </dd>\n            </dl>\n\n            \n            <dl>\n                <dt>\n                    Warranty\n                </dt>\n                <dd>\n                    \n                        1-year warranty<br>Terms and conditions apply. <a href=\"https://www.dwr.com/warranty.html\" target=\"_blank\">Learn more</a>\n                    \n                </dd>\n            </dl>\n\n            \n            \n\n            \n            \n\n            \n            \n        </div>\n    </div>\n</div>\n            </div>\n        ",
    "listSize": [
      {
        "size": "60\"",
        "price": 77870000,
        "stock": 51
      },
      {
        "size": "75\"",
        "price": 90870000,
        "stock": 93
      }
    ],
    "discountPercentage": 11,
    "thumbnail": "https://images.hermanmiller.group/m/06d54cc787c6ce8a/W-DWR_2514134_100119024_ebonized_oak_f.png?trim=auto&trim-sd=1&blend-mode=darken&blend=f0f0f0&bg=f0f0f0&auto=format&w=90&h=auto&fit=fill",
    "images": [
      "https://images.hermanmiller.group/m/06d54cc787c6ce8a/W-DWR_2514134_100119024_ebonized_oak_f.png?trim=auto&trim-sd=1&blend-mode=darken&blend=f0f0f0&bg=f0f0f0&auto=format&w=800&h=auto&fit=fill",
      "https://fast.wistia.com/embed/medias/ft1h3fs3lj/swatch",
      "https://images.hermanmiller.group/m/a632642ab4429b8e/W-DWR_2514134_100119024_ebonized_oak_a.png?trim=auto&trim-sd=1&blend-mode=darken&blend=f0f0f0&bg=f0f0f0&auto=format&w=800&h=auto&fit=fill",
      "https://images.hermanmiller.group/m/50dff82b4d04c15c/W-DWR_2514134_100119024_ebonized_oak_v1_001.png?trim=auto&trim-sd=1&bg=f0f0f0&auto=format&w=800&h=auto&fit=fill",
      "https://images.hermanmiller.group/m/5224c7419e3464aa/W-DWR_2514134_100119023_oak_v1.png?trim=auto&trim-sd=1&bg=f0f0f0&auto=format&w=800&h=auto&fit=fill",
      "https://images.hermanmiller.group/m/6108da472b4539f4/W-DWR_2514134_100119022_walnut_d3.png?trim=auto&trim-sd=1&bg=f0f0f0&auto=format&w=800&h=auto&fit=fill",
      "https://images.hermanmiller.group/m/13fdfb22087b01d4/W-DWR_2195267_100068986_pumice_v2_gif_002.png?trim=auto&trim-sd=1&bg=f0f0f0&auto=format&w=800&h=auto&fit=fill",
      "https://images.hermanmiller.group/m/e92ce8c8d0ced50e/W-DWR_2514134_100119024_ebonized_oak_v2_002.png?trim=auto&trim-sd=1&bg=f0f0f0&auto=format&w=800&h=auto&fit=fill"
    ]
  },
  {
    "title": "Aura Media Unit",
    "product_category_id": "6814a40db600fbac90b72c7a",
    "description": "\n            <div class=\"collapse-body pdp-summary-group-body\">\n                \n<div class=\"row\">\n    <div class=\"pdp-summary-group-col-1 col-12 col-lg-5\">\n\n        \n        \n\n        \n        \n            <div class=\"mb-3\">\n                Founded in 1947, the Spanish company Treku specializes in sleek storage units that combine modern and traditional design details. The Aura Media Unit (2011) is an eye-pleasing two-tone storage solution that combines the beauty of clean lines with the durability of fine craftsmanship. The open-frame steel base ensures a visual lightness while also delivering exceptional sturdiness. Aura is finished partly in wood veneer, partly in lacquer for warmth and striking contrast. Made in Spain.\n            </div>\n        \n\n        \n        \n            <ul class=\"bulleted mb-3\">\n                \n                    <li>\n                        Versatile, roomy storage solution for electronics, books, and more.\n                    </li>\n                \n                    <li>\n                        Small Unit: Open cubby, and cabinet with removable shelf.\n                    </li>\n                \n                    <li>\n                        Large Unit: Open cubby, cabinet with removable shelf, and 2 drawers.\n                    </li>\n                \n                    <li>\n                        Small Unit has two cord escapes, Large Unit has three.\n                    </li>\n                \n                    <li>\n                        Push-latch hardware for a clean look.\n                    </li>\n                \n            </ul>\n                                \n\n        \n        \n    </div>\n\n    <div class=\"pdp-summary-group-col-2 col-12 col-lg-5 offset-lg-1\">\n        <div class=\"table table-content summary-table\">\n            \n                \n                \n                    <dl>\n                        <dt>\n                            Brand\n                        </dt>\n                        <dd>\n                            <a href=\"/brands-treku?lang=en_US\">Treku</a>\n                        </dd>\n                    </dl>\n                \n            \n            \n            \n            \n                <dl>\n                    <dt>\n                        Collection\n                    </dt>\n                    <dd>\n                        <a href=\"/collection-aura?lang=en_US\">Aura Collection</a>\n                    </dd>\n                </dl>\n            \n\n            \n            \n                <dl>\n                    <dt>\n                        General Dimensions\n                    </dt>\n                    <dd>\n                        <ul class=\"unstyled summary-pdp-dimensions-list\">\n                            \n                                <li>\n                                    22⅛\" H 76⅞\" W 18¾\" D\n                                </li>\n                            \n                        </ul>\n                    </dd>\n                </dl>\n            \n\n            \n            \n\n            \n            \n\n            \n            <dl>\n                <dt>\n                    Assembly\n                </dt>\n                <dd>\n                    \n                        Comes fully assembled\n                    \n                </dd>\n            </dl>\n\n            \n            <dl>\n                <dt>\n                    Warranty\n                </dt>\n                <dd>\n                    \n                        1-year warranty<br>Terms and conditions apply. <a href=\"https://www.dwr.com/warranty.html\" target=\"_blank\">Learn more</a>\n                    \n                </dd>\n            </dl>\n\n            \n            \n\n            \n            \n\n            \n            \n        </div>\n    </div>\n</div>\n            </div>\n        ",
    "listSize": [
      {
        "size": "Small",
        "price": 62270000,
        "stock": 97
      },
      {
        "size": "Large",
        "price": 75270000,
        "stock": 91
      }
    ],
    "discountPercentage": 30,
    "thumbnail": "https://images.hermanmiller.group/m/69f534c459aa9455/W-DWR_1198_100156878_walnut_graphite_f.png?trim=auto&trim-sd=1&blend-mode=darken&blend=f0f0f0&bg=f0f0f0&auto=format&w=90&h=auto&fit=fill",
    "images": [
      "https://images.hermanmiller.group/m/69f534c459aa9455/W-DWR_1198_100156878_walnut_graphite_f.png?trim=auto&trim-sd=1&blend-mode=darken&blend=f0f0f0&bg=f0f0f0&auto=format&w=800&h=auto&fit=fill",
      "https://fast.wistia.com/embed/medias/88jg09cd42/swatch",
      "https://images.hermanmiller.group/m/a03882f5c7ca4017/W-DWR_1198_100156878_walnut_graphite_a.png?trim=auto&trim-sd=1&blend-mode=darken&blend=f0f0f0&bg=f0f0f0&auto=format&w=800&h=auto&fit=fill",
      "https://images.hermanmiller.group/m/367b6442d7588bfd/W-DWR_1198_100156878_walnut_graphite_p.png?trim=auto&trim-sd=1&blend-mode=darken&blend=f0f0f0&bg=f0f0f0&auto=format&w=800&h=auto&fit=fill",
      "https://images.hermanmiller.group/m/a564874ec1dd7759/W-DWR_1198_100156878_walnut_graphite_b.png?trim=auto&trim-sd=1&blend-mode=darken&blend=f0f0f0&bg=f0f0f0&auto=format&w=800&h=auto&fit=fill",
      "https://images.hermanmiller.group/m/c1ef0459273fbf8f/W-DWR_1198_100156878_walnut_graphite_d3.png?trim=auto&trim-sd=1&blend-mode=darken&blend=f0f0f0&bg=f0f0f0&auto=format&w=800&h=auto&fit=fill",
      "https://images.hermanmiller.group/m/5eddd0a42a6cc41a/W-DWR_1198_712712_walnut_graphite_v2.png?trim=auto&trim-sd=1&bg=f0f0f0&auto=format&w=800&h=auto&fit=fill",
      "https://images.hermanmiller.group/m/42358e84e97ffd2f/W-DWR_1198_100156878_walnut_graphite_d2.png?trim=auto&trim-sd=1&bg=f0f0f0&auto=format&w=800&h=auto&fit=fill",
      "https://images.hermanmiller.group/m/614a5317abbc026c/W-DWR_1198_100156878_walnut_graphite_d1.png?trim=auto&trim-sd=1&bg=f0f0f0&auto=format&w=800&h=auto&fit=fill",
      "https://images.hermanmiller.group/m/bcad3b44d2095736/W-DWR_1198_100156877_walnut_graphite_d1.png?trim=auto&trim-sd=1&bg=f0f0f0&auto=format&w=800&h=auto&fit=fill",
      "https://images.hermanmiller.group/m/075a498050f9a410/W-DWR_1198_100156877_walnut_graphite_v1_001.png?trim=auto&trim-sd=1&bg=f0f0f0&auto=format&w=800&h=auto&fit=fill",
      "https://images.hermanmiller.group/m/80f6dd77a9eab94/W-DWR_1198_-712712_walnut_graphite_v1_001.png?trim=auto&trim-sd=1&bg=f0f0f0&auto=format&w=800&h=auto&fit=fill",
      "https://images.hermanmiller.group/m/e97a5a27f81991ea/W-DWR_2196922_100108940_walnut_black_d2.png?trim=auto&trim-sd=1&bg=f0f0f0&auto=format&w=800&h=auto&fit=fill",
      "https://images.hermanmiller.group/m/31818bab3b6c119c/W-DWR_1198_894920_oak_white_d2.png?trim=auto&trim-sd=1&bg=f0f0f0&auto=format&w=800&h=auto&fit=fill"
    ]
  }
]
