[
  {
    "title": "Lull Bed",
    "product_category_id": "6814bfd2f58154909086cc44",
    "description": "\n            <div class=\"collapse-body pdp-summary-group-body\">\n                \n<div class=\"row\">\n    <div class=\"pdp-summary-group-col-1 col-12 col-lg-5\">\n\n        \n        \n\n        \n        \n            <div class=\"mb-3\">\n                With its cloud-like frame and luxe upholstery, the Lull Bed (2023) invites ultra-relaxation. Australian design practice ELLISON STUDIOS brings a ’70s spirit to contemporary bedrooms with Lull’s generous proportions and contrasting textures. Its frame and legs are upholstered in a choice of lush fabrics, including velvety Sandon made from 100% GRS-certified recycled plastic bottles. Fully upholstered disc feet complete the rich softness of its silhouette. Elegant yet laid-back, Lull brings welcoming warmth and optimal comfort to the bedroom. Mattress sold separately. Made in U.S.A.\n            </div>\n        \n\n        \n        \n            <ul class=\"bulleted mb-3\">\n                \n                    <li>\n                        Sculptural, comfortable form in sensual, textural materials.\n                    </li>\n                \n                    <li>\n                        Upholstered in a choice of luxe fabrics, including 100% recycled velvet.\n                    </li>\n                \n                    <li>\n                        Durably constructed with a corner-blocked kiln-dried hardwood frame.\n                    </li>\n                \n            </ul>\n                                \n\n        \n        \n    </div>\n\n    <div class=\"pdp-summary-group-col-2 col-12 col-lg-5 offset-lg-1\">\n        <div class=\"table table-content summary-table\">\n            \n                \n                \n                    <dl>\n                        <dt>\n                            Brand\n                        </dt>\n                        <dd>\n                            <a href=\"/brands-ellison-studios?lang=en_US\">ELLISON STUDIOS</a>\n                        </dd>\n                    </dl>\n                \n            \n            \n            \n            \n\n            \n            \n                <dl>\n                    <dt>\n                        General Dimensions\n                    </dt>\n                    <dd>\n                        <ul class=\"unstyled summary-pdp-dimensions-list\">\n                            \n                                <li>\n                                    41⅜\" H 87⅞\" W 97¼\" D\n                                </li>\n                            \n                        </ul>\n                    </dd>\n                </dl>\n            \n\n            \n            \n\n            \n            \n                <dl>\n                    <dt>\n                        Product Weight\n                    </dt>\n                    <dd class=\"summary-weight\">\n                        284 lbs\n                    </dd>\n                </dl>\n            \n\n            \n            <dl>\n                <dt>\n                    Assembly\n                </dt>\n                <dd>\n                    \n                        Requires Assembly\n                    \n                </dd>\n            </dl>\n\n            \n            <dl>\n                <dt>\n                    Warranty\n                </dt>\n                <dd>\n                    \n                        1-year warranty<br>Terms and conditions apply. <a href=\"https://www.dwr.com/warranty.html\" target=\"_blank\">Learn more</a>\n                    \n                </dd>\n            </dl>\n\n            \n            \n\n            \n            \n\n            \n            \n        </div>\n    </div>\n</div>\n            </div>\n        ",
    "listSize": [
      {
        "size": "Queen",
        "price": 103870000,
        "stock": 55
      },
      {
        "size": "King",
        "price": 114270000,
        "stock": 76
      }
    ],
    "discountPercentage": 21,
    "thumbnail": "https://images.hermanmiller.group/m/5a0c844a79d8db85/W-DWR_2577672_100543753_sandon_burnt_butter_f.png?trim=auto&trim-sd=1&blend-mode=darken&blend=f0f0f0&bg=f0f0f0&auto=format&w=90&h=auto&fit=fill",
    "images": [
      "https://images.hermanmiller.group/m/5a0c844a79d8db85/W-DWR_2577672_100543753_sandon_burnt_butter_f.png?trim=auto&trim-sd=1&blend-mode=darken&blend=f0f0f0&bg=f0f0f0&auto=format&w=800&h=auto&fit=fill",
      "https://images.hermanmiller.group/m/cc0b620a0f118b7e/W-DWR_2577672_100543753_sandon_burnt_butter_a.png?trim=auto&trim-sd=1&blend-mode=darken&blend=f0f0f0&bg=f0f0f0&auto=format&w=800&h=auto&fit=fill",
      "https://images.hermanmiller.group/m/e9afe3bdc66b78b9/W-DWR_2577672_100543753_sandon_burnt_butter_p.png?trim=auto&trim-sd=1&blend-mode=darken&blend=f0f0f0&bg=f0f0f0&auto=format&w=800&h=auto&fit=fill",
      "https://images.hermanmiller.group/m/8d20936fea92ad9b/W-DWR_2577672_100543753_sandon_burnt_butter_b.png?trim=auto&trim-sd=1&blend-mode=darken&blend=f0f0f0&bg=f0f0f0&auto=format&w=800&h=auto&fit=fill",
      "https://images.hermanmiller.group/m/84a605ef974cbbda/W-DWR_2577672_100543753_sandon_burnt_butter_d3.png?trim=auto&trim-sd=1&blend-mode=darken&blend=f0f0f0&bg=f0f0f0&auto=format&w=800&h=auto&fit=fill",
      "https://images.hermanmiller.group/m/6a33fd9313ec3839/W-DWR_2577672_100543753_sandon_burnt_butter_d2.png?trim=auto&trim-sd=1&blend-mode=darken&blend=f0f0f0&bg=f0f0f0&auto=format&w=800&h=auto&fit=fill",
      "https://images.hermanmiller.group/m/a8744fe862c3c06f/W-DWR_2577672_100543753_sandon_burnt_butter_d1.png?trim=auto&trim-sd=1&blend-mode=darken&blend=f0f0f0&bg=f0f0f0&auto=format&w=800&h=auto&fit=fill",
      "https://images.hermanmiller.group/m/77618bfbd7c7a62e/W-DWR_2577672_100543753_burnt_butter_v5_007.png?trim=auto&trim-sd=1&bg=f0f0f0&auto=format&w=800&h=auto&fit=fill",
      "https://images.hermanmiller.group/m/4de648263cfabdd9/W-DWR_2577672_100543753_burnt_butter_v5_016.png?trim=auto&trim-sd=1&bg=f0f0f0&auto=format&w=800&h=auto&fit=fill",
      "https://images.hermanmiller.group/m/3d27e1137b433626/W-DWR_2577672_100543753_burnt_butter_v5_033.png?trim=auto&trim-sd=1&bg=f0f0f0&auto=format&w=800&h=auto&fit=fill",
      "https://images.hermanmiller.group/m/7e2f6b0f418ac206/W-DWR_2577672_100543753_sandon_burnt_butter_v1_001.png?trim=auto&trim-sd=1&bg=f0f0f0&auto=format&w=800&h=auto&fit=fill"
    ]
  },
  {
    "title": "Matera Bed",
    "product_category_id": "6814bfd2f58154909086cc44",
    "description": "\n            <div class=\"collapse-body pdp-summary-group-body\">\n                \n<div class=\"row\">\n    <div class=\"pdp-summary-group-col-1 col-12 col-lg-5\">\n\n        \n        \n\n        \n        \n            <div class=\"mb-3\">\n                A trip to the Noguchi Museum in New York made Sean Yoo realize that he didn’t want to be a city planner after all. “One visit and I knew exactly what I wanted to do with my life,” he says. “I was particularly attracted to the way Noguchi applied sculptural qualities to common household items. It seemed to give meaning and purpose to otherwise meaningless objects.” Yoo’s beautifully crafted Matera Bed (2007) incorporates that ethos. Designed while Yoo was living in Matera, Italy, it features clean lines, beveled edges and slotted mortise-and-tenon corner joints. The slotted base and headboard add visual interest and echo a design thread used throughout the Matera collection. Made in Malaysia.<br><br>The bed with storage has six (three on each side side) full-extension drawers, providing ample space for clothing and bedding, all of which can be quietly accessed without disturbing your partner thanks to soft-closing glides.\n            </div>\n        \n\n        \n        \n            <ul class=\"bulleted mb-3\">\n                \n                    <li>\n                        Clean lines, beveled edges and slotted mortise-and-tenon corner joints.\n                    </li>\n                \n                    <li>\n                        Slotted base and headboard for an airy feel.\n                    </li>\n                \n                    <li>\n                        Available with or without storage drawers.\n                    </li>\n                \n                    <li>\n                        Bed with Storage has six full-extension drawers with soft-closing glides.\n                    </li>\n                \n                    <li>\n                        This bed requires no box spring.\n                    </li>\n                \n            </ul>\n                                \n\n        \n        \n    </div>\n\n    <div class=\"pdp-summary-group-col-2 col-12 col-lg-5 offset-lg-1\">\n        <div class=\"table table-content summary-table\">\n            \n                \n                \n                    <dl>\n                        <dt>\n                            Brand\n                        </dt>\n                        <dd>\n                            <a href=\"/brands-design-within-reach?lang=en_US\">Design Within Reach</a>\n                        </dd>\n                    </dl>\n                \n            \n            \n            \n            \n                <dl>\n                    <dt>\n                        Collection\n                    </dt>\n                    <dd>\n                        <a href=\"/collection-matera?lang=en_US\">Matera Collection</a>\n                    </dd>\n                </dl>\n            \n\n            \n            \n                <dl>\n                    <dt>\n                        General Dimensions\n                    </dt>\n                    <dd>\n                        <ul class=\"unstyled summary-pdp-dimensions-list\">\n                            \n                                <li>\n                                    37½\" H 64⅝\" W 83⅛\" D\n                                </li>\n                            \n                        </ul>\n                    </dd>\n                </dl>\n            \n\n            \n            \n\n            \n            \n                <dl>\n                    <dt>\n                        Product Weight\n                    </dt>\n                    <dd class=\"summary-weight\">\n                        330.75 lbs\n                    </dd>\n                </dl>\n            \n\n            \n            <dl>\n                <dt>\n                    Assembly\n                </dt>\n                <dd>\n                    \n                        Requires Assembly\n                    \n                </dd>\n            </dl>\n\n            \n            <dl>\n                <dt>\n                    Warranty\n                </dt>\n                <dd>\n                    \n                        1-year warranty<br>Terms and conditions apply. <a href=\"https://www.dwr.com/warranty.html\" target=\"_blank\">Learn more</a>\n                    \n                </dd>\n            </dl>\n\n            \n            \n\n            \n            \n\n            \n            \n        </div>\n    </div>\n</div>\n            </div>\n        ",
    "listSize": [
      {
        "size": "Full",
        "price": 142870000,
        "stock": 79
      },
      {
        "size": "Queen",
        "price": 161070000,
        "stock": 55
      },
      {
        "size": "King",
        "price": 181870000,
        "stock": 100
      },
      {
        "size": "California King",
        "price": 192270000,
        "stock": 81
      }
    ],
    "discountPercentage": 12,
    "thumbnail": "https://images.hermanmiller.group/m/33b1d6f725b68fce/W-DWR_5114_756198_oak_a3-jpg.png?trim=auto&trim-sd=1&blend-mode=darken&blend=f0f0f0&bg=f0f0f0&auto=format&w=90&h=auto&fit=fill",
    "images": [
      "https://images.hermanmiller.group/m/33b1d6f725b68fce/W-DWR_5114_756198_oak_a3-jpg.png?trim=auto&trim-sd=1&blend-mode=darken&blend=f0f0f0&bg=f0f0f0&auto=format&w=800&h=auto&fit=fill",
      "https://fast.wistia.com/embed/medias/5gvetatgii/swatch",
      "https://images.hermanmiller.group/m/63465747f886ddf9/W-DWR_5114_309462_walnut_v1_084_16x9.png?trim=auto&trim-sd=1&bg=f0f0f0&auto=format&w=800&h=auto&fit=fill",
      "https://images.hermanmiller.group/m/3fa1775bb8921084/W-DWR_5114_756198_oak_v5_001.png?trim=auto&trim-sd=1&bg=f0f0f0&auto=format&w=800&h=auto&fit=fill",
      "https://images.hermanmiller.group/m/d847ec658275245a/W-DWR_5114_309493_walnut_v2_003.png?trim=auto&trim-sd=1&bg=f0f0f0&auto=format&w=800&h=auto&fit=fill",
      "https://images.hermanmiller.group/m/ea3ac5417f57f17/W-DWR_5114_309493_walnut_v2-tif.png?trim=auto&trim-sd=1&bg=f0f0f0&auto=format&w=800&h=auto&fit=fill",
      "https://images.hermanmiller.group/m/14989e10a557b532/W-DWR_6487_672849_black_v2.png?trim=auto&trim-sd=1&bg=f0f0f0&auto=format&w=800&h=auto&fit=fill",
      "https://images.hermanmiller.group/m/35405c1c5f37b293/W-DWR_5114_756167_oak_d2.png?trim=auto&trim-sd=1&bg=f0f0f0&auto=format&w=800&h=auto&fit=fill",
      "https://images.hermanmiller.group/m/d169a7a4288685ed/W-DWR_5115_309462_walnut_d1.png?trim=auto&trim-sd=1&bg=f0f0f0&auto=format&w=800&h=auto&fit=fill",
      "https://images.hermanmiller.group/m/63ebe63736e91d27/W-DWR_5114_309462_walnut_d1.png?trim=auto&trim-sd=1&bg=f0f0f0&auto=format&w=800&h=auto&fit=fill",
      "https://images.hermanmiller.group/m/60f66508992ff383/W-DWR_5114_756198_oak_d1-jpg.png?trim=auto&trim-sd=1&bg=f0f0f0&auto=format&w=800&h=auto&fit=fill",
      "https://images.hermanmiller.group/m/dcb58ed275b82cd/W-DWR_5114_756198_oak_v4-tif.png?trim=auto&trim-sd=1&bg=f0f0f0&auto=format&w=800&h=auto&fit=fill",
      "https://images.hermanmiller.group/m/d493ce02e4acda38/W-DWR_5114_756198_oak_v2_003.png?trim=auto&trim-sd=1&bg=f0f0f0&auto=format&w=800&h=auto&fit=fill"
    ]
  },
  {
    "title": "Cove Bed",
    "product_category_id": "6814bfd2f58154909086cc44",
    "description": "\n            <div class=\"collapse-body pdp-summary-group-body\">\n                \n<div class=\"row\">\n    <div class=\"pdp-summary-group-col-1 col-12 col-lg-5\">\n\n        \n        \n\n        \n        \n            <div class=\"mb-3\">\n                “Giving respect to materials and craft is very important,” says Nathan Yong. In the case of the Cove Bed (2017), the Singapore-based designer fully demonstrates his reverence. The inner edges of the headboard, footboard and side rails, for instance, are rounded over rather than squared off. “I wanted to create a bed that’s sturdy but not clunky,” he says, “and to make the mattress seem like it’s ‘tucking into’ the bed frame.” The unadorned profile highlights the beauty of the wood, while the turned-and-tapered bedposts have tops that are subtly cupped. “It’s just a small thing,” he says of the latter. “But then you touch them, and there’s this moment that touches your senses.”  Made in Malaysia.\n            </div>\n        \n\n        \n        \n            <ul class=\"bulleted mb-3\">\n                \n                    <li>\n                        Solid oak, walnut, or ebonized ash rails, bedposts and footboard.\n                    </li>\n                \n                    <li>\n                        Turned-and-tapered bedposts.\n                    </li>\n                \n                    <li>\n                        Ample space beneath the bed.\n                    </li>\n                \n                    <li>\n                        High headboard option for queen and king sizes.\n                    </li>\n                \n            </ul>\n                                \n\n        \n        \n    </div>\n\n    <div class=\"pdp-summary-group-col-2 col-12 col-lg-5 offset-lg-1\">\n        <div class=\"table table-content summary-table\">\n            \n                \n                \n                    <dl>\n                        <dt>\n                            Brand\n                        </dt>\n                        <dd>\n                            <a href=\"/brands-design-within-reach?lang=en_US\">Design Within Reach</a>\n                        </dd>\n                    </dl>\n                \n            \n            \n            \n            \n                <dl>\n                    <dt>\n                        Collection\n                    </dt>\n                    <dd>\n                        <a href=\"/collection-cove-bedroom?lang=en_US\">Cove Bedroom Collection</a>\n                    </dd>\n                </dl>\n            \n\n            \n            \n                <dl>\n                    <dt>\n                        General Dimensions\n                    </dt>\n                    <dd>\n                        <ul class=\"unstyled summary-pdp-dimensions-list\">\n                            \n                                <li>\n                                    36\" H 80\" W 84\" D\n                                </li>\n                            \n                        </ul>\n                    </dd>\n                </dl>\n            \n\n            \n            \n\n            \n            \n                <dl>\n                    <dt>\n                        Product Weight\n                    </dt>\n                    <dd class=\"summary-weight\">\n                        189.75 lbs\n                    </dd>\n                </dl>\n            \n\n            \n            <dl>\n                <dt>\n                    Assembly\n                </dt>\n                <dd>\n                    \n                        Requires Assembly\n                    \n                </dd>\n            </dl>\n\n            \n            <dl>\n                <dt>\n                    Warranty\n                </dt>\n                <dd>\n                    \n                        1-year warranty<br>Terms and conditions apply. <a href=\"https://www.dwr.com/warranty.html\" target=\"_blank\">Learn more</a>\n                    \n                </dd>\n            </dl>\n\n            \n            \n\n            \n            \n\n            \n            \n        </div>\n    </div>\n</div>\n            </div>\n        ",
    "listSize": [
      {
        "size": "Twin",
        "price": 51870000,
        "stock": 61
      },
      {
        "size": "Full",
        "price": 59670000,
        "stock": 61
      },
      {
        "size": "Queen",
        "price": 70070000,
        "stock": 50
      },
      {
        "size": "King",
        "price": 75270000,
        "stock": 53
      }
    ],
    "discountPercentage": 29,
    "thumbnail": "https://images.hermanmiller.group/m/72903e9a75cdb39/W-DWR_2196665_100083921_oak_f-tif.png?trim=auto&trim-sd=1&blend-mode=darken&blend=f0f0f0&bg=f0f0f0&auto=format&w=90&h=auto&fit=fill",
    "images": [
      "https://images.hermanmiller.group/m/72903e9a75cdb39/W-DWR_2196665_100083921_oak_f-tif.png?trim=auto&trim-sd=1&blend-mode=darken&blend=f0f0f0&bg=f0f0f0&auto=format&w=800&h=auto&fit=fill",
      "https://images.hermanmiller.group/m/58a5cd4bdb21a3f6/W-DWR_2196665_100083921_oak_p-tif.png?trim=auto&trim-sd=1&blend-mode=darken&blend=f0f0f0&bg=f0f0f0&auto=format&w=800&h=auto&fit=fill",
      "https://images.hermanmiller.group/m/5f419f6efb22d363/W-DWR_2196665_100083921_oak_a-tif.png?trim=auto&trim-sd=1&blend-mode=darken&blend=f0f0f0&bg=f0f0f0&auto=format&w=800&h=auto&fit=fill",
      "https://images.hermanmiller.group/m/6c7e9077a97e7277/W-DWR_2196665_100083921_oak_b-tif.png?trim=auto&trim-sd=1&blend-mode=darken&blend=f0f0f0&bg=f0f0f0&auto=format&w=800&h=auto&fit=fill",
      "https://images.hermanmiller.group/m/2899e281dd0c89cc/W-DWR_2196665_100083921_oak_d1-tif.png?trim=auto&trim-sd=1&blend-mode=darken&blend=f0f0f0&bg=f0f0f0&auto=format&w=800&h=auto&fit=fill",
      "https://images.hermanmiller.group/m/180a15257a9fa149/W-DWR_2196665_100480527_oak_v1_3384.png?trim=auto&trim-sd=1&bg=f0f0f0&auto=format&w=800&h=auto&fit=fill",
      "https://images.hermanmiller.group/m/26e6bd7b969a766f/W-DWR_2196665_100468061_black_v1_001.png?trim=auto&trim-sd=1&bg=f0f0f0&auto=format&w=800&h=auto&fit=fill",
      "https://images.hermanmiller.group/m/43f0d8e5234bc0d7/W-DWR_100083921_oak_v2_015.png?trim=auto&trim-sd=1&bg=f0f0f0&auto=format&w=800&h=auto&fit=fill",
      "https://images.hermanmiller.group/m/c68a800ae5497ea/W-DWR_100083921_oak_v1_014.png?trim=auto&trim-sd=1&bg=f0f0f0&auto=format&w=800&h=auto&fit=fill",
      "https://images.hermanmiller.group/m/a0556f1e0a4b1ecf/W-DWR_2196665_100083923_oak_v1_018.png?trim=auto&trim-sd=1&bg=f0f0f0&auto=format&w=800&h=auto&fit=fill"
    ]
  },
  {
    "title": "Nelson Thin Edge Bed",
    "product_category_id": "6814bfd2f58154909086cc44",
    "description": "\n            <div class=\"collapse-body pdp-summary-group-body\">\n                \n<div class=\"row\">\n    <div class=\"pdp-summary-group-col-1 col-12 col-lg-5\">\n\n        \n        \n\n        \n        \n            <div class=\"mb-3\">\n                The process of bringing the Nelson Thin Edge Bed (1954) back into production began at the Herman Miller Archives, where engineers carefully studied vintage pieces and original drawings. In keeping with George Nelson’s vision for a collection capable of adapting to the times, this bed is now available in larger sizes that weren’t commonly available in the 1950s. Solid ash slats replace springs to accommodate an invention that also didn’t exist in Nelson’s day: memory-foam mattresses. Updated finishes reflect new technologies as well as the aesthetic preferences of today’s consumer: Walnut subs for stained ash, while white ash updates the original birch. Yet changes withstanding, the designs are utterly and unmistakably Nelson in their exceptional simplicity and clarity. This is the authentic Nelson Thin Edge Bed by Herman Miller. Mattress not included. Made in Malaysia.<br><br>Twin, full and queen platforms ship fully assembled. King and California King platforms ship as two halves.\n            </div>\n        \n\n        \n        \n            <ul class=\"bulleted mb-3\">\n                \n                    <li>\n                        Solid walnut or white-ash frame.\n                    </li>\n                \n                    <li>\n                        Solid ash slats allow for air circulation.\n                    </li>\n                \n                    <li>\n                        Two headboard and base styles.\n                    </li>\n                \n                    <li>\n                        Legs available in solid wood or stainless steel.\n                    </li>\n                \n                    <li>\n                        Sizes and wood finishes reflect today’s aesthetics.\n                    </li>\n                \n            </ul>\n                                \n\n        \n        \n    </div>\n\n    <div class=\"pdp-summary-group-col-2 col-12 col-lg-5 offset-lg-1\">\n        <div class=\"table table-content summary-table\">\n            \n                \n                \n                    <dl>\n                        <dt>\n                            Brand\n                        </dt>\n                        <dd>\n                            <a href=\"/brands-herman-miller?lang=en_US\">Herman Miller</a>\n                        </dd>\n                    </dl>\n                \n            \n            \n            \n            \n                <dl>\n                    <dt>\n                        Collection\n                    </dt>\n                    <dd>\n                        <a href=\"/collection-nelson-thin-edge?lang=en_US\">Nelson Thin Edge Collection</a>\n                    </dd>\n                </dl>\n            \n\n            \n            \n                <dl>\n                    <dt>\n                        General Dimensions\n                    </dt>\n                    <dd>\n                        <ul class=\"unstyled summary-pdp-dimensions-list\">\n                            \n                                <li>\n                                    34¾\" H 40¼\" W 84¼\" D\n                                </li>\n                            \n                        </ul>\n                    </dd>\n                </dl>\n            \n\n            \n            \n\n            \n            \n                <dl>\n                    <dt>\n                        Product Weight\n                    </dt>\n                    <dd class=\"summary-weight\">\n                        92.75 lbs\n                    </dd>\n                </dl>\n            \n\n            \n            <dl>\n                <dt>\n                    Assembly\n                </dt>\n                <dd>\n                    \n                        Requires Assembly\n                    \n                </dd>\n            </dl>\n\n            \n            <dl>\n                <dt>\n                    Warranty\n                </dt>\n                <dd>\n                    \n                        5-year warranty<br>Terms and conditions apply. <a href=\"https://www.dwr.com/warranty.html\" target=\"_blank\">Learn more</a>\n                    \n                </dd>\n            </dl>\n\n            \n            \n\n            \n            \n\n            \n            \n        </div>\n    </div>\n</div>\n            </div>\n        ",
    "listSize": [
      {
        "size": "Twin",
        "price": 98670000,
        "stock": 61
      },
      {
        "size": "Full",
        "price": 111670000,
        "stock": 92
      },
      {
        "size": "Queen",
        "price": 124670000,
        "stock": 69
      },
      {
        "size": "King",
        "price": 137670000,
        "stock": 54
      },
      {
        "size": "California King",
        "price": 145470000,
        "stock": 94
      }
    ],
    "discountPercentage": 30,
    "thumbnail": "https://images.hermanmiller.group/m/ba10145b2f454e6a/W-HM_3419_10001030_walnut_cane_walnut_f.png?trim=auto&trim-sd=1&blend-mode=darken&blend=f0f0f0&bg=f0f0f0&auto=format&w=90&h=auto&fit=fill",
    "images": [
      "https://images.hermanmiller.group/m/ba10145b2f454e6a/W-HM_3419_10001030_walnut_cane_walnut_f.png?trim=auto&trim-sd=1&blend-mode=darken&blend=f0f0f0&bg=f0f0f0&auto=format&w=800&h=auto&fit=fill",
      "https://images.hermanmiller.group/m/f3e7952e63f8c497/W-HM_3419_10001030_walnut_cane_walnut_a.png?trim=auto&trim-sd=1&blend-mode=darken&blend=f0f0f0&bg=f0f0f0&auto=format&w=800&h=auto&fit=fill",
      "https://images.hermanmiller.group/m/88aa093e2cb3d0af/W-HM_3419_10001030_walnut_cane_walnut_p.png?trim=auto&trim-sd=1&blend-mode=darken&blend=f0f0f0&bg=f0f0f0&auto=format&w=800&h=auto&fit=fill",
      "https://images.hermanmiller.group/m/855ad11abab0457c/W-HM_3419_10001030_walnut_cane_walnut_d3.png?trim=auto&trim-sd=1&blend-mode=darken&blend=f0f0f0&bg=f0f0f0&auto=format&w=800&h=auto&fit=fill",
      "https://images.hermanmiller.group/m/2a43dbdd3a807931/W-HM_3419_10001030_walnut_cane_walnut_d1.png?trim=auto&trim-sd=1&blend-mode=darken&blend=f0f0f0&bg=f0f0f0&auto=format&w=800&h=auto&fit=fill",
      "https://images.hermanmiller.group/m/654f7350d40f690e/W-HM_3419_10001030_walnut_cane_v1_0667.png?trim=auto&trim-sd=1&bg=f0f0f0&auto=format&w=800&h=auto&fit=fill",
      "https://images.hermanmiller.group/m/7cce85dc7b37795a/W-DWR_3419_10001037_ash_stainless_v4.png?trim=auto&trim-sd=1&bg=f0f0f0&auto=format&w=800&h=auto&fit=fill",
      "https://images.hermanmiller.group/m/5b2d51d70766297e/W-DWR_3419_10001030_walnut_cane_v4.png?trim=auto&trim-sd=1&bg=f0f0f0&auto=format&w=800&h=auto&fit=fill",
      "https://images.hermanmiller.group/m/cc349a927b9ac425/W-HM_3419_10001030_walnut_cane_v3_001.png?trim=auto&trim-sd=1&bg=f0f0f0&auto=format&w=800&h=auto&fit=fill",
      "https://images.hermanmiller.group/m/31d6797d7bfaf99f/W-HM_3419_10001021_ash_stainless_v1_001.png?trim=auto&trim-sd=1&bg=f0f0f0&auto=format&w=800&h=auto&fit=fill",
      "https://images.hermanmiller.group/m/965c06b15b13ff2a/W-HM_3419_10001041_ash_cane_v1_001.png?trim=auto&trim-sd=1&bg=f0f0f0&auto=format&w=800&h=auto&fit=fill",
      "https://images.hermanmiller.group/m/b629f76cb5a0ac1b/W-HM_3419_10001034_walnut_v1_002.png?trim=auto&trim-sd=1&bg=f0f0f0&auto=format&w=800&h=auto&fit=fill",
      "https://images.hermanmiller.group/m/08f58bd425eefae3/W-HM_3419_10001029_ash_v1_001.png?trim=auto&trim-sd=1&bg=f0f0f0&auto=format&w=800&h=auto&fit=fill",
      "https://images.hermanmiller.group/m/634443dae8547596/W-HM_3419_10001031_ash_v1_032.png?trim=auto&trim-sd=1&bg=f0f0f0&auto=format&w=800&h=auto&fit=fill",
      "https://images.hermanmiller.group/m/42025bde15121c12/W-HM_Delaney_01_016.png?trim=auto&trim-sd=1&bg=f0f0f0&auto=format&w=800&h=auto&fit=fill"
    ]
  },
  {
    "title": "Nelson Thin Edge Bed",
    "product_category_id": "6814bfd2f58154909086cc44",
    "description": "\n            <div class=\"collapse-body pdp-summary-group-body\">\n                \n<div class=\"row\">\n    <div class=\"pdp-summary-group-col-1 col-12 col-lg-5\">\n\n        \n        \n\n        \n        \n            <div class=\"mb-3\">\n                The process of bringing the Nelson Thin Edge Bed (1954) back into production began at the Herman Miller Archives, where engineers carefully studied vintage pieces and original drawings. In keeping with George Nelson’s vision for a collection capable of adapting to the times, this bed is now available in larger sizes that weren’t commonly available in the 1950s. Solid ash slats replace springs to accommodate an invention that also didn’t exist in Nelson’s day: memory-foam mattresses. Updated finishes reflect new technologies as well as the aesthetic preferences of today’s consumer: Walnut subs for stained ash, while white ash updates the original birch. Yet changes withstanding, the designs are utterly and unmistakably Nelson in their exceptional simplicity and clarity. This is the authentic Nelson Thin Edge Bed by Herman Miller. Mattress not included. Made in Malaysia.<br><br>Twin, full and queen platforms ship fully assembled. King and California King platforms ship as two halves.\n            </div>\n        \n\n        \n        \n            <ul class=\"bulleted mb-3\">\n                \n                    <li>\n                        Solid walnut or white-ash frame.\n                    </li>\n                \n                    <li>\n                        Solid ash slats allow for air circulation.\n                    </li>\n                \n                    <li>\n                        Two headboard and base styles.\n                    </li>\n                \n                    <li>\n                        Legs available in solid wood or stainless steel.\n                    </li>\n                \n                    <li>\n                        Sizes and wood finishes reflect today’s aesthetics.\n                    </li>\n                \n            </ul>\n                                \n\n        \n        \n    </div>\n\n    <div class=\"pdp-summary-group-col-2 col-12 col-lg-5 offset-lg-1\">\n        <div class=\"table table-content summary-table\">\n            \n                \n                \n                    <dl>\n                        <dt>\n                            Brand\n                        </dt>\n                        <dd>\n                            <a href=\"/brands-herman-miller?lang=en_US\">Herman Miller</a>\n                        </dd>\n                    </dl>\n                \n            \n            \n            \n            \n                <dl>\n                    <dt>\n                        Collection\n                    </dt>\n                    <dd>\n                        <a href=\"/collection-nelson-thin-edge?lang=en_US\">Nelson Thin Edge Collection</a>\n                    </dd>\n                </dl>\n            \n\n            \n            \n                <dl>\n                    <dt>\n                        General Dimensions\n                    </dt>\n                    <dd>\n                        <ul class=\"unstyled summary-pdp-dimensions-list\">\n                            \n                                <li>\n                                    34¾\" H 78¾\" W 89⅜\" D\n                                </li>\n                            \n                        </ul>\n                    </dd>\n                </dl>\n            \n\n            \n            \n\n            \n            \n                <dl>\n                    <dt>\n                        Product Weight\n                    </dt>\n                    <dd class=\"summary-weight\">\n                        194.25 lbs\n                    </dd>\n                </dl>\n            \n\n            \n            <dl>\n                <dt>\n                    Assembly\n                </dt>\n                <dd>\n                    \n                        Requires Assembly\n                    \n                </dd>\n            </dl>\n\n            \n            <dl>\n                <dt>\n                    Warranty\n                </dt>\n                <dd>\n                    \n                        5-year warranty<br>Terms and conditions apply. <a href=\"https://www.dwr.com/warranty.html\" target=\"_blank\">Learn more</a>\n                    \n                </dd>\n            </dl>\n\n            \n            \n\n            \n            \n\n            \n            \n        </div>\n    </div>\n</div>\n            </div>\n        ",
    "listSize": [
      {
        "size": "Twin",
        "price": 90870000,
        "stock": 71
      },
      {
        "size": "Full",
        "price": 103870000,
        "stock": 75
      },
      {
        "size": "Queen",
        "price": 116870000,
        "stock": 50
      },
      {
        "size": "King",
        "price": 129870000,
        "stock": 67
      },
      {
        "size": "California King",
        "price": 137670000,
        "stock": 59
      }
    ],
    "discountPercentage": 25,
    "thumbnail": "https://images.hermanmiller.group/m/49023f9369940f93/W-HM_3419_10001028_walnut_chrome_f.png?trim=auto&trim-sd=1&blend-mode=darken&blend=f0f0f0&bg=f0f0f0&auto=format&w=90&h=auto&fit=fill",
    "images": [
      "https://images.hermanmiller.group/m/49023f9369940f93/W-HM_3419_10001028_walnut_chrome_f.png?trim=auto&trim-sd=1&blend-mode=darken&blend=f0f0f0&bg=f0f0f0&auto=format&w=800&h=auto&fit=fill",
      "https://images.hermanmiller.group/m/baed3e2a9cc64b47/W-HM_3419_10001028_walnut_chrome_a.png?trim=auto&trim-sd=1&blend-mode=darken&blend=f0f0f0&bg=f0f0f0&auto=format&w=800&h=auto&fit=fill",
      "https://images.hermanmiller.group/m/ebde47fea832ac94/W-HM_3419_10001028_walnut_chrome_d2.png?trim=auto&trim-sd=1&blend-mode=darken&blend=f0f0f0&bg=f0f0f0&auto=format&w=800&h=auto&fit=fill",
      "https://images.hermanmiller.group/m/654f7350d40f690e/W-HM_3419_10001030_walnut_cane_v1_0667.png?trim=auto&trim-sd=1&bg=f0f0f0&auto=format&w=800&h=auto&fit=fill",
      "https://images.hermanmiller.group/m/7cce85dc7b37795a/W-DWR_3419_10001037_ash_stainless_v4.png?trim=auto&trim-sd=1&bg=f0f0f0&auto=format&w=800&h=auto&fit=fill",
      "https://images.hermanmiller.group/m/5b2d51d70766297e/W-DWR_3419_10001030_walnut_cane_v4.png?trim=auto&trim-sd=1&bg=f0f0f0&auto=format&w=800&h=auto&fit=fill",
      "https://images.hermanmiller.group/m/cc349a927b9ac425/W-HM_3419_10001030_walnut_cane_v3_001.png?trim=auto&trim-sd=1&bg=f0f0f0&auto=format&w=800&h=auto&fit=fill",
      "https://images.hermanmiller.group/m/31d6797d7bfaf99f/W-HM_3419_10001021_ash_stainless_v1_001.png?trim=auto&trim-sd=1&bg=f0f0f0&auto=format&w=800&h=auto&fit=fill",
      "https://images.hermanmiller.group/m/965c06b15b13ff2a/W-HM_3419_10001041_ash_cane_v1_001.png?trim=auto&trim-sd=1&bg=f0f0f0&auto=format&w=800&h=auto&fit=fill",
      "https://images.hermanmiller.group/m/b629f76cb5a0ac1b/W-HM_3419_10001034_walnut_v1_002.png?trim=auto&trim-sd=1&bg=f0f0f0&auto=format&w=800&h=auto&fit=fill",
      "https://images.hermanmiller.group/m/08f58bd425eefae3/W-HM_3419_10001029_ash_v1_001.png?trim=auto&trim-sd=1&bg=f0f0f0&auto=format&w=800&h=auto&fit=fill",
      "https://images.hermanmiller.group/m/634443dae8547596/W-HM_3419_10001031_ash_v1_032.png?trim=auto&trim-sd=1&bg=f0f0f0&auto=format&w=800&h=auto&fit=fill",
      "https://images.hermanmiller.group/m/42025bde15121c12/W-HM_Delaney_01_016.png?trim=auto&trim-sd=1&bg=f0f0f0&auto=format&w=800&h=auto&fit=fill"
    ]
  },
  {
    "title": "Sumu Bed",
    "product_category_id": "6814bfd2f58154909086cc44",
    "description": "\n            <div class=\"collapse-body pdp-summary-group-body\">\n                \n<div class=\"row\">\n    <div class=\"pdp-summary-group-col-1 col-12 col-lg-5\">\n\n        \n        \n\n        \n        \n            <div class=\"mb-3\">\n                The DWR-exclusive Sumu Collection combines the best of two worlds: The Japanese wood joinery technique of tsugite and carpentry techniques from Eastern Europe. With its gently rounded edges, the Sumu Bed (2024) brings a serene, pared-back beauty to the bedroom. Masterful wood-working seamlessly connects the solid oak frame without glue or nails. Artfully exposed joints highlight the simple beauty of the wood. An optional headboard (sold separately) adds an extra layer of character, drawing attention to the intricate grain and fine craftsmanship. Made in Estonia.\n            </div>\n        \n\n        \n        \n            <ul class=\"bulleted mb-3\">\n                \n                    <li>\n                        Inspired by Japanese wood joinery and European carpentry techniques for an artfully pared-back collection.\n                    </li>\n                \n                    <li>\n                        Features gently rounded edges and seamlessly exposed joints.\n                    </li>\n                \n                    <li>\n                        Solid oak frame.\n                    </li>\n                \n                    <li>\n                        Optional headboard (sold separately.)\n                    </li>\n                \n            </ul>\n                                \n\n        \n        \n    </div>\n\n    <div class=\"pdp-summary-group-col-2 col-12 col-lg-5 offset-lg-1\">\n        <div class=\"table table-content summary-table\">\n            \n                \n                \n                    <dl>\n                        <dt>\n                            Brand\n                        </dt>\n                        <dd>\n                            <a href=\"/brands-design-within-reach?lang=en_US\">Design Within Reach</a>\n                        </dd>\n                    </dl>\n                \n            \n            \n            \n            \n                <dl>\n                    <dt>\n                        Collection\n                    </dt>\n                    <dd>\n                        <a href=\"/collection-sumu?lang=en_US\">Sumu Collection</a>\n                    </dd>\n                </dl>\n            \n\n            \n            \n                <dl>\n                    <dt>\n                        General Dimensions\n                    </dt>\n                    <dd>\n                        <ul class=\"unstyled summary-pdp-dimensions-list\">\n                            \n                                <li>\n                                    36¼\" H 65¾\" W 86⅝\" D\n                                </li>\n                            \n                        </ul>\n                    </dd>\n                </dl>\n            \n\n            \n            \n\n            \n            \n                <dl>\n                    <dt>\n                        Product Weight\n                    </dt>\n                    <dd class=\"summary-weight\">\n                        69 lbs\n                    </dd>\n                </dl>\n            \n\n            \n            <dl>\n                <dt>\n                    Assembly\n                </dt>\n                <dd>\n                    \n                        Requires Assembly\n                    \n                </dd>\n            </dl>\n\n            \n            <dl>\n                <dt>\n                    Warranty\n                </dt>\n                <dd>\n                    \n                        <div class=\"mb-2\">DWR honors a one (1) year warranty on all products. Brand-specific warranties may extend to longer periods.</div>\n                    \n                </dd>\n            </dl>\n\n            \n            \n\n            \n            \n\n            \n            \n        </div>\n    </div>\n</div>\n            </div>\n        ",
    "listSize": [
      {
        "size": "Queen",
        "price": 77870000,
        "stock": 74
      },
      {
        "size": "King",
        "price": 85670000,
        "stock": 98
      }
    ],
    "discountPercentage": 24,
    "thumbnail": "https://images.hermanmiller.group/asset/73e6f7c2-6396-4cee-81c9-d870e292a577/W/DWR_2588189_100632363_queen_oak_headboard_f.png?trim=auto&trim-sd=1&blend-mode=darken&blend=f0f0f0&bg=f0f0f0&auto=format&w=90&h=auto&fit=fill",
    "images": [
      "https://images.hermanmiller.group/asset/73e6f7c2-6396-4cee-81c9-d870e292a577/W/DWR_2588189_100632363_queen_oak_headboard_f.png?trim=auto&trim-sd=1&blend-mode=darken&blend=f0f0f0&bg=f0f0f0&auto=format&w=800&h=auto&fit=fill",
      "https://images.hermanmiller.group/asset/07e601f7-ca8b-417c-ba9c-166e9eca45e3/W/DWR_2588189_100632363_queen_oak_headboard_a.png?trim=auto&trim-sd=1&blend-mode=darken&blend=f0f0f0&bg=f0f0f0&auto=format&w=800&h=auto&fit=fill",
      "https://images.hermanmiller.group/asset/5e653a58-0046-4641-9983-9df357edd73f/W/DWR_2588189_100632363_queen_oak_headboard_p.png?trim=auto&trim-sd=1&blend-mode=darken&blend=f0f0f0&bg=f0f0f0&auto=format&w=800&h=auto&fit=fill",
      "https://images.hermanmiller.group/asset/19dc8922-b0c4-4fbb-9ac5-df4a6681875a/W/DWR_2588189_100632363_queen_oak_headboard_b.png?trim=auto&trim-sd=1&blend-mode=darken&blend=f0f0f0&bg=f0f0f0&auto=format&w=800&h=auto&fit=fill",
      "https://images.hermanmiller.group/asset/f609c2fd-7e88-49fa-9c2a-dcaef00693ad/W/DWR_2588189_100632363_queen_oak_headboard_d1.png?trim=auto&trim-sd=1&blend-mode=darken&blend=f0f0f0&bg=f0f0f0&auto=format&w=800&h=auto&fit=fill",
      "https://images.hermanmiller.group/asset/e378c8f8-4f1e-4168-87f7-4edab4a1ae92/W/DWR_2588189_100632363_oak_v1_003.png?trim=auto&trim-sd=1&bg=f0f0f0&auto=format&w=800&h=auto&fit=fill",
      "https://images.hermanmiller.group/asset/b28ef961-1e31-4a01-8b82-14080fbdd140/W/DWR_2588189_100632363_oak_v1_002_4x5.png?trim=auto&trim-sd=1&bg=f0f0f0&auto=format&w=800&h=auto&fit=fill"
    ]
  },
  {
    "title": "Sumu Bed",
    "product_category_id": "6814bfd2f58154909086cc44",
    "description": "\n            <div class=\"collapse-body pdp-summary-group-body\">\n                \n<div class=\"row\">\n    <div class=\"pdp-summary-group-col-1 col-12 col-lg-5\">\n\n        \n        \n\n        \n        \n            <div class=\"mb-3\">\n                The DWR-exclusive Sumu Collection combines the best of two worlds: The Japanese wood joinery technique of tsugite and carpentry techniques from Eastern Europe. With its gently rounded edges, the Sumu Bed (2024) brings a serene, pared-back beauty to the bedroom. Masterful wood-working seamlessly connects the solid oak frame without glue or nails. Artfully exposed joints highlight the simple beauty of the wood. An optional headboard (sold separately) adds an extra layer of character, drawing attention to the intricate grain and fine craftsmanship. Made in Estonia.\n            </div>\n        \n\n        \n        \n            <ul class=\"bulleted mb-3\">\n                \n                    <li>\n                        Inspired by Japanese wood joinery and European carpentry techniques for an artfully pared-back collection.\n                    </li>\n                \n                    <li>\n                        Features gently rounded edges and seamlessly exposed joints.\n                    </li>\n                \n                    <li>\n                        Solid oak frame.\n                    </li>\n                \n                    <li>\n                        Optional headboard (sold separately.)\n                    </li>\n                \n            </ul>\n                                \n\n        \n        \n    </div>\n\n    <div class=\"pdp-summary-group-col-2 col-12 col-lg-5 offset-lg-1\">\n        <div class=\"table table-content summary-table\">\n            \n                \n                \n                    <dl>\n                        <dt>\n                            Brand\n                        </dt>\n                        <dd>\n                            <a href=\"/brands-design-within-reach?lang=en_US\">Design Within Reach</a>\n                        </dd>\n                    </dl>\n                \n            \n            \n            \n            \n                <dl>\n                    <dt>\n                        Collection\n                    </dt>\n                    <dd>\n                        <a href=\"/collection-sumu?lang=en_US\">Sumu Collection</a>\n                    </dd>\n                </dl>\n            \n\n            \n            \n                <dl>\n                    <dt>\n                        General Dimensions\n                    </dt>\n                    <dd>\n                        <ul class=\"unstyled summary-pdp-dimensions-list\">\n                            \n                                <li>\n                                    12¼\" H 65¾\" W 86⅝\" D\n                                </li>\n                            \n                        </ul>\n                    </dd>\n                </dl>\n            \n\n            \n            \n\n            \n            \n                <dl>\n                    <dt>\n                        Product Weight\n                    </dt>\n                    <dd class=\"summary-weight\">\n                        40 lbs\n                    </dd>\n                </dl>\n            \n\n            \n            <dl>\n                <dt>\n                    Assembly\n                </dt>\n                <dd>\n                    \n                        Requires Assembly\n                    \n                </dd>\n            </dl>\n\n            \n            <dl>\n                <dt>\n                    Warranty\n                </dt>\n                <dd>\n                    \n                        <div class=\"mb-2\">DWR honors a one (1) year warranty on all products. Brand-specific warranties may extend to longer periods.</div>\n                    \n                </dd>\n            </dl>\n\n            \n            \n\n            \n            \n\n            \n            \n        </div>\n    </div>\n</div>\n            </div>\n        ",
    "listSize": [
      {
        "size": "Queen",
        "price": 51870000,
        "stock": 56
      },
      {
        "size": "King",
        "price": 57070000,
        "stock": 79
      }
    ],
    "discountPercentage": 17,
    "thumbnail": "https://images.hermanmiller.group/asset/362a2427-6787-4310-9a0f-8ba403668428/W/DWR_2588189_100632167_queen_oak_without_headboard_f.png?trim=auto&trim-sd=1&blend-mode=darken&blend=f0f0f0&bg=f0f0f0&auto=format&w=90&h=auto&fit=fill",
    "images": [
      "https://images.hermanmiller.group/asset/362a2427-6787-4310-9a0f-8ba403668428/W/DWR_2588189_100632167_queen_oak_without_headboard_f.png?trim=auto&trim-sd=1&blend-mode=darken&blend=f0f0f0&bg=f0f0f0&auto=format&w=800&h=auto&fit=fill",
      "https://images.hermanmiller.group/asset/5305aca0-d3e7-4843-8d33-690fa9eaf376/W/DWR_2588189_100632167_queen_oak_without_headboard_a.png?trim=auto&trim-sd=1&blend-mode=darken&blend=f0f0f0&bg=f0f0f0&auto=format&w=800&h=auto&fit=fill",
      "https://images.hermanmiller.group/asset/842219e8-4798-4f90-8a27-1f4f25456058/W/DWR_2588189_100632167_queen_oak_without_headboard_p.png?trim=auto&trim-sd=1&blend-mode=darken&blend=f0f0f0&bg=f0f0f0&auto=format&w=800&h=auto&fit=fill",
      "https://images.hermanmiller.group/asset/e378c8f8-4f1e-4168-87f7-4edab4a1ae92/W/DWR_2588189_100632363_oak_v1_003.png?trim=auto&trim-sd=1&bg=f0f0f0&auto=format&w=800&h=auto&fit=fill",
      "https://images.hermanmiller.group/asset/b28ef961-1e31-4a01-8b82-14080fbdd140/W/DWR_2588189_100632363_oak_v1_002_4x5.png?trim=auto&trim-sd=1&bg=f0f0f0&auto=format&w=800&h=auto&fit=fill"
    ]
  },
  {
    "title": "Nest Storage Bed",
    "product_category_id": "6814bfd2f58154909086cc44",
    "description": "\n            <div class=\"collapse-body pdp-summary-group-body\">\n                \n<div class=\"row\">\n    <div class=\"pdp-summary-group-col-1 col-12 col-lg-5\">\n\n        \n        \n\n        \n        \n            <div class=\"mb-3\">\n                Designed to meet the need for extra storage in compact spaces, the Nest Storage Bed (2014) also holds its own in larger ones. With a mattress platform that rises on smooth-operating gas pistons built to withstand daily use, Nest keeps its storage compartment inconspicuous. Slipcovers are removable for dry cleaning. Mattress sold separately. (Mattresses more than 10 inches high interfere with the opening motion of the platform. We recommend our Sonno Mattress.) Made in Italy.\n            </div>\n        \n\n        \n        \n            <ul class=\"bulleted mb-3\">\n                \n                    <li>\n                        Hidden storage compartment can be accessed without removing mattress.\n                    </li>\n                \n                    <li>\n                        Removable leather or fabric slipcovers.\n                    </li>\n                \n                    <li>\n                        Foam-padded headboard and frame.\n                    </li>\n                \n            </ul>\n                                \n\n        \n        \n    </div>\n\n    <div class=\"pdp-summary-group-col-2 col-12 col-lg-5 offset-lg-1\">\n        <div class=\"table table-content summary-table\">\n            \n                \n                \n                    <dl>\n                        <dt>\n                            Brand\n                        </dt>\n                        <dd>\n                            <a href=\"/brands-design-within-reach?lang=en_US\">Design Within Reach</a>\n                        </dd>\n                    </dl>\n                \n            \n            \n            \n            \n\n            \n            \n                <dl>\n                    <dt>\n                        General Dimensions\n                    </dt>\n                    <dd>\n                        <ul class=\"unstyled summary-pdp-dimensions-list\">\n                            \n                                <li>\n                                    35½\" H 67\" W 92\" D\n                                </li>\n                            \n                        </ul>\n                    </dd>\n                </dl>\n            \n\n            \n            \n\n            \n            \n\n            \n            <dl>\n                <dt>\n                    Assembly\n                </dt>\n                <dd>\n                    \n                        Requires Assembly\n                    \n                </dd>\n            </dl>\n\n            \n            <dl>\n                <dt>\n                    Warranty\n                </dt>\n                <dd>\n                    \n                        1-year warranty<br>Terms and conditions apply. <a href=\"https://www.dwr.com/warranty.html\" target=\"_blank\">Learn more</a>\n                    \n                </dd>\n            </dl>\n\n            \n            \n\n            \n            \n\n            \n            \n        </div>\n    </div>\n</div>\n            </div>\n        ",
    "listSize": [
      {
        "size": "Twin",
        "price": 90870000,
        "stock": 88
      },
      {
        "size": "Full",
        "price": 97370000,
        "stock": 61
      },
      {
        "size": "Queen",
        "price": 111670000,
        "stock": 59
      },
      {
        "size": "King",
        "price": 129870000,
        "stock": 96
      },
      {
        "size": "California King",
        "price": 137670000,
        "stock": 72
      }
    ],
    "discountPercentage": 10,
    "thumbnail": "https://images.hermanmiller.group/m/0a85605b6d4a5d8c/W-DWR_1727_100237921_kermes_f.png?trim=auto&trim-sd=1&blend-mode=darken&blend=f0f0f0&bg=f0f0f0&auto=format&w=90&h=auto&fit=fill",
    "images": [
      "https://images.hermanmiller.group/m/0a85605b6d4a5d8c/W-DWR_1727_100237921_kermes_f.png?trim=auto&trim-sd=1&blend-mode=darken&blend=f0f0f0&bg=f0f0f0&auto=format&w=800&h=auto&fit=fill",
      "https://images.hermanmiller.group/m/5534af52d7eb0116/W-DWR_1727_100252552_natural_v5_017.png?trim=auto&trim-sd=1&bg=f0f0f0&auto=format&w=800&h=auto&fit=fill",
      "https://images.hermanmiller.group/m/33fe6ecfbad5f307/W-DWR_1727_100252552_natural_v2_018.png?trim=auto&trim-sd=1&bg=f0f0f0&auto=format&w=800&h=auto&fit=fill",
      "https://images.hermanmiller.group/m/1591491a1d478bce/W-DWR_1727_100072698_coal_v5-tif.png?trim=auto&trim-sd=1&bg=f0f0f0&auto=format&w=800&h=auto&fit=fill",
      "https://images.hermanmiller.group/m/4a2a2cfa19faff12/W-DWR_1727_100072694_gesso_v1-tif.png?trim=auto&trim-sd=1&bg=f0f0f0&auto=format&w=800&h=auto&fit=fill",
      "https://images.hermanmiller.group/m/44aac9c5c45407c7/W-DWR_1727_9067628_cream_d1.png?trim=auto&trim-sd=1&bg=f0f0f0&auto=format&w=800&h=auto&fit=fill",
      "https://images.hermanmiller.group/m/3335c8ab32c4c68e/W-DWR_1727_9067628_cream_v2-tif.png?trim=auto&trim-sd=1&bg=f0f0f0&auto=format&w=800&h=auto&fit=fill",
      "https://images.hermanmiller.group/m/520dfd73ebfb8228/W-DWR_1727_100072698_coal_v2-tif.png?trim=auto&trim-sd=1&bg=f0f0f0&auto=format&w=800&h=auto&fit=fill",
      "https://images.hermanmiller.group/m/7ff9382b850d128a/W-DWR_1727_100072698_coal_p.png?trim=auto&trim-sd=1&bg=f0f0f0&auto=format&w=800&h=auto&fit=fill",
      "https://images.hermanmiller.group/m/49b4fd50501088fa/W-DWR_1727_100072698_coal_a5.png?trim=auto&trim-sd=1&bg=f0f0f0&auto=format&w=800&h=auto&fit=fill",
      "https://images.hermanmiller.group/m/ba6a654a9d72d3bf/W-DWR_1727_100072698_coal_a2.png?trim=auto&trim-sd=1&bg=f0f0f0&auto=format&w=800&h=auto&fit=fill",
      "https://images.hermanmiller.group/m/3f0ce03ca89b3f9d/W-DWR_1727_100072698_coal_a1.png?trim=auto&trim-sd=1&bg=f0f0f0&auto=format&w=800&h=auto&fit=fill",
      "https://images.hermanmiller.group/m/3481140314dc2aad/W-DWR_1727_100252552_natural_v1_0101.png?trim=auto&trim-sd=1&bg=f0f0f0&auto=format&w=800&h=auto&fit=fill",
      "https://images.hermanmiller.group/m/bf5fa9aabc05be4e/W-DWR_1727_100081317_sesame_v3_001.png?trim=auto&trim-sd=1&bg=f0f0f0&auto=format&w=800&h=auto&fit=fill",
      "https://images.hermanmiller.group/m/34874d1b3df32e11/W-DWR_1727_100081317_sesame_v1_001.png?trim=auto&trim-sd=1&bg=f0f0f0&auto=format&w=800&h=auto&fit=fill",
      "https://images.hermanmiller.group/m/2b2c85d43f4e0956/W-DWR_1727_100081319_pepper_v2_003.png?trim=auto&trim-sd=1&bg=f0f0f0&auto=format&w=800&h=auto&fit=fill",
      "https://images.hermanmiller.group/m/1ef39e3c267c9594/W-DWR_1727_100081319_pepper_v2_002.png?trim=auto&trim-sd=1&bg=f0f0f0&auto=format&w=800&h=auto&fit=fill"
    ]
  },
  {
    "title": "Emmy Bed",
    "product_category_id": "6814bfd2f58154909086cc44",
    "description": "\n            <div class=\"collapse-body pdp-summary-group-body\">\n                \n<div class=\"row\">\n    <div class=\"pdp-summary-group-col-1 col-12 col-lg-5\">\n\n        \n        \n\n        \n        \n            <div class=\"mb-3\">\n                Designed exclusively for DWR, the Emmy Bed (2023) is a generously scaled, fully upholstered platform bed with an eye-catching curved headboard that draws on the design of our bestselling Emmy Sofa by Egg Collective. The sheltering, curved wing headboard creates a cozy, tucked-in feeling and is finished with turned wood detailing. The upholstery is beautifully stitched and expertly applied to hug every curve. Made in the USA with some imported components.\n            </div>\n        \n\n        \n        \n            <ul class=\"bulleted mb-3\">\n                \n                    <li>\n                        Curved enveloping headboard.\n                    </li>\n                \n                    <li>\n                        Rounded edges.\n                    </li>\n                \n                    <li>\n                        Fabric or leather upholstery.\n                    </li>\n                \n                    <li>\n                        Low upholstered platform on solid wood legs.\n                    </li>\n                \n                    <li>\n                        Works with a range of room styles, from modern to traditional.\n                    </li>\n                \n                    <li>\n                        Designed by Egg Collective for DWR.\n                    </li>\n                \n            </ul>\n                                \n\n        \n        \n    </div>\n\n    <div class=\"pdp-summary-group-col-2 col-12 col-lg-5 offset-lg-1\">\n        <div class=\"table table-content summary-table\">\n            \n                \n                \n                    <dl>\n                        <dt>\n                            Brand\n                        </dt>\n                        <dd>\n                            <a href=\"/brands-design-within-reach?lang=en_US\">Design Within Reach</a>\n                        </dd>\n                    </dl>\n                \n            \n            \n            \n            \n                <dl>\n                    <dt>\n                        Collection\n                    </dt>\n                    <dd>\n                        <a href=\"/collection-emmy?lang=en_US\">Emmy Collection</a>\n                    </dd>\n                </dl>\n            \n\n            \n            \n                <dl>\n                    <dt>\n                        General Dimensions\n                    </dt>\n                    <dd>\n                        <ul class=\"unstyled summary-pdp-dimensions-list\">\n                            \n                                <li>\n                                    33\" H 81\" W 91\" D\n                                </li>\n                            \n                        </ul>\n                    </dd>\n                </dl>\n            \n\n            \n            \n\n            \n            \n                <dl>\n                    <dt>\n                        Product Weight\n                    </dt>\n                    <dd class=\"summary-weight\">\n                        242 lbs\n                    </dd>\n                </dl>\n            \n\n            \n            <dl>\n                <dt>\n                    Assembly\n                </dt>\n                <dd>\n                    \n                        Requires Assembly\n                    \n                </dd>\n            </dl>\n\n            \n            <dl>\n                <dt>\n                    Warranty\n                </dt>\n                <dd>\n                    \n                        1-year warranty<br>Terms and conditions apply. <a href=\"https://www.dwr.com/warranty.html\" target=\"_blank\">Learn more</a>\n                    \n                </dd>\n            </dl>\n\n            \n            \n\n            \n            \n\n            \n            \n        </div>\n    </div>\n</div>\n            </div>\n        ",
    "listSize": [
      {
        "size": "Queen",
        "price": 219570000,
        "stock": 75
      },
      {
        "size": "King",
        "price": 241670000,
        "stock": 94
      }
    ],
    "discountPercentage": 19,
    "thumbnail": "https://images.hermanmiller.group/asset/d5dc4cf8-6544-4e57-8e02-40f61db44400/W/DWR_2558735_100643819_trail_oak_a.png?trim=auto&trim-sd=1&blend-mode=darken&blend=f0f0f0&bg=f0f0f0&auto=format&w=90&h=auto&fit=fill",
    "images": [
      "https://images.hermanmiller.group/asset/d5dc4cf8-6544-4e57-8e02-40f61db44400/W/DWR_2558735_100643819_trail_oak_a.png?trim=auto&trim-sd=1&blend-mode=darken&blend=f0f0f0&bg=f0f0f0&auto=format&w=800&h=auto&fit=fill",
      "https://images.hermanmiller.group/asset/20eeb672-d83d-47eb-a076-c28f42805e66/W/DWR_2558735_100643819_trail_oak_v1_0151.png?trim=auto&trim-sd=1&bg=f0f0f0&auto=format&w=800&h=auto&fit=fill",
      "https://images.hermanmiller.group/asset/8018baa8-881b-470d-bbfc-c89beb06f263/W/DWR_2558735_100643818_trail_oak_v1_0185.png?trim=auto&trim-sd=1&bg=f0f0f0&auto=format&w=800&h=auto&fit=fill",
      "https://images.hermanmiller.group/asset/9d8b36e6-5dec-4e8b-80d8-d04c861c62a5/W/DWR_2558735_100665229_peony_oak_d1.png?trim=auto&trim-sd=1&bg=f0f0f0&auto=format&w=800&h=auto&fit=fill",
      "https://images.hermanmiller.group/m/6524b0228c34a83f/W-DWR_2558735_100395418_oak_green_v1_046.png?trim=auto&trim-sd=1&bg=f0f0f0&auto=format&w=800&h=auto&fit=fill",
      "https://images.hermanmiller.group/m/4952ca79d4bb568a/W-DWR_2558735_100395418_oak_green_v1_031.png?trim=auto&trim-sd=1&bg=f0f0f0&auto=format&w=800&h=auto&fit=fill",
      "https://images.hermanmiller.group/m/1235de2917c2e450/W-DWR_FA23_BohoLoft_EDITORIAL_114.png?trim=auto&trim-sd=1&bg=f0f0f0&auto=format&w=800&h=auto&fit=fill",
      "https://images.hermanmiller.group/m/3622bb5119135d1/W-DWR_2558735_100395480_oak_gesso_v1_001.png?trim=auto&trim-sd=1&bg=f0f0f0&auto=format&w=800&h=auto&fit=fill",
      "https://images.hermanmiller.group/m/6043d17457a83fe1/W-DWR_2558735_100395480_oak_gesso_v1_02.png?trim=auto&trim-sd=1&bg=f0f0f0&auto=format&w=800&h=auto&fit=fill",
      "https://images.hermanmiller.group/m/b674d17dab4b9b93/W-DWR_SP23_EDITORIAL_STAHL_HOUSE_1124.png?trim=auto&trim-sd=1&bg=f0f0f0&auto=format&w=800&h=auto&fit=fill",
      "https://images.hermanmiller.group/m/e087d820da35f11d/W-DWR_2558735_100395432_appalachian_oak_v3_001.png?trim=auto&trim-sd=1&bg=f0f0f0&auto=format&w=800&h=auto&fit=fill",
      "https://images.hermanmiller.group/m/ba4dbedabb6cc1ed/W-DWR_2558735_100395432_appalachian_oak_v1_001.png?trim=auto&trim-sd=1&bg=f0f0f0&auto=format&w=800&h=auto&fit=fill",
      "https://images.hermanmiller.group/m/fa7eeef1d417112a/W-DWR_2558735_100395398_shell_oak_p.png?trim=auto&trim-sd=1&bg=f0f0f0&auto=format&w=800&h=auto&fit=fill",
      "https://images.hermanmiller.group/m/d5a809307a2adc8a/W-DWR_2558735_100395398_shell_oak_f.png?trim=auto&trim-sd=1&bg=f0f0f0&auto=format&w=800&h=auto&fit=fill",
      "https://images.hermanmiller.group/m/f818bd95a22013ba/W-DWR_2558735_100395398_shell_oak_d2.png?trim=auto&trim-sd=1&bg=f0f0f0&auto=format&w=800&h=auto&fit=fill",
      "https://images.hermanmiller.group/m/3fd6e82a5ff59440/W-DWR_2558735_100395398_shell_oak_d.png?trim=auto&trim-sd=1&bg=f0f0f0&auto=format&w=800&h=auto&fit=fill",
      "https://images.hermanmiller.group/m/10bd88417a82d471/W-DWR_2558735_100395398_shell_oak_b.png?trim=auto&trim-sd=1&bg=f0f0f0&auto=format&w=800&h=auto&fit=fill"
    ]
  },
  {
    "title": "Miro Bed",
    "product_category_id": "6814bfd2f58154909086cc44",
    "description": "\n            <div class=\"collapse-body pdp-summary-group-body\">\n                \n<div class=\"row\">\n    <div class=\"pdp-summary-group-col-1 col-12 col-lg-5\">\n\n        \n        \n\n        \n        \n            <div class=\"mb-3\">\n                In designing the Miro Bed (2020), designer Gabriel Tan had several must-haves in mind: functionality, beauty, comfort, and ease of changing sheets. Mission accomplished. This bed has a soft and generous headboard that’s angled, much like the back of a sofa, to create a comfortable place to read, work on a laptop, or watch TV. Its platform was inspired by the idea of a raft, “where one is floating on a platform of comfort and safety,” he says. The wide border around the mattress crafted in solid wood with beautifully rounded corners also serves as a useful space for placing books and phones. Frame made in Malaysia, headboard made in Italy.<br><br>Please note: Platforms on all beds come in two pieces.\n            </div>\n        \n\n        \n        \n            <ul class=\"bulleted mb-3\">\n                \n                    <li>\n                        Slightly angled headboard to support reading and watching TV.\n                    </li>\n                \n                    <li>\n                        Features stately solid wood platform to store phones and books.\n                    </li>\n                \n                    <li>\n                        Solid oak or walnut legs with soft taper.\n                    </li>\n                \n            </ul>\n                                \n\n        \n        \n    </div>\n\n    <div class=\"pdp-summary-group-col-2 col-12 col-lg-5 offset-lg-1\">\n        <div class=\"table table-content summary-table\">\n            \n                \n                \n                    <dl>\n                        <dt>\n                            Brand\n                        </dt>\n                        <dd>\n                            <a href=\"/brands-design-within-reach?lang=en_US\">Design Within Reach</a>\n                        </dd>\n                    </dl>\n                \n            \n            \n            \n            \n                <dl>\n                    <dt>\n                        Collection\n                    </dt>\n                    <dd>\n                        <a href=\"/collection-miro?lang=en_US\">Miro Collection</a>\n                    </dd>\n                </dl>\n            \n\n            \n            \n                <dl>\n                    <dt>\n                        General Dimensions\n                    </dt>\n                    <dd>\n                        <ul class=\"unstyled summary-pdp-dimensions-list\">\n                            \n                                <li>\n                                    36⅝\" H 88\" W 92⅛\" D\n                                </li>\n                            \n                        </ul>\n                    </dd>\n                </dl>\n            \n\n            \n            \n\n            \n            \n\n            \n            <dl>\n                <dt>\n                    Assembly\n                </dt>\n                <dd>\n                    \n                        Requires Assembly\n                    \n                </dd>\n            </dl>\n\n            \n            <dl>\n                <dt>\n                    Warranty\n                </dt>\n                <dd>\n                    \n                        1-year warranty<br>Terms and conditions apply. <a href=\"https://www.dwr.com/warranty.html\" target=\"_blank\">Learn more</a>\n                    \n                </dd>\n            </dl>\n\n            \n            \n\n            \n            \n\n            \n            \n        </div>\n    </div>\n</div>\n            </div>\n        ",
    "listSize": [
      {
        "size": "Queen",
        "price": 114270000,
        "stock": 89
      },
      {
        "size": "King",
        "price": 127270000,
        "stock": 60
      }
    ],
    "discountPercentage": 19,
    "thumbnail": "https://images.hermanmiller.group/m/f3130cffd9a466e3/W-DWR_2517925_100169755_basalt_oak_a.png?trim=auto&trim-sd=1&blend-mode=darken&blend=f0f0f0&bg=f0f0f0&auto=format&w=90&h=auto&fit=fill",
    "images": [
      "https://images.hermanmiller.group/m/f3130cffd9a466e3/W-DWR_2517925_100169755_basalt_oak_a.png?trim=auto&trim-sd=1&blend-mode=darken&blend=f0f0f0&bg=f0f0f0&auto=format&w=800&h=auto&fit=fill",
      "https://fast.wistia.com/embed/medias/5ush60fzpe/swatch",
      "https://images.hermanmiller.group/m/c7384cd8f309e22c/W-DWR_2517925_100203222_walnut_chiaro_v3_002.png?trim=auto&trim-sd=1&bg=f0f0f0&auto=format&w=800&h=auto&fit=fill",
      "https://images.hermanmiller.group/m/98da74242f5ec10b/W-DWR_2517925_100294413_steel_v1_001.png?trim=auto&trim-sd=1&bg=f0f0f0&auto=format&w=800&h=auto&fit=fill",
      "https://images.hermanmiller.group/m/82be2b5bb9b15594/W-DWR_2517925_100203222_walnut_chiaro_v1_001.png?trim=auto&trim-sd=1&bg=f0f0f0&auto=format&w=800&h=auto&fit=fill",
      "https://images.hermanmiller.group/m/99585955427dd125/W-DWR_2517925_100169750_shell_oak_v2_003.png?trim=auto&trim-sd=1&bg=f0f0f0&auto=format&w=800&h=auto&fit=fill",
      "https://images.hermanmiller.group/m/63ecc72b43817ff9/W-DWR_2517925_100169753_peony_oak_v1_001.png?trim=auto&trim-sd=1&bg=f0f0f0&auto=format&w=800&h=auto&fit=fill",
      "https://images.hermanmiller.group/m/b95ef7bcc1fd52ee/W-DWR_2517925_100169756_shell_walnut_d4.png?trim=auto&trim-sd=1&bg=f0f0f0&auto=format&w=800&h=auto&fit=fill",
      "https://images.hermanmiller.group/m/914667e5331891ed/W-DWR_2517925_100169756_shell_walnut_d3.png?trim=auto&trim-sd=1&bg=f0f0f0&auto=format&w=800&h=auto&fit=fill",
      "https://images.hermanmiller.group/m/23b6c597e689a42b/W-DWR_2517925_100169756_shell_walnut_d2.png?trim=auto&trim-sd=1&bg=f0f0f0&auto=format&w=800&h=auto&fit=fill",
      "https://images.hermanmiller.group/m/1386cfa70c53a76b/W-DWR_2517925_100169756_shell_walnut_d1.png?trim=auto&trim-sd=1&bg=f0f0f0&auto=format&w=800&h=auto&fit=fill",
      "https://images.hermanmiller.group/m/fc28e4f2a8b09485/W-DWR_2517925_100169752_hunter_oak_d1.png?trim=auto&trim-sd=1&bg=f0f0f0&auto=format&w=800&h=auto&fit=fill"
    ]
  },
  {
    "title": "Decimo Bed",
    "product_category_id": "6814bfd2f58154909086cc44",
    "description": "\n            <div class=\"collapse-body pdp-summary-group-body\">\n                \n<div class=\"row\">\n    <div class=\"pdp-summary-group-col-1 col-12 col-lg-5\">\n\n        \n        \n\n        \n        \n            <div class=\"mb-3\">\n                The Décimo Bed (2022) commemorates a decade of design by Veta. Conceived by co-founder Rodrigo Mendoza, whose work reflects a deep reverence for Mexican modernism, this solid oak piece brings warmth to the bedroom. Geometric bowling eases handling while the rear shelf can display objects. Made in Mexico.\n            </div>\n        \n\n        \n        \n            <ul class=\"bulleted mb-3\">\n                \n                    <li>\n                        Rear shelf holds treasured belongings.\n                    </li>\n                \n                    <li>\n                        Geometric bowling eases handling.\n                    </li>\n                \n                    <li>\n                        Headboard, shelf and platform made of solid oak.\n                    </li>\n                \n            </ul>\n                                \n\n        \n        \n    </div>\n\n    <div class=\"pdp-summary-group-col-2 col-12 col-lg-5 offset-lg-1\">\n        <div class=\"table table-content summary-table\">\n            \n                \n                \n                    <dl>\n                        <dt>\n                            Brand\n                        </dt>\n                        <dd>\n                            <a href=\"/brands-veta?lang=en_US\">Veta</a>\n                        </dd>\n                    </dl>\n                \n            \n            \n            \n            \n                <dl>\n                    <dt>\n                        Collection\n                    </dt>\n                    <dd>\n                        <a href=\"/collection-decimo?lang=en_US\">Decimo Collection</a>\n                    </dd>\n                </dl>\n            \n\n            \n            \n                <dl>\n                    <dt>\n                        General Dimensions\n                    </dt>\n                    <dd>\n                        <ul class=\"unstyled summary-pdp-dimensions-list\">\n                            \n                                <li>\n                                    31¼\" H 70½\" W 91½\" D\n                                </li>\n                            \n                        </ul>\n                    </dd>\n                </dl>\n            \n\n            \n            \n\n            \n            \n                <dl>\n                    <dt>\n                        Product Weight\n                    </dt>\n                    <dd class=\"summary-weight\">\n                        214 lbs\n                    </dd>\n                </dl>\n            \n\n            \n            <dl>\n                <dt>\n                    Assembly\n                </dt>\n                <dd>\n                    \n                        Requires Assembly\n                    \n                </dd>\n            </dl>\n\n            \n            <dl>\n                <dt>\n                    Warranty\n                </dt>\n                <dd>\n                    \n                        1-year warranty <br>Terms and conditions apply. <a href=\"https://www.dwr.com/warranty.html\" target=\"_blank\">Learn more</a>\n                    \n                </dd>\n            </dl>\n\n            \n            \n\n            \n            \n\n            \n            \n        </div>\n    </div>\n</div>\n            </div>\n        ",
    "listSize": [
      {
        "size": "Full",
        "price": 83070000,
        "stock": 71
      },
      {
        "size": "Queen",
        "price": 88270000,
        "stock": 85
      },
      {
        "size": "King",
        "price": 96070000,
        "stock": 69
      }
    ],
    "discountPercentage": 20,
    "thumbnail": "https://images.hermanmiller.group/m/e0876192f3166435/W-DWR_2581947_100575635_walnut_a.png?trim=auto&trim-sd=1&blend-mode=darken&blend=f0f0f0&bg=f0f0f0&auto=format&w=90&h=auto&fit=fill",
    "images": [
      "https://images.hermanmiller.group/m/e0876192f3166435/W-DWR_2581947_100575635_walnut_a.png?trim=auto&trim-sd=1&blend-mode=darken&blend=f0f0f0&bg=f0f0f0&auto=format&w=800&h=auto&fit=fill",
      "https://images.hermanmiller.group/m/69ae279e957e2f71/W-DWR_2581947_100575636_redoak_v1_061.png?trim=auto&trim-sd=1&bg=f0f0f0&auto=format&w=800&h=auto&fit=fill",
      "https://images.hermanmiller.group/m/200d107afe67ee9e/W-DWR_2581947_100575636_redoak_v1_023.png?trim=auto&trim-sd=1&bg=f0f0f0&auto=format&w=800&h=auto&fit=fill",
      "https://images.hermanmiller.group/m/66588a472a8193dd/W-DWR_2581947_100575636_redoak_v1_011.png?trim=auto&trim-sd=1&bg=f0f0f0&auto=format&w=800&h=auto&fit=fill",
      "https://images.hermanmiller.group/m/99b808dd844833fb/W-DWR_2581947_100575636_redoak_d6.png?trim=auto&trim-sd=1&bg=f0f0f0&auto=format&w=800&h=auto&fit=fill",
      "https://images.hermanmiller.group/m/bcd3bdf315928470/W-DWR_2581947_100575636_redoak_d5.png?trim=auto&trim-sd=1&bg=f0f0f0&auto=format&w=800&h=auto&fit=fill",
      "https://images.hermanmiller.group/m/eb5bd6ef704c52dc/W-DWR_2581947_100575636_redoak_d4.png?trim=auto&trim-sd=1&bg=f0f0f0&auto=format&w=800&h=auto&fit=fill",
      "https://images.hermanmiller.group/m/655915b7a05c6c58/W-DWR_2581947_100575636_redoak_d3.png?trim=auto&trim-sd=1&bg=f0f0f0&auto=format&w=800&h=auto&fit=fill",
      "https://images.hermanmiller.group/m/ce8ed8a994eeb332/W-DWR_2581947_100575636_redoak_d2.png?trim=auto&trim-sd=1&bg=f0f0f0&auto=format&w=800&h=auto&fit=fill",
      "https://images.hermanmiller.group/m/669b5c8897005372/W-DWR_2581947_100575636_redoak_d1.png?trim=auto&trim-sd=1&bg=f0f0f0&auto=format&w=800&h=auto&fit=fill"
    ]
  },
  {
    "title": "Vella Bed",
    "product_category_id": "6814bfd2f58154909086cc44",
    "description": "\n            <div class=\"collapse-body pdp-summary-group-body\">\n                \n<div class=\"row\">\n    <div class=\"pdp-summary-group-col-1 col-12 col-lg-5\">\n\n        \n        \n\n        \n        \n            <div class=\"mb-3\">\n                Michele di Fonzo is the third generation of his family to build upon the leather traditions his grandfather began in 1921. For nearly a century, his family has been transforming leather into a versatile and modern product, drawing inspiration from other fields like fashion and luggage design, where leather is as much about structure as it is about aesthetics. Each Vella Bed (2016) takes more than seven hours to create, and is finished by hand with skill, passion and care. Made in Italy.\n            </div>\n        \n\n        \n        \n            <ul class=\"bulleted mb-3\">\n                \n                    <li>\n                        Carefully crafted and finished by hand.\n                    </li>\n                \n                    <li>\n                        Upholstered with stain-resistant split-grain leather.\n                    </li>\n                \n                    <li>\n                        Features an elegant, slender frame.\n                    </li>\n                \n            </ul>\n                                \n\n        \n        \n    </div>\n\n    <div class=\"pdp-summary-group-col-2 col-12 col-lg-5 offset-lg-1\">\n        <div class=\"table table-content summary-table\">\n            \n                \n                \n                    <dl>\n                        <dt>\n                            Brand\n                        </dt>\n                        <dd>\n                            <a href=\"/brands-design-within-reach?lang=en_US\">Design Within Reach</a>\n                        </dd>\n                    </dl>\n                \n            \n            \n            \n            \n                <dl>\n                    <dt>\n                        Collection\n                    </dt>\n                    <dd>\n                        <a href=\"/collection-vella?lang=en_US\">Vella Collection</a>\n                    </dd>\n                </dl>\n            \n\n            \n            \n                <dl>\n                    <dt>\n                        General Dimensions\n                    </dt>\n                    <dd>\n                        <ul class=\"unstyled summary-pdp-dimensions-list\">\n                            \n                                <li>\n                                    39⅞\" H 64⅝\" W 84⅜\" D\n                                </li>\n                            \n                        </ul>\n                    </dd>\n                </dl>\n            \n\n            \n            \n\n            \n            \n                <dl>\n                    <dt>\n                        Product Weight\n                    </dt>\n                    <dd class=\"summary-weight\">\n                        148 lbs\n                    </dd>\n                </dl>\n            \n\n            \n            <dl>\n                <dt>\n                    Assembly\n                </dt>\n                <dd>\n                    \n                        Requires Assembly\n                    \n                </dd>\n            </dl>\n\n            \n            <dl>\n                <dt>\n                    Warranty\n                </dt>\n                <dd>\n                    \n                        1-year warranty<br>Terms and conditions apply. <a href=\"https://www.dwr.com/warranty.html\" target=\"_blank\">Learn more</a>\n                    \n                </dd>\n            </dl>\n\n            \n            \n\n            \n            \n\n            \n            \n        </div>\n    </div>\n</div>\n            </div>\n        ",
    "listSize": [
      {
        "size": "Queen",
        "price": 179270000,
        "stock": 64
      },
      {
        "size": "King",
        "price": 210470000,
        "stock": 78
      }
    ],
    "discountPercentage": 19,
    "thumbnail": "https://images.hermanmiller.group/m/6eec337448601225/W-DWR_9587_100222820_ivory_a.png?trim=auto&trim-sd=1&blend-mode=darken&blend=f0f0f0&bg=f0f0f0&auto=format&w=90&h=auto&fit=fill",
    "images": [
      "https://images.hermanmiller.group/m/6eec337448601225/W-DWR_9587_100222820_ivory_a.png?trim=auto&trim-sd=1&blend-mode=darken&blend=f0f0f0&bg=f0f0f0&auto=format&w=800&h=auto&fit=fill",
      "https://images.hermanmiller.group/m/6853e3565b675066/W-DWR_9587_100570523_sienna_v1_0552.png?trim=auto&trim-sd=1&bg=f0f0f0&auto=format&w=800&h=auto&fit=fill",
      "https://images.hermanmiller.group/m/520700e04c4a359b/W-DWR_9587_100067476_warm_grey_v3_036.png?trim=auto&trim-sd=1&bg=f0f0f0&auto=format&w=800&h=auto&fit=fill",
      "https://images.hermanmiller.group/m/23a0e65f2c050aa1/W-DWR_9587_100067478_warm_grey_v3-tif.png?trim=auto&trim-sd=1&bg=f0f0f0&auto=format&w=800&h=auto&fit=fill",
      "https://images.hermanmiller.group/m/eb7d9615ce0f07cd/W-DWR_9587_100065241_buff_v1.png?trim=auto&trim-sd=1&bg=f0f0f0&auto=format&w=800&h=auto&fit=fill",
      "https://images.hermanmiller.group/m/3a3c871d46becff6/W-DWR_9587_100065241_buff_d1_001.png?trim=auto&trim-sd=1&bg=f0f0f0&auto=format&w=800&h=auto&fit=fill",
      "https://images.hermanmiller.group/m/2424eb335e656de9/W-DWR_9587_100065241_buff_d2_001.png?trim=auto&trim-sd=1&bg=f0f0f0&auto=format&w=800&h=auto&fit=fill",
      "https://images.hermanmiller.group/m/8400364aa9f9d9b5/W-DWR_2025_100116264_slate_v3.png?trim=auto&trim-sd=1&bg=f0f0f0&auto=format&w=800&h=auto&fit=fill",
      "https://images.hermanmiller.group/m/cb8ac56865c734fe/W-DWR_9587_100067478_warm_grey_v6_001.png?trim=auto&trim-sd=1&bg=f0f0f0&auto=format&w=800&h=auto&fit=fill",
      "https://images.hermanmiller.group/m/a830d388b355a6f2/W-DWR_9587_100065234_buff_v2_014.png?trim=auto&trim-sd=1&bg=f0f0f0&auto=format&w=800&h=auto&fit=fill"
    ]
  },
  {
    "title": "Matera Bed",
    "product_category_id": "6814bfd2f58154909086cc44",
    "description": "\n            <div class=\"collapse-body pdp-summary-group-body\">\n                \n<div class=\"row\">\n    <div class=\"pdp-summary-group-col-1 col-12 col-lg-5\">\n\n        \n        \n\n        \n        \n            <div class=\"mb-3\">\n                A trip to the Noguchi Museum in New York made Sean Yoo realize that he didn’t want to be a city planner after all. “One visit and I knew exactly what I wanted to do with my life,” he says. “I was particularly attracted to the way Noguchi applied sculptural qualities to common household items. It seemed to give meaning and purpose to otherwise meaningless objects.” Yoo’s beautifully crafted Matera Bed (2007) incorporates that ethos. Designed while Yoo was living in Matera, Italy, it features clean lines, beveled edges and slotted mortise-and-tenon corner joints. The slotted base and headboard add visual interest and echo a design thread used throughout the Matera collection. Made in Malaysia.<br><br>The bed with storage has six (three on each side side) full-extension drawers, providing ample space for clothing and bedding, all of which can be quietly accessed without disturbing your partner thanks to soft-closing glides.\n            </div>\n        \n\n        \n        \n            <ul class=\"bulleted mb-3\">\n                \n                    <li>\n                        Clean lines, beveled edges and slotted mortise-and-tenon corner joints.\n                    </li>\n                \n                    <li>\n                        Slotted base and headboard for an airy feel.\n                    </li>\n                \n                    <li>\n                        Available with or without storage drawers.\n                    </li>\n                \n                    <li>\n                        Bed with Storage has six full-extension drawers with soft-closing glides.\n                    </li>\n                \n                    <li>\n                        This bed requires no box spring.\n                    </li>\n                \n            </ul>\n                                \n\n        \n        \n    </div>\n\n    <div class=\"pdp-summary-group-col-2 col-12 col-lg-5 offset-lg-1\">\n        <div class=\"table table-content summary-table\">\n            \n                \n                \n                    <dl>\n                        <dt>\n                            Brand\n                        </dt>\n                        <dd>\n                            <a href=\"/brands-design-within-reach?lang=en_US\">Design Within Reach</a>\n                        </dd>\n                    </dl>\n                \n            \n            \n            \n            \n                <dl>\n                    <dt>\n                        Collection\n                    </dt>\n                    <dd>\n                        <a href=\"/collection-matera?lang=en_US\">Matera Collection</a>\n                    </dd>\n                </dl>\n            \n\n            \n            \n                <dl>\n                    <dt>\n                        General Dimensions\n                    </dt>\n                    <dd>\n                        <ul class=\"unstyled summary-pdp-dimensions-list\">\n                            \n                                <li>\n                                    45\" H 64¾\" W 72⅝\" D\n                                </li>\n                            \n                        </ul>\n                    </dd>\n                </dl>\n            \n\n            \n            \n\n            \n            \n                <dl>\n                    <dt>\n                        Product Weight\n                    </dt>\n                    <dd class=\"summary-weight\">\n                        72.75 lbs\n                    </dd>\n                </dl>\n            \n\n            \n            <dl>\n                <dt>\n                    Assembly\n                </dt>\n                <dd>\n                    \n                        Requires Assembly\n                    \n                </dd>\n            </dl>\n\n            \n            <dl>\n                <dt>\n                    Warranty\n                </dt>\n                <dd>\n                    \n                        1-year warranty<br>Terms and conditions apply. <a href=\"https://www.dwr.com/warranty.html\" target=\"_blank\">Learn more</a>\n                    \n                </dd>\n            </dl>\n\n            \n            \n\n            \n            \n\n            \n            \n        </div>\n    </div>\n</div>\n            </div>\n        ",
    "listSize": [
      {
        "size": "Full",
        "price": 109070000,
        "stock": 83
      },
      {
        "size": "Queen",
        "price": 127270000,
        "stock": 100
      },
      {
        "size": "King",
        "price": 142870000,
        "stock": 77
      },
      {
        "size": "California King",
        "price": 155870000,
        "stock": 52
      }
    ],
    "discountPercentage": 20,
    "thumbnail": "https://images.hermanmiller.group/m/528ccdac29742484/W-DWR_5114_100186644_walnut_a.png?trim=auto&trim-sd=1&blend-mode=darken&blend=f0f0f0&bg=f0f0f0&auto=format&w=90&h=auto&fit=fill",
    "images": [
      "https://images.hermanmiller.group/m/528ccdac29742484/W-DWR_5114_100186644_walnut_a.png?trim=auto&trim-sd=1&blend-mode=darken&blend=f0f0f0&bg=f0f0f0&auto=format&w=800&h=auto&fit=fill",
      "https://fast.wistia.com/embed/medias/5gvetatgii/swatch",
      "https://images.hermanmiller.group/m/9e78dd6632d949d8/W-DWR_5114_100186644_walnut_f.png?trim=auto&trim-sd=1&blend-mode=darken&blend=f0f0f0&bg=f0f0f0&auto=format&w=800&h=auto&fit=fill",
      "https://images.hermanmiller.group/m/7ed4437484a84bc7/W-DWR_5114_100186644_walnut_p.png?trim=auto&trim-sd=1&blend-mode=darken&blend=f0f0f0&bg=f0f0f0&auto=format&w=800&h=auto&fit=fill",
      "https://images.hermanmiller.group/m/63465747f886ddf9/W-DWR_5114_309462_walnut_v1_084_16x9.png?trim=auto&trim-sd=1&bg=f0f0f0&auto=format&w=800&h=auto&fit=fill",
      "https://images.hermanmiller.group/m/3fa1775bb8921084/W-DWR_5114_756198_oak_v5_001.png?trim=auto&trim-sd=1&bg=f0f0f0&auto=format&w=800&h=auto&fit=fill",
      "https://images.hermanmiller.group/m/d847ec658275245a/W-DWR_5114_309493_walnut_v2_003.png?trim=auto&trim-sd=1&bg=f0f0f0&auto=format&w=800&h=auto&fit=fill",
      "https://images.hermanmiller.group/m/ea3ac5417f57f17/W-DWR_5114_309493_walnut_v2-tif.png?trim=auto&trim-sd=1&bg=f0f0f0&auto=format&w=800&h=auto&fit=fill",
      "https://images.hermanmiller.group/m/14989e10a557b532/W-DWR_6487_672849_black_v2.png?trim=auto&trim-sd=1&bg=f0f0f0&auto=format&w=800&h=auto&fit=fill",
      "https://images.hermanmiller.group/m/35405c1c5f37b293/W-DWR_5114_756167_oak_d2.png?trim=auto&trim-sd=1&bg=f0f0f0&auto=format&w=800&h=auto&fit=fill",
      "https://images.hermanmiller.group/m/d169a7a4288685ed/W-DWR_5115_309462_walnut_d1.png?trim=auto&trim-sd=1&bg=f0f0f0&auto=format&w=800&h=auto&fit=fill",
      "https://images.hermanmiller.group/m/63ebe63736e91d27/W-DWR_5114_309462_walnut_d1.png?trim=auto&trim-sd=1&bg=f0f0f0&auto=format&w=800&h=auto&fit=fill",
      "https://images.hermanmiller.group/m/60f66508992ff383/W-DWR_5114_756198_oak_d1-jpg.png?trim=auto&trim-sd=1&bg=f0f0f0&auto=format&w=800&h=auto&fit=fill",
      "https://images.hermanmiller.group/m/dcb58ed275b82cd/W-DWR_5114_756198_oak_v4-tif.png?trim=auto&trim-sd=1&bg=f0f0f0&auto=format&w=800&h=auto&fit=fill",
      "https://images.hermanmiller.group/m/d493ce02e4acda38/W-DWR_5114_756198_oak_v2_003.png?trim=auto&trim-sd=1&bg=f0f0f0&auto=format&w=800&h=auto&fit=fill"
    ]
  }
]
