[
  {
    "facebookId": "58199b83-d5e8-46be-8b1a-5a0c4762f8ae",
    "fullName": "Elijah Steuber",
    "email": "Myriam_OConnell87@hotmail.com",
    "phone": "(942) 470-5053 x4356",
    "sex": "female",
    "status": "active",
    "deleted": false,
    "createdAt": "2024-06-01T02:39:28.467Z"
  },
  {
    "googleId": "e0e98455-32ce-4b13-bf04-8b3ee980aa84",
    "fullName": "Pedro Hettinger",
    "email": "Nikolas_Torp-Bailey@hotmail.com",
    "phone": "1-665-833-6529 x39556",
    "sex": "other",
    "status": "active",
    "deleted": false,
    "createdAt": "2024-06-01T03:16:08.098Z"
  },
  {
    "googleId": "735465b5-2e05-41c8-ad83-0b11cc14b739",
    "fullName": "Miss Olivia Blanda",
    "email": "Lee_Satterfield72@gmail.com",
    "phone": "1-273-574-9143 x42183",
    "sex": "female",
    "status": "active",
    "deleted": false,
    "createdAt": "2024-06-01T06:05:04.751Z"
  },
  {
    "fullName": "Clint Towne",
    "email": "Vesta_McCullough47@hotmail.com",
    "password": "$2b$10$FEgf6B7e1CW6iTPS1zk7GeEDBVdJp8l.C4LnH/tU64qkD6va4qvMC",
    "phone": "828.968.6209",
    "sex": "male",
    "status": "active",
    "deleted": false,
    "createdAt": "2024-06-01T06:09:44.848Z"
  },
  {
    "fullName": "Lydia Lindgren",
    "email": "Aniyah81@yahoo.com",
    "password": "$2b$10$BPgt17aqg40vCG0gfuVabuDdqrsLcLXmaJIpmXYmmLwpJ3gUOCIOu",
    "phone": "(707) 836-1237 x304",
    "sex": "unknown",
    "status": "active",
    "deleted": false,
    "createdAt": "2024-06-01T07:40:39.955Z"
  },
  {
    "githubId": "daf58f66-87d9-45ee-bc45-36a544a50614",
    "fullName": "Otis Krajcik III",
    "email": "Liana41@gmail.com",
    "phone": "283-450-0391 x675",
    "sex": "other",
    "status": "active",
    "deleted": false,
    "createdAt": "2024-06-01T09:27:14.947Z"
  },
  {
    "fullName": "Anna Jakubowski",
    "email": "Torrey_Kirlin@gmail.com",
    "password": "$2b$10$eAM54avMHz7IQG1eSG1ou.4rjFbyUmCKuaCVZTdJgpVDEyKqrjt5y",
    "phone": "923-486-4705 x235",
    "sex": "other",
    "status": "active",
    "deleted": false,
    "createdAt": "2024-06-01T09:43:07.572Z"
  },
  {
    "fullName": "Bonnie Heathcote I",
    "email": "Verdie.Grimes-Paucek23@gmail.com",
    "password": "$2b$10$qoiIoZ6xt8RkurauEUFyAuzDu9JE9FkGOOA6uLz6N8PEKX0Bs0gn2",
    "phone": "592-986-4272 x8105",
    "sex": "female",
    "status": "active",
    "deleted": false,
    "createdAt": "2024-06-01T10:51:18.525Z"
  },
  {
    "googleId": "f9fb188f-0568-4b8e-b1ef-06de1b64fa01",
    "fullName": "Neal Cummings",
    "email": "Jane80@hotmail.com",
    "phone": "437-557-4539 x5337",
    "sex": "other",
    "status": "active",
    "deleted": false,
    "createdAt": "2024-06-01T11:05:59.684Z"
  },
  {
    "fullName": "Mrs. Vanessa Dietrich II",
    "email": "Geoffrey.Dietrich97@hotmail.com",
    "password": "$2b$10$SrqFdED7KTCZvyBqsVYHB.TeXjLUufkuwNYvkR4JaZ9pfQxuCL/qa",
    "phone": "840.972.6619 x032",
    "sex": "female",
    "status": "active",
    "deleted": false,
    "createdAt": "2024-06-01T11:06:57.923Z"
  },
  {
    "githubId": "b0b65f93-6c0d-4400-9e7d-cd09a6c5bf00",
    "fullName": "Darrin Block",
    "email": "Sarah51@gmail.com",
    "phone": "601.597.5297 x504",
    "sex": "female",
    "status": "active",
    "deleted": false,
    "createdAt": "2024-06-01T13:55:27.532Z"
  },
  {
    "facebookId": "b250a95f-1dd0-45ea-bf5c-7ed4555ec1e7",
    "fullName": "Dr. Alexis Thiel",
    "email": "Gilda.Macejkovic@hotmail.com",
    "phone": "(921) 221-8714 x096",
    "sex": "female",
    "status": "active",
    "deleted": false,
    "createdAt": "2024-06-01T19:54:22.399Z"
  },
  {
    "facebookId": "cfa957ef-cc80-4b2d-93fa-caff1e59670e",
    "fullName": "Forrest Schuppe",
    "email": "Valerie_Sporer@yahoo.com",
    "phone": "904-352-0888",
    "sex": "other",
    "status": "active",
    "deleted": false,
    "createdAt": "2024-06-01T20:07:37.870Z"
  },
  {
    "githubId": "849fb3fd-6c00-4277-822e-a984e00e2f51",
    "fullName": "Robyn Hegmann",
    "email": "Emerald_Gusikowski75@hotmail.com",
    "phone": "1-823-211-5748 x88626",
    "sex": "male",
    "status": "active",
    "deleted": false,
    "createdAt": "2024-06-01T20:37:31.046Z"
  },
  {
    "fullName": "Anne Huel",
    "email": "Mercedes_Kub96@gmail.com",
    "password": "$2b$10$Mbt3xYzRKkvb4mgmsu/1uuhdFJQthAjbUW78kFsdJlMElXgqAMjVm",
    "phone": "266-791-9778 x9722",
    "sex": "male",
    "status": "active",
    "deleted": false,
    "createdAt": "2024-06-01T20:40:33.704Z"
  },
  {
    "googleId": "120744ed-bacd-4188-a28a-692e3489a9aa",
    "fullName": "Mr. Jack Howell",
    "email": "Norwood.McLaughlin85@hotmail.com",
    "phone": "1-727-257-8347 x11788",
    "sex": "male",
    "status": "active",
    "deleted": false,
    "createdAt": "2024-06-01T21:18:28.528Z"
  },
  {
    "githubId": "e2eb8455-9e5f-4558-bb2e-bd1af284db35",
    "fullName": "Cary Anderson",
    "email": "Juanita_Bechtelar@yahoo.com",
    "phone": "1-700-662-3208 x984",
    "sex": "male",
    "status": "active",
    "deleted": false,
    "createdAt": "2024-06-02T03:34:15.707Z"
  },
  {
    "fullName": "Dean Legros",
    "email": "Corrine93@yahoo.com",
    "password": "$2b$10$Nr2L2is.pibyPbVhAmZdEuxYg0s75fe1UwDfSLGtZNpVJJL/mATUm",
    "phone": "1-362-556-9776 x1032",
    "sex": "male",
    "status": "active",
    "deleted": false,
    "createdAt": "2024-06-02T04:03:42.626Z"
  },
  {
    "fullName": "Dennis Kunze",
    "email": "Mellie.Walker20@yahoo.com",
    "password": "$2b$10$wlMi07Wt4.7jUsTU4xO.SOFGQCDygB5iQONGdrjBDzHLVGqkAB0Oa",
    "phone": "603-699-8246",
    "sex": "other",
    "status": "active",
    "deleted": false,
    "createdAt": "2024-06-02T08:00:24.020Z"
  },
  {
    "fullName": "Mr. Chris Goodwin",
    "email": "Wilford_McKenzie8@yahoo.com",
    "password": "$2b$10$4fihjMGBlSbzhZNw8aajPu74F66CPZ6HIl3mZYE.6Cr4cnptMqSM6",
    "phone": "494-846-7867",
    "sex": "other",
    "status": "active",
    "deleted": false,
    "createdAt": "2024-06-02T08:47:00.367Z"
  },
  {
    "facebookId": "425d0d32-2e03-43a4-a931-436df8c2707a",
    "fullName": "Dr. Garrett Stokes",
    "email": "Mireya_Barton@yahoo.com",
    "phone": "524.810.7394 x19123",
    "sex": "other",
    "status": "active",
    "deleted": false,
    "createdAt": "2024-06-02T14:17:18.112Z"
  },
  {
    "githubId": "59d9ee8b-830e-40db-8d34-e6ae658ad313",
    "fullName": "Albert VonRueden",
    "email": "Antonietta_Berge50@yahoo.com",
    "phone": "279.632.7212 x68008",
    "sex": "other",
    "status": "active",
    "deleted": false,
    "createdAt": "2024-06-02T17:38:49.075Z"
  },
  {
    "facebookId": "c352c63b-6fce-4f27-a671-bbbc1b9501d8",
    "fullName": "Floyd Gerhold",
    "email": "Katrine3@gmail.com",
    "phone": "405.310.9894",
    "sex": "female",
    "status": "active",
    "deleted": false,
    "createdAt": "2024-06-02T17:54:10.090Z"
  },
  {
    "googleId": "3baaf4b2-2d15-40e1-aa5b-08eb0ac6d585",
    "fullName": "Ms. Francis Klocko",
    "email": "Estevan42@hotmail.com",
    "phone": "715-655-6904 x5445",
    "sex": "other",
    "status": "active",
    "deleted": false,
    "createdAt": "2024-06-02T18:01:43.455Z"
  },
  {
    "fullName": "Bennie Cronin V",
    "email": "Efren.Jaskolski85@yahoo.com",
    "password": "$2b$10$E8kEk7WE.4AwvM7joKbjVuZpz7QvgHl.YA9bupO5G3.wbP9CWqywW",
    "phone": "908.510.5415 x65093",
    "sex": "other",
    "status": "active",
    "deleted": false,
    "createdAt": "2024-06-03T02:46:23.343Z"
  },
  {
    "facebookId": "f624c94e-0646-4c8d-8bc9-d66840149c2e",
    "fullName": "Abel Schroeder",
    "email": "Meaghan.Dickens@gmail.com",
    "phone": "1-377-342-2011",
    "sex": "female",
    "status": "active",
    "deleted": false,
    "createdAt": "2024-06-03T06:50:59.579Z"
  },
  {
    "githubId": "ada8240a-9be8-4752-b638-1aa76709af92",
    "fullName": "Samantha Schulist",
    "email": "Joany77@gmail.com",
    "phone": "512-446-1351 x762",
    "sex": "male",
    "status": "active",
    "deleted": false,
    "createdAt": "2024-06-03T08:24:08.573Z"
  },
  {
    "fullName": "Nelson Treutel",
    "email": "Braxton64@yahoo.com",
    "password": "$2b$10$.L6Y/SHanO9K.mIWUirX3uqGB12UND7BszhkZv4fpVmr6S1vUKsne",
    "phone": "570-818-8648 x6011",
    "sex": "other",
    "status": "active",
    "deleted": false,
    "createdAt": "2024-06-03T11:17:18.860Z"
  },
  {
    "googleId": "f9f267d6-eb97-4287-ae20-2bc9512a4d56",
    "fullName": "Alvin MacGyver",
    "email": "Cordell.Collins17@gmail.com",
    "phone": "612-552-3832",
    "sex": "female",
    "status": "active",
    "deleted": false,
    "createdAt": "2024-06-03T14:33:16.941Z"
  },
  {
    "googleId": "a7a66e70-1d62-4e92-876b-dae8006d6b78",
    "fullName": "Francis Lind",
    "email": "Ludwig_Daniel19@gmail.com",
    "phone": "606.499.4873 x874",
    "sex": "other",
    "status": "active",
    "deleted": false,
    "createdAt": "2024-06-04T00:28:33.773Z"
  },
  {
    "googleId": "f28ba2e6-9668-4441-a745-b2c358e75d88",
    "fullName": "Bruce Schamberger",
    "email": "Jaylen76@gmail.com",
    "phone": "520-205-9610 x910",
    "sex": "other",
    "status": "active",
    "deleted": false,
    "createdAt": "2024-06-04T01:10:47.327Z"
  },
  {
    "facebookId": "d51e5603-d252-420d-a160-5ac5463462d3",
    "fullName": "Angelina DuBuque",
    "email": "Dameon.Oberbrunner@gmail.com",
    "phone": "1-881-894-9786 x350",
    "sex": "other",
    "status": "active",
    "deleted": false,
    "createdAt": "2024-06-04T01:59:24.477Z"
  },
  {
    "fullName": "Elisa Moen II",
    "email": "Caitlyn.Marks57@gmail.com",
    "password": "$2b$10$vE3atfSqEdYZF2S4JaVnx.zhxT9EouxmvdYXG905mzFJh2Gote4TK",
    "phone": "1-294-558-7481 x8281",
    "sex": "female",
    "status": "active",
    "deleted": false,
    "createdAt": "2024-06-04T02:55:33.564Z"
  },
  {
    "githubId": "ba416392-aadf-41c0-be2c-de7c7ea85f14",
    "fullName": "Julius Hodkiewicz",
    "email": "Ruthe.Thompson72@yahoo.com",
    "phone": "588-207-4058 x660",
    "sex": "female",
    "status": "active",
    "deleted": false,
    "createdAt": "2024-06-04T04:27:14.034Z"
  },
  {
    "fullName": "Jenna Kiehn",
    "email": "Florian83@gmail.com",
    "password": "$2b$10$yO8QyhbBUwqAZ/dw2JseseV.14za3Tog8X/k60oKGoxSrSak8nRaK",
    "phone": "(226) 484-1966",
    "sex": "other",
    "status": "active",
    "deleted": false,
    "createdAt": "2024-06-04T10:42:45.993Z"
  },
  {
    "fullName": "Lila Kozey",
    "email": "Yessenia.Schamberger@yahoo.com",
    "password": "$2b$10$BY6Gsf6v4rjsuIgOH/tukurOOG003f8XusIG5E4c/k6H2wX/RrZ8.",
    "phone": "1-371-589-3087 x3279",
    "sex": "other",
    "status": "active",
    "deleted": false,
    "createdAt": "2024-06-04T10:46:49.896Z"
  },
  {
    "facebookId": "ffa9b800-c1cf-43f8-a211-c5e96a2ebd31",
    "fullName": "Joe Jacobs",
    "email": "Cali60@gmail.com",
    "phone": "243.437.6073",
    "sex": "female",
    "status": "active",
    "deleted": false,
    "createdAt": "2024-06-04T13:14:18.072Z"
  },
  {
    "fullName": "Bradford Roberts",
    "email": "Andrew95@hotmail.com",
    "password": "$2b$10$m/BRE6Guv/nPMAAhbijvseFdr8fis3NN2Mn0dFGKp.F6VtmwfhAXe",
    "phone": "464-677-9193 x74937",
    "sex": "other",
    "status": "active",
    "deleted": false,
    "createdAt": "2024-06-04T13:38:40.591Z"
  },
  {
    "githubId": "0e3b7e66-eddf-43df-9975-c1abc4fbca83",
    "fullName": "Tomas Sauer-Johnston",
    "email": "Kyle_Cummerata@yahoo.com",
    "phone": "1-676-305-1286 x958",
    "sex": "other",
    "status": "active",
    "deleted": false,
    "createdAt": "2024-06-04T14:03:24.490Z"
  },
  {
    "githubId": "c599213c-7dc0-42b0-ba59-e2ebddbb758c",
    "fullName": "Lydia Cole",
    "email": "Karelle.Carroll@yahoo.com",
    "phone": "642.853.0718 x5385",
    "sex": "other",
    "status": "active",
    "deleted": false,
    "createdAt": "2024-06-04T18:13:08.767Z"
  },
  {
    "facebookId": "9a217224-78c8-49f4-91d3-a90e93240b9a",
    "fullName": "Marion Watsica",
    "email": "Ethyl_Lind@gmail.com",
    "phone": "1-750-273-9483 x9156",
    "sex": "other",
    "status": "active",
    "deleted": false,
    "createdAt": "2024-06-04T22:02:53.910Z"
  },
  {
    "googleId": "314f8426-3cfc-4fd5-b5b9-e1e89612d6b7",
    "fullName": "Gerald Fay",
    "email": "Abner82@hotmail.com",
    "phone": "(258) 727-0033 x8058",
    "sex": "male",
    "status": "active",
    "deleted": false,
    "createdAt": "2024-06-04T22:36:48.910Z"
  },
  {
    "googleId": "7f391bea-42c1-471d-8294-c8c39fe02c7c",
    "fullName": "Jacquelyn Leuschke",
    "email": "Alden.Wilderman@gmail.com",
    "phone": "1-385-998-0391",
    "sex": "male",
    "status": "active",
    "deleted": false,
    "createdAt": "2024-06-05T01:03:24.894Z"
  },
  {
    "googleId": "eef27129-fbb1-44a8-8698-9896408ba9c3",
    "fullName": "Mrs. Ebony Stanton",
    "email": "Brooks78@yahoo.com",
    "phone": "787.650.2213",
    "sex": "male",
    "status": "active",
    "deleted": false,
    "createdAt": "2024-06-05T01:20:11.844Z"
  },
  {
    "googleId": "d3188bbb-b3c0-4e11-8875-a4d28c1fe2e3",
    "fullName": "Cecilia Williamson",
    "email": "Joelle_Pollich@hotmail.com",
    "phone": "(962) 834-2807 x059",
    "sex": "male",
    "status": "active",
    "deleted": false,
    "createdAt": "2024-06-05T01:22:33.185Z"
  },
  {
    "githubId": "eba2ea56-262e-43b7-b43c-d4de216c3a55",
    "fullName": "Mr. Donald Koch",
    "email": "Newell_Deckow-Franecki@hotmail.com",
    "phone": "(405) 498-4535 x950",
    "sex": "other",
    "status": "active",
    "deleted": false,
    "createdAt": "2024-06-05T02:19:56.752Z"
  },
  {
    "githubId": "e672a3ad-9098-4d03-947c-3dec8651ae82",
    "fullName": "Garry Johnston",
    "email": "Aaliyah.Fay@hotmail.com",
    "phone": "1-844-295-0151 x55604",
    "sex": "other",
    "status": "active",
    "deleted": false,
    "createdAt": "2024-06-05T05:14:48.860Z"
  },
  {
    "facebookId": "9301426a-2891-4c57-8aa5-2c48a907783c",
    "fullName": "Homer Dibbert",
    "email": "Gabriel93@yahoo.com",
    "phone": "775.674.6324",
    "sex": "female",
    "status": "active",
    "deleted": false,
    "createdAt": "2024-06-05T07:33:56.524Z"
  },
  {
    "googleId": "3d468d2a-77af-43a5-8b76-ed3c6ce2b74b",
    "fullName": "Laurence Abshire",
    "email": "Theresia87@yahoo.com",
    "phone": "(246) 661-8865 x9203",
    "sex": "other",
    "status": "active",
    "deleted": false,
    "createdAt": "2024-06-05T13:14:42.621Z"
  },
  {
    "facebookId": "35f8f42a-9f29-4b84-b794-95a0108d0924",
    "fullName": "Hannah Haley MD",
    "email": "Bryce17@gmail.com",
    "phone": "1-888-934-3525",
    "sex": "female",
    "status": "active",
    "deleted": false,
    "createdAt": "2024-06-05T15:37:41.242Z"
  },
  {
    "googleId": "ee328ef1-9704-421a-bda6-5c44cf1e971b",
    "fullName": "Nathaniel Rath",
    "email": "Lauren78@hotmail.com",
    "phone": "(546) 229-4598 x01021",
    "sex": "female",
    "status": "active",
    "deleted": false,
    "createdAt": "2024-06-05T17:05:40.299Z"
  },
  {
    "googleId": "a5c1d9e8-ec6b-4780-bc04-f662c757b972",
    "fullName": "Marvin Cronin",
    "email": "Don.Tillman13@yahoo.com",
    "phone": "1-468-335-6515",
    "sex": "male",
    "status": "active",
    "deleted": false,
    "createdAt": "2024-06-05T23:26:08.637Z"
  },
  {
    "fullName": "Gloria Kutch",
    "email": "Ed_Mosciski@yahoo.com",
    "password": "$2b$10$.gkZdolzmWJVP4NidEIW8.1cEXRoORgsUFhebVNOyrNRNhk8ihuY2",
    "phone": "1-806-939-2592 x3594",
    "sex": "female",
    "status": "active",
    "deleted": false,
    "createdAt": "2024-06-05T23:36:08.061Z"
  },
  {
    "githubId": "b87fdbb9-21fd-44d5-8c2d-e73865a0940b",
    "fullName": "Mildred Rau",
    "email": "Alfredo53@yahoo.com",
    "phone": "(493) 447-7743",
    "sex": "female",
    "status": "active",
    "deleted": false,
    "createdAt": "2024-06-06T03:00:53.941Z"
  },
  {
    "googleId": "d2806b7a-e323-4fe7-bb74-afd9f0ab2803",
    "fullName": "Jaime Kuvalis IV",
    "email": "Arlene.Wisoky@hotmail.com",
    "phone": "840-852-1940 x0103",
    "sex": "female",
    "status": "active",
    "deleted": false,
    "createdAt": "2024-06-06T04:57:28.545Z"
  },
  {
    "githubId": "7dbf6b93-c81e-4df4-9843-9a830205146f",
    "fullName": "Jean Sanford",
    "email": "Dovie24@gmail.com",
    "phone": "1-591-740-7775",
    "sex": "other",
    "status": "active",
    "deleted": false,
    "createdAt": "2024-06-06T06:41:38.033Z"
  },
  {
    "googleId": "4081a28d-7e9d-4411-936f-79418d9f9a29",
    "fullName": "Miss Marion Emmerich Sr.",
    "email": "Amalia.Larkin0@yahoo.com",
    "phone": "(374) 779-9081 x1281",
    "sex": "other",
    "status": "active",
    "deleted": false,
    "createdAt": "2024-06-06T09:09:18.933Z"
  },
  {
    "facebookId": "410f4d1c-68ab-4fd8-9cb4-3bca76ce62bb",
    "fullName": "Ricky Rau",
    "email": "Vince.Emard@yahoo.com",
    "phone": "(941) 374-6994 x5512",
    "sex": "other",
    "status": "active",
    "deleted": false,
    "createdAt": "2024-06-07T06:54:11.074Z"
  },
  {
    "githubId": "d6e161da-08fb-404e-9bfb-3c8a113ea8c3",
    "fullName": "Mandy Schmeler",
    "email": "Pattie.Littel@hotmail.com",
    "phone": "512.631.6624",
    "sex": "female",
    "status": "active",
    "deleted": false,
    "createdAt": "2024-06-07T08:48:33.812Z"
  },
  {
    "googleId": "83a11e6c-fc59-40de-9454-c2e2efe81091",
    "fullName": "Garrett Klocko",
    "email": "Clementine_Hagenes91@gmail.com",
    "phone": "(918) 615-2953 x859",
    "sex": "other",
    "status": "active",
    "deleted": false,
    "createdAt": "2024-06-07T12:14:50.172Z"
  },
  {
    "facebookId": "f6245f99-6af3-418f-b673-5ccdca1ab5b0",
    "fullName": "Mrs. Angelica Johns",
    "email": "Sigurd_Hickle@gmail.com",
    "phone": "427.417.4039 x68568",
    "sex": "other",
    "status": "active",
    "deleted": false,
    "createdAt": "2024-06-07T13:52:39.012Z"
  },
  {
    "fullName": "Lorena Wehner",
    "email": "Adell_Stracke@hotmail.com",
    "password": "$2b$10$Bc4mUzGnJzHWABkysZk9sOin4Q.cDeJLRxitq9eH5NgCNoAruMmui",
    "phone": "774-342-8465 x77714",
    "sex": "female",
    "status": "active",
    "deleted": false,
    "createdAt": "2024-06-07T14:56:59.422Z"
  },
  {
    "googleId": "ed40b765-d7b2-4805-aa57-d32e0528d4a0",
    "fullName": "Mr. Clarence Hessel-Simonis",
    "email": "Robbie_Crist77@yahoo.com",
    "phone": "228.654.3167 x73563",
    "sex": "other",
    "status": "active",
    "deleted": false,
    "createdAt": "2024-06-07T15:43:04.600Z"
  },
  {
    "githubId": "0345f833-cbd6-46fd-a29f-272abe9e4f98",
    "fullName": "Kelley Langosh",
    "email": "Juana5@yahoo.com",
    "phone": "265-688-0537 x914",
    "sex": "female",
    "status": "active",
    "deleted": false,
    "createdAt": "2024-06-07T17:52:55.603Z"
  },
  {
    "googleId": "84d627dc-9e20-419e-b287-e18b6e1c75be",
    "fullName": "Mr. Lamar Marvin",
    "email": "Josefa.Powlowski@yahoo.com",
    "phone": "732.527.5013",
    "sex": "other",
    "status": "active",
    "deleted": false,
    "createdAt": "2024-06-07T18:35:06.266Z"
  },
  {
    "facebookId": "9f6891f1-5d22-438b-9094-8546e8f83fd9",
    "fullName": "Toni Veum",
    "email": "Kasey_Tillman@hotmail.com",
    "phone": "(499) 724-2774 x25174",
    "sex": "other",
    "status": "active",
    "deleted": false,
    "createdAt": "2024-06-07T23:42:49.219Z"
  },
  {
    "googleId": "e9900c66-c266-4b56-810b-da6b617e59a6",
    "fullName": "Vickie Predovic DVM",
    "email": "Ceasar.Hermann57@hotmail.com",
    "phone": "365-249-8599 x56111",
    "sex": "other",
    "status": "active",
    "deleted": false,
    "createdAt": "2024-06-08T05:27:57.681Z"
  },
  {
    "githubId": "808f0365-7f71-47dd-b963-f95482e29949",
    "fullName": "Mario Kihn",
    "email": "Favian.Bradtke@hotmail.com",
    "phone": "466.990.3067 x152",
    "sex": "female",
    "status": "active",
    "deleted": false,
    "createdAt": "2024-06-08T05:42:14.854Z"
  },
  {
    "githubId": "64de144e-1bcc-4866-acb6-1cb250461367",
    "fullName": "Carmen Dickinson",
    "email": "Laurel.Collins@yahoo.com",
    "phone": "409-246-6455 x42359",
    "sex": "male",
    "status": "active",
    "deleted": false,
    "createdAt": "2024-06-08T08:23:24.444Z"
  },
  {
    "facebookId": "2457d1c2-f243-499e-aaf4-068c83f98b8c",
    "fullName": "Miriam Gislason",
    "email": "Jenifer_Spinka@hotmail.com",
    "phone": "696-226-0522",
    "sex": "other",
    "status": "active",
    "deleted": false,
    "createdAt": "2024-06-08T09:38:12.327Z"
  },
  {
    "facebookId": "d1e5255c-ec31-48c5-96b7-f41a63c086bd",
    "fullName": "Kellie Hoeger",
    "email": "Daron.Kertzmann@yahoo.com",
    "phone": "907-340-5758 x14230",
    "sex": "other",
    "status": "active",
    "deleted": false,
    "createdAt": "2024-06-08T11:43:55.787Z"
  },
  {
    "githubId": "7d534ce4-a6c3-4ca2-95ae-d5c3e7f2fda8",
    "fullName": "Grant Bashirian",
    "email": "Johnson.Kilback43@yahoo.com",
    "phone": "(644) 894-3786 x18016",
    "sex": "other",
    "status": "active",
    "deleted": false,
    "createdAt": "2024-06-08T12:41:28.643Z"
  },
  {
    "googleId": "5e50b438-064d-45a2-bcfe-e84a79978d19",
    "fullName": "Maria Jast",
    "email": "Madyson_Huel@gmail.com",
    "phone": "(768) 265-7772 x03455",
    "sex": "other",
    "status": "active",
    "deleted": false,
    "createdAt": "2024-06-08T13:57:06.829Z"
  },
  {
    "facebookId": "fea51c6d-e972-4a54-80ee-aab020b54842",
    "fullName": "Jodi Davis",
    "email": "Kian.Schamberger96@hotmail.com",
    "phone": "485-745-1795",
    "sex": "male",
    "status": "active",
    "deleted": false,
    "createdAt": "2024-06-08T14:39:21.783Z"
  },
  {
    "fullName": "Shaun Ullrich",
    "email": "Korbin_Gutkowski@yahoo.com",
    "password": "$2b$10$rhS8Rp/fRMTk7qhRqunhEeQ5owSZcp1ALMKmmjbhm8hsmvkyriLcC",
    "phone": "348.327.2936",
    "sex": "male",
    "status": "active",
    "deleted": false,
    "createdAt": "2024-06-08T21:43:16.321Z"
  },
  {
    "facebookId": "932920f1-9a9c-4db0-abfa-83eb96fbfaa1",
    "fullName": "Laurence Doyle",
    "email": "Hudson41@hotmail.com",
    "phone": "1-656-922-9865",
    "sex": "male",
    "status": "active",
    "deleted": false,
    "createdAt": "2024-06-08T22:17:29.836Z"
  },
  {
    "fullName": "Tonya Ledner",
    "email": "Kacey.Sanford87@gmail.com",
    "password": "$2b$10$hOEKFbzUxkIK6y8e5gJW8udNyCzj5zdbP8ILKqnX6L5Yw5FUeE3Vm",
    "phone": "(735) 604-6284 x91443",
    "sex": "female",
    "status": "active",
    "deleted": false,
    "createdAt": "2024-06-08T22:35:50.305Z"
  },
  {
    "fullName": "Sabrina Little",
    "email": "Tania.Nienow@hotmail.com",
    "password": "$2b$10$rDxDKLO7ZCaWVdVy.wYsBu3hKlUWggsCQosLvPyW9DWl0Gsp6NGi.",
    "phone": "436-825-4172",
    "sex": "other",
    "status": "active",
    "deleted": false,
    "createdAt": "2024-06-09T02:52:32.683Z"
  },
  {
    "githubId": "345fcd7c-b17f-4ae4-97de-b9eaaddfcf2b",
    "fullName": "Elaine Wilderman",
    "email": "Bailee_Klocko@gmail.com",
    "phone": "1-258-476-3415 x482",
    "sex": "other",
    "status": "active",
    "deleted": false,
    "createdAt": "2024-06-09T05:38:26.648Z"
  },
  {
    "facebookId": "df92837c-b007-4b83-869d-d6bccdac88f0",
    "fullName": "Byron Johnson",
    "email": "Ruben_Hahn42@hotmail.com",
    "phone": "(581) 887-3440 x729",
    "sex": "other",
    "status": "active",
    "deleted": false,
    "createdAt": "2024-06-09T07:03:38.395Z"
  },
  {
    "githubId": "af5a7596-acf3-4483-9d86-c96fd1e684fb",
    "fullName": "Miss Jaime Buckridge",
    "email": "Enoch.Lehner51@yahoo.com",
    "phone": "259.704.1463 x55924",
    "sex": "male",
    "status": "active",
    "deleted": false,
    "createdAt": "2024-06-09T11:34:58.715Z"
  },
  {
    "googleId": "e421ecc0-1756-4c04-ba2f-cf9116ea6d34",
    "fullName": "Bobbie Mante",
    "email": "Dorcas44@yahoo.com",
    "phone": "265-224-7580 x72749",
    "sex": "other",
    "status": "active",
    "deleted": false,
    "createdAt": "2024-06-09T16:30:36.758Z"
  },
  {
    "facebookId": "ce62fc10-100f-46d0-8b50-db0ba16968a7",
    "fullName": "Dr. Marta Barton",
    "email": "Kara18@yahoo.com",
    "phone": "581-780-8355 x04222",
    "sex": "male",
    "status": "active",
    "deleted": false,
    "createdAt": "2024-06-09T19:59:15.881Z"
  },
  {
    "githubId": "393f6dd7-031d-4548-a334-7cb3659ab8e5",
    "fullName": "Elmer Willms",
    "email": "Tre.Kessler@gmail.com",
    "phone": "1-789-562-5875 x8653",
    "sex": "female",
    "status": "active",
    "deleted": false,
    "createdAt": "2024-06-09T22:13:11.304Z"
  },
  {
    "facebookId": "1baf7ae4-cccb-4c8a-b2ea-6471e917666b",
    "fullName": "Gregg Konopelski",
    "email": "Alexandro_Franecki20@hotmail.com",
    "phone": "(488) 795-5485 x4520",
    "sex": "female",
    "status": "active",
    "deleted": false,
    "createdAt": "2024-06-09T22:27:33.347Z"
  },
  {
    "fullName": "Marlon Hudson",
    "email": "Frida.Bednar@hotmail.com",
    "password": "$2b$10$914i8c7wCzk1DLQ7YCtuIuL3MweYWbDUjpmY4D0rT1iMpF0800YQG",
    "phone": "(659) 436-5626",
    "sex": "male",
    "status": "active",
    "deleted": false,
    "createdAt": "2024-06-10T02:36:22.107Z"
  },
  {
    "fullName": "Brad Powlowski",
    "email": "Taylor98@hotmail.com",
    "password": "$2b$10$YfcKGxr8Wv7TA8wxN4eCmub7Blcu6vtvwBFDwBqI32phA8EH4wz3.",
    "phone": "549.650.7726 x303",
    "sex": "male",
    "status": "active",
    "deleted": false,
    "createdAt": "2024-06-10T10:46:57.253Z"
  },
  {
    "githubId": "ffe8ef63-b15f-46ee-bb29-61fb70f1a15b",
    "fullName": "Naomi Herzog",
    "email": "Paula66@gmail.com",
    "phone": "701-850-0487 x607",
    "sex": "female",
    "status": "active",
    "deleted": false,
    "createdAt": "2024-06-10T11:08:41.743Z"
  },
  {
    "facebookId": "0c2518c3-57c0-4953-9146-be2e9762a0d2",
    "fullName": "Allison Rath",
    "email": "Arden.Welch@gmail.com",
    "phone": "1-438-834-7529",
    "sex": "other",
    "status": "active",
    "deleted": false,
    "createdAt": "2024-06-10T11:40:57.827Z"
  },
  {
    "fullName": "Monique Will V",
    "email": "Bulah.Shanahan@gmail.com",
    "password": "$2b$10$90qdeghWuLcLnO2OQIfexONDKkFRfwXVnKaN9OhZlP099Lc8.3cyS",
    "phone": "394.779.1451 x19769",
    "sex": "female",
    "status": "active",
    "deleted": false,
    "createdAt": "2024-06-10T17:18:10.714Z"
  },
  {
    "githubId": "c94472a3-a3c0-4145-a9c3-931dc4768e65",
    "fullName": "Guy Hayes",
    "email": "Emil_Mitchell@gmail.com",
    "phone": "1-703-975-3240 x84426",
    "sex": "other",
    "status": "active",
    "deleted": false,
    "createdAt": "2024-06-10T23:41:20.489Z"
  },
  {
    "githubId": "bee2ce61-e9f0-4fba-891e-00bc4b90a763",
    "fullName": "Audrey Hodkiewicz",
    "email": "Davin.Prohaska@yahoo.com",
    "phone": "252.978.7986 x791",
    "sex": "male",
    "status": "active",
    "deleted": false,
    "createdAt": "2024-06-11T02:21:17.858Z"
  },
  {
    "githubId": "f9fd7b09-5055-4f9d-9800-6ab91a27218b",
    "fullName": "Leroy Swaniawski",
    "email": "Michaela_Haley@yahoo.com",
    "phone": "1-806-244-9216 x45750",
    "sex": "female",
    "status": "active",
    "deleted": false,
    "createdAt": "2024-06-11T12:12:33.249Z"
  },
  {
    "githubId": "28e8f13c-4ac3-4131-ba0c-75c94f69996f",
    "fullName": "Miss Ora Larson",
    "email": "Lisette_Bauch77@hotmail.com",
    "phone": "1-491-461-8762 x4170",
    "sex": "other",
    "status": "active",
    "deleted": false,
    "createdAt": "2024-06-11T17:39:51.010Z"
  },
  {
    "googleId": "557362e1-3206-48fa-95fd-b5c165af0759",
    "fullName": "Vanessa Spinka",
    "email": "Beverly_Gleichner57@hotmail.com",
    "phone": "(652) 500-4559 x585",
    "sex": "male",
    "status": "active",
    "deleted": false,
    "createdAt": "2024-06-11T17:51:01.384Z"
  },
  {
    "googleId": "b4051e7f-5a5b-4306-9e60-7d182d5d425e",
    "fullName": "Terrance Shanahan I",
    "email": "Preston22@hotmail.com",
    "phone": "334-853-7520 x2615",
    "sex": "female",
    "status": "active",
    "deleted": false,
    "createdAt": "2024-06-11T17:51:12.271Z"
  },
  {
    "googleId": "9fdd2763-8199-43da-b4c5-e72d8fb676f4",
    "fullName": "Geoffrey Hudson",
    "email": "Janessa.Nikolaus-Shanahan@hotmail.com",
    "phone": "968-760-9582 x5143",
    "sex": "other",
    "status": "active",
    "deleted": false,
    "createdAt": "2024-06-11T20:18:14.053Z"
  },
  {
    "githubId": "1b00971b-f6c5-4756-a660-c4effc8e5d3b",
    "fullName": "Julie Kiehn",
    "email": "Clemens.OHara5@hotmail.com",
    "phone": "357-495-2860",
    "sex": "male",
    "status": "active",
    "deleted": false,
    "createdAt": "2024-06-12T02:36:46.143Z"
  },
  {
    "googleId": "6fc6a3f0-c71e-4407-8d29-e4d22d93dc89",
    "fullName": "Carla Terry",
    "email": "Nicole9@gmail.com",
    "phone": "228.940.1824",
    "sex": "female",
    "status": "active",
    "deleted": false,
    "createdAt": "2024-06-12T02:59:09.492Z"
  },
  {
    "facebookId": "ab521cd8-8fb0-479c-b8cd-05b464c1ca04",
    "fullName": "Omar Gerlach",
    "email": "Johnson79@gmail.com",
    "phone": "1-678-214-4487 x42529",
    "sex": "other",
    "status": "active",
    "deleted": false,
    "createdAt": "2024-06-12T06:47:39.229Z"
  },
  {
    "googleId": "fbdbeafd-377f-403b-b305-53d78b6e4e42",
    "fullName": "Cathy Lynch",
    "email": "Clay.Nolan60@yahoo.com",
    "phone": "720-604-7106",
    "sex": "other",
    "status": "active",
    "deleted": false,
    "createdAt": "2024-06-12T11:52:45.282Z"
  },
  {
    "githubId": "17ed40a6-42fc-4838-8630-4366b89d99a7",
    "fullName": "Roberta Reichert",
    "email": "Eladio_Nikolaus31@hotmail.com",
    "phone": "(917) 807-7442",
    "sex": "other",
    "status": "active",
    "deleted": false,
    "createdAt": "2024-06-12T15:58:42.521Z"
  },
  {
    "googleId": "19da4899-736f-450d-b5d5-c51012a669c0",
    "fullName": "Roger Grant",
    "email": "Hilario_Schoen-McLaughlin@hotmail.com",
    "phone": "1-801-790-3314 x3850",
    "sex": "female",
    "status": "active",
    "deleted": false,
    "createdAt": "2024-06-12T19:31:42.466Z"
  },
  {
    "fullName": "Mr. Nicholas Barrows",
    "email": "Micheal.White@hotmail.com",
    "password": "$2b$10$UvTNJmDc663vNRabAsId/eE50SVzi1FpzQE6IM915t13HfsjigwZC",
    "phone": "1-535-295-4552 x903",
    "sex": "male",
    "status": "active",
    "deleted": false,
    "createdAt": "2024-06-12T21:41:51.422Z"
  },
  {
    "facebookId": "b0e544f5-d303-4261-ad61-b089639bf311",
    "fullName": "Cody Klein DVM",
    "email": "Treva_Collier@hotmail.com",
    "phone": "(916) 752-0553 x243",
    "sex": "female",
    "status": "active",
    "deleted": false,
    "createdAt": "2024-06-12T21:58:42.727Z"
  },
  {
    "githubId": "4e160909-8637-40e6-8f59-22ea92277c20",
    "fullName": "Jorge Kuhlman",
    "email": "Reta.Pagac@hotmail.com",
    "phone": "1-717-908-6682",
    "sex": "female",
    "status": "active",
    "deleted": false,
    "createdAt": "2024-06-13T01:01:40.938Z"
  },
  {
    "fullName": "Christie Veum",
    "email": "Vada_Wolf@yahoo.com",
    "password": "$2b$10$Af3gbDMPFjgbCHkmwbpAiOl8vACHXtfGTpRSekoIhciZm01VY5/BS",
    "phone": "597-727-9117 x378",
    "sex": "female",
    "status": "active",
    "deleted": false,
    "createdAt": "2024-06-13T02:48:04.234Z"
  },
  {
    "githubId": "8be5a047-9b6f-4732-bf02-e2675375ac3d",
    "fullName": "Derrick Weissnat-Crona",
    "email": "Cayla27@gmail.com",
    "phone": "748-719-1482 x97418",
    "sex": "other",
    "status": "active",
    "deleted": false,
    "createdAt": "2024-06-13T06:49:02.345Z"
  },
  {
    "githubId": "4cdc4db3-8ee9-4506-96c2-067a1ed79a7c",
    "fullName": "Luis Kertzmann",
    "email": "Rashawn_Torphy@gmail.com",
    "phone": "685-865-0244 x88029",
    "sex": "other",
    "status": "active",
    "deleted": false,
    "createdAt": "2024-06-13T08:21:37.021Z"
  },
  {
    "googleId": "4817f9c6-a0d6-461c-940f-6385adf4d672",
    "fullName": "Sandra Schultz-Price",
    "email": "Frances.Braun82@gmail.com",
    "phone": "981.887.5190",
    "sex": "other",
    "status": "active",
    "deleted": false,
    "createdAt": "2024-06-13T22:01:06.608Z"
  },
  {
    "facebookId": "17d77f19-fa7b-4e01-bd05-7643a77ce0cb",
    "fullName": "Carole Jast",
    "email": "Ronaldo_Turner68@yahoo.com",
    "phone": "495-479-6762 x878",
    "sex": "other",
    "status": "active",
    "deleted": false,
    "createdAt": "2024-06-13T22:09:20.393Z"
  },
  {
    "facebookId": "5860f237-719a-4892-8b1b-3c86ab846a21",
    "fullName": "Mrs. Karen Schiller",
    "email": "Maybell65@gmail.com",
    "phone": "1-214-416-6396 x832",
    "sex": "male",
    "status": "active",
    "deleted": false,
    "createdAt": "2024-06-13T22:40:54.829Z"
  },
  {
    "facebookId": "dad3e8c1-0421-427a-8bf7-d60999caec59",
    "fullName": "Billy Corwin",
    "email": "Althea_Bauch@hotmail.com",
    "phone": "(872) 606-6858 x182",
    "sex": "other",
    "status": "active",
    "deleted": false,
    "createdAt": "2024-06-14T06:51:23.358Z"
  },
  {
    "githubId": "934bab97-2c2a-4b86-8a1d-f4e5751e5ded",
    "fullName": "Theresa Grimes MD",
    "email": "Brian_Keeling@gmail.com",
    "phone": "1-405-931-1455 x21233",
    "sex": "male",
    "status": "active",
    "deleted": false,
    "createdAt": "2024-06-14T10:10:27.837Z"
  },
  {
    "githubId": "89d470c3-8fa8-4b7b-8a2b-66f0a767bc22",
    "fullName": "Janis Schmeler",
    "email": "Cullen.Ward@yahoo.com",
    "phone": "900.523.9618 x115",
    "sex": "female",
    "status": "active",
    "deleted": false,
    "createdAt": "2024-06-14T13:28:27.651Z"
  },
  {
    "githubId": "b1f5f5d5-25ba-45b8-929f-aca0782d30b8",
    "fullName": "Donna Fadel",
    "email": "Audrey5@hotmail.com",
    "phone": "822-692-3739",
    "sex": "other",
    "status": "active",
    "deleted": false,
    "createdAt": "2024-06-14T13:46:45.328Z"
  },
  {
    "facebookId": "f8363227-9296-4019-8f5b-3e900e0ed7c9",
    "fullName": "Bethany Cartwright",
    "email": "Ed35@hotmail.com",
    "phone": "1-304-323-8409",
    "sex": "female",
    "status": "active",
    "deleted": false,
    "createdAt": "2024-06-14T14:07:37.409Z"
  },
  {
    "googleId": "1ede424d-f07d-4c25-88b3-2f13e8c62882",
    "fullName": "Traci Kuhn",
    "email": "Kylee.Lesch55@yahoo.com",
    "phone": "435-831-0483 x0569",
    "sex": "other",
    "status": "active",
    "deleted": false,
    "createdAt": "2024-06-14T19:18:46.561Z"
  },
  {
    "facebookId": "6717f086-e2b8-4ae3-8bd8-a94ce897a9ce",
    "fullName": "Anita Koch",
    "email": "Simone_Dare69@gmail.com",
    "phone": "957.670.5505 x44399",
    "sex": "male",
    "status": "active",
    "deleted": false,
    "createdAt": "2024-06-14T21:16:33.375Z"
  },
  {
    "facebookId": "43bd756a-011a-4f2b-814d-14f04b32df55",
    "fullName": "Lydia Wisoky",
    "email": "Valentine_Mueller@yahoo.com",
    "phone": "935.481.5559 x2437",
    "sex": "female",
    "status": "active",
    "deleted": false,
    "createdAt": "2024-06-14T21:58:28.900Z"
  },
  {
    "fullName": "Darlene O'Kon DDS",
    "email": "Sally_Legros-Denesik66@gmail.com",
    "password": "$2b$10$k4nA8qQdXih9R1rZKG6q9uLZDcui05bSoBYz73O.HRab3owsO8op2",
    "phone": "(673) 865-9611 x38743",
    "sex": "male",
    "status": "active",
    "deleted": false,
    "createdAt": "2024-06-14T23:21:18.783Z"
  },
  {
    "githubId": "8df4f19f-68ad-456f-811e-3e8e271d7060",
    "fullName": "Margie Boyle IV",
    "email": "Mckenzie.Sipes84@hotmail.com",
    "phone": "749.832.4458",
    "sex": "other",
    "status": "active",
    "deleted": false,
    "createdAt": "2024-06-15T03:42:31.798Z"
  },
  {
    "facebookId": "06a3543b-618d-4600-ab0e-a297c3aaa8a5",
    "fullName": "Lillian Morissette",
    "email": "Vince45@hotmail.com",
    "phone": "(830) 475-1719",
    "sex": "other",
    "status": "active",
    "deleted": false,
    "createdAt": "2024-06-15T04:21:15.317Z"
  },
  {
    "facebookId": "6c7c983b-1560-4890-bcbe-7b55ded790fb",
    "fullName": "Irvin Franey",
    "email": "Rubie29@yahoo.com",
    "phone": "726.220.0929 x237",
    "sex": "female",
    "status": "active",
    "deleted": false,
    "createdAt": "2024-06-15T10:28:25.888Z"
  },
  {
    "githubId": "bace1b4d-5b40-4e7c-983c-6303970f580d",
    "fullName": "Victor McDermott",
    "email": "Wilfrid.Schneider@hotmail.com",
    "phone": "574-802-1003",
    "sex": "male",
    "status": "active",
    "deleted": false,
    "createdAt": "2024-06-15T13:12:00.959Z"
  },
  {
    "googleId": "93bafe94-7e5a-4842-8d78-33a9c227462d",
    "fullName": "Jose Powlowski",
    "email": "Cindy14@gmail.com",
    "phone": "912-695-2056 x560",
    "sex": "other",
    "status": "active",
    "deleted": false,
    "createdAt": "2024-06-15T14:00:16.342Z"
  },
  {
    "googleId": "f0c9282a-fe5a-476a-b25d-17637feeb1b8",
    "fullName": "Rolando Cremin",
    "email": "Dean_MacGyver@hotmail.com",
    "phone": "200.873.8952 x54462",
    "sex": "other",
    "status": "active",
    "deleted": false,
    "createdAt": "2024-06-15T22:23:13.254Z"
  },
  {
    "googleId": "00529694-afcb-4d64-b0ff-a88aee579f2d",
    "fullName": "Dr. Tina Hegmann",
    "email": "Chelsea_Towne10@gmail.com",
    "phone": "354.854.6477 x29779",
    "sex": "other",
    "status": "active",
    "deleted": false,
    "createdAt": "2024-06-16T01:53:57.503Z"
  },
  {
    "googleId": "e4090080-3c20-4d05-a6c9-728fc923c2b7",
    "fullName": "Viola Barrows",
    "email": "Thurman.Wisozk-Collier@hotmail.com",
    "phone": "909.722.7994 x109",
    "sex": "female",
    "status": "active",
    "deleted": false,
    "createdAt": "2024-06-16T04:09:35.522Z"
  },
  {
    "facebookId": "ebff1ba3-6508-49b9-966b-2d1c2210ee0f",
    "fullName": "Claudia Armstrong",
    "email": "Jacynthe.Buckridge24@yahoo.com",
    "phone": "1-812-494-2879",
    "sex": "female",
    "status": "active",
    "deleted": false,
    "createdAt": "2024-06-16T05:58:42.868Z"
  },
  {
    "githubId": "0eafdf00-47df-4e95-8d5f-9d114cc5b465",
    "fullName": "Flora Kshlerin",
    "email": "Joshua.Roberts17@yahoo.com",
    "phone": "415-547-2754 x34859",
    "sex": "female",
    "status": "active",
    "deleted": false,
    "createdAt": "2024-06-16T06:04:34.760Z"
  },
  {
    "githubId": "fedcba1d-834f-4842-925d-29e718464af7",
    "fullName": "Ivan Ritchie Jr.",
    "email": "Mariano_Prosacco@gmail.com",
    "phone": "712-250-2179 x6532",
    "sex": "male",
    "status": "active",
    "deleted": false,
    "createdAt": "2024-06-16T11:07:39.573Z"
  },
  {
    "facebookId": "755c2c91-8c33-4e4d-9778-cff7e9ac7e90",
    "fullName": "Vivian Cassin",
    "email": "Anita24@yahoo.com",
    "phone": "(220) 404-9127 x2313",
    "sex": "male",
    "status": "active",
    "deleted": false,
    "createdAt": "2024-06-16T12:59:50.071Z"
  },
  {
    "googleId": "42573d63-b50b-41e9-a71f-15cc92a25f0e",
    "fullName": "Ms. Christine Turner",
    "email": "Green.Wolf20@hotmail.com",
    "phone": "(450) 803-0524 x33294",
    "sex": "female",
    "status": "active",
    "deleted": false,
    "createdAt": "2024-06-17T00:58:58.899Z"
  },
  {
    "fullName": "Elisa Abbott",
    "email": "Orval99@gmail.com",
    "password": "$2b$10$gvNERBg5WdTpNJJ0UWEdfO5SzYf7CbxGDvkLTvt/V/XhyILw5HrVm",
    "phone": "1-681-373-8443",
    "sex": "female",
    "status": "active",
    "deleted": false,
    "createdAt": "2024-06-17T01:55:52.564Z"
  },
  {
    "facebookId": "8c1d0903-bb77-4140-8019-ebfe00678a93",
    "fullName": "Marguerite Leffler",
    "email": "Edison42@hotmail.com",
    "phone": "1-868-513-9900 x840",
    "sex": "male",
    "status": "active",
    "deleted": false,
    "createdAt": "2024-06-17T03:16:00.595Z"
  },
  {
    "fullName": "Jodi Donnelly",
    "email": "Sydney.Larson88@gmail.com",
    "password": "$2b$10$ToAG/ygFas/ePm1PamqWY.2EOt.ZrwtN5yAoxZhfnJwHbXzm1ccHC",
    "phone": "1-486-619-0738 x22324",
    "sex": "male",
    "status": "active",
    "deleted": false,
    "createdAt": "2024-06-17T17:43:03.023Z"
  },
  {
    "githubId": "5add70e1-8814-4af2-be63-24f43a9a9ffb",
    "fullName": "Terri Shields DDS",
    "email": "Keven.Nader@yahoo.com",
    "phone": "575-232-5078 x25155",
    "sex": "other",
    "status": "active",
    "deleted": false,
    "createdAt": "2024-06-17T21:28:51.407Z"
  },
  {
    "githubId": "295710db-174a-486c-89bb-9b689c276591",
    "fullName": "Melanie Heaney",
    "email": "Hope37@yahoo.com",
    "phone": "909.761.4479 x1169",
    "sex": "female",
    "status": "active",
    "deleted": false,
    "createdAt": "2024-06-17T22:45:18.524Z"
  },
  {
    "githubId": "41bdea32-1e90-4c4c-b16a-1a348ab7a051",
    "fullName": "Jeff Dicki",
    "email": "Lloyd15@yahoo.com",
    "phone": "(544) 351-2628 x578",
    "sex": "female",
    "status": "active",
    "deleted": false,
    "createdAt": "2024-06-18T00:31:51.306Z"
  },
  {
    "fullName": "Bob Fahey",
    "email": "Javonte78@hotmail.com",
    "password": "$2b$10$E8V57R1/r//6MtiD1MHuWeqvK4mVnlhvcAm79kGKju.n4WC.qctMy",
    "phone": "984-413-3073 x05046",
    "sex": "male",
    "status": "active",
    "deleted": false,
    "createdAt": "2024-06-18T01:58:28.541Z"
  },
  {
    "fullName": "Dr. Grady Hilll IV",
    "email": "Whitney.Fay@yahoo.com",
    "password": "$2b$10$RQBpdJm6euc7dogMcZocf.slmQo8mU1iucziKXTcQA/4sJb/zARaS",
    "phone": "1-876-836-3173 x4017",
    "sex": "other",
    "status": "active",
    "deleted": false,
    "createdAt": "2024-06-18T08:21:12.595Z"
  },
  {
    "fullName": "Guillermo Ziemann-Balistreri",
    "email": "Davon.Skiles76@gmail.com",
    "password": "$2b$10$W7ryTuHDjgXOzhmDRhLIcON3EDSE/p6Xqdxb7rS90.xoEjL60/Glq",
    "phone": "1-744-749-5823 x652",
    "sex": "other",
    "status": "active",
    "deleted": false,
    "createdAt": "2024-06-18T08:59:59.701Z"
  },
  {
    "googleId": "03e25160-a55a-4549-98d6-454038d0f091",
    "fullName": "Geoffrey Kovacek",
    "email": "Zelda.OKon@gmail.com",
    "phone": "958-459-9983 x90113",
    "sex": "other",
    "status": "active",
    "deleted": false,
    "createdAt": "2024-06-18T12:08:20.406Z"
  },
  {
    "facebookId": "976c5bcb-e74b-47b0-ab5b-e8c77fa9556a",
    "fullName": "Elena Ernser",
    "email": "Alfonzo_Luettgen76@yahoo.com",
    "phone": "930.965.5819 x56446",
    "sex": "other",
    "status": "active",
    "deleted": false,
    "createdAt": "2024-06-18T12:23:57.157Z"
  },
  {
    "githubId": "4c3b5e6b-394e-4744-9317-f891ebc4704a",
    "fullName": "Cheryl Wilderman",
    "email": "Myrtis40@gmail.com",
    "phone": "1-979-401-2161 x2583",
    "sex": "male",
    "status": "active",
    "deleted": false,
    "createdAt": "2024-06-18T19:59:20.061Z"
  },
  {
    "facebookId": "1e64cefe-d4c1-4622-abd3-81e40b354c3d",
    "fullName": "Alexandra Lehner",
    "email": "Jamarcus38@gmail.com",
    "phone": "921.627.3065",
    "sex": "male",
    "status": "active",
    "deleted": false,
    "createdAt": "2024-06-19T00:03:55.636Z"
  },
  {
    "googleId": "be938549-3cfb-49ca-941e-02cc015b9a8c",
    "fullName": "Byron Boyle I",
    "email": "Mossie31@yahoo.com",
    "phone": "1-315-724-2906 x434",
    "sex": "other",
    "status": "active",
    "deleted": false,
    "createdAt": "2024-06-19T01:49:51.270Z"
  },
  {
    "facebookId": "8483172f-32c5-4340-afe1-37cf0d1f724a",
    "fullName": "Ted Tremblay",
    "email": "Trystan.Senger20@hotmail.com",
    "phone": "494-248-6850 x98188",
    "sex": "other",
    "status": "active",
    "deleted": false,
    "createdAt": "2024-06-19T02:33:21.697Z"
  },
  {
    "fullName": "Louis Rutherford",
    "email": "Jamal.Murazik@yahoo.com",
    "password": "$2b$10$MNRgRvNeLxzho3pp6wnzgOnK0PsmlvDlZ4T6d7kKQ7p/ckWx1SGdm",
    "phone": "1-350-675-6637 x169",
    "sex": "other",
    "status": "active",
    "deleted": false,
    "createdAt": "2024-06-19T07:46:27.134Z"
  },
  {
    "facebookId": "28e0eb0f-e29c-4456-a0cf-5e0a19ce8b51",
    "fullName": "Leland Schuster",
    "email": "Rosella26@hotmail.com",
    "phone": "(650) 621-4391 x2318",
    "sex": "male",
    "status": "active",
    "deleted": false,
    "createdAt": "2024-06-19T11:00:40.919Z"
  },
  {
    "googleId": "9ac0de81-93fe-4c73-a409-ac328a7d7041",
    "fullName": "Jack Bahringer I",
    "email": "Monica_Bergstrom25@hotmail.com",
    "phone": "1-433-704-5059 x4260",
    "sex": "other",
    "status": "active",
    "deleted": false,
    "createdAt": "2024-06-20T00:23:39.465Z"
  },
  {
    "googleId": "369fdd7a-a42a-495a-b935-2f362e3bab9c",
    "fullName": "Ms. Desiree Bailey",
    "email": "Amaya.Lindgren89@yahoo.com",
    "phone": "602-805-4273 x19447",
    "sex": "male",
    "status": "active",
    "deleted": false,
    "createdAt": "2024-06-20T02:14:59.354Z"
  },
  {
    "googleId": "827e1164-ba04-4850-9a7c-6dc0bce8e9c5",
    "fullName": "Herbert Terry",
    "email": "Wellington.Mohr@hotmail.com",
    "phone": "1-667-707-5021 x9805",
    "sex": "male",
    "status": "active",
    "deleted": false,
    "createdAt": "2024-06-20T03:22:36.414Z"
  },
  {
    "facebookId": "36cbc151-43b2-4eff-945f-202cec07c8e8",
    "fullName": "Lucas Herzog",
    "email": "Jaleel.Reinger@gmail.com",
    "phone": "(256) 656-2826 x8565",
    "sex": "other",
    "status": "active",
    "deleted": false,
    "createdAt": "2024-06-20T03:59:53.714Z"
  },
  {
    "fullName": "Santiago Shanahan",
    "email": "Bryon.Dare@hotmail.com",
    "password": "$2b$10$PLRfqKYIPtXWeIcECYrKLO6Ia.M0MgfXNRJrxKFlSSARJKPhHv5IC",
    "phone": "780-969-3708",
    "sex": "other",
    "status": "active",
    "deleted": false,
    "createdAt": "2024-06-20T07:37:00.234Z"
  },
  {
    "fullName": "Myra Halvorson",
    "email": "Jamison_Johnson@hotmail.com",
    "password": "$2b$10$34NURfU96WmPp7s2Aha.g.x59siYbe3Aeso6KOtBxWyLVJJO5rSJq",
    "phone": "510-270-5897 x35384",
    "sex": "other",
    "status": "active",
    "deleted": false,
    "createdAt": "2024-06-20T08:05:18.470Z"
  },
  {
    "googleId": "b69299fb-3ff3-432e-a8fd-f3512eb298b4",
    "fullName": "Mr. Jared Abernathy",
    "email": "Birdie.Pouros50@gmail.com",
    "phone": "1-388-766-9850",
    "sex": "other",
    "status": "active",
    "deleted": false,
    "createdAt": "2024-06-20T11:46:10.078Z"
  },
  {
    "googleId": "2ea3137a-d200-4120-9e65-c662182d7816",
    "fullName": "Olga Schmidt",
    "email": "Thaddeus_Robel@yahoo.com",
    "phone": "797.857.3943 x026",
    "sex": "other",
    "status": "active",
    "deleted": false,
    "createdAt": "2024-06-20T20:16:00.994Z"
  },
  {
    "githubId": "56c93912-7e3d-478e-a25d-e737c3ea74cd",
    "fullName": "Kenny Breitenberg",
    "email": "Linnea.Wunsch80@gmail.com",
    "phone": "1-488-257-8839",
    "sex": "other",
    "status": "active",
    "deleted": false,
    "createdAt": "2024-06-21T09:54:50.434Z"
  },
  {
    "fullName": "Mabel Howe",
    "email": "Claudia95@gmail.com",
    "password": "$2b$10$RpmZzkTPFPr.Hvh5a01eSeKAyJcDDGPSxuji4neZrwmtojTK5hV3W",
    "phone": "567-537-4381 x0481",
    "sex": "other",
    "status": "active",
    "deleted": false,
    "createdAt": "2024-06-21T10:30:45.776Z"
  },
  {
    "facebookId": "ca830313-084e-48d3-8cce-a05fc70c116a",
    "fullName": "Tyler Bednar",
    "email": "Leonel.Vandervort@hotmail.com",
    "phone": "947-739-8693 x599",
    "sex": "other",
    "status": "active",
    "deleted": false,
    "createdAt": "2024-06-21T13:36:55.282Z"
  },
  {
    "fullName": "Kelley Armstrong",
    "email": "Holden41@hotmail.com",
    "password": "$2b$10$tbh.bHfO/DlBvr/bPy4d0.cpPxO6cBNMCMZc4sz3uGF79qeL2vFoG",
    "phone": "772.385.2166",
    "sex": "male",
    "status": "active",
    "deleted": false,
    "createdAt": "2024-06-21T17:27:40.986Z"
  },
  {
    "googleId": "db4b385e-e364-46ef-98ec-8a8b5068b4ec",
    "fullName": "Freddie Prohaska",
    "email": "Althea2@gmail.com",
    "phone": "912.905.4251 x97369",
    "sex": "female",
    "status": "active",
    "deleted": false,
    "createdAt": "2024-06-21T21:05:46.961Z"
  },
  {
    "facebookId": "0ab2c1bd-c718-4b6e-911f-9ec071398e27",
    "fullName": "Sophia Cormier",
    "email": "Danyka66@gmail.com",
    "phone": "295.774.8421 x159",
    "sex": "female",
    "status": "active",
    "deleted": false,
    "createdAt": "2024-06-21T21:10:37.071Z"
  },
  {
    "facebookId": "d87754be-0760-4c5d-b9f2-02b4759c8c4b",
    "fullName": "Jonathon Romaguera-Ratke",
    "email": "Talon.Crist68@yahoo.com",
    "phone": "1-425-660-6444",
    "sex": "other",
    "status": "active",
    "deleted": false,
    "createdAt": "2024-06-21T23:30:09.423Z"
  },
  {
    "googleId": "9130d129-79e2-4bbe-827e-3699d4692280",
    "fullName": "Tammy Sauer",
    "email": "Enid_Keebler40@yahoo.com",
    "phone": "420.604.9303 x67517",
    "sex": "other",
    "status": "active",
    "deleted": false,
    "createdAt": "2024-06-22T02:35:25.321Z"
  },
  {
    "facebookId": "cd1a6261-c83a-4775-8390-08924c4fa09c",
    "fullName": "Morris Quitzon",
    "email": "Arnulfo_Mraz@gmail.com",
    "phone": "1-897-594-8592 x282",
    "sex": "other",
    "status": "active",
    "deleted": false,
    "createdAt": "2024-06-22T08:04:46.202Z"
  },
  {
    "googleId": "85822a3a-b56f-4972-b603-2a601f355e5f",
    "fullName": "Herbert Casper",
    "email": "Curt_Quitzon@yahoo.com",
    "phone": "599-710-1810",
    "sex": "female",
    "status": "active",
    "deleted": false,
    "createdAt": "2024-06-22T10:00:50.605Z"
  },
  {
    "fullName": "Phyllis Torphy",
    "email": "Myrtle_Jaskolski12@gmail.com",
    "password": "$2b$10$S2CljNH4/2WXPpKWR1zne.XKUnZTKR9qipf41u7up4JSlznJ..yi2",
    "phone": "1-922-721-4629 x84049",
    "sex": "other",
    "status": "active",
    "deleted": false,
    "createdAt": "2024-06-22T12:05:52.322Z"
  },
  {
    "fullName": "Kathryn Johns",
    "email": "Amir99@hotmail.com",
    "password": "$2b$10$UEjMBuCcL8rud93vmbyQDuDs4fe1.gREie6R2DwXO8ltwf2Ulrbfi",
    "phone": "(549) 290-4743 x4937",
    "sex": "other",
    "status": "active",
    "deleted": false,
    "createdAt": "2024-06-22T13:15:19.434Z"
  },
  {
    "fullName": "Miss Heidi Thompson MD",
    "email": "Orland.Hamill@yahoo.com",
    "password": "$2b$10$zF9lX7R4NbS8J2yrdoqMTeS678JCGxmOSJuHwD2c6flHQQgajgOE.",
    "phone": "430-321-1149 x3244",
    "sex": "female",
    "status": "active",
    "deleted": false,
    "createdAt": "2024-06-22T13:18:12.762Z"
  },
  {
    "googleId": "7a7638e4-760d-432b-a036-4d854f222e6b",
    "fullName": "Alejandro Metz",
    "email": "Fern.Schumm42@yahoo.com",
    "phone": "312.314.3456 x55616",
    "sex": "other",
    "status": "active",
    "deleted": false,
    "createdAt": "2024-06-22T13:20:39.398Z"
  },
  {
    "facebookId": "06ce4245-629c-4167-86f7-619d66065f9d",
    "fullName": "Lloyd Hagenes",
    "email": "Rosalind90@gmail.com",
    "phone": "1-864-328-1189",
    "sex": "other",
    "status": "active",
    "deleted": false,
    "createdAt": "2024-06-22T16:46:08.903Z"
  },
  {
    "githubId": "b91199ed-7f78-4e72-b5d1-bc33b2dbe3a7",
    "fullName": "Clifford Watsica IV",
    "email": "Elisha83@gmail.com",
    "phone": "891.706.9143 x102",
    "sex": "other",
    "status": "active",
    "deleted": false,
    "createdAt": "2024-06-22T18:06:59.748Z"
  },
  {
    "facebookId": "038a11fb-0a70-4f7d-af2d-22f9abf67646",
    "fullName": "Erick Lubowitz",
    "email": "Toney_Huels27@yahoo.com",
    "phone": "(852) 477-1522 x715",
    "sex": "male",
    "status": "active",
    "deleted": false,
    "createdAt": "2024-06-23T03:14:38.896Z"
  },
  {
    "googleId": "61745453-8a54-4ef3-85c5-0da973cb0a28",
    "fullName": "Martha Macejkovic",
    "email": "Stephan_Brekke41@yahoo.com",
    "phone": "762.971.6271 x9660",
    "sex": "other",
    "status": "active",
    "deleted": false,
    "createdAt": "2024-06-23T06:12:02.712Z"
  },
  {
    "facebookId": "724e51d4-04b7-4314-a9cc-80bed804cea3",
    "fullName": "Jason Bogisich",
    "email": "Wilfredo_Jacobson@hotmail.com",
    "phone": "(536) 902-0251 x1622",
    "sex": "other",
    "status": "active",
    "deleted": false,
    "createdAt": "2024-06-23T07:00:43.716Z"
  },
  {
    "facebookId": "4550f80e-0a84-4dfb-afdb-777ff662085b",
    "fullName": "Duane Schimmel",
    "email": "Camille_Ryan2@yahoo.com",
    "phone": "(834) 300-2107",
    "sex": "female",
    "status": "active",
    "deleted": false,
    "createdAt": "2024-06-23T07:35:07.018Z"
  },
  {
    "facebookId": "61deccb4-dc5f-4294-97e5-55c6482d2548",
    "fullName": "Erik Keebler",
    "email": "Anika_Padberg@gmail.com",
    "phone": "659.425.6608 x561",
    "sex": "male",
    "status": "active",
    "deleted": false,
    "createdAt": "2024-06-23T08:26:50.326Z"
  },
  {
    "githubId": "aa752909-2ea6-4e34-a04b-ebffc71b7d98",
    "fullName": "Velma O'Hara",
    "email": "Sofia.Harris@gmail.com",
    "phone": "721.579.4368",
    "sex": "other",
    "status": "active",
    "deleted": false,
    "createdAt": "2024-06-23T09:37:31.542Z"
  },
  {
    "googleId": "83e05729-819c-4f33-99af-7839004f2526",
    "fullName": "Geneva Johnson I",
    "email": "Zachary_Krajcik87@hotmail.com",
    "phone": "(650) 539-5915 x6949",
    "sex": "male",
    "status": "active",
    "deleted": false,
    "createdAt": "2024-06-23T16:30:52.381Z"
  },
  {
    "githubId": "b5e453e7-39f8-447a-820a-f72636ed1a12",
    "fullName": "Dr. Rodney Rath",
    "email": "Janae_Wolff@gmail.com",
    "phone": "(827) 405-5658 x39040",
    "sex": "other",
    "status": "active",
    "deleted": false,
    "createdAt": "2024-06-24T02:54:51.626Z"
  },
  {
    "googleId": "76c02ded-3be0-4604-af05-365ef0b5063b",
    "fullName": "Krista Rogahn",
    "email": "Murphy99@gmail.com",
    "phone": "(570) 531-2360 x5966",
    "sex": "other",
    "status": "active",
    "deleted": false,
    "createdAt": "2024-06-24T03:01:54.720Z"
  },
  {
    "fullName": "Oliver Anderson",
    "email": "Peter_McClure12@hotmail.com",
    "password": "$2b$10$T6np4Fa95Ute6xxv7JxHIOHvOkjN2QjlJdhiDR55Ve3qPUqvozAl.",
    "phone": "533-748-2591 x421",
    "sex": "male",
    "status": "active",
    "deleted": false,
    "createdAt": "2024-06-24T04:01:59.068Z"
  },
  {
    "fullName": "Dr. Elias Ullrich MD",
    "email": "Haylie_Runolfsdottir-Kutch49@hotmail.com",
    "password": "$2b$10$p1SKmSq65AcAQIdChFUHeOjD0pKQ0dU5TTysRjX8Iw7ae5ctiFCJq",
    "phone": "(210) 472-4456 x9290",
    "sex": "female",
    "status": "active",
    "deleted": false,
    "createdAt": "2024-06-24T04:10:21.704Z"
  },
  {
    "githubId": "65e911a9-c80a-4b09-acb7-cf3714e76e50",
    "fullName": "Clara Wiegand",
    "email": "Malvina40@hotmail.com",
    "phone": "265-321-5768 x88590",
    "sex": "male",
    "status": "active",
    "deleted": false,
    "createdAt": "2024-06-24T04:11:49.102Z"
  },
  {
    "googleId": "b6720fa6-0993-4cbb-b432-f3ae3a56f094",
    "fullName": "Floyd Windler",
    "email": "Ambrose.Ryan@hotmail.com",
    "phone": "1-535-657-0098 x3136",
    "sex": "other",
    "status": "active",
    "deleted": false,
    "createdAt": "2024-06-24T05:49:18.997Z"
  },
  {
    "googleId": "14ac41f1-7b82-48c3-8f7a-3211e14990fb",
    "fullName": "Robert Rau I",
    "email": "Cielo.Wolff@yahoo.com",
    "phone": "(352) 962-4870 x775",
    "sex": "other",
    "status": "active",
    "deleted": false,
    "createdAt": "2024-06-24T06:19:10.180Z"
  },
  {
    "githubId": "2e77a608-3f44-4f9f-8445-499256391745",
    "fullName": "Heidi Hirthe",
    "email": "Sigurd_Durgan62@hotmail.com",
    "phone": "1-467-725-9950 x7732",
    "sex": "other",
    "status": "active",
    "deleted": false,
    "createdAt": "2024-06-24T11:25:48.659Z"
  },
  {
    "githubId": "4cdd82bb-08d2-4a89-9cb4-884959fbda23",
    "fullName": "Saul Kessler",
    "email": "Ernestine63@hotmail.com",
    "phone": "(299) 592-5515 x3621",
    "sex": "other",
    "status": "active",
    "deleted": false,
    "createdAt": "2024-06-24T13:19:53.097Z"
  },
  {
    "fullName": "Angel Bartoletti",
    "email": "Toni_Abshire99@hotmail.com",
    "password": "$2b$10$b10jvBs7CB.odaTAprXZnuah3j3jtMH01jbZZhUZfQqL71vJiSV.K",
    "phone": "(521) 460-0860 x2214",
    "sex": "other",
    "status": "active",
    "deleted": false,
    "createdAt": "2024-06-24T15:46:06.495Z"
  },
  {
    "facebookId": "ec75b9f7-65f0-45bb-8185-636122faf971",
    "fullName": "Elvira Senger",
    "email": "Sylvester26@hotmail.com",
    "phone": "785-999-7337 x4417",
    "sex": "other",
    "status": "active",
    "deleted": false,
    "createdAt": "2024-06-24T16:13:40.543Z"
  },
  {
    "facebookId": "c62c891a-871b-448c-be3d-70b8faddbadb",
    "fullName": "Helen Spencer-Marks",
    "email": "Simeon.Jaskolski@yahoo.com",
    "phone": "(876) 298-6487 x6156",
    "sex": "other",
    "status": "active",
    "deleted": false,
    "createdAt": "2024-06-25T14:19:47.728Z"
  },
  {
    "githubId": "e1e26857-52b6-4a0e-a80d-506cb41f6435",
    "fullName": "Mrs. Jean Bashirian V",
    "email": "Salvador48@hotmail.com",
    "phone": "576.906.6340 x57539",
    "sex": "other",
    "status": "active",
    "deleted": false,
    "createdAt": "2024-06-25T16:11:28.988Z"
  },
  {
    "googleId": "7bc6dd19-1d10-4f8a-9836-6c8da49eb9b4",
    "fullName": "Dianna Altenwerth",
    "email": "Eric_Sporer-OKon24@gmail.com",
    "phone": "1-340-879-6185",
    "sex": "other",
    "status": "active",
    "deleted": false,
    "createdAt": "2024-06-25T17:22:23.232Z"
  },
  {
    "githubId": "ced1cf7c-4101-4639-8c5f-1aa7ba240d59",
    "fullName": "Nellie Marvin",
    "email": "Hoyt12@hotmail.com",
    "phone": "364-525-7141 x4571",
    "sex": "male",
    "status": "active",
    "deleted": false,
    "createdAt": "2024-06-25T17:38:21.302Z"
  },
  {
    "fullName": "Douglas Hermiston",
    "email": "Barton57@yahoo.com",
    "password": "$2b$10$bmTX./r63vHeCvCD.hG2AOxEIIPP3.3bt7KDw.rFNxYDIN/1VrTPa",
    "phone": "1-961-938-1402 x77012",
    "sex": "other",
    "status": "active",
    "deleted": false,
    "createdAt": "2024-06-25T17:46:39.852Z"
  },
  {
    "facebookId": "1c7eb621-8849-4458-8e0f-ed10bc6e497b",
    "fullName": "Victoria Feest",
    "email": "Sage.Kris28@hotmail.com",
    "phone": "386.790.0117",
    "sex": "male",
    "status": "active",
    "deleted": false,
    "createdAt": "2024-06-25T17:49:55.707Z"
  },
  {
    "fullName": "Eileen Macejkovic",
    "email": "Opal.Hansen98@yahoo.com",
    "password": "$2b$10$woVIAdxZBhMX.gj/GQ9gOueXZEhnANT/E2fXMQAxQa2aGtVR3TfDu",
    "phone": "484-666-5062 x12414",
    "sex": "other",
    "status": "active",
    "deleted": false,
    "createdAt": "2024-06-25T19:38:37.471Z"
  },
  {
    "googleId": "59003b97-a3a6-4da1-bedb-af1b1f793a39",
    "fullName": "Hannah Gerlach",
    "email": "Kristin_Streich32@gmail.com",
    "phone": "1-960-578-4116 x75045",
    "sex": "male",
    "status": "active",
    "deleted": false,
    "createdAt": "2024-06-25T19:49:12.305Z"
  },
  {
    "facebookId": "93ca7e99-3e98-48fd-976a-d38f16fe5622",
    "fullName": "Melba O'Keefe",
    "email": "Casey48@gmail.com",
    "phone": "999-700-7986 x35911",
    "sex": "male",
    "status": "active",
    "deleted": false,
    "createdAt": "2024-06-26T02:48:02.235Z"
  },
  {
    "fullName": "Joann Langworth",
    "email": "Orland.Metz15@yahoo.com",
    "password": "$2b$10$JVQ.ZgAoHoLwiBD.F5jMUuxr85zBsIOuY/YiVjK03XE0BeWDhx6Ve",
    "phone": "1-611-782-4805 x42024",
    "sex": "other",
    "status": "active",
    "deleted": false,
    "createdAt": "2024-06-26T03:42:44.827Z"
  },
  {
    "facebookId": "f0d70739-57c6-4f4e-b994-0d07267032cc",
    "fullName": "Jessica Abernathy I",
    "email": "Kyra39@gmail.com",
    "phone": "(220) 266-3481 x1149",
    "sex": "other",
    "status": "active",
    "deleted": false,
    "createdAt": "2024-06-26T05:00:33.797Z"
  },
  {
    "fullName": "Brett Hirthe",
    "email": "Dovie.Wisoky@hotmail.com",
    "password": "$2b$10$e2avsTThRxMVQ2VJXBbSQu6ScH8OtkmH45X/7Rdi/5qMt48/6Oggy",
    "phone": "(808) 399-2204 x6589",
    "sex": "other",
    "status": "active",
    "deleted": false,
    "createdAt": "2024-06-26T06:10:24.971Z"
  },
  {
    "githubId": "a4338d4d-8038-4ed0-bd23-4789fa1f6504",
    "fullName": "Misty Hand",
    "email": "Rae.Vandervort@hotmail.com",
    "phone": "1-352-975-5881",
    "sex": "other",
    "status": "active",
    "deleted": false,
    "createdAt": "2024-06-26T06:57:19.887Z"
  },
  {
    "githubId": "3aa12a7a-5f5e-48b8-81fb-f80720981bb5",
    "fullName": "Craig Prosacco",
    "email": "Jeromy27@yahoo.com",
    "phone": "290-849-7719 x378",
    "sex": "female",
    "status": "active",
    "deleted": false,
    "createdAt": "2024-06-26T08:07:57.207Z"
  },
  {
    "githubId": "2e981efa-e216-476a-9a3a-9b9279f45763",
    "fullName": "Mrs. Dianne Boyer",
    "email": "Cheyanne_OConner@yahoo.com",
    "phone": "1-997-777-8090",
    "sex": "male",
    "status": "active",
    "deleted": false,
    "createdAt": "2024-06-26T08:12:56.794Z"
  },
  {
    "googleId": "0e7777f0-9c0b-473f-9667-ec9bb5393d26",
    "fullName": "Russell Leffler",
    "email": "Ruby74@yahoo.com",
    "phone": "941.631.4313",
    "sex": "other",
    "status": "active",
    "deleted": false,
    "createdAt": "2024-06-26T10:21:31.611Z"
  },
  {
    "githubId": "2d23ac51-2e4e-4aec-a34c-10ceb1c8666c",
    "fullName": "Yvette Heaney",
    "email": "Davin65@yahoo.com",
    "phone": "(234) 628-3099 x721",
    "sex": "male",
    "status": "active",
    "deleted": false,
    "createdAt": "2024-06-26T10:27:24.191Z"
  },
  {
    "googleId": "3839425f-23ea-4aef-a6ed-bc2ca4807212",
    "fullName": "Jose Schmitt",
    "email": "Lizzie_Ernser@yahoo.com",
    "phone": "996.802.2947",
    "sex": "other",
    "status": "active",
    "deleted": false,
    "createdAt": "2024-06-26T13:24:56.250Z"
  },
  {
    "googleId": "bbd7fff9-cf6d-4525-92f3-71dfc71b8f8a",
    "fullName": "Marjorie Christiansen",
    "email": "Aurelie_Yundt@gmail.com",
    "phone": "1-701-963-7678 x2873",
    "sex": "other",
    "status": "active",
    "deleted": false,
    "createdAt": "2024-06-26T13:47:13.372Z"
  },
  {
    "googleId": "7f25ede2-6243-4ba4-8fc3-aa837dd2d6fd",
    "fullName": "Ricky Heathcote",
    "email": "June14@yahoo.com",
    "phone": "821.840.3668 x930",
    "sex": "female",
    "status": "active",
    "deleted": false,
    "createdAt": "2024-06-26T15:49:11.196Z"
  },
  {
    "githubId": "735c3e9b-d08e-421a-a438-95b4b14b3044",
    "fullName": "Shannon Hoeger",
    "email": "Branson_Veum32@gmail.com",
    "phone": "829-599-5315 x32911",
    "sex": "female",
    "status": "active",
    "deleted": false,
    "createdAt": "2024-06-26T16:18:44.811Z"
  },
  {
    "googleId": "ac51d906-1616-44a3-8bb5-16e53950371f",
    "fullName": "Ms. Opal Huels-Cummerata",
    "email": "Marcelo67@hotmail.com",
    "phone": "696-643-0727 x098",
    "sex": "male",
    "status": "active",
    "deleted": false,
    "createdAt": "2024-06-26T17:41:35.548Z"
  },
  {
    "githubId": "aace2992-276e-43c8-8060-e3b0348429e8",
    "fullName": "Justin Stanton",
    "email": "Bettye_Dietrich74@yahoo.com",
    "phone": "1-944-855-1272 x7955",
    "sex": "male",
    "status": "active",
    "deleted": false,
    "createdAt": "2024-06-26T21:45:17.474Z"
  },
  {
    "facebookId": "0017b67d-4a98-4d6c-b5fb-763a16e976ee",
    "fullName": "Carla Baumbach",
    "email": "Anissa.Douglas@yahoo.com",
    "phone": "443.205.4760 x76223",
    "sex": "male",
    "status": "active",
    "deleted": false,
    "createdAt": "2024-06-26T22:38:59.423Z"
  },
  {
    "fullName": "Mr. Travis Heidenreich",
    "email": "Jesus57@hotmail.com",
    "password": "$2b$10$r0VrcAPPXHA0k3E4BzEfNeSJZmQ1qnYDuegEOa/AtTVWRR/orxcQC",
    "phone": "238.228.0453",
    "sex": "female",
    "status": "active",
    "deleted": false,
    "createdAt": "2024-06-27T00:44:13.685Z"
  },
  {
    "facebookId": "9d605b41-7ef3-40fe-b195-6baf5e28d852",
    "fullName": "Carolyn Kunze",
    "email": "Domenico.Wilkinson47@gmail.com",
    "phone": "815-569-8143 x70212",
    "sex": "female",
    "status": "active",
    "deleted": false,
    "createdAt": "2024-06-27T06:00:19.095Z"
  },
  {
    "fullName": "Tom Wiza",
    "email": "Mozell_Lynch@gmail.com",
    "password": "$2b$10$GQ7s67mip3u17gVr88ovUegUPMW/DfpTcOG.sw9/HJILqXpLYkTwi",
    "phone": "(609) 442-2894",
    "sex": "other",
    "status": "active",
    "deleted": false,
    "createdAt": "2024-06-27T08:42:09.092Z"
  },
  {
    "facebookId": "97f41830-8e3d-4745-96ff-c160e021ad6b",
    "fullName": "Dr. Meghan O'Conner",
    "email": "Ellie_Schimmel48@hotmail.com",
    "phone": "588-292-0524 x3085",
    "sex": "male",
    "status": "active",
    "deleted": false,
    "createdAt": "2024-06-27T08:50:51.476Z"
  },
  {
    "githubId": "9f27f237-058c-424a-9626-4653c3f1604e",
    "fullName": "Patsy Mueller",
    "email": "Orland.Keebler@yahoo.com",
    "phone": "618-645-2716 x34187",
    "sex": "other",
    "status": "active",
    "deleted": false,
    "createdAt": "2024-06-27T09:36:50.246Z"
  },
  {
    "facebookId": "a221ef0e-dfed-490a-9603-def3d9663b96",
    "fullName": "Cynthia Flatley",
    "email": "Rosamond69@yahoo.com",
    "phone": "(454) 934-4736 x8490",
    "sex": "other",
    "status": "active",
    "deleted": false,
    "createdAt": "2024-06-27T11:27:30.372Z"
  },
  {
    "githubId": "8c75874d-991c-49c6-a5a6-0ab3af955e4f",
    "fullName": "Jesus Langosh",
    "email": "Wilmer.Bahringer@yahoo.com",
    "phone": "(976) 764-9146",
    "sex": "male",
    "status": "active",
    "deleted": false,
    "createdAt": "2024-06-27T11:49:06.638Z"
  },
  {
    "githubId": "c7623367-0795-4c91-8d14-164d5bd3bef4",
    "fullName": "Lola Hand",
    "email": "Justice70@gmail.com",
    "phone": "937.285.7844 x50713",
    "sex": "other",
    "status": "active",
    "deleted": false,
    "createdAt": "2024-06-27T14:01:14.149Z"
  },
  {
    "fullName": "Josefina Cruickshank",
    "email": "Kacey0@gmail.com",
    "password": "$2b$10$.4nFQJC4G8.MRfVp27sgZ.zs8bMMnX79z7siRQAxftcPegYnytOR6",
    "phone": "391.594.1170",
    "sex": "female",
    "status": "active",
    "deleted": false,
    "createdAt": "2024-06-27T14:18:42.816Z"
  },
  {
    "googleId": "34d7590c-ce6a-4bef-bc40-f50913ad559c",
    "fullName": "Susie Lind",
    "email": "Emmitt.Quigley@gmail.com",
    "phone": "799.256.3752 x536",
    "sex": "female",
    "status": "active",
    "deleted": false,
    "createdAt": "2024-06-27T16:21:01.204Z"
  },
  {
    "googleId": "28d75ca6-671e-48be-8eba-80ba752a5853",
    "fullName": "Johnnie Simonis",
    "email": "Hermina_Considine@hotmail.com",
    "phone": "(742) 314-6687 x77521",
    "sex": "other",
    "status": "active",
    "deleted": false,
    "createdAt": "2024-06-28T00:11:03.507Z"
  },
  {
    "googleId": "62d1e575-2e52-410f-9b63-4fe1564391da",
    "fullName": "Myrtle Koss-Hickle",
    "email": "Jeffrey.McDermott@yahoo.com",
    "phone": "1-740-932-0018 x138",
    "sex": "other",
    "status": "active",
    "deleted": false,
    "createdAt": "2024-06-28T00:23:51.577Z"
  },
  {
    "fullName": "Randolph Hermiston",
    "email": "Maritza.Goyette3@hotmail.com",
    "password": "$2b$10$sApGQ0IXCTfwDkRfv0ehCOtZXXDxOjqLD5XYD.VblRw.gEsn2dx8a",
    "phone": "1-364-585-1229 x1654",
    "sex": "female",
    "status": "active",
    "deleted": false,
    "createdAt": "2024-06-28T06:38:42.392Z"
  },
  {
    "googleId": "e0824fac-e0eb-4e1a-8e9e-fd2d744789c9",
    "fullName": "Ernest Marks",
    "email": "Nedra_Hayes53@hotmail.com",
    "phone": "(439) 933-6402 x1251",
    "sex": "other",
    "status": "active",
    "deleted": false,
    "createdAt": "2024-06-28T07:02:30.646Z"
  },
  {
    "githubId": "101e6d84-5b45-4073-b306-5a8e0ce89dc7",
    "fullName": "Heather Ziemann",
    "email": "Brent72@hotmail.com",
    "phone": "843.434.9426",
    "sex": "male",
    "status": "active",
    "deleted": false,
    "createdAt": "2024-06-28T17:40:56.608Z"
  },
  {
    "fullName": "Elbert Abbott",
    "email": "Jerad.Cummerata@gmail.com",
    "password": "$2b$10$ROJwSvNsMR2hEJzMk3HstOFCbZd18ChDNn1pv0mbdWagrUUTC3.R2",
    "phone": "736.242.0679",
    "sex": "other",
    "status": "active",
    "deleted": false,
    "createdAt": "2024-06-28T19:09:51.139Z"
  },
  {
    "googleId": "d570e361-9f18-4930-b3df-351080e4d1ca",
    "fullName": "Florence Walsh",
    "email": "Salvatore.Ward38@hotmail.com",
    "phone": "1-501-540-1764 x32795",
    "sex": "other",
    "status": "active",
    "deleted": false,
    "createdAt": "2024-06-28T21:03:45.811Z"
  },
  {
    "githubId": "6daa8840-669d-4d60-9966-bb72236c72c3",
    "fullName": "Terry O'Kon",
    "email": "Dustin.Larkin@gmail.com",
    "phone": "329-879-4328",
    "sex": "male",
    "status": "active",
    "deleted": false,
    "createdAt": "2024-06-28T21:19:41.518Z"
  }
]
