[
  {
    "googleId": "ee71f989-aa99-4789-801f-8a7c71de8d38",
    "fullName": "Rochelle Greenfelder",
    "email": "Hannah.Champlin62@gmail.com",
    "phone": "256.956.0397 x09147",
    "sex": "other",
    "status": "active",
    "deleted": false,
    "createdAt": "2024-09-01T01:09:07.638Z"
  },
  {
    "googleId": "ce84cfb8-9baa-406e-9902-bec06c22da33",
    "fullName": "Joseph Wilderman",
    "email": "Enola.Jacobi@yahoo.com",
    "phone": "1-446-567-7919 x47122",
    "sex": "other",
    "status": "active",
    "deleted": false,
    "createdAt": "2024-09-01T18:18:30.293Z"
  },
  {
    "facebookId": "648157bf-d814-43da-9f09-a20755a1c317",
    "fullName": "Antonio Upton",
    "email": "Mozell37@hotmail.com",
    "phone": "270-811-8260 x2221",
    "sex": "female",
    "status": "active",
    "deleted": false,
    "createdAt": "2024-09-01T22:16:39.533Z"
  },
  {
    "githubId": "79a5c9f2-a830-4a01-a7a4-43bfd0aff7f8",
    "fullName": "Gayle Bode",
    "email": "Maximillia_OKeefe@yahoo.com",
    "phone": "(279) 958-3681 x82275",
    "sex": "female",
    "status": "active",
    "deleted": false,
    "createdAt": "2024-09-02T01:31:18.906Z"
  },
  {
    "githubId": "edc6cb51-b894-4333-9eca-c44460c2870b",
    "fullName": "Julio Wilderman-Pfeffer",
    "email": "Corbin_Krajcik@yahoo.com",
    "phone": "1-233-307-2227 x253",
    "sex": "other",
    "status": "active",
    "deleted": false,
    "createdAt": "2024-09-02T02:58:08.488Z"
  },
  {
    "googleId": "dca6c776-5fcc-4039-9c3b-daa9951ccf11",
    "fullName": "Mr. Wendell Flatley",
    "email": "Lane_Ritchie@yahoo.com",
    "phone": "975.344.6071",
    "sex": "other",
    "status": "active",
    "deleted": false,
    "createdAt": "2024-09-02T02:58:38.851Z"
  },
  {
    "googleId": "fb91fdfb-e7c5-4202-b512-abdbe97c47c3",
    "fullName": "Dr. Catherine Becker",
    "email": "Christa_Will@hotmail.com",
    "phone": "(927) 688-2611 x7255",
    "sex": "other",
    "status": "active",
    "deleted": false,
    "createdAt": "2024-09-02T06:32:06.100Z"
  },
  {
    "fullName": "Katie Kassulke",
    "email": "Rory81@hotmail.com",
    "password": "$2b$10$uTlACkkQSrTR2Dh9Gyncm.vIqByOtjLo70cL3CnmXdVVeES8xQHSm",
    "phone": "236.630.6374 x6690",
    "sex": "other",
    "status": "active",
    "deleted": false,
    "createdAt": "2024-09-02T09:20:30.603Z"
  },
  {
    "fullName": "Alejandro D'Amore",
    "email": "Yazmin.Renner-Sawayn86@gmail.com",
    "password": "$2b$10$PU3Q1g3zeR1iyOrqwq5UW.L/tPiqxM4xaxGKsCfjoI2X3reU0zyQy",
    "phone": "377-447-9525",
    "sex": "male",
    "status": "active",
    "deleted": false,
    "createdAt": "2024-09-02T10:15:00.903Z"
  },
  {
    "fullName": "Harriet Willms",
    "email": "Jaleel_Wintheiser@hotmail.com",
    "password": "$2b$10$6aTU9ovTetnOvJZj.OQ3kO4OowaehAK4zn8r9SwGRLQUeml0P0m0G",
    "phone": "730.958.3695",
    "sex": "other",
    "status": "active",
    "deleted": false,
    "createdAt": "2024-09-02T15:56:00.316Z"
  },
  {
    "githubId": "9a9335cc-614c-414c-92c3-636f3e8a8737",
    "fullName": "Flora Heidenreich",
    "email": "Alexandre99@gmail.com",
    "phone": "894.781.9371 x452",
    "sex": "female",
    "status": "active",
    "deleted": false,
    "createdAt": "2024-09-02T15:59:12.343Z"
  },
  {
    "facebookId": "2c6f40f5-a9d0-4d4c-badb-31c46167ee76",
    "fullName": "Sheila Goodwin-Osinski",
    "email": "Beaulah59@hotmail.com",
    "phone": "560-368-2259 x908",
    "sex": "other",
    "status": "active",
    "deleted": false,
    "createdAt": "2024-09-03T01:03:59.399Z"
  },
  {
    "fullName": "Geraldine Bahringer",
    "email": "Rebeka83@yahoo.com",
    "password": "$2b$10$vJxM.g5twurK.LVCZ/lgiecTCcFX1edwj4WDaHI7OMzq0TxuFkj9K",
    "phone": "1-949-593-1551 x68903",
    "sex": "other",
    "status": "active",
    "deleted": false,
    "createdAt": "2024-09-03T03:28:40.432Z"
  },
  {
    "githubId": "a44010c2-2562-4af7-84a0-5e58c35e32e5",
    "fullName": "Katherine Witting",
    "email": "Art9@yahoo.com",
    "phone": "(510) 614-4565 x6535",
    "sex": "other",
    "status": "active",
    "deleted": false,
    "createdAt": "2024-09-03T06:45:06.340Z"
  },
  {
    "githubId": "3dba9fa6-4072-41db-8ff1-85a48b244bf9",
    "fullName": "Reginald Cruickshank",
    "email": "Gina.Durgan5@hotmail.com",
    "phone": "(418) 344-4781 x51195",
    "sex": "other",
    "status": "active",
    "deleted": false,
    "createdAt": "2024-09-03T07:13:46.032Z"
  },
  {
    "facebookId": "799a36b6-f490-4494-a665-1045b9760794",
    "fullName": "Jill Graham",
    "email": "Tyson_Miller25@gmail.com",
    "phone": "(645) 939-0759",
    "sex": "male",
    "status": "active",
    "deleted": false,
    "createdAt": "2024-09-03T08:52:10.142Z"
  },
  {
    "googleId": "6530bde0-3a64-4fd1-96f5-2cdb676b5656",
    "fullName": "Ray Kub Sr.",
    "email": "Ariel_Leannon94@hotmail.com",
    "phone": "1-355-952-0560",
    "sex": "other",
    "status": "active",
    "deleted": false,
    "createdAt": "2024-09-03T09:56:18.360Z"
  },
  {
    "googleId": "315c31e5-de84-43e2-97ef-bf270328f740",
    "fullName": "Erma Wintheiser Sr.",
    "email": "Berneice_Kub@gmail.com",
    "phone": "1-940-709-7811 x173",
    "sex": "other",
    "status": "active",
    "deleted": false,
    "createdAt": "2024-09-03T11:05:11.164Z"
  },
  {
    "facebookId": "a4766dce-c2de-4dc6-bfbc-77fe7ebd92bf",
    "fullName": "Emanuel Berge",
    "email": "Peggie.Haley50@yahoo.com",
    "phone": "335-823-0456",
    "sex": "other",
    "status": "active",
    "deleted": false,
    "createdAt": "2024-09-03T11:49:40.238Z"
  },
  {
    "googleId": "77d3d072-00be-47f1-93ec-824b91eab147",
    "fullName": "Casey Cartwright",
    "email": "Fredy.Smith96@gmail.com",
    "phone": "301.976.0427 x425",
    "sex": "male",
    "status": "active",
    "deleted": false,
    "createdAt": "2024-09-03T14:51:12.534Z"
  },
  {
    "googleId": "93d79dad-315c-43c1-a829-ae9a941b7c6a",
    "fullName": "Dr. Paula Koch",
    "email": "Sister56@hotmail.com",
    "phone": "(916) 329-8126 x5847",
    "sex": "other",
    "status": "active",
    "deleted": false,
    "createdAt": "2024-09-03T21:42:40.447Z"
  },
  {
    "githubId": "dcbadd09-ce8a-4c4c-8a5b-3922223c3a93",
    "fullName": "Cecelia Bergstrom Jr.",
    "email": "Coralie_Morissette94@gmail.com",
    "phone": "298-744-6754 x5449",
    "sex": "female",
    "status": "active",
    "deleted": false,
    "createdAt": "2024-09-03T22:45:09.438Z"
  },
  {
    "fullName": "Agnes Metz",
    "email": "Laury99@hotmail.com",
    "password": "$2b$10$O8E.6KdioMJHCKiSRKPVQ.hQdMUDHXQxHnrD2GWEsnLW.7M.6iUq.",
    "phone": "(809) 370-7280 x664",
    "sex": "other",
    "status": "active",
    "deleted": false,
    "createdAt": "2024-09-03T23:15:33.661Z"
  },
  {
    "githubId": "306e287e-a860-49cf-bfc8-5bf2ed4fbb27",
    "fullName": "Della Rau",
    "email": "Lizzie76@hotmail.com",
    "phone": "605.783.6579 x052",
    "sex": "male",
    "status": "active",
    "deleted": false,
    "createdAt": "2024-09-04T01:20:34.740Z"
  },
  {
    "facebookId": "6b5f073f-e783-45ce-88d4-4fbcd0e9813c",
    "fullName": "Lucille Waelchi",
    "email": "Katelin_Renner40@gmail.com",
    "phone": "(686) 953-7611 x384",
    "sex": "female",
    "status": "active",
    "deleted": false,
    "createdAt": "2024-09-04T04:31:51.333Z"
  },
  {
    "fullName": "Marion Schimmel",
    "email": "Kiana.Luettgen60@hotmail.com",
    "password": "$2b$10$F31BAMlnldpk0gDN0QpxRuK3vdFn7.lh7W8/DucSL62IiyTxYVI2e",
    "phone": "(367) 751-7675",
    "sex": "female",
    "status": "active",
    "deleted": false,
    "createdAt": "2024-09-04T09:55:13.952Z"
  },
  {
    "fullName": "Lynda Daniel III",
    "email": "Akeem.Mante56@yahoo.com",
    "password": "$2b$10$Dgfcc.2jEfzsuvLCVgS2U.V78YMuRzBlEaNSavIGmj3YfnWgS1xuG",
    "phone": "(781) 767-7011 x1576",
    "sex": "female",
    "status": "active",
    "deleted": false,
    "createdAt": "2024-09-05T03:51:17.125Z"
  },
  {
    "googleId": "96959fd7-35d6-4d4e-9ad5-2f6b8c8aef05",
    "fullName": "Dr. Drew Okuneva",
    "email": "Florian.Crist@yahoo.com",
    "phone": "(232) 312-6466 x3681",
    "sex": "female",
    "status": "active",
    "deleted": false,
    "createdAt": "2024-09-05T04:24:04.770Z"
  },
  {
    "githubId": "6d680f74-48c6-4540-b8f6-0e3b0f892db6",
    "fullName": "Iris Jerde",
    "email": "Billie_Schneider@hotmail.com",
    "phone": "(701) 779-4165 x62463",
    "sex": "other",
    "status": "active",
    "deleted": false,
    "createdAt": "2024-09-05T05:04:17.794Z"
  },
  {
    "githubId": "0159748e-5045-4aa6-92bc-32e588455391",
    "fullName": "Rodolfo McLaughlin",
    "email": "Bernita.Flatley46@hotmail.com",
    "phone": "1-494-493-3213 x900",
    "sex": "other",
    "status": "active",
    "deleted": false,
    "createdAt": "2024-09-05T12:51:00.483Z"
  },
  {
    "facebookId": "d9d686f2-0b14-49a1-85d4-33357e4849b8",
    "fullName": "Kelli Reichel DDS",
    "email": "Cole.Daniel@yahoo.com",
    "phone": "400-643-2988",
    "sex": "male",
    "status": "active",
    "deleted": false,
    "createdAt": "2024-09-05T12:53:42.914Z"
  },
  {
    "githubId": "351c5476-2d57-4f91-997a-8f7cc0ceaa19",
    "fullName": "Lee Becker",
    "email": "Maribel.Daugherty1@hotmail.com",
    "phone": "1-844-265-9286 x27670",
    "sex": "other",
    "status": "active",
    "deleted": false,
    "createdAt": "2024-09-05T13:25:39.042Z"
  },
  {
    "facebookId": "c740a775-8bd3-43bf-9a68-d0acaa7e23fc",
    "fullName": "Karla Champlin",
    "email": "Magdalena27@gmail.com",
    "phone": "1-981-945-5896",
    "sex": "male",
    "status": "active",
    "deleted": false,
    "createdAt": "2024-09-05T19:52:14.762Z"
  },
  {
    "facebookId": "0d56dd3a-946d-41a9-83a4-c1c48be8fd7c",
    "fullName": "Darlene Rowe",
    "email": "Herta_Bartoletti@hotmail.com",
    "phone": "(233) 374-1246 x803",
    "sex": "other",
    "status": "active",
    "deleted": false,
    "createdAt": "2024-09-05T20:21:31.987Z"
  },
  {
    "fullName": "Josefina Langworth",
    "email": "Sam_Durgan69@yahoo.com",
    "password": "$2b$10$22rKHHiOap0XbEDPEpUOp.ZsCgxLtjr7GKguipAvabMI3Bs3RAt/W",
    "phone": "978.569.7780",
    "sex": "female",
    "status": "active",
    "deleted": false,
    "createdAt": "2024-09-06T02:21:37.468Z"
  },
  {
    "googleId": "71db3fb8-a4c7-4811-a759-7726e8ceca35",
    "fullName": "Willie Pacocha",
    "email": "Herminia47@hotmail.com",
    "phone": "865-663-7388 x6474",
    "sex": "female",
    "status": "active",
    "deleted": false,
    "createdAt": "2024-09-06T13:29:16.084Z"
  },
  {
    "googleId": "48a9d8a2-bed9-4fe3-8402-2339fa54c11f",
    "fullName": "Alton Lind",
    "email": "Odie41@yahoo.com",
    "phone": "1-875-739-4179",
    "sex": "other",
    "status": "active",
    "deleted": false,
    "createdAt": "2024-09-06T15:29:46.381Z"
  },
  {
    "fullName": "Rosemarie Jones",
    "email": "Stanford.Homenick18@hotmail.com",
    "password": "$2b$10$fvRUnOcQbjMhq4rketW7POVTD4M1u8CzyPmAJJzylXQIQ5qQc4Ipa",
    "phone": "1-816-869-0893 x5942",
    "sex": "other",
    "status": "active",
    "deleted": false,
    "createdAt": "2024-09-06T18:16:51.514Z"
  },
  {
    "githubId": "c8a47769-4df9-4500-9d04-0a76e9e805a0",
    "fullName": "Lorene Hahn",
    "email": "Friedrich.Mitchell9@gmail.com",
    "phone": "751-263-3858 x86270",
    "sex": "other",
    "status": "active",
    "deleted": false,
    "createdAt": "2024-09-07T00:38:59.967Z"
  },
  {
    "githubId": "76b2084b-81e2-41f9-8500-c0f15e95e41e",
    "fullName": "Katie Schimmel",
    "email": "Nikita.Koepp28@hotmail.com",
    "phone": "1-816-367-4900 x34806",
    "sex": "male",
    "status": "active",
    "deleted": false,
    "createdAt": "2024-09-07T02:19:44.892Z"
  },
  {
    "fullName": "Mrs. Laverne Bartell",
    "email": "Jacynthe12@hotmail.com",
    "password": "$2b$10$Rbp6a5xHVC6m4VxShA9crOyDHz2so6v84xueJOddIjsbzyGj0CGSm",
    "phone": "213-848-6930 x69730",
    "sex": "female",
    "status": "active",
    "deleted": false,
    "createdAt": "2024-09-07T02:38:45.444Z"
  },
  {
    "facebookId": "e8b452ac-d3c4-438d-a3f3-c885eac199be",
    "fullName": "Jared Denesik",
    "email": "Retha_Bergstrom70@gmail.com",
    "phone": "(290) 323-9089 x783",
    "sex": "other",
    "status": "active",
    "deleted": false,
    "createdAt": "2024-09-07T06:17:23.293Z"
  },
  {
    "googleId": "ebf0e200-a3ff-4c3f-8939-214bfd8919eb",
    "fullName": "Annie Ward",
    "email": "Abner.Pfeffer83@yahoo.com",
    "phone": "1-888-641-5037 x5164",
    "sex": "other",
    "status": "active",
    "deleted": false,
    "createdAt": "2024-09-07T09:13:41.227Z"
  },
  {
    "googleId": "df689ae4-8201-4731-a55e-f253f143188f",
    "fullName": "Kara Cronin",
    "email": "Laila_Rosenbaum@gmail.com",
    "phone": "1-742-706-8117 x79057",
    "sex": "other",
    "status": "active",
    "deleted": false,
    "createdAt": "2024-09-07T11:38:22.705Z"
  },
  {
    "googleId": "6c2b12e0-8d23-4692-805e-ecb70592fc36",
    "fullName": "Moses Fritsch PhD",
    "email": "Stephen34@hotmail.com",
    "phone": "(252) 502-6372 x05729",
    "sex": "other",
    "status": "active",
    "deleted": false,
    "createdAt": "2024-09-07T15:31:59.113Z"
  },
  {
    "googleId": "2e49be57-2364-4c29-828a-7d0269f31df9",
    "fullName": "Shirley Rohan",
    "email": "Lucinda80@yahoo.com",
    "phone": "278-264-4071 x71034",
    "sex": "other",
    "status": "active",
    "deleted": false,
    "createdAt": "2024-09-07T23:18:20.203Z"
  },
  {
    "googleId": "b49e7f85-7362-41d6-bf68-469f50b21d88",
    "fullName": "Mr. Bryant Jenkins",
    "email": "Vern12@hotmail.com",
    "phone": "1-454-332-3324",
    "sex": "other",
    "status": "active",
    "deleted": false,
    "createdAt": "2024-09-08T02:29:41.647Z"
  },
  {
    "facebookId": "4f889ce7-7066-422d-84ad-2a94ae3633b7",
    "fullName": "Amos Hettinger",
    "email": "Patience.Ondricka@yahoo.com",
    "phone": "(381) 955-2179 x287",
    "sex": "other",
    "status": "active",
    "deleted": false,
    "createdAt": "2024-09-08T14:58:55.849Z"
  },
  {
    "fullName": "Jamie Gerlach",
    "email": "Anabelle.Wolff41@yahoo.com",
    "password": "$2b$10$4itQiuGHBaA/xPa3vAwxYuDmoBH3bXqAAUg/hskr7pWcmmefi3omC",
    "phone": "1-558-940-0339 x871",
    "sex": "female",
    "status": "active",
    "deleted": false,
    "createdAt": "2024-09-08T18:29:30.656Z"
  },
  {
    "fullName": "Dr. Carlton Leuschke",
    "email": "Will_Bode@yahoo.com",
    "password": "$2b$10$g7rwg8.hA0X1uXCbdiiah.nEbvKsS.3TKTTaj7ZLWwuyJwz0n0QtO",
    "phone": "1-632-547-6635 x78340",
    "sex": "male",
    "status": "active",
    "deleted": false,
    "createdAt": "2024-09-08T19:27:18.805Z"
  },
  {
    "githubId": "ae30381c-c9bb-460c-a726-2835d36869cf",
    "fullName": "Todd Deckow",
    "email": "Jonas_Lynch45@gmail.com",
    "phone": "861-862-1820",
    "sex": "other",
    "status": "active",
    "deleted": false,
    "createdAt": "2024-09-08T23:34:18.983Z"
  },
  {
    "githubId": "83cb99af-813c-427e-9904-5282cc1ff5d1",
    "fullName": "Perry Jenkins",
    "email": "Cindy_Bauch14@gmail.com",
    "phone": "(834) 390-2755 x4078",
    "sex": "other",
    "status": "active",
    "deleted": false,
    "createdAt": "2024-09-09T02:38:47.505Z"
  },
  {
    "githubId": "d2ee6b16-4068-4149-bb96-e2fe9b031b61",
    "fullName": "Dixie Kirlin",
    "email": "Nadia32@yahoo.com",
    "phone": "1-359-273-9494 x93441",
    "sex": "female",
    "status": "active",
    "deleted": false,
    "createdAt": "2024-09-09T08:51:08.800Z"
  },
  {
    "fullName": "Laurence Schroeder",
    "email": "Gene.Buckridge73@yahoo.com",
    "password": "$2b$10$5v7fAeFsd6u4//wysu99uO26yL.N4DXhnm.eJGxwjaF3HMTynyUgi",
    "phone": "359-913-0906 x3021",
    "sex": "female",
    "status": "active",
    "deleted": false,
    "createdAt": "2024-09-09T10:57:00.675Z"
  },
  {
    "githubId": "a9a3ef6c-708f-48e2-9287-079a6d41484c",
    "fullName": "Eugene Cassin",
    "email": "Garnett_Becker41@gmail.com",
    "phone": "(281) 321-4655 x5913",
    "sex": "other",
    "status": "active",
    "deleted": false,
    "createdAt": "2024-09-09T12:49:11.621Z"
  },
  {
    "googleId": "61a6bba4-31a9-4c46-af0d-512967ff6ae0",
    "fullName": "Dolores Lindgren",
    "email": "Pearline.Ortiz@gmail.com",
    "phone": "1-767-519-7928",
    "sex": "other",
    "status": "active",
    "deleted": false,
    "createdAt": "2024-09-09T14:11:53.019Z"
  },
  {
    "facebookId": "3f4c4e31-4968-4394-a1ed-bdb0028dde9b",
    "fullName": "Earl Lebsack",
    "email": "Judah.Hyatt@hotmail.com",
    "phone": "354-632-4240 x731",
    "sex": "male",
    "status": "active",
    "deleted": false,
    "createdAt": "2024-09-09T15:07:04.794Z"
  },
  {
    "githubId": "cfc4fe75-7e56-4239-b3d6-c39359433ea9",
    "fullName": "Marguerite Botsford",
    "email": "Jaida16@yahoo.com",
    "phone": "1-415-415-4429 x66314",
    "sex": "male",
    "status": "active",
    "deleted": false,
    "createdAt": "2024-09-10T02:38:56.157Z"
  },
  {
    "facebookId": "7b99797d-ee20-4152-8993-43b3a5ebdeba",
    "fullName": "Leo Deckow",
    "email": "Grace.Gleason47@yahoo.com",
    "phone": "511.662.4903 x0494",
    "sex": "male",
    "status": "active",
    "deleted": false,
    "createdAt": "2024-09-10T05:48:08.608Z"
  },
  {
    "googleId": "97fcb469-932d-4687-9d82-4cd116554779",
    "fullName": "Victor Smitham",
    "email": "Marcelino_Goldner@hotmail.com",
    "phone": "1-319-241-4919",
    "sex": "other",
    "status": "active",
    "deleted": false,
    "createdAt": "2024-09-10T07:45:13.254Z"
  },
  {
    "fullName": "Elmer Swaniawski",
    "email": "Gaetano_Franey@gmail.com",
    "password": "$2b$10$QleNrbNkISdl2bK5OB6HeugGrfEmVHCLiBwV/6mwryjbtg/hkiODi",
    "phone": "792-677-0672 x52203",
    "sex": "other",
    "status": "active",
    "deleted": false,
    "createdAt": "2024-09-10T08:41:06.870Z"
  },
  {
    "githubId": "f623bda4-c488-4554-b8e0-f2df8ac32545",
    "fullName": "Mrs. Dolores Stiedemann DDS",
    "email": "Jess.Stiedemann@gmail.com",
    "phone": "(538) 738-9437",
    "sex": "other",
    "status": "active",
    "deleted": false,
    "createdAt": "2024-09-10T11:22:48.163Z"
  },
  {
    "fullName": "Thomas Mann",
    "email": "Garnet3@yahoo.com",
    "password": "$2b$10$8Gep1UiTg90PGJ12xjGNiuRyI2/lFHYMyoRpHpvs1T0HbCqs3Yv7i",
    "phone": "1-568-565-8746 x479",
    "sex": "male",
    "status": "active",
    "deleted": false,
    "createdAt": "2024-09-10T12:43:12.988Z"
  },
  {
    "facebookId": "c961590c-4626-459a-b174-c8111c7404e8",
    "fullName": "Shawna Deckow II",
    "email": "Jonathan_OKon@gmail.com",
    "phone": "486.455.1460 x3952",
    "sex": "female",
    "status": "active",
    "deleted": false,
    "createdAt": "2024-09-10T13:17:47.500Z"
  },
  {
    "fullName": "Miss Mandy Schmitt",
    "email": "Marshall0@hotmail.com",
    "password": "$2b$10$JsWJIIoaWSbSEQ.BMM/yoeTPGC3XW5TOzm4wrvHtjvBv7cCz6Ggji",
    "phone": "1-575-670-3205 x30474",
    "sex": "female",
    "status": "active",
    "deleted": false,
    "createdAt": "2024-09-10T14:21:54.323Z"
  },
  {
    "googleId": "bbf131e0-460f-4895-ad65-521aaf898f4f",
    "fullName": "Darrel Legros DDS",
    "email": "Jewell26@hotmail.com",
    "phone": "1-395-353-3274 x81931",
    "sex": "other",
    "status": "active",
    "deleted": false,
    "createdAt": "2024-09-10T20:45:38.993Z"
  },
  {
    "githubId": "2be98899-87b7-4e05-bcae-7e2ae1ce01f0",
    "fullName": "Amy Anderson",
    "email": "Tamara.Lindgren@yahoo.com",
    "phone": "1-537-771-6014 x784",
    "sex": "male",
    "status": "active",
    "deleted": false,
    "createdAt": "2024-09-10T22:11:47.733Z"
  },
  {
    "googleId": "126ed3d8-59ef-4ffe-8d90-b024c42936fe",
    "fullName": "Mr. Chad Farrell",
    "email": "Malvina.Schuppe54@hotmail.com",
    "phone": "577-641-6585",
    "sex": "female",
    "status": "active",
    "deleted": false,
    "createdAt": "2024-09-10T22:14:26.187Z"
  },
  {
    "fullName": "Mark Mills",
    "email": "Madalyn53@yahoo.com",
    "password": "$2b$10$iRXvAl4733Iip6mdw.kzfuxXBa4KJBna3SsB5gZZmROoZv3YBlA3K",
    "phone": "945-890-8499 x5517",
    "sex": "other",
    "status": "active",
    "deleted": false,
    "createdAt": "2024-09-10T22:45:55.752Z"
  },
  {
    "githubId": "2dfb028c-007f-4f48-a68e-2d4a0aad27af",
    "fullName": "Curtis Borer",
    "email": "Lila_Tremblay@yahoo.com",
    "phone": "859-719-6318 x31369",
    "sex": "other",
    "status": "active",
    "deleted": false,
    "createdAt": "2024-09-10T23:07:09.695Z"
  },
  {
    "googleId": "4c3eb220-4341-49a6-a833-a46c131f6b94",
    "fullName": "Daisy Gulgowski",
    "email": "Brad_Cassin@hotmail.com",
    "phone": "483.666.7667",
    "sex": "other",
    "status": "active",
    "deleted": false,
    "createdAt": "2024-09-11T09:37:50.562Z"
  },
  {
    "googleId": "6a399350-db8c-447e-ac44-635180ad6da1",
    "fullName": "Felicia Predovic",
    "email": "Imelda_Koch@hotmail.com",
    "phone": "452.315.9103 x29504",
    "sex": "other",
    "status": "active",
    "deleted": false,
    "createdAt": "2024-09-11T10:10:00.212Z"
  },
  {
    "facebookId": "efad7fa3-454a-4516-94fc-9962c9c577f7",
    "fullName": "Dr. Robyn Rau",
    "email": "Maymie_Klocko@gmail.com",
    "phone": "(657) 915-1941 x5346",
    "sex": "other",
    "status": "active",
    "deleted": false,
    "createdAt": "2024-09-11T11:26:01.617Z"
  },
  {
    "githubId": "9206641b-3ee3-460f-86fb-f25a9c22980f",
    "fullName": "Mark Goldner",
    "email": "Odell49@yahoo.com",
    "phone": "(931) 386-7315",
    "sex": "male",
    "status": "active",
    "deleted": false,
    "createdAt": "2024-09-11T13:14:03.707Z"
  },
  {
    "googleId": "a3445549-25ae-4cd2-97e8-eb6465012b71",
    "fullName": "Lillie Bins",
    "email": "Joey24@gmail.com",
    "phone": "(307) 602-7604 x10525",
    "sex": "female",
    "status": "active",
    "deleted": false,
    "createdAt": "2024-09-11T21:15:28.936Z"
  },
  {
    "githubId": "9fbd1508-ba4b-4880-a237-f2235dd3ed42",
    "fullName": "Eugene Brekke",
    "email": "Luna.VonRueden@hotmail.com",
    "phone": "1-505-674-1213 x93857",
    "sex": "other",
    "status": "active",
    "deleted": false,
    "createdAt": "2024-09-12T02:13:46.979Z"
  },
  {
    "googleId": "2892335b-8c80-4b69-8cd6-d5c3f0ccd4b5",
    "fullName": "Wade Schinner-Schmeler",
    "email": "Opal_Conn@gmail.com",
    "phone": "745.797.9532",
    "sex": "male",
    "status": "active",
    "deleted": false,
    "createdAt": "2024-09-12T03:12:45.721Z"
  },
  {
    "facebookId": "dbe78bc7-f617-4c29-8485-7e7248996728",
    "fullName": "Ms. Crystal Schroeder",
    "email": "Talia22@gmail.com",
    "phone": "1-704-924-6850",
    "sex": "male",
    "status": "active",
    "deleted": false,
    "createdAt": "2024-09-12T03:24:43.347Z"
  },
  {
    "googleId": "8fb7149a-a224-4c18-9e09-a13dfffbe477",
    "fullName": "Jackie Kassulke",
    "email": "Luis_Hamill93@hotmail.com",
    "phone": "(560) 777-7698 x2663",
    "sex": "other",
    "status": "active",
    "deleted": false,
    "createdAt": "2024-09-12T08:11:24.340Z"
  },
  {
    "fullName": "Jean Beahan DVM",
    "email": "Consuelo_Crist45@gmail.com",
    "password": "$2b$10$kVg.Cj5QK/49/BQQZ6H7LOR7qv40YR4wslNLSRKDxA9QIjAwRBP9e",
    "phone": "(666) 309-0941 x84793",
    "sex": "female",
    "status": "active",
    "deleted": false,
    "createdAt": "2024-09-12T10:10:58.845Z"
  },
  {
    "githubId": "f078dddb-ab0b-4877-a394-9a11265af80a",
    "fullName": "Alexandra Hayes",
    "email": "Austyn_Buckridge@gmail.com",
    "phone": "788.379.9874 x032",
    "sex": "male",
    "status": "active",
    "deleted": false,
    "createdAt": "2024-09-12T15:15:10.008Z"
  },
  {
    "facebookId": "c45667a7-6630-4a0c-8a78-b583969adeb1",
    "fullName": "Patsy Lockman",
    "email": "Kenyatta.Rath18@yahoo.com",
    "phone": "1-800-234-7077 x033",
    "sex": "female",
    "status": "active",
    "deleted": false,
    "createdAt": "2024-09-12T20:39:49.927Z"
  },
  {
    "fullName": "Eunice Sanford",
    "email": "Ezekiel22@hotmail.com",
    "password": "$2b$10$h2FoIFV6Q5ietd7nyYBoTu.lyvtbY6MVZ/voZEUnSTOgVOBYYxpCK",
    "phone": "1-981-975-1835",
    "sex": "female",
    "status": "active",
    "deleted": false,
    "createdAt": "2024-09-12T22:17:56.727Z"
  },
  {
    "githubId": "a7bb16b4-4561-4d59-af0a-2d855070b335",
    "fullName": "Wendell Jast",
    "email": "Elisabeth.Kiehn@gmail.com",
    "phone": "330.798.4364 x71975",
    "sex": "male",
    "status": "active",
    "deleted": false,
    "createdAt": "2024-09-13T10:40:29.273Z"
  },
  {
    "fullName": "Rudolph Bergstrom",
    "email": "Desmond.Hagenes73@hotmail.com",
    "password": "$2b$10$LwR2906MqlNkAaSttCltsevSx0SIFpCPBCYjsOQLP5EIZS0e0pTLq",
    "phone": "1-727-751-7098 x3740",
    "sex": "other",
    "status": "active",
    "deleted": false,
    "createdAt": "2024-09-13T18:28:16.282Z"
  },
  {
    "githubId": "2208acc5-f262-4d44-94ea-e8e81859a163",
    "fullName": "Jake Goyette Jr.",
    "email": "Devan.Schaefer@yahoo.com",
    "phone": "338-537-0432 x5346",
    "sex": "female",
    "status": "active",
    "deleted": false,
    "createdAt": "2024-09-13T19:29:46.864Z"
  },
  {
    "facebookId": "cf0c135b-8da7-4ae5-870e-c56d54985d2f",
    "fullName": "Victoria Lindgren",
    "email": "Dashawn_Kilback@gmail.com",
    "phone": "279.378.3914 x865",
    "sex": "other",
    "status": "active",
    "deleted": false,
    "createdAt": "2024-09-13T19:36:30.696Z"
  },
  {
    "facebookId": "b8e4baed-852c-4f57-9a4f-d07b81199b06",
    "fullName": "Amy Stamm",
    "email": "Chauncey35@gmail.com",
    "phone": "753-645-0226 x01903",
    "sex": "other",
    "status": "active",
    "deleted": false,
    "createdAt": "2024-09-13T23:14:37.560Z"
  },
  {
    "githubId": "fc8ff21b-e08b-486f-b797-b0e98ab3a0f6",
    "fullName": "Cedric Vandervort",
    "email": "Destany85@gmail.com",
    "phone": "(498) 211-8135 x56730",
    "sex": "male",
    "status": "active",
    "deleted": false,
    "createdAt": "2024-09-14T14:37:03.032Z"
  },
  {
    "githubId": "ae35b54a-f32d-4937-a0e4-f638b6f0f3f6",
    "fullName": "Elena Nienow",
    "email": "Mac47@gmail.com",
    "phone": "1-486-524-2157 x1428",
    "sex": "female",
    "status": "active",
    "deleted": false,
    "createdAt": "2024-09-14T17:47:29.968Z"
  },
  {
    "googleId": "56fd8536-241d-4ea0-a49f-ea106c18a7e0",
    "fullName": "Herman Koepp",
    "email": "Camille_Moore@yahoo.com",
    "phone": "1-637-671-1239",
    "sex": "female",
    "status": "active",
    "deleted": false,
    "createdAt": "2024-09-14T19:16:43.722Z"
  },
  {
    "facebookId": "6c6ca37d-b730-458f-a055-775e5e6c6ff6",
    "fullName": "Douglas Willms",
    "email": "Brayan.Altenwerth-Crooks26@yahoo.com",
    "phone": "1-654-369-7816 x454",
    "sex": "female",
    "status": "active",
    "deleted": false,
    "createdAt": "2024-09-14T19:19:31.595Z"
  },
  {
    "googleId": "2e5b1d64-35e3-4489-80a8-84279350fa52",
    "fullName": "Kelly Braun MD",
    "email": "Camryn76@hotmail.com",
    "phone": "934-650-9213 x628",
    "sex": "other",
    "status": "active",
    "deleted": false,
    "createdAt": "2024-09-14T22:49:14.458Z"
  },
  {
    "googleId": "eba972b5-1e5b-4a70-ae8d-358ece4380a8",
    "fullName": "Gilbert Koss",
    "email": "Brannon.Kreiger-Kunde@yahoo.com",
    "phone": "996-842-0519 x39573",
    "sex": "other",
    "status": "active",
    "deleted": false,
    "createdAt": "2024-09-15T07:00:26.596Z"
  },
  {
    "fullName": "Miss Cassandra Marvin",
    "email": "Viola90@hotmail.com",
    "password": "$2b$10$yS7hVOYEswCXniDnHDOEZOJF99NftISPL5EVVCUnMNejXK5BVQkkW",
    "phone": "569-898-5709 x0601",
    "sex": "other",
    "status": "active",
    "deleted": false,
    "createdAt": "2024-09-15T09:15:59.272Z"
  },
  {
    "fullName": "Sheri Kemmer",
    "email": "Raven_Berge@yahoo.com",
    "password": "$2b$10$mBtt0erG.V6jVuU6q6/o0e/mjncq9DL6IqNZdeg58PflA/FCg/NCe",
    "phone": "958.768.0330",
    "sex": "female",
    "status": "active",
    "deleted": false,
    "createdAt": "2024-09-15T16:19:05.575Z"
  },
  {
    "fullName": "Laurie Buckridge",
    "email": "Kenneth18@gmail.com",
    "password": "$2b$10$6npoX.snwb7kQ0d9o/se4eg00MOujuF0Vhfyuh/QP6LvLpXc7u6uG",
    "phone": "1-972-352-0549 x554",
    "sex": "other",
    "status": "active",
    "deleted": false,
    "createdAt": "2024-09-15T20:21:49.442Z"
  },
  {
    "githubId": "d6fd5f85-348a-4481-ba26-8999c9c67c94",
    "fullName": "Candace Dicki",
    "email": "Leonardo.Schumm-Cremin90@hotmail.com",
    "phone": "419-910-3094 x65109",
    "sex": "other",
    "status": "active",
    "deleted": false,
    "createdAt": "2024-09-15T21:36:18.538Z"
  },
  {
    "githubId": "832c45af-e473-46c9-b707-85a156b85817",
    "fullName": "Michelle Nicolas",
    "email": "Saige91@gmail.com",
    "phone": "967.703.9415 x52924",
    "sex": "other",
    "status": "active",
    "deleted": false,
    "createdAt": "2024-09-16T03:41:09.039Z"
  },
  {
    "githubId": "b5ee0226-f225-4eca-92dc-e06eafc068fa",
    "fullName": "Johnathan Schroeder PhD",
    "email": "Andres18@gmail.com",
    "phone": "1-273-558-8030 x075",
    "sex": "female",
    "status": "active",
    "deleted": false,
    "createdAt": "2024-09-16T06:03:46.501Z"
  },
  {
    "fullName": "Ignacio Langworth",
    "email": "Chanelle.Hyatt@gmail.com",
    "password": "$2b$10$vhYeos/WeFqCPsue3tSS1etYSYAY73.Lo1lgy0RLWQujrIEK5MEAe",
    "phone": "(525) 415-9645 x47663",
    "sex": "male",
    "status": "active",
    "deleted": false,
    "createdAt": "2024-09-16T08:55:46.659Z"
  },
  {
    "githubId": "bb0f4c1a-cc0f-4610-9676-91d4f6c9248b",
    "fullName": "Malcolm Ledner",
    "email": "Kellen.Auer4@yahoo.com",
    "phone": "1-545-507-5921 x980",
    "sex": "other",
    "status": "active",
    "deleted": false,
    "createdAt": "2024-09-16T09:36:23.826Z"
  },
  {
    "facebookId": "e70c1164-4891-462d-b8e2-65f77614ab13",
    "fullName": "Matt D'Amore",
    "email": "Brennon.Dickens33@yahoo.com",
    "phone": "256.474.8193 x968",
    "sex": "other",
    "status": "active",
    "deleted": false,
    "createdAt": "2024-09-16T15:37:04.752Z"
  },
  {
    "fullName": "Joey Schulist",
    "email": "Forest_Leannon77@yahoo.com",
    "password": "$2b$10$8MMSIENKyJlOX84om5zqMuEOHEbvtoylcNJQhfApuDhTJ6byD6qZG",
    "phone": "740-301-1986 x1994",
    "sex": "other",
    "status": "active",
    "deleted": false,
    "createdAt": "2024-09-16T18:42:37.530Z"
  },
  {
    "githubId": "8e85b83b-0de9-4783-a8c5-3d467dc0b61d",
    "fullName": "Nathan Hagenes",
    "email": "Glen.Baumbach@yahoo.com",
    "phone": "(387) 638-5666 x56007",
    "sex": "female",
    "status": "active",
    "deleted": false,
    "createdAt": "2024-09-16T19:08:47.086Z"
  },
  {
    "googleId": "587225df-16ca-411a-9b37-cff168ac4423",
    "fullName": "Cassandra Bradtke",
    "email": "Alda.Wintheiser5@hotmail.com",
    "phone": "464-539-8356",
    "sex": "female",
    "status": "active",
    "deleted": false,
    "createdAt": "2024-09-16T19:14:28.157Z"
  },
  {
    "githubId": "61ede278-8b71-4fa7-ad2d-3e61fd4d46cc",
    "fullName": "Cristina Weissnat",
    "email": "Columbus.Braun43@hotmail.com",
    "phone": "1-257-708-0972 x699",
    "sex": "female",
    "status": "active",
    "deleted": false,
    "createdAt": "2024-09-16T21:57:58.749Z"
  },
  {
    "fullName": "Kristina White",
    "email": "Ford.Abshire@hotmail.com",
    "password": "$2b$10$NHJqPew0ZSOneXWBCV5a3u.6LtpTQ9ZAiribCkzc2FC1XNhjjjtsW",
    "phone": "(911) 807-9597 x764",
    "sex": "other",
    "status": "active",
    "deleted": false,
    "createdAt": "2024-09-16T22:15:37.696Z"
  },
  {
    "facebookId": "2dd2e1c1-ec49-433d-8f22-7478abd717d8",
    "fullName": "Miss Sarah Kertzmann",
    "email": "Demario_Schimmel81@gmail.com",
    "phone": "535.533.4155",
    "sex": "female",
    "status": "active",
    "deleted": false,
    "createdAt": "2024-09-17T02:14:17.840Z"
  },
  {
    "facebookId": "45e3221b-dd2f-47fe-aeb9-8999d44a11e2",
    "fullName": "Doug Olson",
    "email": "Spencer.Carter@hotmail.com",
    "phone": "280.438.8860 x5152",
    "sex": "other",
    "status": "active",
    "deleted": false,
    "createdAt": "2024-09-17T09:38:47.425Z"
  },
  {
    "githubId": "9cbae1dc-12d1-4f9b-81a3-2c8ea505ef28",
    "fullName": "Billie Howell",
    "email": "Deron.Steuber-Kunze@gmail.com",
    "phone": "1-596-965-2182 x5304",
    "sex": "other",
    "status": "active",
    "deleted": false,
    "createdAt": "2024-09-17T14:59:44.136Z"
  },
  {
    "facebookId": "8cf17ee1-4a22-41c1-bcbc-8a527852304b",
    "fullName": "Francis Rowe",
    "email": "Jarret64@yahoo.com",
    "phone": "263-647-8841",
    "sex": "other",
    "status": "active",
    "deleted": false,
    "createdAt": "2024-09-17T15:54:27.384Z"
  },
  {
    "facebookId": "60e5c63f-b4e6-43a3-a8cd-084886b4ca99",
    "fullName": "Christy Bode",
    "email": "Aletha.Koelpin@gmail.com",
    "phone": "(583) 916-2082 x4833",
    "sex": "male",
    "status": "active",
    "deleted": false,
    "createdAt": "2024-09-17T17:07:02.911Z"
  },
  {
    "googleId": "fbdb7552-4b9c-499f-9fd5-6e04d623e8f9",
    "fullName": "Betsy Ondricka",
    "email": "Jaqueline47@gmail.com",
    "phone": "1-896-699-1785 x16684",
    "sex": "male",
    "status": "active",
    "deleted": false,
    "createdAt": "2024-09-17T17:31:54.240Z"
  },
  {
    "githubId": "734e206f-fe54-4844-8b83-cb94157897a0",
    "fullName": "Olivia Anderson",
    "email": "Joshua_Okuneva5@yahoo.com",
    "phone": "842-690-5998 x408",
    "sex": "female",
    "status": "active",
    "deleted": false,
    "createdAt": "2024-09-17T20:42:15.801Z"
  },
  {
    "facebookId": "7c6d96e8-85b3-478d-973b-fffb140642c3",
    "fullName": "Erica Abbott",
    "email": "Yoshiko.Bechtelar39@yahoo.com",
    "phone": "580-912-9466 x0107",
    "sex": "other",
    "status": "active",
    "deleted": false,
    "createdAt": "2024-09-18T00:22:02.375Z"
  },
  {
    "googleId": "ce03b8de-d95a-4566-a725-94e75a786f92",
    "fullName": "Tiffany Mueller",
    "email": "Kaylie.Koepp40@gmail.com",
    "phone": "912-754-3735 x1486",
    "sex": "male",
    "status": "active",
    "deleted": false,
    "createdAt": "2024-09-18T11:49:57.058Z"
  },
  {
    "githubId": "52987d9e-ec56-43a5-980d-d6cd67906d9f",
    "fullName": "Marlon Bergnaum",
    "email": "Lemuel47@yahoo.com",
    "phone": "743-770-4019",
    "sex": "other",
    "status": "active",
    "deleted": false,
    "createdAt": "2024-09-18T14:39:10.829Z"
  },
  {
    "fullName": "Rosemary Kovacek",
    "email": "Madison53@yahoo.com",
    "password": "$2b$10$eASIN7.bq9.k/96FzL.kROm/oGd70Ymo8cYi4AKnNDAkn6dKrcwqC",
    "phone": "991-271-8571 x4745",
    "sex": "male",
    "status": "active",
    "deleted": false,
    "createdAt": "2024-09-18T15:15:21.484Z"
  },
  {
    "githubId": "a6dfa6f7-7d15-4210-af9b-e8216f768fb4",
    "fullName": "Alfonso Beier Sr.",
    "email": "Keaton_Ward@yahoo.com",
    "phone": "1-766-331-6902",
    "sex": "male",
    "status": "active",
    "deleted": false,
    "createdAt": "2024-09-18T15:39:01.550Z"
  },
  {
    "fullName": "Noel Ferry",
    "email": "Jackson_Waters96@gmail.com",
    "password": "$2b$10$Tyfz.q5L9yZunlnd/ZWgpu.xMYc.DOG.0VOrEA8SXjP9CdBtTGcgC",
    "phone": "485-443-8458",
    "sex": "male",
    "status": "active",
    "deleted": false,
    "createdAt": "2024-09-18T15:58:50.620Z"
  },
  {
    "googleId": "dd3ceeec-4d1a-486c-ad4e-8adccceae2a2",
    "fullName": "Hattie Ebert",
    "email": "Zackary35@gmail.com",
    "phone": "681.608.0096 x1622",
    "sex": "male",
    "status": "active",
    "deleted": false,
    "createdAt": "2024-09-18T21:10:58.340Z"
  },
  {
    "facebookId": "ba623606-cbe2-4f1e-b1fe-cd40ddc51d82",
    "fullName": "Dominic Ledner",
    "email": "Petra.Lockman@hotmail.com",
    "phone": "680.441.5815 x15186",
    "sex": "other",
    "status": "active",
    "deleted": false,
    "createdAt": "2024-09-19T08:23:17.386Z"
  },
  {
    "githubId": "f923bf32-4794-4e39-bce8-da0b7422f36c",
    "fullName": "Ted Von",
    "email": "Milford.Schumm-Daugherty44@hotmail.com",
    "phone": "(324) 965-1567",
    "sex": "other",
    "status": "active",
    "deleted": false,
    "createdAt": "2024-09-19T10:25:20.722Z"
  },
  {
    "githubId": "98a56079-56ab-4140-af56-441ef1a007d2",
    "fullName": "Miss Janis Willms",
    "email": "Barbara_Marquardt36@yahoo.com",
    "phone": "(992) 572-4284 x556",
    "sex": "female",
    "status": "active",
    "deleted": false,
    "createdAt": "2024-09-19T13:07:39.426Z"
  },
  {
    "googleId": "c0b02b49-a762-471c-9be4-36576f515609",
    "fullName": "Tim Parker",
    "email": "Leta.Bartoletti@gmail.com",
    "phone": "1-957-825-0106 x94569",
    "sex": "other",
    "status": "active",
    "deleted": false,
    "createdAt": "2024-09-19T14:07:07.375Z"
  },
  {
    "facebookId": "d9f1f41d-1faa-4e7f-a296-28e5ce3767a2",
    "fullName": "Stacey Bode",
    "email": "Erwin_Mertz55@yahoo.com",
    "phone": "465.919.0067 x22132",
    "sex": "male",
    "status": "active",
    "deleted": false,
    "createdAt": "2024-09-19T15:31:44.743Z"
  },
  {
    "fullName": "Mr. Mike Spencer III",
    "email": "Sheila11@hotmail.com",
    "password": "$2b$10$2gE.VIPEZD3tJumzkitzceCsIgZfLWXRFsBdJbVgeCZEHKUBRMsq6",
    "phone": "1-903-275-7124 x39564",
    "sex": "other",
    "status": "active",
    "deleted": false,
    "createdAt": "2024-09-19T16:28:29.856Z"
  },
  {
    "googleId": "a8bccb51-3aab-4751-be71-28ae7375a3bb",
    "fullName": "Mitchell Halvorson",
    "email": "Bette.Nolan@yahoo.com",
    "phone": "1-614-640-8357 x403",
    "sex": "female",
    "status": "active",
    "deleted": false,
    "createdAt": "2024-09-19T16:34:18.600Z"
  },
  {
    "fullName": "Melissa Brekke",
    "email": "Barney_Conn@gmail.com",
    "password": "$2b$10$/WzKLIfyw0cMPhlxeWcly.1X8bzJ.W1/2kQnWn0UMoegX2k2RwnbK",
    "phone": "224.383.5688",
    "sex": "male",
    "status": "active",
    "deleted": false,
    "createdAt": "2024-09-20T09:55:45.465Z"
  },
  {
    "fullName": "Shaun Cassin",
    "email": "Lorine.Schinner@gmail.com",
    "password": "$2b$10$OmHNCQYTZq3T63BDM/EkeOUAK0tGHrD3WXFPCXyP4LonifJc24MKi",
    "phone": "(857) 529-6747 x52918",
    "sex": "other",
    "status": "active",
    "deleted": false,
    "createdAt": "2024-09-20T12:34:02.733Z"
  },
  {
    "fullName": "Jonathon White",
    "email": "Muhammad.Marks82@gmail.com",
    "password": "$2b$10$Dz0a00j.MklmzCd9vZWhj.VABw.Aj5GWDY18rtsi5ZQWN5ax971uK",
    "phone": "1-490-383-8512 x51766",
    "sex": "other",
    "status": "active",
    "deleted": false,
    "createdAt": "2024-09-20T18:47:41.632Z"
  },
  {
    "googleId": "2103655f-7d25-4a21-aa38-ecaa7e04eef1",
    "fullName": "Daryl Bins",
    "email": "Asa5@hotmail.com",
    "phone": "634.989.6092",
    "sex": "male",
    "status": "active",
    "deleted": false,
    "createdAt": "2024-09-20T18:57:28.397Z"
  },
  {
    "githubId": "d6b81368-9c91-4d90-8536-1da33e53d010",
    "fullName": "Kathy MacGyver",
    "email": "Edyth.Champlin92@gmail.com",
    "phone": "332-974-0030 x135",
    "sex": "female",
    "status": "active",
    "deleted": false,
    "createdAt": "2024-09-20T22:43:57.117Z"
  },
  {
    "facebookId": "432b3dc4-5e55-48c6-887a-f81e8ecf203d",
    "fullName": "Randal Heaney II",
    "email": "Arnaldo96@yahoo.com",
    "phone": "1-342-640-6260 x630",
    "sex": "female",
    "status": "active",
    "deleted": false,
    "createdAt": "2024-09-21T00:14:43.294Z"
  },
  {
    "fullName": "Dr. Ramiro Lockman",
    "email": "Yesenia.Schroeder@gmail.com",
    "password": "$2b$10$E5apQp1zxBhTl8E7/iGzVuhNcpMFyjwGLxOguGydIrUu4W8FRaVYS",
    "phone": "913-979-0204 x79034",
    "sex": "other",
    "status": "active",
    "deleted": false,
    "createdAt": "2024-09-21T02:05:38.209Z"
  },
  {
    "fullName": "Milton VonRueden",
    "email": "Andres.Lindgren32@gmail.com",
    "password": "$2b$10$N/ITd2MQmTgQ5xC65Qp8Zuv8Y4WFMQ.30YM79DDGl7sqr.UmRWLQ2",
    "phone": "(452) 339-8664 x86147",
    "sex": "other",
    "status": "active",
    "deleted": false,
    "createdAt": "2024-09-21T06:02:48.276Z"
  },
  {
    "fullName": "Timothy Kovacek",
    "email": "Darrin_Halvorson@gmail.com",
    "password": "$2b$10$CvAXBY9iP7dRTlKskuT29u2SD3qFIDRJQeL./z8vXYV7s8s6ltfHC",
    "phone": "(479) 609-9683 x7821",
    "sex": "female",
    "status": "active",
    "deleted": false,
    "createdAt": "2024-09-21T13:50:23.074Z"
  },
  {
    "googleId": "e701f19b-84e9-4388-b06a-0f5260799b64",
    "fullName": "Mr. Devin Marvin",
    "email": "Dwight.Upton81@yahoo.com",
    "phone": "684-630-8676",
    "sex": "female",
    "status": "active",
    "deleted": false,
    "createdAt": "2024-09-21T15:24:42.755Z"
  },
  {
    "googleId": "bcfc6dc8-1b01-433b-8b38-deac5fb72da6",
    "fullName": "Dr. Woodrow Hagenes",
    "email": "Jacky_Christiansen@yahoo.com",
    "phone": "841.822.4453 x310",
    "sex": "other",
    "status": "active",
    "deleted": false,
    "createdAt": "2024-09-21T23:34:42.202Z"
  },
  {
    "githubId": "f21e0a6f-c4e1-49f8-b4c9-8f46bfcea4c5",
    "fullName": "Mr. Ray Rempel",
    "email": "Alexandrine.Hyatt@yahoo.com",
    "phone": "712.372.4440 x348",
    "sex": "other",
    "status": "active",
    "deleted": false,
    "createdAt": "2024-09-22T02:06:14.712Z"
  },
  {
    "githubId": "2377ee03-7346-439b-a96f-b11d7e0e3a1c",
    "fullName": "Eunice Littel",
    "email": "Wade.Nikolaus82@hotmail.com",
    "phone": "1-330-282-1971",
    "sex": "male",
    "status": "active",
    "deleted": false,
    "createdAt": "2024-09-22T04:21:26.926Z"
  },
  {
    "fullName": "Josh Krajcik III",
    "email": "Lilyan.Metz@yahoo.com",
    "password": "$2b$10$VZOcCyKKPFYwejOdDz4jPe44Z05TqPXwsLMFANgo7MNbGItillmRC",
    "phone": "1-677-672-3946 x70585",
    "sex": "other",
    "status": "active",
    "deleted": false,
    "createdAt": "2024-09-22T05:53:52.954Z"
  },
  {
    "facebookId": "03654549-e5e1-40dd-b85a-63b14c3fd3d1",
    "fullName": "Raul Franecki II",
    "email": "Christian11@yahoo.com",
    "phone": "509.655.0806 x402",
    "sex": "other",
    "status": "active",
    "deleted": false,
    "createdAt": "2024-09-22T06:32:32.027Z"
  },
  {
    "fullName": "Marc Hackett",
    "email": "Oral.Prohaska@yahoo.com",
    "password": "$2b$10$YLtuXxkLJjp.vWWdS01rmuUNSEeE1JbIeWMg.jl1H6cPASZeYXw0i",
    "phone": "(566) 633-8425",
    "sex": "other",
    "status": "active",
    "deleted": false,
    "createdAt": "2024-09-22T08:03:31.926Z"
  },
  {
    "githubId": "c409d488-dfd5-4e1d-b7d2-e24942e43cbb",
    "fullName": "Victoria Medhurst",
    "email": "Jayson.Hudson@yahoo.com",
    "phone": "250.944.9653 x74622",
    "sex": "other",
    "status": "active",
    "deleted": false,
    "createdAt": "2024-09-22T12:43:55.847Z"
  },
  {
    "facebookId": "50ed747f-4623-49ff-ba15-dd9607e6577c",
    "fullName": "Lorenzo Williamson-Mueller",
    "email": "Allan.Davis@gmail.com",
    "phone": "709.261.2269 x4984",
    "sex": "other",
    "status": "active",
    "deleted": false,
    "createdAt": "2024-09-22T15:32:49.268Z"
  },
  {
    "facebookId": "29b9620f-b771-46f5-8fe7-4f63dd1e553a",
    "fullName": "Becky Wilderman",
    "email": "Maximilian69@gmail.com",
    "phone": "1-977-297-8084 x070",
    "sex": "other",
    "status": "active",
    "deleted": false,
    "createdAt": "2024-09-22T19:44:33.435Z"
  },
  {
    "googleId": "d318e1cb-c63b-4adb-8b54-10dac1eda6f3",
    "fullName": "Bruce Kunde",
    "email": "Rollin.Krajcik@yahoo.com",
    "phone": "1-262-947-8040 x23536",
    "sex": "other",
    "status": "active",
    "deleted": false,
    "createdAt": "2024-09-22T20:19:28.583Z"
  },
  {
    "googleId": "036a4cf8-c9ed-4d0d-a42a-302d10ec02c9",
    "fullName": "Dr. Clark Fahey",
    "email": "Angelina.Ullrich58@gmail.com",
    "phone": "375-229-2506 x02250",
    "sex": "female",
    "status": "active",
    "deleted": false,
    "createdAt": "2024-09-22T20:52:07.478Z"
  },
  {
    "githubId": "dec020a9-62d2-4eec-83a8-7787ca604577",
    "fullName": "Lawrence McLaughlin DDS",
    "email": "Alphonso_Gerlach26@yahoo.com",
    "phone": "686.898.3955 x391",
    "sex": "other",
    "status": "active",
    "deleted": false,
    "createdAt": "2024-09-22T23:08:26.502Z"
  },
  {
    "googleId": "c13b8ca2-e045-4fff-a827-2cd9cabe4cca",
    "fullName": "Irving Waters",
    "email": "Orville.Murphy@yahoo.com",
    "phone": "388.820.5013",
    "sex": "other",
    "status": "active",
    "deleted": false,
    "createdAt": "2024-09-23T09:44:15.792Z"
  },
  {
    "githubId": "12dba584-f1d0-4189-8051-4513b273d85b",
    "fullName": "Jerald Koss PhD",
    "email": "Vickie79@yahoo.com",
    "phone": "355.327.6424 x51937",
    "sex": "other",
    "status": "active",
    "deleted": false,
    "createdAt": "2024-09-23T14:49:20.274Z"
  },
  {
    "githubId": "ed373930-3b10-4d39-ba70-5cd579b80a7a",
    "fullName": "Geraldine O'Keefe",
    "email": "Eveline6@gmail.com",
    "phone": "(209) 470-8569 x316",
    "sex": "female",
    "status": "active",
    "deleted": false,
    "createdAt": "2024-09-23T18:53:19.435Z"
  },
  {
    "googleId": "17350786-ce62-43ed-ac89-986a50ca183c",
    "fullName": "Vicki Ryan",
    "email": "Tiara21@hotmail.com",
    "phone": "739-899-6993",
    "sex": "male",
    "status": "active",
    "deleted": false,
    "createdAt": "2024-09-23T20:13:12.505Z"
  },
  {
    "fullName": "Malcolm Mayer",
    "email": "Jodie.Kemmer@hotmail.com",
    "password": "$2b$10$82Y6Q6jGOqZRKJEPLZCxwOoM9xoPXGglvu1jiRUfHakKLG15R1NS2",
    "phone": "(798) 251-4286 x37397",
    "sex": "other",
    "status": "active",
    "deleted": false,
    "createdAt": "2024-09-24T16:38:07.845Z"
  },
  {
    "facebookId": "a1a2b0da-1103-4737-942e-d8b0d2b2b927",
    "fullName": "Kathy Gerlach",
    "email": "Gust.Hintz27@hotmail.com",
    "phone": "577-685-4831 x36107",
    "sex": "male",
    "status": "active",
    "deleted": false,
    "createdAt": "2024-09-25T02:24:16.584Z"
  },
  {
    "githubId": "b64df826-5df1-4b4b-a326-62a96da9363e",
    "fullName": "Sherman Gottlieb",
    "email": "Brooks.Bergnaum@yahoo.com",
    "phone": "1-852-622-3221 x3090",
    "sex": "other",
    "status": "active",
    "deleted": false,
    "createdAt": "2024-09-25T03:38:01.350Z"
  },
  {
    "fullName": "Brandon O'Kon",
    "email": "Narciso71@yahoo.com",
    "password": "$2b$10$.Tfidki44jOh3uDC0zCbq.fGQo9HpcXYnUQy0qPNny6If/3qbq6Xm",
    "phone": "(938) 911-2733 x76903",
    "sex": "other",
    "status": "active",
    "deleted": false,
    "createdAt": "2024-09-25T05:56:23.826Z"
  },
  {
    "fullName": "Jeffery Bechtelar",
    "email": "Franz.Hodkiewicz@gmail.com",
    "password": "$2b$10$r9QfoCDN/9vXz1KPmUVZGOMZVJ/rJie3Py7KrJ1G9mVDfFRH.x4Iu",
    "phone": "236.375.6931 x6777",
    "sex": "unknown",
    "status": "active",
    "deleted": false,
    "createdAt": "2024-09-25T06:48:44.974Z"
  },
  {
    "googleId": "8b03f0a3-1892-42d0-a7b2-f5aab9e92552",
    "fullName": "Carl Schowalter",
    "email": "Tremayne.Wehner28@gmail.com",
    "phone": "1-381-220-8316 x13064",
    "sex": "male",
    "status": "active",
    "deleted": false,
    "createdAt": "2024-09-25T10:41:31.348Z"
  },
  {
    "githubId": "3542de83-ced8-4478-8af6-ccd357a233d4",
    "fullName": "Nicole Hodkiewicz",
    "email": "Laney_Anderson@yahoo.com",
    "phone": "334-899-4278",
    "sex": "male",
    "status": "active",
    "deleted": false,
    "createdAt": "2024-09-25T12:00:10.962Z"
  },
  {
    "googleId": "95cb55f7-dcfd-42cb-a543-6e04e04535bf",
    "fullName": "Woodrow McGlynn",
    "email": "Cleora.Vandervort38@gmail.com",
    "phone": "(804) 784-3381",
    "sex": "male",
    "status": "active",
    "deleted": false,
    "createdAt": "2024-09-25T14:30:32.259Z"
  },
  {
    "githubId": "8e4db61c-2b5c-43cf-b0d3-c8a50010374a",
    "fullName": "Thomas Langosh-Bashirian",
    "email": "Margaretta_Conroy@yahoo.com",
    "phone": "436-712-7208 x857",
    "sex": "male",
    "status": "active",
    "deleted": false,
    "createdAt": "2024-09-25T16:14:42.175Z"
  },
  {
    "githubId": "ae1b1d7c-a957-47be-a59e-8a99d704215f",
    "fullName": "Alice Dooley",
    "email": "Nelson_Koss@hotmail.com",
    "phone": "953-932-1518 x38710",
    "sex": "other",
    "status": "active",
    "deleted": false,
    "createdAt": "2024-09-25T16:52:10.538Z"
  },
  {
    "fullName": "Terence Olson DVM",
    "email": "Deangelo55@gmail.com",
    "password": "$2b$10$3XT3l6G9pn8eLhHAPnahu.VN8ZNdIlje17XtDXhkoHOc8OP/5v8Ui",
    "phone": "663.428.7774 x242",
    "sex": "male",
    "status": "active",
    "deleted": false,
    "createdAt": "2024-09-25T19:48:30.180Z"
  },
  {
    "githubId": "b6feeba6-ae2c-4863-8f4c-6ade3a051156",
    "fullName": "Tracy O'Keefe",
    "email": "Doyle.Crooks@yahoo.com",
    "phone": "905.940.3640 x172",
    "sex": "other",
    "status": "active",
    "deleted": false,
    "createdAt": "2024-09-25T22:11:25.711Z"
  },
  {
    "googleId": "0f58a65d-032f-46c9-b79b-ed1c017c4247",
    "fullName": "Lila Doyle",
    "email": "Dereck54@gmail.com",
    "phone": "528.568.8227 x414",
    "sex": "other",
    "status": "active",
    "deleted": false,
    "createdAt": "2024-09-25T22:47:09.374Z"
  },
  {
    "fullName": "Annie Block",
    "email": "Holden_Schumm@hotmail.com",
    "password": "$2b$10$SbbxuxfJEYZzeweHhFoD0OzjA.lt64iGRLgAzm47tbw3ySfOkMgwm",
    "phone": "398.424.0739",
    "sex": "male",
    "status": "active",
    "deleted": false,
    "createdAt": "2024-09-25T22:51:53.810Z"
  },
  {
    "googleId": "1f948ae9-8bd7-4515-9132-cf312633c474",
    "fullName": "Levi Muller",
    "email": "Lillian27@yahoo.com",
    "phone": "(273) 530-0800",
    "sex": "other",
    "status": "active",
    "deleted": false,
    "createdAt": "2024-09-26T02:06:50.260Z"
  },
  {
    "githubId": "b791187b-5d4e-42d1-a93f-0f1f5035fe58",
    "fullName": "Eunice Yundt",
    "email": "Evan.Bernier@gmail.com",
    "phone": "820.632.2130 x9324",
    "sex": "female",
    "status": "active",
    "deleted": false,
    "createdAt": "2024-09-26T02:49:11.223Z"
  },
  {
    "fullName": "Lucille Rice",
    "email": "Vernie.Beatty@gmail.com",
    "password": "$2b$10$cwPccx.OeauvyT86ad4tWe2Qb1eRtg6WRuRIrrCOu9nTZ9BH.97mq",
    "phone": "334.250.8473",
    "sex": "other",
    "status": "active",
    "deleted": false,
    "createdAt": "2024-09-26T06:33:22.771Z"
  },
  {
    "githubId": "1776877b-0c52-49a7-9565-c5849ec52735",
    "fullName": "Ethel Kuhlman",
    "email": "Khalid53@yahoo.com",
    "phone": "(871) 935-1427",
    "sex": "other",
    "status": "active",
    "deleted": false,
    "createdAt": "2024-09-26T14:10:04.977Z"
  },
  {
    "googleId": "b46f00ad-0ccb-44ca-a235-26100c28bb96",
    "fullName": "Mr. Moses Wisoky PhD",
    "email": "Julian63@hotmail.com",
    "phone": "(516) 819-9680 x5354",
    "sex": "other",
    "status": "active",
    "deleted": false,
    "createdAt": "2024-09-26T14:45:20.757Z"
  },
  {
    "facebookId": "523a126b-d171-4ca5-9f2b-e20558ddfe38",
    "fullName": "Mr. Ed Gleason",
    "email": "Mellie93@yahoo.com",
    "phone": "727.348.5987",
    "sex": "male",
    "status": "active",
    "deleted": false,
    "createdAt": "2024-09-26T15:07:03.414Z"
  },
  {
    "fullName": "Vicki Nikolaus",
    "email": "Nadia26@hotmail.com",
    "password": "$2b$10$mcT5/p8FvMaa4oVOIdu1A.TMoweuW8qV4sTsSEN8jMmFT2/bSfCPu",
    "phone": "1-629-238-9793",
    "sex": "male",
    "status": "active",
    "deleted": false,
    "createdAt": "2024-09-27T10:19:10.702Z"
  },
  {
    "githubId": "e94248e5-ba55-41f5-a460-c17bd1398665",
    "fullName": "Kari Zulauf",
    "email": "Quinton.Flatley@hotmail.com",
    "phone": "(869) 926-8972 x412",
    "sex": "male",
    "status": "active",
    "deleted": false,
    "createdAt": "2024-09-27T11:45:22.889Z"
  },
  {
    "githubId": "e9701cd9-d6eb-4bbd-8ee6-a1c90a88893e",
    "fullName": "Dominic Witting",
    "email": "Korbin.Gerhold55@gmail.com",
    "phone": "(664) 272-9002 x905",
    "sex": "female",
    "status": "active",
    "deleted": false,
    "createdAt": "2024-09-27T14:51:27.991Z"
  },
  {
    "fullName": "Marc Hansen",
    "email": "Dayne_Reilly@gmail.com",
    "password": "$2b$10$wwIpgXEWHN1SppkJmtHYSueuoz2/ZA2Lz7fc5UajPc1GdaCAJqqqy",
    "phone": "779-606-2087 x5682",
    "sex": "other",
    "status": "active",
    "deleted": false,
    "createdAt": "2024-09-27T20:01:57.092Z"
  },
  {
    "facebookId": "b6ca83b6-15b8-4961-8194-9910a2ff95e0",
    "fullName": "Bessie Gottlieb",
    "email": "Edwardo.Walker26@yahoo.com",
    "phone": "998-686-2326",
    "sex": "other",
    "status": "active",
    "deleted": false,
    "createdAt": "2024-09-27T21:02:30.729Z"
  },
  {
    "fullName": "Mr. Kristopher Lemke",
    "email": "Bradford.Tremblay@gmail.com",
    "password": "$2b$10$HAXDMZq1lY6EdkpfBmNExug8rYzDkYxAjBP4AcXoYBeuz5RBXqDXm",
    "phone": "375.430.8873 x42836",
    "sex": "female",
    "status": "active",
    "deleted": false,
    "createdAt": "2024-09-28T00:55:32.725Z"
  },
  {
    "githubId": "1f400359-0eea-4802-aad9-4ab3c5108c4c",
    "fullName": "Beth Trantow III",
    "email": "Murphy53@gmail.com",
    "phone": "694.956.6771",
    "sex": "female",
    "status": "active",
    "deleted": false,
    "createdAt": "2024-09-28T03:17:12.131Z"
  },
  {
    "fullName": "Bertha Moen",
    "email": "Bernadine91@gmail.com",
    "password": "$2b$10$V01qgmA6c6GkqKDZXdYvuea358DjM0KnB3.hpkbpoLwofk43i999a",
    "phone": "616.740.1343",
    "sex": "female",
    "status": "active",
    "deleted": false,
    "createdAt": "2024-09-28T05:49:28.426Z"
  },
  {
    "fullName": "Bryan Schinner",
    "email": "Prudence.Rice65@yahoo.com",
    "password": "$2b$10$GJBVgoVmI73OLpKW6uwKqOOi1QEy9HQgjDaxp/cqb0.jWwfuJ7Zym",
    "phone": "1-417-419-9726 x082",
    "sex": "other",
    "status": "active",
    "deleted": false,
    "createdAt": "2024-09-28T13:12:08.052Z"
  },
  {
    "googleId": "7e496799-61af-4eaa-bb95-36e34129fb9d",
    "fullName": "Marilyn Collins",
    "email": "Elwyn.Schiller98@gmail.com",
    "phone": "(743) 475-9068",
    "sex": "female",
    "status": "active",
    "deleted": false,
    "createdAt": "2024-09-28T19:04:44.089Z"
  },
  {
    "fullName": "Terry Hauck",
    "email": "Alexandria19@gmail.com",
    "password": "$2b$10$vokgaTSVoV1SgUhFj6EmWezeFCibccIuXT6XLIPqX3tiumQ2MPb0a",
    "phone": "848-664-7840 x7305",
    "sex": "female",
    "status": "active",
    "deleted": false,
    "createdAt": "2024-09-28T20:13:43.982Z"
  }
]
