[
  {
    "googleId": "917a46e6-d5f2-497a-9bda-69a7d8ffb129",
    "fullName": "Sammy Wunsch",
    "email": "Rebeca75@hotmail.com",
    "phone": "(790) 507-5505 x760",
    "sex": "other",
    "status": "active",
    "deleted": false,
    "createdAt": "2024-07-01T03:44:08.534Z"
  },
  {
    "googleId": "edae0859-4e42-4466-80c1-1e792b239b91",
    "fullName": "Anthony Collier",
    "email": "Darion22@gmail.com",
    "phone": "646.393.6310 x7747",
    "sex": "female",
    "status": "active",
    "deleted": false,
    "createdAt": "2024-07-01T05:12:28.073Z"
  },
  {
    "githubId": "6a6154a0-f65f-45f2-a3e5-0b07c72844f4",
    "fullName": "Oscar Ebert I",
    "email": "Bernita_Langworth@yahoo.com",
    "phone": "942.823.4898 x4962",
    "sex": "female",
    "status": "active",
    "deleted": false,
    "createdAt": "2024-07-01T11:57:30.158Z"
  },
  {
    "githubId": "046d4886-2e99-439f-858f-204b57d892e8",
    "fullName": "Beulah Hirthe",
    "email": "Cristobal_Medhurst-Wolff@yahoo.com",
    "phone": "700.630.2592 x36784",
    "sex": "female",
    "status": "active",
    "deleted": false,
    "createdAt": "2024-07-01T14:32:26.480Z"
  },
  {
    "googleId": "1f54c5fb-5db9-41a7-b087-3d9cb4b251fc",
    "fullName": "Regina Gislason",
    "email": "Felicity_Emard@hotmail.com",
    "phone": "314.855.2419",
    "sex": "other",
    "status": "active",
    "deleted": false,
    "createdAt": "2024-07-01T21:58:32.771Z"
  },
  {
    "googleId": "a4b88ab6-cd15-4a8b-bcc6-3c33e0497a5e",
    "fullName": "Patrick Beier",
    "email": "Emmanuel.Feest56@gmail.com",
    "phone": "(767) 228-9053 x041",
    "sex": "other",
    "status": "active",
    "deleted": false,
    "createdAt": "2024-07-02T09:44:07.620Z"
  },
  {
    "githubId": "76bcfa84-36ef-482a-a771-1aeac1e6e3de",
    "fullName": "Kent Flatley",
    "email": "Jermain65@hotmail.com",
    "phone": "1-435-229-9768 x83624",
    "sex": "male",
    "status": "active",
    "deleted": false,
    "createdAt": "2024-07-02T14:16:17.691Z"
  },
  {
    "githubId": "a5db9919-b93a-4828-898c-459c6ed4bff8",
    "fullName": "Randolph Bernier",
    "email": "Eloise12@gmail.com",
    "phone": "1-563-777-3825",
    "sex": "female",
    "status": "active",
    "deleted": false,
    "createdAt": "2024-07-02T17:48:08.898Z"
  },
  {
    "googleId": "27e3b2a1-256f-4192-a057-35d6ff34be13",
    "fullName": "Abel Hirthe MD",
    "email": "Etha.Rolfson@hotmail.com",
    "phone": "678.456.1868 x51089",
    "sex": "other",
    "status": "active",
    "deleted": false,
    "createdAt": "2024-07-02T18:40:07.317Z"
  },
  {
    "googleId": "838b71fd-dfd3-459a-a2a5-118a5608ba28",
    "fullName": "Herman Hahn",
    "email": "Harold_Cole@yahoo.com",
    "phone": "570.217.4970 x46460",
    "sex": "other",
    "status": "active",
    "deleted": false,
    "createdAt": "2024-07-02T20:08:28.675Z"
  },
  {
    "googleId": "fc36417e-ba88-446e-9e1e-bad6fb1eb043",
    "fullName": "Christie Gutkowski I",
    "email": "Rae56@gmail.com",
    "phone": "1-782-226-7573 x883",
    "sex": "male",
    "status": "active",
    "deleted": false,
    "createdAt": "2024-07-03T00:21:31.999Z"
  },
  {
    "fullName": "Mr. Spencer Stracke",
    "email": "Declan_Renner6@gmail.com",
    "password": "$2b$10$eBsVvEHVfJVcchDfYQldm.evftdWwbb6Fjf8qY4l8XQaA3LUTJcq2",
    "phone": "537-347-8416 x304",
    "sex": "female",
    "status": "active",
    "deleted": false,
    "createdAt": "2024-07-03T02:00:10.548Z"
  },
  {
    "googleId": "25e5c215-f9d3-4fe9-a319-f10b6054f984",
    "fullName": "Hope Fahey",
    "email": "Jerel17@hotmail.com",
    "phone": "1-460-388-2482 x5972",
    "sex": "other",
    "status": "active",
    "deleted": false,
    "createdAt": "2024-07-03T02:54:58.633Z"
  },
  {
    "fullName": "Wendell Muller",
    "email": "Lindsey5@hotmail.com",
    "password": "$2b$10$0El20uaaHrdwm.DFpCxBFOGUQwcrv27uGz6ZkRFvc1/MZYnIcF6hS",
    "phone": "665.787.4179 x6139",
    "sex": "other",
    "status": "active",
    "deleted": false,
    "createdAt": "2024-07-03T03:45:58.200Z"
  },
  {
    "fullName": "Loretta Schroeder",
    "email": "Hoyt_Anderson53@hotmail.com",
    "password": "$2b$10$ZhdnU99q0Dw6C37fYEh9O.i1ccB84oFe027Kj6DCYw/D3rlYUKXz2",
    "phone": "(362) 807-5046 x1991",
    "sex": "female",
    "status": "active",
    "deleted": false,
    "createdAt": "2024-07-03T04:46:47.580Z"
  },
  {
    "facebookId": "3b293738-103f-425c-b19c-cd9d46242682",
    "fullName": "Noah Hickle",
    "email": "Tyson52@hotmail.com",
    "phone": "(764) 340-8163 x49198",
    "sex": "other",
    "status": "active",
    "deleted": false,
    "createdAt": "2024-07-03T07:59:23.873Z"
  },
  {
    "facebookId": "887e9de5-abb8-44af-9b46-5c36885f24ad",
    "fullName": "Drew Pouros",
    "email": "Caden.Hoeger74@gmail.com",
    "phone": "1-956-224-6969 x51513",
    "sex": "other",
    "status": "active",
    "deleted": false,
    "createdAt": "2024-07-03T10:05:12.849Z"
  },
  {
    "facebookId": "61619a86-43bd-437f-9b7d-b01b09b83087",
    "fullName": "Raquel Wiza",
    "email": "Penelope4@yahoo.com",
    "phone": "(933) 633-0686 x7287",
    "sex": "other",
    "status": "active",
    "deleted": false,
    "createdAt": "2024-07-03T15:04:01.121Z"
  },
  {
    "facebookId": "4d9eab97-e2d5-4463-a2ac-27cd6979078f",
    "fullName": "Maureen Schinner",
    "email": "Milton_Roob@hotmail.com",
    "phone": "705-313-6860 x86796",
    "sex": "other",
    "status": "active",
    "deleted": false,
    "createdAt": "2024-07-03T15:29:02.589Z"
  },
  {
    "facebookId": "7a720bea-cb97-4ea3-b120-e9cd48a940da",
    "fullName": "Mamie Beer",
    "email": "Theresa69@gmail.com",
    "phone": "805-387-7981 x29914",
    "sex": "other",
    "status": "active",
    "deleted": false,
    "createdAt": "2024-07-03T17:26:18.316Z"
  },
  {
    "googleId": "2e4e2638-a2f4-4130-9398-61eda90ab4ca",
    "fullName": "Cornelius Stanton",
    "email": "Willa_Adams59@yahoo.com",
    "phone": "645-445-0710 x20141",
    "sex": "other",
    "status": "active",
    "deleted": false,
    "createdAt": "2024-07-03T21:37:04.773Z"
  },
  {
    "facebookId": "8b0d6369-028b-4346-ac6e-e57502b45278",
    "fullName": "Toby Lockman",
    "email": "Ciara.McLaughlin0@gmail.com",
    "phone": "278-824-5758",
    "sex": "male",
    "status": "active",
    "deleted": false,
    "createdAt": "2024-07-04T02:00:23.129Z"
  },
  {
    "fullName": "Andres Hilpert",
    "email": "Carter79@hotmail.com",
    "password": "$2b$10$IUbPX2kMDuHHlVXw4J6Pg.Mkewf/NAXs3W7/jUhGg1DaVdh3Qnczu",
    "phone": "986-334-9552",
    "sex": "female",
    "status": "active",
    "deleted": false,
    "createdAt": "2024-07-04T07:17:43.722Z"
  },
  {
    "facebookId": "2edbf5cc-52ed-4fc4-bdd1-2ca1ddc17ec2",
    "fullName": "Ebony Hackett",
    "email": "Janet58@hotmail.com",
    "phone": "422-735-6776",
    "sex": "male",
    "status": "active",
    "deleted": false,
    "createdAt": "2024-07-04T10:04:27.716Z"
  },
  {
    "githubId": "979c0f12-91df-4d67-9d9c-996150f80a59",
    "fullName": "Robert Kihn Jr.",
    "email": "Lavada.Glover@yahoo.com",
    "phone": "1-390-366-6111",
    "sex": "male",
    "status": "active",
    "deleted": false,
    "createdAt": "2024-07-04T14:09:17.993Z"
  },
  {
    "googleId": "0f10d3e7-4d98-45ee-8a7f-1ee7e1c382dc",
    "fullName": "Kristopher Treutel",
    "email": "Jasen.Nitzsche@hotmail.com",
    "phone": "917-377-0877 x2979",
    "sex": "male",
    "status": "active",
    "deleted": false,
    "createdAt": "2024-07-04T16:00:50.811Z"
  },
  {
    "githubId": "1222dfc8-5611-43e1-ab8e-12590a7f4925",
    "fullName": "Jerry Conn-Daugherty I",
    "email": "Annamarie.Cummings@gmail.com",
    "phone": "404-544-2393 x877",
    "sex": "male",
    "status": "active",
    "deleted": false,
    "createdAt": "2024-07-04T18:53:49.685Z"
  },
  {
    "facebookId": "ef88d6ad-7b60-4d17-a704-d9af4f8d84e4",
    "fullName": "Angel Harris-Pacocha",
    "email": "Karlee.Kunde7@yahoo.com",
    "phone": "1-934-689-4458 x00197",
    "sex": "other",
    "status": "active",
    "deleted": false,
    "createdAt": "2024-07-04T19:46:36.362Z"
  },
  {
    "githubId": "ddbe7230-8f48-4bf1-9631-d54e5df13286",
    "fullName": "Stuart McGlynn",
    "email": "Cullen36@hotmail.com",
    "phone": "(471) 502-1825 x9437",
    "sex": "other",
    "status": "active",
    "deleted": false,
    "createdAt": "2024-07-05T03:12:55.473Z"
  },
  {
    "fullName": "Lorena Bayer-Schroeder",
    "email": "Providenci_Mante40@yahoo.com",
    "password": "$2b$10$cO/WpKGO.N4Fxqs8ihUWo.phHN9qRQbQ6j9UWu9Hl29ryvM55W2mC",
    "phone": "1-512-691-7274",
    "sex": "male",
    "status": "active",
    "deleted": false,
    "createdAt": "2024-07-05T11:23:47.922Z"
  },
  {
    "facebookId": "cfbee8d7-3573-40c1-9c9f-6fff4f85b1f6",
    "fullName": "Dr. Pablo Roberts",
    "email": "Brandon.Wilderman29@gmail.com",
    "phone": "(541) 582-6786 x07421",
    "sex": "male",
    "status": "active",
    "deleted": false,
    "createdAt": "2024-07-05T15:59:47.621Z"
  },
  {
    "facebookId": "5d4a4f6b-463c-4f51-81ff-0a13ab21ff14",
    "fullName": "Dr. Susan Dickens",
    "email": "Roberto85@yahoo.com",
    "phone": "844.572.9591 x07745",
    "sex": "unknown",
    "status": "active",
    "deleted": false,
    "createdAt": "2024-07-05T20:44:02.684Z"
  },
  {
    "githubId": "71e66223-5186-4546-969c-ccbe4b76b7be",
    "fullName": "Rachael White",
    "email": "Brionna.Reynolds6@hotmail.com",
    "phone": "1-423-208-7080 x009",
    "sex": "other",
    "status": "active",
    "deleted": false,
    "createdAt": "2024-07-05T21:21:19.641Z"
  },
  {
    "googleId": "0d6b100b-9768-4274-9c39-7e8e1a8b0a66",
    "fullName": "Jessie Schamberger",
    "email": "Percy.Schimmel73@gmail.com",
    "phone": "492.228.9912",
    "sex": "other",
    "status": "active",
    "deleted": false,
    "createdAt": "2024-07-06T03:02:20.167Z"
  },
  {
    "googleId": "4d01e61f-5c3f-4056-8d10-12f47079ae8f",
    "fullName": "Ashley Dicki",
    "email": "Abbie31@gmail.com",
    "phone": "897.556.2401 x94458",
    "sex": "other",
    "status": "active",
    "deleted": false,
    "createdAt": "2024-07-06T03:07:23.450Z"
  },
  {
    "googleId": "3acdf6c3-b7b8-4ea1-8990-33b454854060",
    "fullName": "Mr. Cory Ondricka",
    "email": "Raymond_Wolff55@yahoo.com",
    "phone": "1-815-529-8281 x48926",
    "sex": "other",
    "status": "active",
    "deleted": false,
    "createdAt": "2024-07-06T13:35:29.742Z"
  },
  {
    "googleId": "f4d6b684-dc9f-407b-8947-31ea7e0e015c",
    "fullName": "Doris Schmidt",
    "email": "Luigi_Dooley@hotmail.com",
    "phone": "475-634-2687 x773",
    "sex": "male",
    "status": "active",
    "deleted": false,
    "createdAt": "2024-07-06T22:44:07.856Z"
  },
  {
    "fullName": "Lori Marks",
    "email": "Casimir24@gmail.com",
    "password": "$2b$10$xcJLiXiLaM.U7Y1WpI/ONelnZxp2w2PwgVsKCJ7Rf0.cftikU5axG",
    "phone": "871.827.9608",
    "sex": "female",
    "status": "active",
    "deleted": false,
    "createdAt": "2024-07-07T00:17:34.056Z"
  },
  {
    "fullName": "Rudolph Williamson",
    "email": "Mercedes_Hintz4@yahoo.com",
    "password": "$2b$10$0H8KPswcge2eAMyBldKkTeJr53cdDYVGF4s/MeEit6QN4/bTQp0Vy",
    "phone": "907.891.5990 x594",
    "sex": "other",
    "status": "active",
    "deleted": false,
    "createdAt": "2024-07-07T08:48:39.179Z"
  },
  {
    "githubId": "ac7c95af-a73e-4a8b-a08f-926cb4ba944d",
    "fullName": "Luke Rogahn",
    "email": "Patience.Wisozk@yahoo.com",
    "phone": "1-941-221-9898 x413",
    "sex": "other",
    "status": "active",
    "deleted": false,
    "createdAt": "2024-07-07T21:05:22.293Z"
  },
  {
    "facebookId": "e03832e3-b3e5-4cf3-9d6f-5ca76cf823ad",
    "fullName": "Ross Wyman",
    "email": "Pinkie.Champlin81@hotmail.com",
    "phone": "1-928-294-1236 x2935",
    "sex": "female",
    "status": "active",
    "deleted": false,
    "createdAt": "2024-07-08T01:02:36.840Z"
  },
  {
    "facebookId": "62efadb0-d918-4f98-b985-7e81b10b5af9",
    "fullName": "Kristie Grimes Jr.",
    "email": "August.Greenholt@gmail.com",
    "phone": "1-320-212-2610",
    "sex": "female",
    "status": "active",
    "deleted": false,
    "createdAt": "2024-07-08T08:35:53.200Z"
  },
  {
    "githubId": "5c45be42-d0a1-4a08-ab05-3cff1dab2c20",
    "fullName": "Shawn Aufderhar",
    "email": "Jay.Pollich12@hotmail.com",
    "phone": "455.296.2726 x530",
    "sex": "other",
    "status": "active",
    "deleted": false,
    "createdAt": "2024-07-08T12:50:17.276Z"
  },
  {
    "facebookId": "93884640-cfe3-4165-beaf-aa67bce26169",
    "fullName": "Jason Steuber",
    "email": "Jude.Smith@gmail.com",
    "phone": "781-233-1956 x3152",
    "sex": "other",
    "status": "active",
    "deleted": false,
    "createdAt": "2024-07-08T16:11:57.888Z"
  },
  {
    "googleId": "246d3e25-5595-46f1-9a35-d67f608a479f",
    "fullName": "Lula Schultz",
    "email": "Susie.Hayes-Ebert90@hotmail.com",
    "phone": "398.800.0363 x4723",
    "sex": "other",
    "status": "active",
    "deleted": false,
    "createdAt": "2024-07-08T18:20:33.658Z"
  },
  {
    "githubId": "099d8271-acd1-46aa-8109-98afce45081e",
    "fullName": "Miss Traci Kassulke",
    "email": "Fredy.Schiller5@hotmail.com",
    "phone": "1-523-786-8551 x6751",
    "sex": "other",
    "status": "active",
    "deleted": false,
    "createdAt": "2024-07-09T01:34:25.943Z"
  },
  {
    "githubId": "d46accb7-7aae-4fc2-a83b-5f230196c4ea",
    "fullName": "Preston Medhurst",
    "email": "Xzavier_Beatty23@hotmail.com",
    "phone": "631-882-7166 x10795",
    "sex": "male",
    "status": "active",
    "deleted": false,
    "createdAt": "2024-07-09T04:59:59.003Z"
  },
  {
    "githubId": "feaa75a2-8089-4f67-aeb6-b4dde4f3b75a",
    "fullName": "Eloise Kuvalis",
    "email": "Rozella.Haag98@gmail.com",
    "phone": "1-206-381-6414 x86789",
    "sex": "male",
    "status": "active",
    "deleted": false,
    "createdAt": "2024-07-09T05:05:29.275Z"
  },
  {
    "githubId": "a86c39b2-3330-430b-9882-c390c5ee356b",
    "fullName": "Bethany Cruickshank",
    "email": "Aylin_Kihn84@hotmail.com",
    "phone": "237-252-4577",
    "sex": "other",
    "status": "active",
    "deleted": false,
    "createdAt": "2024-07-09T06:19:43.783Z"
  },
  {
    "githubId": "b68c3e3e-964b-4b72-9437-53321b4cce59",
    "fullName": "Rick Cummings",
    "email": "Erich.Mayer95@hotmail.com",
    "phone": "953-810-7699",
    "sex": "other",
    "status": "active",
    "deleted": false,
    "createdAt": "2024-07-09T07:20:02.100Z"
  },
  {
    "githubId": "740d3e97-ed81-40ad-b329-530a15291cf3",
    "fullName": "Tomas Bode",
    "email": "Alexane_Botsford@hotmail.com",
    "phone": "571.374.9832 x5393",
    "sex": "other",
    "status": "active",
    "deleted": false,
    "createdAt": "2024-07-09T10:02:20.322Z"
  },
  {
    "facebookId": "e82da405-c136-409b-94f7-e5db6546bb93",
    "fullName": "Jack Schaefer",
    "email": "Marian51@hotmail.com",
    "phone": "888.245.8665",
    "sex": "male",
    "status": "active",
    "deleted": false,
    "createdAt": "2024-07-09T16:47:38.308Z"
  },
  {
    "fullName": "Dr. Angie Runte",
    "email": "Blanche.Boehm37@gmail.com",
    "password": "$2b$10$ZPwn8ow8iu2tiEfS3oSCH.0IEZLUxYf7G97FUu8NwhITz9gXdZLCW",
    "phone": "(512) 545-9840 x37100",
    "sex": "female",
    "status": "active",
    "deleted": false,
    "createdAt": "2024-07-09T22:07:33.099Z"
  },
  {
    "facebookId": "8b8f75d3-3d55-4963-8bd3-7b98f752bf23",
    "fullName": "Krystal Leuschke",
    "email": "Julien.Konopelski@gmail.com",
    "phone": "(972) 911-5426 x70974",
    "sex": "other",
    "status": "active",
    "deleted": false,
    "createdAt": "2024-07-09T22:09:51.776Z"
  },
  {
    "facebookId": "94b9b0a6-87af-409d-a578-95fd1d7b0860",
    "fullName": "Phyllis Rodriguez",
    "email": "Daren.Upton@gmail.com",
    "phone": "823.241.1498 x1549",
    "sex": "other",
    "status": "active",
    "deleted": false,
    "createdAt": "2024-07-09T23:06:43.445Z"
  },
  {
    "githubId": "d97936e7-57e5-4749-a4e1-f9d0891d9143",
    "fullName": "Dr. Leslie Monahan",
    "email": "Damian.Gulgowski-Treutel@hotmail.com",
    "phone": "1-994-513-0358 x2403",
    "sex": "male",
    "status": "active",
    "deleted": false,
    "createdAt": "2024-07-10T10:50:36.612Z"
  },
  {
    "facebookId": "65cdc65c-743f-435b-9bbc-823836c348fa",
    "fullName": "Dr. Elvira Lowe",
    "email": "Morgan_Kiehn27@gmail.com",
    "phone": "1-550-839-0328",
    "sex": "female",
    "status": "active",
    "deleted": false,
    "createdAt": "2024-07-10T20:38:02.330Z"
  },
  {
    "githubId": "9e725016-34e2-4fd1-b6d0-742e3c573e4f",
    "fullName": "Stella Halvorson",
    "email": "Wilma_Olson41@yahoo.com",
    "phone": "441.326.6058 x7773",
    "sex": "male",
    "status": "active",
    "deleted": false,
    "createdAt": "2024-07-10T21:04:07.832Z"
  },
  {
    "googleId": "8258308e-dae4-47bc-9707-551a7711bcb0",
    "fullName": "Ray Swift",
    "email": "Lonny67@gmail.com",
    "phone": "386-280-3510 x238",
    "sex": "other",
    "status": "active",
    "deleted": false,
    "createdAt": "2024-07-11T07:33:36.984Z"
  },
  {
    "githubId": "fa4d77cc-5a5e-4290-b87d-1d62cc5ab5a6",
    "fullName": "Tasha Dach",
    "email": "Madeline_Kunde@gmail.com",
    "phone": "734-860-1633",
    "sex": "male",
    "status": "active",
    "deleted": false,
    "createdAt": "2024-07-11T17:41:10.181Z"
  },
  {
    "githubId": "0c56cad8-736f-4bce-b129-32f098d39048",
    "fullName": "Leon Greenholt V",
    "email": "Gonzalo_Batz70@hotmail.com",
    "phone": "697.745.5511",
    "sex": "other",
    "status": "active",
    "deleted": false,
    "createdAt": "2024-07-11T23:52:13.801Z"
  },
  {
    "facebookId": "ba5bb8bf-7c4a-4ee2-a6c7-65469ff0613e",
    "fullName": "Kerry Schultz",
    "email": "Lexi8@hotmail.com",
    "phone": "(258) 910-7331",
    "sex": "male",
    "status": "active",
    "deleted": false,
    "createdAt": "2024-07-12T05:19:19.855Z"
  },
  {
    "githubId": "d8e25162-ffc6-42b0-9c87-00c7cf78ab17",
    "fullName": "Andrew Pfeffer",
    "email": "Mackenzie_Walker68@hotmail.com",
    "phone": "634-814-0142",
    "sex": "other",
    "status": "active",
    "deleted": false,
    "createdAt": "2024-07-12T08:45:01.035Z"
  },
  {
    "googleId": "7b735338-e465-430b-981f-fc7bac727ab3",
    "fullName": "Margie Yundt",
    "email": "Abe.Reichel17@hotmail.com",
    "phone": "296-248-6002",
    "sex": "male",
    "status": "active",
    "deleted": false,
    "createdAt": "2024-07-12T08:56:42.950Z"
  },
  {
    "googleId": "b651300b-3d7d-429d-91bd-94366bc87583",
    "fullName": "Marian Hammes",
    "email": "Linnea_Bauch27@gmail.com",
    "phone": "739.905.3082 x354",
    "sex": "other",
    "status": "active",
    "deleted": false,
    "createdAt": "2024-07-12T10:31:32.766Z"
  },
  {
    "googleId": "3bcba5a2-4e65-45a0-a6fa-fd84335801ec",
    "fullName": "Tracy Bergstrom",
    "email": "Zachariah_Ritchie45@hotmail.com",
    "phone": "229-312-9587 x009",
    "sex": "other",
    "status": "active",
    "deleted": false,
    "createdAt": "2024-07-12T10:49:38.737Z"
  },
  {
    "githubId": "acd35614-6137-4cc6-be4c-561b1e81ac6a",
    "fullName": "Elena O'Keefe",
    "email": "Bell26@yahoo.com",
    "phone": "1-664-678-4996",
    "sex": "other",
    "status": "active",
    "deleted": false,
    "createdAt": "2024-07-12T12:29:50.040Z"
  },
  {
    "fullName": "Derrick Fay",
    "email": "Mallie_Schmidt2@yahoo.com",
    "password": "$2b$10$RZd5/H4T4ZBLJAxuHAWzBeNypdDKUZ7hW49OtMvpinaoZ0Xgyuge.",
    "phone": "(991) 438-1292 x172",
    "sex": "male",
    "status": "active",
    "deleted": false,
    "createdAt": "2024-07-12T12:40:13.917Z"
  },
  {
    "googleId": "0bf6741d-38dd-427e-b08b-9ddba9c22ee1",
    "fullName": "Miss Joyce Kuphal",
    "email": "Saul.Hintz@hotmail.com",
    "phone": "660.774.3800 x65107",
    "sex": "other",
    "status": "active",
    "deleted": false,
    "createdAt": "2024-07-12T18:11:43.143Z"
  },
  {
    "githubId": "509914d9-eb87-4ab2-966d-1185c4b3a2c7",
    "fullName": "Joan Stanton Jr.",
    "email": "Sonya74@hotmail.com",
    "phone": "1-691-589-7928 x21179",
    "sex": "other",
    "status": "active",
    "deleted": false,
    "createdAt": "2024-07-12T21:12:37.607Z"
  },
  {
    "fullName": "Francis Jacobson",
    "email": "Jed_Kemmer@hotmail.com",
    "password": "$2b$10$0kd0fWrg4ZfKkJdp.upyLeFxc4jUDgCXkPY8.xpco8Prtp6eXOp0y",
    "phone": "(289) 915-4932 x28283",
    "sex": "other",
    "status": "active",
    "deleted": false,
    "createdAt": "2024-07-13T05:30:22.705Z"
  },
  {
    "githubId": "8d7765e7-531d-4fb9-83c2-49b8ab93eb5b",
    "fullName": "Ken Kuvalis",
    "email": "Raphaelle.Cormier@gmail.com",
    "phone": "1-487-658-0614 x75130",
    "sex": "other",
    "status": "active",
    "deleted": false,
    "createdAt": "2024-07-13T06:50:59.362Z"
  },
  {
    "googleId": "d8925398-065b-4c61-8904-3a2acce78ec4",
    "fullName": "Natalie Hand",
    "email": "Rubye21@gmail.com",
    "phone": "879-348-2845 x4509",
    "sex": "other",
    "status": "active",
    "deleted": false,
    "createdAt": "2024-07-13T08:08:17.811Z"
  },
  {
    "githubId": "951d6ae7-63b7-420e-8758-3d63939888d2",
    "fullName": "Cristina Bradtke",
    "email": "Rahsaan_OKon-Sanford@hotmail.com",
    "phone": "1-940-501-4541 x8319",
    "sex": "female",
    "status": "active",
    "deleted": false,
    "createdAt": "2024-07-13T13:39:19.837Z"
  },
  {
    "googleId": "4cd6c7a6-b200-4cc6-9b9e-fe6edbcc8da8",
    "fullName": "Nelson Aufderhar",
    "email": "Christophe_Waelchi63@hotmail.com",
    "phone": "(462) 398-6076 x600",
    "sex": "male",
    "status": "active",
    "deleted": false,
    "createdAt": "2024-07-13T14:15:36.883Z"
  },
  {
    "githubId": "f8bcaed8-b622-40ca-a32e-a833b644de86",
    "fullName": "Lionel Reynolds",
    "email": "Abdul30@yahoo.com",
    "phone": "1-590-602-5514 x2048",
    "sex": "female",
    "status": "active",
    "deleted": false,
    "createdAt": "2024-07-13T16:39:35.337Z"
  },
  {
    "googleId": "a58e8bcc-fd65-44cb-9063-d513f2ad6691",
    "fullName": "Marie Huels DVM",
    "email": "Marques_Luettgen@yahoo.com",
    "phone": "(221) 204-7042",
    "sex": "other",
    "status": "active",
    "deleted": false,
    "createdAt": "2024-07-13T20:10:38.327Z"
  },
  {
    "fullName": "Francis Ziemann",
    "email": "Modesta.Kohler@yahoo.com",
    "password": "$2b$10$cOjKEoPA74/QPpRPBaNnPunssQsTQw5x4yvwxZA6XRhEdHp3XThhK",
    "phone": "1-999-699-8357 x2351",
    "sex": "female",
    "status": "active",
    "deleted": false,
    "createdAt": "2024-07-13T21:29:41.282Z"
  },
  {
    "fullName": "Meghan Harber",
    "email": "Herman.Sipes@yahoo.com",
    "password": "$2b$10$JnPbv.7ePoyYPJD128FfY.EfiOS8qjj0nR/LEyCHf33fk0O2sPyye",
    "phone": "1-447-214-3684 x976",
    "sex": "female",
    "status": "active",
    "deleted": false,
    "createdAt": "2024-07-14T06:27:55.782Z"
  },
  {
    "googleId": "986dac7c-1d94-4383-ba28-53f9a8f9e2c3",
    "fullName": "Homer Goodwin",
    "email": "Corbin_Bechtelar@yahoo.com",
    "phone": "528.821.3052 x760",
    "sex": "female",
    "status": "active",
    "deleted": false,
    "createdAt": "2024-07-14T07:11:44.829Z"
  },
  {
    "facebookId": "49d18a77-8b67-40ce-9b96-28543c3adc23",
    "fullName": "Walter Adams",
    "email": "Uriel71@hotmail.com",
    "phone": "357-940-8883",
    "sex": "other",
    "status": "active",
    "deleted": false,
    "createdAt": "2024-07-14T11:20:39.191Z"
  },
  {
    "githubId": "4756bb80-219e-42bb-95f6-0e577293bc80",
    "fullName": "Jonathan Mueller IV",
    "email": "Russell.Upton10@gmail.com",
    "phone": "860.309.5950",
    "sex": "unknown",
    "status": "active",
    "deleted": false,
    "createdAt": "2024-07-14T12:55:24.330Z"
  },
  {
    "facebookId": "73a2b1a2-f4c5-445c-bff9-667a69f519bc",
    "fullName": "Randal Gerlach",
    "email": "Leif73@gmail.com",
    "phone": "673.462.5642 x864",
    "sex": "other",
    "status": "active",
    "deleted": false,
    "createdAt": "2024-07-14T17:53:07.749Z"
  },
  {
    "fullName": "Winston Terry Sr.",
    "email": "Yasmine43@yahoo.com",
    "password": "$2b$10$xZn.DXyu47Y81bSJtLZAve0E8RRdQeLEZ/EKeXlDhvz1RClAL3XuO",
    "phone": "(942) 301-0390 x31712",
    "sex": "male",
    "status": "active",
    "deleted": false,
    "createdAt": "2024-07-14T18:40:50.187Z"
  },
  {
    "githubId": "f6409d6d-fee7-4280-ad5d-377e2b362329",
    "fullName": "Miss Bertha Hilll",
    "email": "Furman_Turcotte27@gmail.com",
    "phone": "1-892-594-3856 x992",
    "sex": "other",
    "status": "active",
    "deleted": false,
    "createdAt": "2024-07-14T19:12:51.115Z"
  },
  {
    "googleId": "b3ce0d7f-56ea-4e87-a92f-e9df86b2d165",
    "fullName": "Omar Schaden",
    "email": "Marvin_Hettinger@yahoo.com",
    "phone": "(334) 529-3168",
    "sex": "other",
    "status": "active",
    "deleted": false,
    "createdAt": "2024-07-14T23:24:41.652Z"
  },
  {
    "githubId": "4cbdd0f6-464c-435d-98f8-74642949c305",
    "fullName": "Margaret Zieme III",
    "email": "Therese_Breitenberg@yahoo.com",
    "phone": "272.486.7300",
    "sex": "female",
    "status": "active",
    "deleted": false,
    "createdAt": "2024-07-15T00:59:18.953Z"
  },
  {
    "facebookId": "7c4d308b-4423-4592-a3fc-983b7ecd7b18",
    "fullName": "Juan Goodwin",
    "email": "Samson96@yahoo.com",
    "phone": "651.628.6622 x959",
    "sex": "female",
    "status": "active",
    "deleted": false,
    "createdAt": "2024-07-15T01:54:58.249Z"
  },
  {
    "facebookId": "956eb8c0-3add-4caa-b5ec-ae593520bb8a",
    "fullName": "Miss Yolanda Gorczany",
    "email": "Marlee.Jacobson@yahoo.com",
    "phone": "1-775-621-6408",
    "sex": "other",
    "status": "active",
    "deleted": false,
    "createdAt": "2024-07-15T09:45:15.892Z"
  },
  {
    "githubId": "0533f73c-3c83-42c4-9751-02bd9674d6ef",
    "fullName": "Bennie Dickinson",
    "email": "Federico_OHara1@hotmail.com",
    "phone": "1-950-410-9148 x74956",
    "sex": "male",
    "status": "active",
    "deleted": false,
    "createdAt": "2024-07-15T11:36:15.029Z"
  },
  {
    "googleId": "70f83d24-2749-451a-83c4-91f40a3ce33a",
    "fullName": "Lance Fritsch MD",
    "email": "Aric.Tromp20@gmail.com",
    "phone": "951.870.8365",
    "sex": "other",
    "status": "active",
    "deleted": false,
    "createdAt": "2024-07-15T12:38:44.944Z"
  },
  {
    "fullName": "Lee Treutel",
    "email": "Ena.Zboncak74@yahoo.com",
    "password": "$2b$10$iTcjb0L6sgokBVT9/DoiYukFmAoTrRFyZ5kaSg4BXbxrGdr9yxXxG",
    "phone": "943-204-0253",
    "sex": "other",
    "status": "active",
    "deleted": false,
    "createdAt": "2024-07-15T21:57:59.150Z"
  },
  {
    "googleId": "e6ff1600-6188-4024-93e0-52dc5e54f46c",
    "fullName": "Patrick Wyman",
    "email": "Johan_Stokes@yahoo.com",
    "phone": "(890) 536-7811 x868",
    "sex": "other",
    "status": "active",
    "deleted": false,
    "createdAt": "2024-07-15T23:49:18.220Z"
  },
  {
    "facebookId": "483d77a0-f220-4598-bd82-8c6455fd5803",
    "fullName": "Nora Balistreri II",
    "email": "Ethel.Ebert93@hotmail.com",
    "phone": "435.460.8693",
    "sex": "female",
    "status": "active",
    "deleted": false,
    "createdAt": "2024-07-16T02:52:43.781Z"
  },
  {
    "fullName": "Christy Gibson",
    "email": "Isaiah_Bradtke@gmail.com",
    "password": "$2b$10$uXzr.4ot0K997Bf7AaFXouK6CgIivYtk/Y4z9uTc8R3/jqphnOlMa",
    "phone": "1-513-685-0039",
    "sex": "male",
    "status": "active",
    "deleted": false,
    "createdAt": "2024-07-16T04:08:54.664Z"
  },
  {
    "fullName": "Ruth Armstrong",
    "email": "Royal.Greenfelder86@hotmail.com",
    "password": "$2b$10$reOwYw1479x0dVwph/GROOQC3WboHlzs3SSXrPr8MLiDtDYcnp4HG",
    "phone": "740.992.7331 x637",
    "sex": "male",
    "status": "active",
    "deleted": false,
    "createdAt": "2024-07-16T06:42:31.188Z"
  },
  {
    "facebookId": "dc914bdf-9a8b-4a14-87c7-f39a4edcd216",
    "fullName": "Eleanor Mann",
    "email": "Samantha93@gmail.com",
    "phone": "256-472-9893",
    "sex": "other",
    "status": "active",
    "deleted": false,
    "createdAt": "2024-07-16T07:43:00.793Z"
  },
  {
    "googleId": "ceb37117-c7b9-497c-b63f-83c2272d93af",
    "fullName": "Tabitha Bauch",
    "email": "Nyasia_Mertz@gmail.com",
    "phone": "1-579-335-0014",
    "sex": "other",
    "status": "active",
    "deleted": false,
    "createdAt": "2024-07-16T07:47:57.700Z"
  },
  {
    "fullName": "Shirley Jaskolski",
    "email": "Nannie51@gmail.com",
    "password": "$2b$10$ZyeZifn/l2TDPq0qj1X14uk4opLtc9IPTXEWwbFWEE4L0IyhQVAkm",
    "phone": "977.879.5945 x61007",
    "sex": "male",
    "status": "active",
    "deleted": false,
    "createdAt": "2024-07-16T09:33:05.069Z"
  },
  {
    "fullName": "Angelina Brakus",
    "email": "Reanna.Wilkinson@yahoo.com",
    "password": "$2b$10$SV3vh3BMBJBJIW9Zcjkdo.cO3p0ZWzZnofeOYVCT1SSf7dsrokehe",
    "phone": "329.977.0887",
    "sex": "male",
    "status": "active",
    "deleted": false,
    "createdAt": "2024-07-16T12:44:32.551Z"
  },
  {
    "facebookId": "d5f30f24-0132-47c8-ba92-5373dff5d1d5",
    "fullName": "Dr. Jimmy Ebert",
    "email": "Joseph_DAmore8@gmail.com",
    "phone": "(612) 658-2610 x90804",
    "sex": "male",
    "status": "active",
    "deleted": false,
    "createdAt": "2024-07-16T13:26:51.953Z"
  },
  {
    "facebookId": "eda502b2-f0dd-4325-9b68-deddd320df02",
    "fullName": "Al Huels",
    "email": "Quinten_Schinner86@hotmail.com",
    "phone": "1-799-831-7674",
    "sex": "other",
    "status": "active",
    "deleted": false,
    "createdAt": "2024-07-16T20:18:20.282Z"
  },
  {
    "googleId": "689bade4-45d1-4f81-9a37-c14f2910e28a",
    "fullName": "Doris Jast",
    "email": "Patrick_Kuhlman@hotmail.com",
    "phone": "(898) 846-2187 x7758",
    "sex": "other",
    "status": "active",
    "deleted": false,
    "createdAt": "2024-07-16T23:56:35.001Z"
  },
  {
    "googleId": "a5f9044f-831a-44c3-8fb1-7f9b5d6939c9",
    "fullName": "Damon Kilback",
    "email": "Ernie_OReilly@hotmail.com",
    "phone": "630.470.0083 x9015",
    "sex": "other",
    "status": "active",
    "deleted": false,
    "createdAt": "2024-07-17T00:12:14.553Z"
  },
  {
    "googleId": "f9d86189-9e24-4889-83fe-e4b465bcef3f",
    "fullName": "Lucia Barton",
    "email": "Beatrice53@hotmail.com",
    "phone": "1-302-379-4829",
    "sex": "other",
    "status": "active",
    "deleted": false,
    "createdAt": "2024-07-17T00:28:26.196Z"
  },
  {
    "googleId": "67b241bb-5f77-478e-8dff-b18acccd9094",
    "fullName": "Antoinette Schowalter",
    "email": "Alvah_Ratke@yahoo.com",
    "phone": "1-483-325-5980",
    "sex": "female",
    "status": "active",
    "deleted": false,
    "createdAt": "2024-07-17T00:43:26.178Z"
  },
  {
    "facebookId": "d71e9d07-9866-4dcf-9ccb-4c45ac472a56",
    "fullName": "Judy Lesch",
    "email": "Prince.OConner@gmail.com",
    "phone": "(682) 679-9467 x673",
    "sex": "male",
    "status": "active",
    "deleted": false,
    "createdAt": "2024-07-17T01:45:13.911Z"
  },
  {
    "facebookId": "29d1046a-a6ba-4e1f-afe4-5909449d154c",
    "fullName": "Israel Kuvalis",
    "email": "Joel.Carter33@yahoo.com",
    "phone": "665-654-2710 x617",
    "sex": "other",
    "status": "active",
    "deleted": false,
    "createdAt": "2024-07-17T07:55:38.948Z"
  },
  {
    "githubId": "a255ffc6-1c01-4547-bee3-303dc45214b7",
    "fullName": "Robert Bailey",
    "email": "Alejandrin.Heathcote@yahoo.com",
    "phone": "765-222-5056 x18539",
    "sex": "other",
    "status": "active",
    "deleted": false,
    "createdAt": "2024-07-17T10:39:50.838Z"
  },
  {
    "githubId": "ccce9cdd-c256-4470-b423-02704e2e88c3",
    "fullName": "Miss Dianna Howe DDS",
    "email": "Eudora.Lakin@yahoo.com",
    "phone": "933-933-5333 x9130",
    "sex": "other",
    "status": "active",
    "deleted": false,
    "createdAt": "2024-07-17T14:36:31.654Z"
  },
  {
    "githubId": "9ac30a99-5059-4cd6-9127-74608a7bebf7",
    "fullName": "Krista Kunde Jr.",
    "email": "Zena_Beahan@gmail.com",
    "phone": "322.774.8923 x7265",
    "sex": "other",
    "status": "active",
    "deleted": false,
    "createdAt": "2024-07-17T15:31:40.556Z"
  },
  {
    "googleId": "e42eee88-01a0-414d-a6f5-9360f2d3ca9c",
    "fullName": "Nick Miller",
    "email": "Carmella.Mohr-Runolfsson@yahoo.com",
    "phone": "(776) 708-6519 x7111",
    "sex": "male",
    "status": "active",
    "deleted": false,
    "createdAt": "2024-07-17T15:53:39.772Z"
  },
  {
    "googleId": "f128365e-a0f5-42ae-965c-e219e6ef28b2",
    "fullName": "Luis Douglas",
    "email": "Rolando.Armstrong@yahoo.com",
    "phone": "(393) 929-2956 x0424",
    "sex": "female",
    "status": "active",
    "deleted": false,
    "createdAt": "2024-07-17T16:28:17.472Z"
  },
  {
    "facebookId": "14ca3336-fbff-4ed7-96e0-1d1e62422911",
    "fullName": "Elaine Keebler",
    "email": "Verona_Bosco@gmail.com",
    "phone": "827.811.4526 x310",
    "sex": "unknown",
    "status": "active",
    "deleted": false,
    "createdAt": "2024-07-17T17:36:38.879Z"
  },
  {
    "googleId": "7e88bdf4-b052-4c29-af84-7bd7102b7185",
    "fullName": "Dr. Merle Hamill",
    "email": "Ida33@gmail.com",
    "phone": "1-532-860-8531 x953",
    "sex": "female",
    "status": "active",
    "deleted": false,
    "createdAt": "2024-07-17T18:05:33.705Z"
  },
  {
    "facebookId": "561a2b20-8be1-48ab-8337-8215a24f8c0a",
    "fullName": "Bert Hilpert-Kuhn",
    "email": "Pasquale42@yahoo.com",
    "phone": "(719) 746-5417",
    "sex": "female",
    "status": "active",
    "deleted": false,
    "createdAt": "2024-07-17T18:49:29.467Z"
  },
  {
    "googleId": "8c2eda5f-597a-424b-ab26-39381a4dcce3",
    "fullName": "Kara Kiehn",
    "email": "Narciso34@gmail.com",
    "phone": "1-338-864-6223 x98156",
    "sex": "other",
    "status": "active",
    "deleted": false,
    "createdAt": "2024-07-17T21:09:04.285Z"
  },
  {
    "googleId": "16bf1b69-6a35-4c0c-a011-2e9204497dd5",
    "fullName": "Jessica Torphy Jr.",
    "email": "Crawford77@hotmail.com",
    "phone": "1-261-699-3672 x477",
    "sex": "other",
    "status": "active",
    "deleted": false,
    "createdAt": "2024-07-17T22:01:26.549Z"
  },
  {
    "fullName": "Shelly Sauer",
    "email": "Adele_Steuber67@yahoo.com",
    "password": "$2b$10$TUgCp/BLQp36VyumJ9v4peC9JlnYXjMNu48ETDc10rBxNPc59TBC.",
    "phone": "(797) 581-8180 x82584",
    "sex": "male",
    "status": "active",
    "deleted": false,
    "createdAt": "2024-07-17T22:57:03.120Z"
  },
  {
    "googleId": "31a20028-ef18-4175-9701-23d15d6af75b",
    "fullName": "Cynthia Considine",
    "email": "Pietro79@hotmail.com",
    "phone": "1-741-267-2395 x6240",
    "sex": "other",
    "status": "active",
    "deleted": false,
    "createdAt": "2024-07-17T23:45:33.709Z"
  },
  {
    "googleId": "d8baedae-8f83-4397-bf02-e3cf2d0bb377",
    "fullName": "Dr. Ernestine Kirlin",
    "email": "Stephany.Fisher61@hotmail.com",
    "phone": "1-260-656-9145 x70861",
    "sex": "other",
    "status": "active",
    "deleted": false,
    "createdAt": "2024-07-18T01:01:58.534Z"
  },
  {
    "githubId": "50b28c3d-e91b-4064-a585-dfe048bcbd16",
    "fullName": "Dixie Beer",
    "email": "Angelica.Armstrong@yahoo.com",
    "phone": "394-463-1449 x1398",
    "sex": "male",
    "status": "active",
    "deleted": false,
    "createdAt": "2024-07-18T04:11:31.830Z"
  },
  {
    "facebookId": "1f7d6857-8fe2-4f67-b00f-c39de1cfb08f",
    "fullName": "Timothy Carter Jr.",
    "email": "Lambert53@hotmail.com",
    "phone": "(770) 481-0735 x553",
    "sex": "other",
    "status": "active",
    "deleted": false,
    "createdAt": "2024-07-18T07:33:37.922Z"
  },
  {
    "fullName": "Mrs. Brandy Nienow",
    "email": "Demarco.Price@yahoo.com",
    "password": "$2b$10$HuFVobLcmE.Jx/bKDDJCMuh3biLPotJ7z2JizlgatNii9AcUIKONW",
    "phone": "1-379-382-9348 x3838",
    "sex": "male",
    "status": "active",
    "deleted": false,
    "createdAt": "2024-07-18T08:52:30.073Z"
  },
  {
    "googleId": "68bd659d-a96e-4ec1-84ec-3d26695e85b2",
    "fullName": "Lucas Leannon-Funk",
    "email": "Erling42@gmail.com",
    "phone": "(689) 974-9597 x34557",
    "sex": "other",
    "status": "active",
    "deleted": false,
    "createdAt": "2024-07-18T12:47:26.516Z"
  },
  {
    "facebookId": "f216d0ee-1259-4670-8144-ba31d4ee390f",
    "fullName": "Erin Rempel",
    "email": "Hoyt.Zulauf@hotmail.com",
    "phone": "(519) 792-0802 x0657",
    "sex": "unknown",
    "status": "active",
    "deleted": false,
    "createdAt": "2024-07-18T17:49:19.518Z"
  },
  {
    "githubId": "fe477e45-14c7-491c-8974-2aa0f9f0aab4",
    "fullName": "Freda Nicolas",
    "email": "Earline91@hotmail.com",
    "phone": "222.766.2490 x87345",
    "sex": "male",
    "status": "active",
    "deleted": false,
    "createdAt": "2024-07-18T18:16:31.055Z"
  },
  {
    "fullName": "Dr. Virginia Moore-Jacobson",
    "email": "Thomas_Roob@gmail.com",
    "password": "$2b$10$ii3zWpmGr77MB4Qc2r7NoeGw8pz0z1NwAB/EFHzXR1r7JMavQ5R1u",
    "phone": "450-376-1082 x850",
    "sex": "male",
    "status": "active",
    "deleted": false,
    "createdAt": "2024-07-19T05:40:41.359Z"
  },
  {
    "googleId": "51cf0602-6912-4439-a487-1be490c780a6",
    "fullName": "Willis Bednar",
    "email": "Ricky8@gmail.com",
    "phone": "298.647.6215 x5832",
    "sex": "other",
    "status": "active",
    "deleted": false,
    "createdAt": "2024-07-19T06:02:59.229Z"
  },
  {
    "githubId": "fcb4fa07-0803-46c3-b555-d7b45906348a",
    "fullName": "Mamie Brekke",
    "email": "Zoey39@gmail.com",
    "phone": "545.908.9163 x5412",
    "sex": "male",
    "status": "active",
    "deleted": false,
    "createdAt": "2024-07-19T11:29:41.601Z"
  },
  {
    "fullName": "Mr. Al Fritsch",
    "email": "Myrtle.Schiller26@hotmail.com",
    "password": "$2b$10$E9fzGVRpVTMHtAT60o3k0eTrqif4kZ/et7Zk3N1N3pw92Ky4p3Wli",
    "phone": "796.542.8767 x25255",
    "sex": "male",
    "status": "active",
    "deleted": false,
    "createdAt": "2024-07-19T14:10:51.279Z"
  },
  {
    "fullName": "Chelsea King PhD",
    "email": "Bernice70@gmail.com",
    "password": "$2b$10$3YkXXnFPBRQTg2wCwvLxSeBEvbEqO.yjAV6KY8fHKX9PKN6Yk6q1G",
    "phone": "541.352.6072",
    "sex": "female",
    "status": "active",
    "deleted": false,
    "createdAt": "2024-07-19T15:23:37.193Z"
  },
  {
    "googleId": "d27df73a-d2e9-4cf8-bb0d-8112db73368b",
    "fullName": "Elena Price",
    "email": "Kara.Krajcik18@hotmail.com",
    "phone": "(356) 450-2845 x63009",
    "sex": "male",
    "status": "active",
    "deleted": false,
    "createdAt": "2024-07-19T16:47:33.031Z"
  },
  {
    "githubId": "3b92e095-2b4d-4975-85b1-9013059c7c97",
    "fullName": "Gregory Windler",
    "email": "Dave.Gulgowski50@gmail.com",
    "phone": "929.413.7733 x49897",
    "sex": "female",
    "status": "active",
    "deleted": false,
    "createdAt": "2024-07-19T17:01:51.020Z"
  },
  {
    "fullName": "Meredith Wisozk",
    "email": "Dell_Sanford54@hotmail.com",
    "password": "$2b$10$JByVPUV.cEsAJlwg7MvNiuUg8CqAz9P6tWbePsuTJQXrwmuVZw.wm",
    "phone": "(886) 398-0795 x3080",
    "sex": "other",
    "status": "active",
    "deleted": false,
    "createdAt": "2024-07-19T17:37:33.328Z"
  },
  {
    "githubId": "e106c2bc-8c84-4b0e-b6ca-32cd87e9320c",
    "fullName": "Antonia Breitenberg DVM",
    "email": "Danika.Gerhold13@hotmail.com",
    "phone": "1-762-375-6828",
    "sex": "male",
    "status": "active",
    "deleted": false,
    "createdAt": "2024-07-19T21:36:24.182Z"
  },
  {
    "facebookId": "e08a1e40-34ad-4242-8787-d097f1b2e30d",
    "fullName": "Phillip Champlin",
    "email": "Damaris55@hotmail.com",
    "phone": "439.652.6522 x803",
    "sex": "male",
    "status": "active",
    "deleted": false,
    "createdAt": "2024-07-20T01:24:58.064Z"
  },
  {
    "fullName": "Sophie Walsh",
    "email": "Nettie_Goodwin36@hotmail.com",
    "password": "$2b$10$LctyxuSa1fTOTPt4F0qHcuhGHYABs7KmE5s35jtKr5DBoBV210fbq",
    "phone": "488.905.5343 x1252",
    "sex": "other",
    "status": "active",
    "deleted": false,
    "createdAt": "2024-07-20T08:55:29.329Z"
  },
  {
    "facebookId": "73f398e7-7a85-4e5f-88ad-dfbbb37afe88",
    "fullName": "Jenna Tromp IV",
    "email": "Charlie29@yahoo.com",
    "phone": "343-622-1649 x426",
    "sex": "male",
    "status": "active",
    "deleted": false,
    "createdAt": "2024-07-20T13:04:42.035Z"
  },
  {
    "githubId": "9a9802c4-2d00-4a27-9365-c9dcd4b64fba",
    "fullName": "Delbert Klein Jr.",
    "email": "Jacquelyn.Funk@hotmail.com",
    "phone": "226.942.7119 x46944",
    "sex": "other",
    "status": "active",
    "deleted": false,
    "createdAt": "2024-07-20T13:08:43.756Z"
  },
  {
    "fullName": "Wm Bahringer",
    "email": "Sonia.Hahn64@yahoo.com",
    "password": "$2b$10$cN47IFysqplBBDb5zJ.W4usqpuloylbgG5KkYRByot7kzN/AqiH7S",
    "phone": "710-856-2891 x501",
    "sex": "male",
    "status": "active",
    "deleted": false,
    "createdAt": "2024-07-20T16:58:20.107Z"
  },
  {
    "facebookId": "b9f0158c-faf1-4c70-9322-d8de0831a99d",
    "fullName": "Henry McLaughlin",
    "email": "Torey35@hotmail.com",
    "phone": "650-595-0903 x95402",
    "sex": "male",
    "status": "active",
    "deleted": false,
    "createdAt": "2024-07-20T23:06:06.271Z"
  },
  {
    "githubId": "f0366768-3bf3-4844-8232-7729999d74ca",
    "fullName": "Loren Romaguera",
    "email": "Sarai_Heaney@yahoo.com",
    "phone": "224.732.0859 x749",
    "sex": "male",
    "status": "active",
    "deleted": false,
    "createdAt": "2024-07-20T23:39:44.126Z"
  },
  {
    "googleId": "7cef26bd-f7d7-47a7-86b0-e353d7420336",
    "fullName": "Mrs. Tricia Tillman",
    "email": "Abigayle26@yahoo.com",
    "phone": "1-883-295-4695 x167",
    "sex": "female",
    "status": "active",
    "deleted": false,
    "createdAt": "2024-07-20T23:47:13.847Z"
  },
  {
    "facebookId": "1d46ff7b-f246-425d-97b8-74d583479e75",
    "fullName": "Noah Waelchi-MacGyver",
    "email": "Pete87@gmail.com",
    "phone": "(248) 864-4088 x834",
    "sex": "other",
    "status": "active",
    "deleted": false,
    "createdAt": "2024-07-21T02:31:19.507Z"
  },
  {
    "googleId": "79a8845e-ddfe-4f61-a0bf-fb43ecf8ea0d",
    "fullName": "Kristie Volkman",
    "email": "Eloy.Mitchell-Friesen@hotmail.com",
    "phone": "(625) 567-1331 x701",
    "sex": "other",
    "status": "active",
    "deleted": false,
    "createdAt": "2024-07-21T04:17:53.311Z"
  },
  {
    "googleId": "c4dd1403-278e-4f00-a384-d9cd7f584c00",
    "fullName": "Suzanne Greenholt IV",
    "email": "Arlie58@gmail.com",
    "phone": "765.906.0680 x8590",
    "sex": "other",
    "status": "active",
    "deleted": false,
    "createdAt": "2024-07-21T04:50:26.919Z"
  },
  {
    "fullName": "Dr. Joe Kuhlman",
    "email": "Marques91@gmail.com",
    "password": "$2b$10$9LqHTbQGMVM7aTQ9A68vNuByu28kYz6pNa3EKSSApqkCKsvDrD6Ki",
    "phone": "1-423-755-6563 x41786",
    "sex": "other",
    "status": "active",
    "deleted": false,
    "createdAt": "2024-07-21T08:56:58.023Z"
  },
  {
    "fullName": "James Roob",
    "email": "Colten.Buckridge88@gmail.com",
    "password": "$2b$10$8KQTxfEw6D1iKGz8Mvs9d.oT1oAE0LVAOBh8axIQSh5hLgKxIezVC",
    "phone": "(345) 336-3530 x4834",
    "sex": "male",
    "status": "active",
    "deleted": false,
    "createdAt": "2024-07-21T11:42:17.432Z"
  },
  {
    "googleId": "ffa21488-7e32-42d7-b504-e1666fe3433d",
    "fullName": "Guy Bayer",
    "email": "Jaylon.Beahan72@hotmail.com",
    "phone": "1-955-781-6832 x560",
    "sex": "other",
    "status": "active",
    "deleted": false,
    "createdAt": "2024-07-21T13:52:53.741Z"
  },
  {
    "googleId": "e50d46be-0b45-4fa0-ad2c-90882bcb84b2",
    "fullName": "Lee Koelpin",
    "email": "Dessie_Torp@hotmail.com",
    "phone": "331-439-7396 x7451",
    "sex": "other",
    "status": "active",
    "deleted": false,
    "createdAt": "2024-07-21T16:44:08.546Z"
  },
  {
    "fullName": "Doreen Schroeder",
    "email": "Jayme_King-Pacocha22@hotmail.com",
    "password": "$2b$10$keF8h5R.jFfXe3zko2fqL.wBzn1nZT96HJqOMKFfdAEeXuzoWRoUq",
    "phone": "1-834-484-5322 x724",
    "sex": "other",
    "status": "active",
    "deleted": false,
    "createdAt": "2024-07-21T18:38:27.791Z"
  },
  {
    "facebookId": "a1f22a60-f2e1-497d-b7d4-5489057f98c6",
    "fullName": "Sarah Gottlieb",
    "email": "Cindy25@gmail.com",
    "phone": "1-332-716-4357 x1854",
    "sex": "other",
    "status": "active",
    "deleted": false,
    "createdAt": "2024-07-21T20:16:21.274Z"
  },
  {
    "googleId": "226b9264-926b-4083-96c1-37d5b5cdbfab",
    "fullName": "Darrell Bailey",
    "email": "Christian.Skiles38@yahoo.com",
    "phone": "1-568-941-4773 x099",
    "sex": "male",
    "status": "active",
    "deleted": false,
    "createdAt": "2024-07-21T20:43:12.500Z"
  },
  {
    "fullName": "Doris Nader",
    "email": "Zoila_Bednar@yahoo.com",
    "password": "$2b$10$OEfR3QOmf0AmBecREYET0ebM6AFDJydfaeHN2kv0WgeN8GW9SZY7e",
    "phone": "810.374.6825",
    "sex": "other",
    "status": "active",
    "deleted": false,
    "createdAt": "2024-07-21T22:43:50.124Z"
  },
  {
    "googleId": "aba6f888-5cc4-4c58-9284-334f70ea1100",
    "fullName": "Dr. Cora Marks",
    "email": "Aliza_Hessel13@hotmail.com",
    "phone": "758.913.9762 x735",
    "sex": "other",
    "status": "active",
    "deleted": false,
    "createdAt": "2024-07-22T00:03:40.705Z"
  },
  {
    "googleId": "b4c4cf88-d0b1-46b0-a7dd-8ec6b07dc872",
    "fullName": "Sylvester Nikolaus-Hermiston",
    "email": "Emely84@gmail.com",
    "phone": "659.891.3140",
    "sex": "male",
    "status": "active",
    "deleted": false,
    "createdAt": "2024-07-22T01:21:47.003Z"
  },
  {
    "facebookId": "62cce64e-3f6b-489d-9d24-bf708d7c11bb",
    "fullName": "Jose Macejkovic",
    "email": "Marlon.Beier63@hotmail.com",
    "phone": "1-571-590-2272",
    "sex": "other",
    "status": "active",
    "deleted": false,
    "createdAt": "2024-07-22T01:59:52.220Z"
  },
  {
    "githubId": "a22224e8-6b34-4b6a-a630-e5424e133f01",
    "fullName": "Blake Waelchi IV",
    "email": "Mozelle_Prosacco@yahoo.com",
    "phone": "(203) 800-3756",
    "sex": "other",
    "status": "active",
    "deleted": false,
    "createdAt": "2024-07-22T05:25:56.454Z"
  },
  {
    "fullName": "Tammy Welch",
    "email": "Fermin_Zulauf@gmail.com",
    "password": "$2b$10$TWIM/nNxysYXyqZz.CqeGOnEKQ97JqFZKyk2O.4n9D182YEehr1he",
    "phone": "1-826-596-4038 x392",
    "sex": "male",
    "status": "active",
    "deleted": false,
    "createdAt": "2024-07-22T15:04:48.328Z"
  },
  {
    "githubId": "a551aeb7-9cf8-4285-ac8e-89f05194f7fc",
    "fullName": "Kristin Orn",
    "email": "Celestino.Jacobi24@yahoo.com",
    "phone": "1-727-803-9000 x1969",
    "sex": "female",
    "status": "active",
    "deleted": false,
    "createdAt": "2024-07-22T16:04:10.205Z"
  },
  {
    "githubId": "9fa1114e-f81d-4f17-9209-f146a0e6d40f",
    "fullName": "Yolanda Wuckert",
    "email": "Keagan_Kreiger@hotmail.com",
    "phone": "(754) 495-1745",
    "sex": "female",
    "status": "active",
    "deleted": false,
    "createdAt": "2024-07-22T17:51:34.828Z"
  },
  {
    "githubId": "0b66688e-f1ec-4a8e-8bf9-a3f1034e8b50",
    "fullName": "Candace Daugherty",
    "email": "Berta_Hickle@gmail.com",
    "phone": "1-395-715-7511 x8569",
    "sex": "other",
    "status": "active",
    "deleted": false,
    "createdAt": "2024-07-22T20:00:39.722Z"
  },
  {
    "googleId": "0dfa6715-093d-4465-8513-4f15d2e933d3",
    "fullName": "Lana Sauer",
    "email": "Keira81@gmail.com",
    "phone": "(552) 694-8743 x31498",
    "sex": "other",
    "status": "active",
    "deleted": false,
    "createdAt": "2024-07-23T04:45:54.017Z"
  },
  {
    "fullName": "Alberta Carter",
    "email": "Gabrielle50@yahoo.com",
    "password": "$2b$10$Qq3dmadzq2nBeTrJBHP7eeJCvvA6gBHZZtVPND3M6/F.qT2v4ti4q",
    "phone": "688.397.4891 x538",
    "sex": "other",
    "status": "active",
    "deleted": false,
    "createdAt": "2024-07-23T05:38:07.992Z"
  },
  {
    "googleId": "2ddbb91d-148c-440c-a1f7-de5ee65419dd",
    "fullName": "Julian Berge",
    "email": "Ward16@hotmail.com",
    "phone": "958-376-2974",
    "sex": "other",
    "status": "active",
    "deleted": false,
    "createdAt": "2024-07-23T08:35:59.547Z"
  },
  {
    "fullName": "Alonzo O'Reilly",
    "email": "Marguerite.Brakus34@yahoo.com",
    "password": "$2b$10$z32hba3Ot1l8cQwczmEESOSLHMYvW77lU6kmys4QGC32.wphjckQW",
    "phone": "(506) 773-6867 x430",
    "sex": "other",
    "status": "active",
    "deleted": false,
    "createdAt": "2024-07-23T13:29:44.345Z"
  },
  {
    "githubId": "a1d9300b-278a-414d-81dc-99300a09470f",
    "fullName": "Johnnie Hirthe",
    "email": "Carson.Mitchell19@yahoo.com",
    "phone": "503-400-8535 x706",
    "sex": "other",
    "status": "active",
    "deleted": false,
    "createdAt": "2024-07-23T15:50:36.862Z"
  },
  {
    "fullName": "Nettie Huels",
    "email": "Maureen_Denesik@gmail.com",
    "password": "$2b$10$CHjhr2AvyyOpPRWJJZlSL.npdL9.fQAZm4GeTOF9vPTJPMw9huHDS",
    "phone": "(633) 605-3940 x38511",
    "sex": "other",
    "status": "active",
    "deleted": false,
    "createdAt": "2024-07-23T16:22:10.614Z"
  },
  {
    "googleId": "86c8d3b0-ca48-4ec8-a066-43ee4a55166b",
    "fullName": "Forrest Dickinson",
    "email": "Jaycee.Lemke24@hotmail.com",
    "phone": "757-259-8381 x2907",
    "sex": "other",
    "status": "active",
    "deleted": false,
    "createdAt": "2024-07-23T17:44:43.299Z"
  },
  {
    "googleId": "f8d55a1b-f3b6-4f1d-b83f-0a7fc267cea6",
    "fullName": "Sean Senger V",
    "email": "Esta_Stiedemann@yahoo.com",
    "phone": "681-291-9037 x0218",
    "sex": "other",
    "status": "active",
    "deleted": false,
    "createdAt": "2024-07-23T21:50:24.903Z"
  },
  {
    "facebookId": "81ccbc0f-5c17-47f7-b429-d97ddfdbd782",
    "fullName": "Peter Wisoky",
    "email": "Melba77@gmail.com",
    "phone": "(464) 693-4334 x87274",
    "sex": "male",
    "status": "active",
    "deleted": false,
    "createdAt": "2024-07-24T05:54:48.008Z"
  },
  {
    "fullName": "Frances Schimmel",
    "email": "Tatum_Gleason@hotmail.com",
    "password": "$2b$10$dC9uHlQ/UmghnkNwbZLU3uiCmuD.W6M444fDetOI/fqr.PLlQpJme",
    "phone": "(449) 399-6545 x7904",
    "sex": "female",
    "status": "active",
    "deleted": false,
    "createdAt": "2024-07-24T07:40:54.034Z"
  },
  {
    "fullName": "Leonard Ledner",
    "email": "Fern.Kemmer71@hotmail.com",
    "password": "$2b$10$S.UVqtlDu8A/htVkrc8qCORmut80Jzgt.2FUzBFCyMczgenXhOODm",
    "phone": "(259) 324-8092 x94245",
    "sex": "other",
    "status": "active",
    "deleted": false,
    "createdAt": "2024-07-24T10:40:45.274Z"
  },
  {
    "fullName": "Tina Toy",
    "email": "Anderson.Wehner57@gmail.com",
    "password": "$2b$10$TNg4b.hM7BsQU9Kh9SBPWeO0CdiBsfO82jqHSFxFL7lp6LdG8/U5i",
    "phone": "1-553-299-8724 x1738",
    "sex": "other",
    "status": "active",
    "deleted": false,
    "createdAt": "2024-07-24T18:24:19.948Z"
  },
  {
    "googleId": "0d7314ec-43fd-4007-b53e-df21fdf5bdbd",
    "fullName": "Guillermo Denesik",
    "email": "Jacklyn_Rath@hotmail.com",
    "phone": "946-943-3202 x23770",
    "sex": "female",
    "status": "active",
    "deleted": false,
    "createdAt": "2024-07-24T19:21:08.120Z"
  },
  {
    "githubId": "3bee2e32-3288-4d24-bfb9-e9df161b6221",
    "fullName": "Isaac Kunze",
    "email": "Stanford0@gmail.com",
    "phone": "697-664-3455",
    "sex": "other",
    "status": "active",
    "deleted": false,
    "createdAt": "2024-07-24T19:37:04.103Z"
  },
  {
    "facebookId": "371ab385-8356-4096-b6a0-1d87ce123cf1",
    "fullName": "Jimmie Schuster",
    "email": "Elyse.Goodwin@hotmail.com",
    "phone": "953-949-1432 x0627",
    "sex": "other",
    "status": "active",
    "deleted": false,
    "createdAt": "2024-07-24T22:28:59.717Z"
  },
  {
    "googleId": "889e9d8b-325b-407f-9acb-303a946e16be",
    "fullName": "Tracy Cronin",
    "email": "Amaya36@yahoo.com",
    "phone": "(999) 473-1151",
    "sex": "male",
    "status": "active",
    "deleted": false,
    "createdAt": "2024-07-25T05:42:11.572Z"
  },
  {
    "githubId": "22283966-e072-406b-92f2-92ea21ed2dc3",
    "fullName": "Maggie MacGyver Sr.",
    "email": "Josiane.Hauck-Walsh21@hotmail.com",
    "phone": "505-371-9252",
    "sex": "female",
    "status": "active",
    "deleted": false,
    "createdAt": "2024-07-25T06:19:21.272Z"
  },
  {
    "facebookId": "a9753da3-50e7-4287-8ede-5e64a98ce886",
    "fullName": "Gretchen Gerhold",
    "email": "Mustafa.Konopelski@hotmail.com",
    "phone": "1-565-437-0825",
    "sex": "unknown",
    "status": "active",
    "deleted": false,
    "createdAt": "2024-07-25T09:17:41.555Z"
  },
  {
    "fullName": "Wilma Bahringer",
    "email": "Cristian23@hotmail.com",
    "password": "$2b$10$PwniMUWLsHEVs5ek5UtWnOA/NAo4Sw58Yhcp/AZzJvCcJud0SLWbi",
    "phone": "563-807-8000",
    "sex": "male",
    "status": "active",
    "deleted": false,
    "createdAt": "2024-07-25T23:33:05.127Z"
  },
  {
    "githubId": "7adc6e5c-ed10-48fa-8e0f-ee8d5f2c335f",
    "fullName": "Warren Collier",
    "email": "Llewellyn1@gmail.com",
    "phone": "610.582.3046 x912",
    "sex": "male",
    "status": "active",
    "deleted": false,
    "createdAt": "2024-07-26T00:40:54.846Z"
  },
  {
    "facebookId": "01252455-3eb1-4aad-b9ca-bdc2721a639e",
    "fullName": "Lance Schowalter",
    "email": "Victoria11@hotmail.com",
    "phone": "754-444-5669",
    "sex": "other",
    "status": "active",
    "deleted": false,
    "createdAt": "2024-07-26T06:15:27.436Z"
  },
  {
    "facebookId": "2a224482-0982-462c-966c-2e8221a1816d",
    "fullName": "Dr. Holly Hagenes",
    "email": "Major65@gmail.com",
    "phone": "717-939-3909",
    "sex": "female",
    "status": "active",
    "deleted": false,
    "createdAt": "2024-07-26T12:08:16.928Z"
  },
  {
    "githubId": "afb0ec76-fe55-4435-a535-9a998196d074",
    "fullName": "Robin Kerluke Jr.",
    "email": "Marianne_McCullough@gmail.com",
    "phone": "(428) 466-5230",
    "sex": "other",
    "status": "active",
    "deleted": false,
    "createdAt": "2024-07-26T20:17:40.334Z"
  },
  {
    "facebookId": "77be3f83-b17e-4bfe-a275-a6993f5df1c5",
    "fullName": "Mabel Ledner",
    "email": "Luther.Heidenreich@hotmail.com",
    "phone": "1-763-977-3351 x29479",
    "sex": "other",
    "status": "active",
    "deleted": false,
    "createdAt": "2024-07-27T00:42:42.030Z"
  },
  {
    "githubId": "89a44459-acd4-41eb-9336-c9015fe1eec7",
    "fullName": "Mae Grimes",
    "email": "Macy5@gmail.com",
    "phone": "1-787-526-8766 x888",
    "sex": "male",
    "status": "active",
    "deleted": false,
    "createdAt": "2024-07-27T03:45:55.992Z"
  },
  {
    "facebookId": "ba4c5a7c-9107-495e-8a74-aab99d26e1cb",
    "fullName": "Dr. Anthony Jerde",
    "email": "Constantin28@hotmail.com",
    "phone": "(497) 705-1013",
    "sex": "female",
    "status": "active",
    "deleted": false,
    "createdAt": "2024-07-27T11:40:26.342Z"
  },
  {
    "googleId": "6362f929-705f-4c59-915f-f11f4597a122",
    "fullName": "Peter Fay",
    "email": "Maggie_Ruecker@gmail.com",
    "phone": "367.943.3166",
    "sex": "other",
    "status": "active",
    "deleted": false,
    "createdAt": "2024-07-27T12:34:35.861Z"
  },
  {
    "facebookId": "f8e23375-0331-4a13-ad11-7b8b6ea6358f",
    "fullName": "Marc Zemlak",
    "email": "Lottie_Lehner56@gmail.com",
    "phone": "850.945.3202",
    "sex": "other",
    "status": "active",
    "deleted": false,
    "createdAt": "2024-07-27T16:40:53.119Z"
  },
  {
    "githubId": "305e8044-1406-4ea9-9118-5bb4538d7584",
    "fullName": "Darryl Kertzmann DDS",
    "email": "Uriel69@yahoo.com",
    "phone": "726-392-8922",
    "sex": "other",
    "status": "active",
    "deleted": false,
    "createdAt": "2024-07-27T21:37:53.770Z"
  },
  {
    "githubId": "ea920832-c954-4db1-99ba-a9f3183c1fe3",
    "fullName": "Melinda Lowe",
    "email": "Jody_Hagenes46@hotmail.com",
    "phone": "742-457-3758 x495",
    "sex": "female",
    "status": "active",
    "deleted": false,
    "createdAt": "2024-07-27T21:48:28.013Z"
  },
  {
    "fullName": "Roberto Bradtke-Klein",
    "email": "Dax_Leffler@gmail.com",
    "password": "$2b$10$GEU4mObV4iQqfjMliOY2kuIZS07urNOC/yY4Qr.ZkalzPGMeV1pkS",
    "phone": "1-974-884-3409 x886",
    "sex": "male",
    "status": "active",
    "deleted": false,
    "createdAt": "2024-07-27T22:32:41.569Z"
  },
  {
    "facebookId": "a5640c6a-9a9f-4064-a533-b4da4b96ecca",
    "fullName": "Nancy Cassin",
    "email": "Aliya_Upton@yahoo.com",
    "phone": "839-431-5215 x76626",
    "sex": "other",
    "status": "active",
    "deleted": false,
    "createdAt": "2024-07-28T02:14:24.614Z"
  },
  {
    "facebookId": "98057ecc-4239-4a12-8a24-3b11b254ec47",
    "fullName": "Darrin Koelpin",
    "email": "Yadira.Bogan@gmail.com",
    "phone": "(204) 348-2860",
    "sex": "male",
    "status": "active",
    "deleted": false,
    "createdAt": "2024-07-28T04:23:23.677Z"
  },
  {
    "fullName": "Tyrone Rempel",
    "email": "Oren96@yahoo.com",
    "password": "$2b$10$zbzxkgPm6HQk4wj8xaqePO9m4z7xKxNx5KIDYJDB6.eFD7AgGqTZi",
    "phone": "1-628-683-1165",
    "sex": "other",
    "status": "active",
    "deleted": false,
    "createdAt": "2024-07-28T06:02:06.840Z"
  },
  {
    "fullName": "Dr. Frances Pollich",
    "email": "Effie15@hotmail.com",
    "password": "$2b$10$YHA7Iv5vj.2rZhwpUKHeTO8r664N5nj.rH8U2GnrDMn06KVAFaY2y",
    "phone": "(857) 557-7513",
    "sex": "male",
    "status": "active",
    "deleted": false,
    "createdAt": "2024-07-28T07:23:30.769Z"
  },
  {
    "facebookId": "a56fa47c-dba6-46d6-9e78-796b23e117be",
    "fullName": "Dewey Pagac",
    "email": "Damaris_Stracke53@hotmail.com",
    "phone": "874.285.0235 x3788",
    "sex": "other",
    "status": "active",
    "deleted": false,
    "createdAt": "2024-07-28T09:47:28.351Z"
  },
  {
    "fullName": "Kathleen Larkin",
    "email": "Stephanie_Cremin63@hotmail.com",
    "password": "$2b$10$1rhHCxjABDaeWFUEHauEFOQCeoQ7YuruLMY2IRsH11Ru8C6aA2Y7C",
    "phone": "812.630.8913 x6738",
    "sex": "male",
    "status": "active",
    "deleted": false,
    "createdAt": "2024-07-28T09:56:06.003Z"
  },
  {
    "fullName": "Guadalupe Zulauf",
    "email": "Tyrel8@gmail.com",
    "password": "$2b$10$t051aBnw0yR5ynuo0sQpZeRqHxPm7MdubUbCht9.aJGcTE7bjqxwS",
    "phone": "205.548.0513 x391",
    "sex": "female",
    "status": "active",
    "deleted": false,
    "createdAt": "2024-07-28T10:39:42.700Z"
  },
  {
    "fullName": "Pete Hackett-Kub",
    "email": "Carson_Keeling64@gmail.com",
    "password": "$2b$10$RWd9hDcJx4fxR47PVpV4B.QEB7Z4HosFxHVO78d7H1ZsHjempXFki",
    "phone": "1-893-388-4744",
    "sex": "male",
    "status": "active",
    "deleted": false,
    "createdAt": "2024-07-28T11:32:17.480Z"
  },
  {
    "facebookId": "f5d873a2-9c75-4dd4-bcc4-b2d2d60e2e1f",
    "fullName": "Greg Flatley",
    "email": "Chesley69@hotmail.com",
    "phone": "(250) 400-1568",
    "sex": "male",
    "status": "active",
    "deleted": false,
    "createdAt": "2024-07-28T13:59:19.736Z"
  },
  {
    "githubId": "78f60e4c-b69f-49a2-83e5-445d561cb264",
    "fullName": "Greg Lindgren",
    "email": "Steve16@yahoo.com",
    "phone": "719-364-6342 x4689",
    "sex": "male",
    "status": "active",
    "deleted": false,
    "createdAt": "2024-07-28T16:40:46.072Z"
  },
  {
    "googleId": "44515025-9c89-440e-8d0e-418e994b6e44",
    "fullName": "Matt Pacocha",
    "email": "Dejah43@hotmail.com",
    "phone": "1-201-352-0188 x80405",
    "sex": "female",
    "status": "active",
    "deleted": false,
    "createdAt": "2024-07-28T21:35:03.850Z"
  },
  {
    "googleId": "cce39eac-7e8b-4feb-9017-65e2f9555755",
    "fullName": "Mr. Santos Satterfield",
    "email": "Deborah20@yahoo.com",
    "phone": "566-605-6890",
    "sex": "other",
    "status": "active",
    "deleted": false,
    "createdAt": "2024-07-28T23:33:12.748Z"
  },
  {
    "facebookId": "f3e74994-591d-4ab6-af21-e167888eca73",
    "fullName": "Sherri Becker",
    "email": "Horacio.Russel@gmail.com",
    "phone": "979-902-7100",
    "sex": "other",
    "status": "active",
    "deleted": false,
    "createdAt": "2024-07-29T02:23:15.140Z"
  },
  {
    "googleId": "8e245f2d-2359-4a26-ac33-8bf9187d9c59",
    "fullName": "Ira Kohler",
    "email": "Julie.Berge@yahoo.com",
    "phone": "359-693-8103 x466",
    "sex": "male",
    "status": "active",
    "deleted": false,
    "createdAt": "2024-07-29T03:32:40.000Z"
  },
  {
    "fullName": "Geraldine Huel",
    "email": "Tianna68@gmail.com",
    "password": "$2b$10$NWWRh39HOcRKHpO8HZo.Z.JKsQBxmHNNbwQSjRmXZbgCoAMY.4hf2",
    "phone": "1-416-261-3437",
    "sex": "other",
    "status": "active",
    "deleted": false,
    "createdAt": "2024-07-29T03:54:51.431Z"
  },
  {
    "githubId": "3f623ec2-5868-4ed3-bd1e-0e9015317a7c",
    "fullName": "Paul Lesch",
    "email": "Camylle.Metz@gmail.com",
    "phone": "(532) 703-9170 x57914",
    "sex": "female",
    "status": "active",
    "deleted": false,
    "createdAt": "2024-07-29T05:41:47.449Z"
  },
  {
    "fullName": "Levi Witting",
    "email": "Daisy.Pouros@hotmail.com",
    "password": "$2b$10$wLlhqvEvwpcRHS3pHKrn0ehw.BbT7dyCxJDpvi3PgmyGOwQjwl/fu",
    "phone": "312-225-8791 x4850",
    "sex": "other",
    "status": "active",
    "deleted": false,
    "createdAt": "2024-07-29T07:25:59.201Z"
  },
  {
    "githubId": "fabf706b-4ae8-4fd7-8d1d-c15bae1a28ff",
    "fullName": "Mrs. Faye Kihn PhD",
    "email": "Greyson.Kulas18@hotmail.com",
    "phone": "891.450.4582 x6399",
    "sex": "female",
    "status": "active",
    "deleted": false,
    "createdAt": "2024-07-29T12:42:55.513Z"
  },
  {
    "fullName": "Karla O'Reilly",
    "email": "Cecilia84@gmail.com",
    "password": "$2b$10$01e2kX67PLWjheNl2eEmX.Qvvj8UTwVKycZP8KLRmfAgytrI9fPa.",
    "phone": "876.545.9356",
    "sex": "other",
    "status": "active",
    "deleted": false,
    "createdAt": "2024-07-29T14:59:12.341Z"
  },
  {
    "githubId": "04931991-7ab1-4573-ae58-91aa2a6369ac",
    "fullName": "Kellie Schowalter",
    "email": "Herman_Marquardt77@yahoo.com",
    "phone": "1-263-540-8872 x2806",
    "sex": "other",
    "status": "active",
    "deleted": false,
    "createdAt": "2024-07-29T17:01:12.697Z"
  },
  {
    "facebookId": "578a2359-8994-48d1-82db-c1fd963d6a8a",
    "fullName": "Kim McLaughlin-Von",
    "email": "Michaela80@yahoo.com",
    "phone": "(202) 944-7508 x371",
    "sex": "other",
    "status": "active",
    "deleted": false,
    "createdAt": "2024-07-29T18:18:15.563Z"
  },
  {
    "fullName": "Mr. Darnell Prohaska",
    "email": "Isaac_Wolf98@yahoo.com",
    "password": "$2b$10$KTGGs7XJvjvrU7lMCfRdqepZPigm6Mu7mF0XZ5YvgYy8OVOgMM9xO",
    "phone": "531.203.5131",
    "sex": "other",
    "status": "active",
    "deleted": false,
    "createdAt": "2024-07-29T18:39:05.147Z"
  },
  {
    "googleId": "42f98ee1-a5db-44bd-af24-a812ee271465",
    "fullName": "Crystal Farrell",
    "email": "Natasha_Stiedemann58@hotmail.com",
    "phone": "(899) 589-8966",
    "sex": "other",
    "status": "active",
    "deleted": false,
    "createdAt": "2024-07-29T19:29:02.307Z"
  },
  {
    "githubId": "cb859806-50b9-4b51-98e5-1570b5b5d86c",
    "fullName": "Carmen O'Conner",
    "email": "Ines.Ledner@gmail.com",
    "phone": "314.702.4414 x0343",
    "sex": "male",
    "status": "active",
    "deleted": false,
    "createdAt": "2024-07-29T20:47:55.176Z"
  }
]
