[
  {
    "githubId": "4332978a-6aec-4d80-8f78-edc25ada2f8a",
    "fullName": "Dr. Ricky Considine",
    "email": "Francisco_Leuschke@hotmail.com",
    "phone": "1-665-272-8228 x27047",
    "sex": "other",
    "status": "active",
    "deleted": false,
    "createdAt": "2024-10-01T02:25:00.979Z"
  },
  {
    "facebookId": "d4469aa5-7ce9-4cfe-91fc-1d04be37634e",
    "fullName": "Percy Johnson DDS",
    "email": "Chadrick.Kreiger@gmail.com",
    "phone": "702-678-6973 x127",
    "sex": "other",
    "status": "active",
    "deleted": false,
    "createdAt": "2024-10-01T04:20:15.640Z"
  },
  {
    "facebookId": "63492203-a761-4034-86ff-a57dfa8a54d4",
    "fullName": "Erika Cremin",
    "email": "Rosemarie77@gmail.com",
    "phone": "1-462-518-0291 x9673",
    "sex": "other",
    "status": "active",
    "deleted": false,
    "createdAt": "2024-10-01T05:53:06.969Z"
  },
  {
    "facebookId": "57291988-ec99-44ff-af62-3de1a8bce7ee",
    "fullName": "Milton Howe",
    "email": "Kavon_Rogahn@hotmail.com",
    "phone": "1-850-364-9958 x8185",
    "sex": "other",
    "status": "active",
    "deleted": false,
    "createdAt": "2024-10-01T13:08:44.116Z"
  },
  {
    "facebookId": "444a362a-078b-4760-8191-91588093f76e",
    "fullName": "Moses Kulas",
    "email": "Mollie.Johns@yahoo.com",
    "phone": "(230) 908-8958 x75685",
    "sex": "other",
    "status": "active",
    "deleted": false,
    "createdAt": "2024-10-01T13:34:34.342Z"
  },
  {
    "fullName": "Edgar Wiegand IV",
    "email": "Jonas41@yahoo.com",
    "password": "$2b$10$Tg8pjIhYgFiiHfcqinIi.usuRNLf7O/4NRKPNvoIewqFuSGlATD.O",
    "phone": "(914) 747-7463 x7397",
    "sex": "other",
    "status": "active",
    "deleted": false,
    "createdAt": "2024-10-01T21:25:54.328Z"
  },
  {
    "googleId": "b0e5ff7c-f8de-4f9c-86b2-b99ace619987",
    "fullName": "Jeremy Wyman-Gibson",
    "email": "Judd_Deckow95@yahoo.com",
    "phone": "(495) 611-7141 x6466",
    "sex": "female",
    "status": "active",
    "deleted": false,
    "createdAt": "2024-10-02T02:18:18.373Z"
  },
  {
    "facebookId": "301beb74-8ad2-4290-a226-1f09b1d9ad49",
    "fullName": "Teresa Olson",
    "email": "Keaton.Becker27@yahoo.com",
    "phone": "(238) 409-4467 x2949",
    "sex": "male",
    "status": "active",
    "deleted": false,
    "createdAt": "2024-10-02T02:34:15.341Z"
  },
  {
    "githubId": "e0e49531-77ea-4223-b1a4-338c65c8c792",
    "fullName": "Rebecca Kessler",
    "email": "Savanna.OReilly@gmail.com",
    "phone": "1-507-252-2481 x763",
    "sex": "male",
    "status": "active",
    "deleted": false,
    "createdAt": "2024-10-02T05:52:41.296Z"
  },
  {
    "fullName": "Alfred Konopelski",
    "email": "Amelie_Herman@hotmail.com",
    "password": "$2b$10$aLnFI.Wm7SZiR9ok1.fAf.2F7LKbdk8o8U/tBgwSFryB.c8ALD75.",
    "phone": "(258) 916-2693 x7543",
    "sex": "male",
    "status": "active",
    "deleted": false,
    "createdAt": "2024-10-02T08:27:03.084Z"
  },
  {
    "fullName": "Lorenzo Jenkins",
    "email": "Maxie.Douglas8@gmail.com",
    "password": "$2b$10$dYNgU/xM1Qhr1vMD2oViv.SyFjTQ8BNgnB.ozcBQG8.kPe9TNass.",
    "phone": "1-676-492-2737 x9919",
    "sex": "female",
    "status": "active",
    "deleted": false,
    "createdAt": "2024-10-02T09:49:45.082Z"
  },
  {
    "googleId": "965bb9ac-efae-4f11-b631-6ed428831b15",
    "fullName": "Gloria Goodwin",
    "email": "Sabina_Conn@hotmail.com",
    "phone": "974.893.8515",
    "sex": "male",
    "status": "active",
    "deleted": false,
    "createdAt": "2024-10-02T11:10:40.156Z"
  },
  {
    "googleId": "f495ccab-2b58-4b00-8a1c-c99e1311448e",
    "fullName": "Betsy Wyman",
    "email": "Rafael.Rippin@gmail.com",
    "phone": "773-914-1249 x159",
    "sex": "male",
    "status": "active",
    "deleted": false,
    "createdAt": "2024-10-02T11:49:17.823Z"
  },
  {
    "githubId": "831cf6d8-b659-40ee-bebd-e711865e3e9f",
    "fullName": "Judith Collins",
    "email": "Yasmine_Barrows@hotmail.com",
    "phone": "324.450.7441 x150",
    "sex": "female",
    "status": "active",
    "deleted": false,
    "createdAt": "2024-10-02T19:33:42.999Z"
  },
  {
    "githubId": "334f0150-7581-46ab-ba65-536c2ef806da",
    "fullName": "Raymond Flatley",
    "email": "Israel_Wehner@yahoo.com",
    "phone": "(589) 744-9748 x61548",
    "sex": "male",
    "status": "active",
    "deleted": false,
    "createdAt": "2024-10-03T11:54:01.610Z"
  },
  {
    "fullName": "Sarah Rempel",
    "email": "Soledad33@yahoo.com",
    "password": "$2b$10$WC.EzXoU1oCMOlosXUmOMuQVjc9cYvm4OLkVti8Pb7rm6tv9w09IW",
    "phone": "1-447-405-8858 x6633",
    "sex": "male",
    "status": "active",
    "deleted": false,
    "createdAt": "2024-10-03T23:21:35.483Z"
  },
  {
    "fullName": "Marvin Rolfson",
    "email": "Benton_White12@yahoo.com",
    "password": "$2b$10$rpiik7BcX7fnIQZlV2VAi.ZqYN9.xy9KDPjLOLnSILqtIAPQA9BNq",
    "phone": "(887) 249-0289 x75189",
    "sex": "other",
    "status": "active",
    "deleted": false,
    "createdAt": "2024-10-04T03:26:57.402Z"
  },
  {
    "facebookId": "aa7aa6ae-e51c-4511-a26d-16d7c2a29951",
    "fullName": "Alison Fahey",
    "email": "Lempi_Cassin@hotmail.com",
    "phone": "605-924-1660 x00329",
    "sex": "other",
    "status": "active",
    "deleted": false,
    "createdAt": "2024-10-04T04:11:30.377Z"
  },
  {
    "facebookId": "0b0d4fb7-822e-4cfa-92df-93fd30b4dfcb",
    "fullName": "Jana Kuhic",
    "email": "Claudia_Conn@gmail.com",
    "phone": "673.775.8391 x50005",
    "sex": "other",
    "status": "active",
    "deleted": false,
    "createdAt": "2024-10-04T04:14:06.109Z"
  },
  {
    "facebookId": "c44e5dfc-01a8-41f3-b719-e57ca2336aa0",
    "fullName": "Mrs. Lorraine Stark",
    "email": "Dennis.Kertzmann-Thiel@gmail.com",
    "phone": "(206) 338-4853 x21890",
    "sex": "male",
    "status": "active",
    "deleted": false,
    "createdAt": "2024-10-04T05:36:35.026Z"
  },
  {
    "githubId": "aad060b3-d336-4ff4-bed6-0c343d192fbe",
    "fullName": "Beatrice Bins",
    "email": "Durward10@hotmail.com",
    "phone": "1-755-692-9911 x221",
    "sex": "male",
    "status": "active",
    "deleted": false,
    "createdAt": "2024-10-04T10:50:55.046Z"
  },
  {
    "googleId": "9e774922-6832-46d6-a136-b12f51c428aa",
    "fullName": "Sylvester Mertz",
    "email": "Giles.Kuphal@hotmail.com",
    "phone": "406.543.1097 x23210",
    "sex": "female",
    "status": "active",
    "deleted": false,
    "createdAt": "2024-10-04T12:39:19.128Z"
  },
  {
    "googleId": "b189358d-f8a0-4508-b133-973f347cf1f6",
    "fullName": "Clara Quitzon",
    "email": "Gage_Wisoky98@hotmail.com",
    "phone": "(215) 985-7929",
    "sex": "male",
    "status": "active",
    "deleted": false,
    "createdAt": "2024-10-04T14:53:34.849Z"
  },
  {
    "githubId": "df0c03a3-f931-4529-aed0-79092e071500",
    "fullName": "Tamara Brakus",
    "email": "Vladimir_Mante11@gmail.com",
    "phone": "311.439.2042 x689",
    "sex": "other",
    "status": "active",
    "deleted": false,
    "createdAt": "2024-10-04T17:13:57.348Z"
  },
  {
    "facebookId": "90da388c-49eb-4408-8cb2-e9a9c702975d",
    "fullName": "Bobbie Murray",
    "email": "Esther15@yahoo.com",
    "phone": "1-795-575-5162 x91363",
    "sex": "other",
    "status": "active",
    "deleted": false,
    "createdAt": "2024-10-04T20:25:56.969Z"
  },
  {
    "githubId": "d6fe5e54-733a-4f37-83d0-671d66e9962a",
    "fullName": "Mr. Gregg Schneider Sr.",
    "email": "Laisha_Collier@hotmail.com",
    "phone": "1-610-784-4187",
    "sex": "other",
    "status": "active",
    "deleted": false,
    "createdAt": "2024-10-05T13:58:43.641Z"
  },
  {
    "fullName": "David Kassulke DVM",
    "email": "Kari_Tromp@yahoo.com",
    "password": "$2b$10$Lirg.4qiR7ts2gfZxRJdWe9dVl8y6.DR31lFiIBIUENu4AYfaPvdG",
    "phone": "(209) 302-4047 x9393",
    "sex": "female",
    "status": "active",
    "deleted": false,
    "createdAt": "2024-10-06T04:57:45.894Z"
  },
  {
    "googleId": "8639aa4c-6cb6-4b0f-9fd0-98f4389606b6",
    "fullName": "Gerardo Anderson",
    "email": "Douglas7@yahoo.com",
    "phone": "1-666-265-3965 x755",
    "sex": "other",
    "status": "active",
    "deleted": false,
    "createdAt": "2024-10-06T08:54:39.331Z"
  },
  {
    "facebookId": "1ebb8763-1e86-4caf-9faf-73a5375fe238",
    "fullName": "Johnnie Schmitt",
    "email": "Westley.Stamm@gmail.com",
    "phone": "867-961-1785 x202",
    "sex": "other",
    "status": "active",
    "deleted": false,
    "createdAt": "2024-10-06T09:47:02.300Z"
  },
  {
    "fullName": "Terrell Abshire",
    "email": "Leanna10@gmail.com",
    "password": "$2b$10$2b41TQTFutiTFfX8Lrfkf.bsNJ4p9j.7EGUAdR3zNT9dXQQ4O1ySm",
    "phone": "387-785-1057 x2072",
    "sex": "female",
    "status": "active",
    "deleted": false,
    "createdAt": "2024-10-06T11:50:44.678Z"
  },
  {
    "fullName": "Jessie Torphy",
    "email": "Gonzalo.Bartell51@gmail.com",
    "password": "$2b$10$AASb3RvDa1fR.N.196Rr1eJq0.ECXz1smy/tQtvTSvmfeW2Pb07Cq",
    "phone": "250-403-6945",
    "sex": "other",
    "status": "active",
    "deleted": false,
    "createdAt": "2024-10-06T12:54:35.343Z"
  },
  {
    "githubId": "0d614656-b522-49c7-a4f2-3769033ebfeb",
    "fullName": "Sara Muller",
    "email": "Rashawn_Koepp16@hotmail.com",
    "phone": "1-697-395-7488 x39344",
    "sex": "other",
    "status": "active",
    "deleted": false,
    "createdAt": "2024-10-06T17:17:11.199Z"
  },
  {
    "facebookId": "26d5191d-0b32-4cef-9560-9e0403c1f9f4",
    "fullName": "Fernando Stanton",
    "email": "Hattie42@hotmail.com",
    "phone": "(507) 632-1269",
    "sex": "female",
    "status": "active",
    "deleted": false,
    "createdAt": "2024-10-06T18:05:18.037Z"
  },
  {
    "githubId": "12b42229-3d14-43fb-b43f-c989182f9248",
    "fullName": "Drew Lubowitz",
    "email": "Caterina22@gmail.com",
    "phone": "(406) 811-2316 x893",
    "sex": "other",
    "status": "active",
    "deleted": false,
    "createdAt": "2024-10-06T21:10:54.761Z"
  },
  {
    "githubId": "40747edd-73a9-4c93-8fd3-0128b3e9e3a9",
    "fullName": "Bennie Crist-Lang",
    "email": "Aric66@yahoo.com",
    "phone": "(434) 944-0895 x2868",
    "sex": "other",
    "status": "active",
    "deleted": false,
    "createdAt": "2024-10-06T21:22:46.437Z"
  },
  {
    "googleId": "331d4760-ae87-4b62-b2ba-75bda9fadc1b",
    "fullName": "Levi Schroeder",
    "email": "Tressa.Bailey@yahoo.com",
    "phone": "825.678.9496 x5066",
    "sex": "other",
    "status": "active",
    "deleted": false,
    "createdAt": "2024-10-06T23:55:28.861Z"
  },
  {
    "githubId": "1f3b697d-10c9-43e1-8258-c59145cd7a96",
    "fullName": "Patrick Trantow",
    "email": "Maya_Hauck@hotmail.com",
    "phone": "(587) 327-9398 x9775",
    "sex": "male",
    "status": "active",
    "deleted": false,
    "createdAt": "2024-10-07T02:32:03.731Z"
  },
  {
    "githubId": "c85ddd7e-cd90-4e5f-abd1-f74dec844f15",
    "fullName": "Caroline Schuster",
    "email": "Mohamed_Hirthe83@yahoo.com",
    "phone": "1-215-574-1463 x68301",
    "sex": "other",
    "status": "active",
    "deleted": false,
    "createdAt": "2024-10-07T08:50:20.189Z"
  },
  {
    "googleId": "04866d00-8fb8-453b-bb4c-016ead78393a",
    "fullName": "Todd Feest",
    "email": "Lydia_Mann35@hotmail.com",
    "phone": "318.833.0117",
    "sex": "male",
    "status": "active",
    "deleted": false,
    "createdAt": "2024-10-07T09:18:16.474Z"
  },
  {
    "facebookId": "aeaccdb4-fee3-444d-9e18-a0ff6ce6744c",
    "fullName": "Josephine Kerluke",
    "email": "Jace16@yahoo.com",
    "phone": "(582) 760-4879 x491",
    "sex": "other",
    "status": "active",
    "deleted": false,
    "createdAt": "2024-10-07T22:17:13.733Z"
  },
  {
    "googleId": "25daa78e-c2e2-48a9-919e-a1ad1517c730",
    "fullName": "Irving Abbott Sr.",
    "email": "Fleta_Hane@yahoo.com",
    "phone": "1-600-932-6283 x51900",
    "sex": "male",
    "status": "active",
    "deleted": false,
    "createdAt": "2024-10-08T02:11:09.082Z"
  },
  {
    "facebookId": "e9b50b59-df01-4449-8a91-f12cd5f95b92",
    "fullName": "Toni McClure",
    "email": "Toy_Morar@gmail.com",
    "phone": "801-726-2078 x84440",
    "sex": "other",
    "status": "active",
    "deleted": false,
    "createdAt": "2024-10-08T07:47:27.412Z"
  },
  {
    "fullName": "Joey Heidenreich",
    "email": "Eusebio_Lebsack8@gmail.com",
    "password": "$2b$10$0VHo.11Dtk1/erdhln9G6eQUDeRNcSsJqg.M.74Sv/sV2VVroWOJW",
    "phone": "1-677-557-7264",
    "sex": "other",
    "status": "active",
    "deleted": false,
    "createdAt": "2024-10-08T07:50:47.833Z"
  },
  {
    "facebookId": "61431451-14eb-43e4-84ec-ad9e1ef0400a",
    "fullName": "Marguerite Hickle",
    "email": "Blake.Ortiz@hotmail.com",
    "phone": "(488) 892-0455 x7771",
    "sex": "male",
    "status": "active",
    "deleted": false,
    "createdAt": "2024-10-08T13:30:48.259Z"
  },
  {
    "googleId": "2a81f413-04fd-422d-8916-7a4b060b6881",
    "fullName": "Kate Olson",
    "email": "Daren.Harvey@hotmail.com",
    "phone": "1-428-673-8357 x56417",
    "sex": "female",
    "status": "active",
    "deleted": false,
    "createdAt": "2024-10-08T16:40:20.721Z"
  },
  {
    "facebookId": "bc9862bd-edb1-4682-a6dc-fc1485e50936",
    "fullName": "Irma Anderson Sr.",
    "email": "Frances61@yahoo.com",
    "phone": "562-710-4846",
    "sex": "female",
    "status": "active",
    "deleted": false,
    "createdAt": "2024-10-09T09:56:38.123Z"
  },
  {
    "fullName": "Lauren Nader",
    "email": "Lyla_Wolff24@hotmail.com",
    "password": "$2b$10$hwuXGbdqlQant3.mCLFO..uJeSgeVQKkrXtvwuCHg7NDkgJDLIELi",
    "phone": "1-310-772-8446 x1049",
    "sex": "other",
    "status": "active",
    "deleted": false,
    "createdAt": "2024-10-10T00:55:25.995Z"
  },
  {
    "fullName": "Mr. Kurt Bayer",
    "email": "Alford10@gmail.com",
    "password": "$2b$10$AJbzp0TZu2yzPusQebxbo.Xui1cVMbig6JO5mY1LmWGBcmee29DHu",
    "phone": "462-711-4009 x307",
    "sex": "female",
    "status": "active",
    "deleted": false,
    "createdAt": "2024-10-10T03:33:55.273Z"
  },
  {
    "facebookId": "53ff8d2e-747d-48ac-a540-045e2e6bba79",
    "fullName": "Daisy Mertz-Reynolds",
    "email": "Robb47@gmail.com",
    "phone": "883-460-7708 x463",
    "sex": "other",
    "status": "active",
    "deleted": false,
    "createdAt": "2024-10-10T09:50:38.739Z"
  },
  {
    "googleId": "0d7edd60-ddcb-4e7c-a57a-92409b1cf2e6",
    "fullName": "Ruben Schmitt",
    "email": "Cora76@hotmail.com",
    "phone": "(524) 380-8723 x26651",
    "sex": "other",
    "status": "active",
    "deleted": false,
    "createdAt": "2024-10-10T10:02:19.076Z"
  },
  {
    "fullName": "Miranda Gorczany",
    "email": "Joannie_VonRueden21@yahoo.com",
    "password": "$2b$10$BBfVbCq9EJx5txfP3Or/huakm1DbM6GQxIv.64gyB2VUmcYMSd5xq",
    "phone": "252.362.0246 x71291",
    "sex": "other",
    "status": "active",
    "deleted": false,
    "createdAt": "2024-10-10T11:25:12.758Z"
  },
  {
    "facebookId": "35f756ec-bee4-45e6-b97f-3dfc77c7e359",
    "fullName": "Mr. Kenneth Pouros Jr.",
    "email": "Reynold_Huel26@yahoo.com",
    "phone": "1-446-501-2233",
    "sex": "male",
    "status": "active",
    "deleted": false,
    "createdAt": "2024-10-10T15:19:15.640Z"
  },
  {
    "facebookId": "7c770606-4381-44fe-9122-34eb638f5560",
    "fullName": "Rachael Paucek",
    "email": "Sasha.Ritchie@gmail.com",
    "phone": "873.397.7677 x359",
    "sex": "female",
    "status": "active",
    "deleted": false,
    "createdAt": "2024-10-10T17:30:14.273Z"
  },
  {
    "facebookId": "b046812b-ab1b-47a5-9e44-da341166763f",
    "fullName": "Nettie Wisoky",
    "email": "Mona_Mraz@gmail.com",
    "phone": "789.466.6087 x7703",
    "sex": "male",
    "status": "active",
    "deleted": false,
    "createdAt": "2024-10-10T22:04:58.678Z"
  },
  {
    "googleId": "6ffbcda8-9d38-40f3-8a15-fe2a7be36458",
    "fullName": "Ralph Emmerich I",
    "email": "Jazlyn_Smith42@gmail.com",
    "phone": "1-706-552-8029 x80855",
    "sex": "female",
    "status": "active",
    "deleted": false,
    "createdAt": "2024-10-11T04:44:02.324Z"
  },
  {
    "fullName": "Lowell McDermott",
    "email": "Meghan61@gmail.com",
    "password": "$2b$10$CVttR1BwPJZKFnoU3XQN.uK88zuxnKKU5hcP.1oZBvXLAII6WX6/q",
    "phone": "1-356-353-8013 x6626",
    "sex": "other",
    "status": "active",
    "deleted": false,
    "createdAt": "2024-10-11T09:38:17.732Z"
  },
  {
    "googleId": "af01ab77-13c7-4f88-8f12-301b1ab300e7",
    "fullName": "Billie Boyer",
    "email": "Arielle_Mann23@yahoo.com",
    "phone": "776-263-3558 x5889",
    "sex": "other",
    "status": "active",
    "deleted": false,
    "createdAt": "2024-10-11T10:47:59.799Z"
  },
  {
    "googleId": "2b423894-9b31-4658-a672-159bf7a90285",
    "fullName": "Mr. Steve Oberbrunner",
    "email": "Celestino_Armstrong7@gmail.com",
    "phone": "254.964.8149 x03942",
    "sex": "female",
    "status": "active",
    "deleted": false,
    "createdAt": "2024-10-11T18:08:35.253Z"
  },
  {
    "googleId": "cf9b9a36-abec-4d59-85cf-1c79b7a692da",
    "fullName": "Shirley Von",
    "email": "Samara.Zulauf@yahoo.com",
    "phone": "(330) 572-9002 x862",
    "sex": "other",
    "status": "active",
    "deleted": false,
    "createdAt": "2024-10-11T18:38:54.352Z"
  },
  {
    "githubId": "e957df28-c624-4b07-b561-fd52b19dc9f4",
    "fullName": "Cora Jaskolski",
    "email": "Mohamed.McLaughlin@gmail.com",
    "phone": "613-265-5416 x61998",
    "sex": "other",
    "status": "active",
    "deleted": false,
    "createdAt": "2024-10-11T19:00:26.236Z"
  },
  {
    "facebookId": "714bc7a5-8e81-4d73-ac17-0a1630d26774",
    "fullName": "Ruby Bayer",
    "email": "Rosanna44@hotmail.com",
    "phone": "757.915.3369 x234",
    "sex": "female",
    "status": "active",
    "deleted": false,
    "createdAt": "2024-10-11T20:12:44.289Z"
  },
  {
    "facebookId": "5112d517-fdd7-47b7-8b73-1b5fbebdba68",
    "fullName": "Bradley Schamberger",
    "email": "Aleen_Adams@yahoo.com",
    "phone": "958.567.0965",
    "sex": "other",
    "status": "active",
    "deleted": false,
    "createdAt": "2024-10-12T02:17:53.077Z"
  },
  {
    "githubId": "b53b1768-48a6-4f69-bb76-60b37bc6df45",
    "fullName": "Jesus Jakubowski",
    "email": "Kariane_Braun@gmail.com",
    "phone": "820-222-9149",
    "sex": "other",
    "status": "active",
    "deleted": false,
    "createdAt": "2024-10-12T12:52:37.122Z"
  },
  {
    "facebookId": "6814d14e-86ef-46e3-a8be-bdc8f1cfc6c7",
    "fullName": "Matt Heller-Bashirian",
    "email": "Steve.Corkery23@yahoo.com",
    "phone": "(835) 879-1066 x7480",
    "sex": "female",
    "status": "active",
    "deleted": false,
    "createdAt": "2024-10-12T14:35:11.593Z"
  },
  {
    "fullName": "Ian Kilback",
    "email": "Andreane5@hotmail.com",
    "password": "$2b$10$gMqI9L9/wQx7uYpJWO8yHOUjrMniscmGIjrSAnb72exRG0w/cnj2K",
    "phone": "1-576-582-8376",
    "sex": "other",
    "status": "active",
    "deleted": false,
    "createdAt": "2024-10-12T15:17:09.997Z"
  },
  {
    "fullName": "Jessie Blick",
    "email": "Christa33@hotmail.com",
    "password": "$2b$10$vTWr41aKkfbkvOZTttkSQuTLobxVJQ3HuDFQoISKBj9t/eylaJn3e",
    "phone": "(450) 443-8050 x12504",
    "sex": "unknown",
    "status": "active",
    "deleted": false,
    "createdAt": "2024-10-12T15:37:17.296Z"
  },
  {
    "facebookId": "83565bdd-fbed-4303-afed-0791e99214a6",
    "fullName": "Mr. Douglas Stamm DDS",
    "email": "Irving51@hotmail.com",
    "phone": "254.835.3044",
    "sex": "other",
    "status": "active",
    "deleted": false,
    "createdAt": "2024-10-12T15:57:30.578Z"
  },
  {
    "googleId": "8201bfec-9044-4910-afc1-9e3d177cb5db",
    "fullName": "Miss Francis Hermiston",
    "email": "Providenci24@hotmail.com",
    "phone": "1-907-796-8737",
    "sex": "other",
    "status": "active",
    "deleted": false,
    "createdAt": "2024-10-12T16:14:54.908Z"
  },
  {
    "githubId": "1f2e6612-08ab-428d-90ce-eb059b12dc93",
    "fullName": "Byron Rolfson",
    "email": "Winfield.Shanahan31@yahoo.com",
    "phone": "(819) 869-0096 x487",
    "sex": "female",
    "status": "active",
    "deleted": false,
    "createdAt": "2024-10-13T10:57:07.792Z"
  },
  {
    "githubId": "09903d1b-987e-4aa3-9ff5-be9227fd6472",
    "fullName": "Dr. Zachary Parker",
    "email": "Blanche70@yahoo.com",
    "phone": "544-295-4700 x5182",
    "sex": "male",
    "status": "active",
    "deleted": false,
    "createdAt": "2024-10-13T14:33:54.358Z"
  },
  {
    "fullName": "Santos Leannon",
    "email": "Cierra79@hotmail.com",
    "password": "$2b$10$UI7TGGNRw.9WtRCk9m0VaO63L413y5s4yV.Jy05HAz/ItFgUOKgaO",
    "phone": "612.804.5164 x1663",
    "sex": "other",
    "status": "active",
    "deleted": false,
    "createdAt": "2024-10-13T16:06:30.723Z"
  },
  {
    "fullName": "Tina Brakus",
    "email": "Hortense_Torp@gmail.com",
    "password": "$2b$10$20I1YwQrYiahq1bGYbHhB.Trd56fH/lUsjm43JN27MgEGLXDfncXq",
    "phone": "1-756-200-6709 x448",
    "sex": "other",
    "status": "active",
    "deleted": false,
    "createdAt": "2024-10-13T20:10:12.597Z"
  },
  {
    "facebookId": "e320ab7c-d96f-44a9-a5eb-b9e4f2e4c4f8",
    "fullName": "Felipe Cole",
    "email": "Melody_Ullrich93@hotmail.com",
    "phone": "1-892-509-0149 x6436",
    "sex": "other",
    "status": "active",
    "deleted": false,
    "createdAt": "2024-10-14T03:39:06.320Z"
  },
  {
    "googleId": "022db048-1974-4265-aa85-6b0b48e6d383",
    "fullName": "Eric Pagac",
    "email": "Jayne.Grant@gmail.com",
    "phone": "1-657-970-9931 x001",
    "sex": "male",
    "status": "active",
    "deleted": false,
    "createdAt": "2024-10-14T04:26:19.256Z"
  },
  {
    "fullName": "Sandy Luettgen",
    "email": "Jeremy32@gmail.com",
    "password": "$2b$10$c12.AT.5joymQ2RlRXXLYO7i6R2c7s7w1/buVwB/G6bnPRXxnzC8u",
    "phone": "1-664-668-1847 x97831",
    "sex": "female",
    "status": "active",
    "deleted": false,
    "createdAt": "2024-10-14T07:50:23.893Z"
  },
  {
    "fullName": "Ken Doyle MD",
    "email": "Arielle_Ebert@gmail.com",
    "password": "$2b$10$meqDy8SzH2Hn2h5Wbudt.uBAqC1FbDcrclWzDyF3w9nrjc0kYKCJi",
    "phone": "614-928-5625 x327",
    "sex": "other",
    "status": "active",
    "deleted": false,
    "createdAt": "2024-10-14T10:40:13.024Z"
  },
  {
    "githubId": "9d2a747a-b7c3-44ed-b04a-da6913553d2d",
    "fullName": "Mr. Jacob Breitenberg",
    "email": "Nona90@yahoo.com",
    "phone": "484-413-2178 x290",
    "sex": "male",
    "status": "active",
    "deleted": false,
    "createdAt": "2024-10-14T19:37:10.890Z"
  },
  {
    "fullName": "Melba Thompson",
    "email": "Juliet.Glover66@hotmail.com",
    "password": "$2b$10$VcJ3pTfbz3qmAgB8Ngx15es4RtFu1ozbj2DUV3D3Mj6LHdgW5JxCm",
    "phone": "1-897-579-6494",
    "sex": "male",
    "status": "active",
    "deleted": false,
    "createdAt": "2024-10-15T00:27:33.134Z"
  },
  {
    "googleId": "3389c376-b382-4c07-a7da-85a3d7f67a67",
    "fullName": "Mr. Jody Mertz",
    "email": "Wallace79@yahoo.com",
    "phone": "717-536-1734",
    "sex": "other",
    "status": "active",
    "deleted": false,
    "createdAt": "2024-10-15T02:38:02.861Z"
  },
  {
    "githubId": "cbecde7f-f29f-4606-9a5c-996b6b2011e7",
    "fullName": "Lynette Kessler",
    "email": "Arely_Fay@yahoo.com",
    "phone": "990.565.9494",
    "sex": "other",
    "status": "active",
    "deleted": false,
    "createdAt": "2024-10-15T05:08:23.239Z"
  },
  {
    "githubId": "92045317-03e0-4c22-84d8-305461ed8d2a",
    "fullName": "Edna Hudson",
    "email": "Madyson_McDermott57@yahoo.com",
    "phone": "299.298.2761 x86673",
    "sex": "female",
    "status": "active",
    "deleted": false,
    "createdAt": "2024-10-15T09:17:05.891Z"
  },
  {
    "fullName": "Pat Sauer DVM",
    "email": "Zoila.Collier-Carter@hotmail.com",
    "password": "$2b$10$i6kAZPaG06cMblENbV.cluQRC0NpEQoAEnlYbDnxihmRxVJvonqh2",
    "phone": "(990) 547-2999",
    "sex": "other",
    "status": "active",
    "deleted": false,
    "createdAt": "2024-10-15T18:31:24.437Z"
  },
  {
    "facebookId": "aabf6e51-0100-4d4b-ab7d-5f3940099676",
    "fullName": "Melinda Greenfelder III",
    "email": "Nestor1@yahoo.com",
    "phone": "956.963.5417 x3058",
    "sex": "other",
    "status": "active",
    "deleted": false,
    "createdAt": "2024-10-15T21:21:23.866Z"
  },
  {
    "facebookId": "8d2f6be4-2a81-4781-8b75-4787c7e6e49c",
    "fullName": "Rogelio Donnelly MD",
    "email": "Destini.Senger@hotmail.com",
    "phone": "1-903-263-1186 x410",
    "sex": "male",
    "status": "active",
    "deleted": false,
    "createdAt": "2024-10-16T17:11:30.190Z"
  },
  {
    "googleId": "edb401b7-f776-404d-bdf4-6e9680618f1d",
    "fullName": "Kelly Schoen",
    "email": "Claudie91@hotmail.com",
    "phone": "761.695.1040 x65580",
    "sex": "male",
    "status": "active",
    "deleted": false,
    "createdAt": "2024-10-16T19:01:00.471Z"
  },
  {
    "githubId": "2c0a8a6b-f4a3-49c7-b9e4-68719f0697d0",
    "fullName": "Krystal Champlin",
    "email": "Garth78@yahoo.com",
    "phone": "625-623-0224 x4561",
    "sex": "female",
    "status": "active",
    "deleted": false,
    "createdAt": "2024-10-17T01:02:56.282Z"
  },
  {
    "googleId": "b2b56a2f-e948-49f8-a26a-58bbdbaf138a",
    "fullName": "Phyllis Johnson",
    "email": "Nikki_Pollich95@yahoo.com",
    "phone": "(257) 742-4852",
    "sex": "other",
    "status": "active",
    "deleted": false,
    "createdAt": "2024-10-17T10:29:42.162Z"
  },
  {
    "fullName": "Marguerite Dach",
    "email": "Andreane1@hotmail.com",
    "password": "$2b$10$JiEhrbBev.zXQMFHZUAphu/SpsdXCNpSfLJoe4o.2wHjCtm.ixTFW",
    "phone": "1-658-743-8942",
    "sex": "male",
    "status": "active",
    "deleted": false,
    "createdAt": "2024-10-17T11:34:11.448Z"
  },
  {
    "fullName": "Neal Gerlach",
    "email": "Ferne83@yahoo.com",
    "password": "$2b$10$mLkZmpyXanRRI6XhvzcHPeg6ai.B0ZHdDWCBsqjiz2z1TTWpxjv8S",
    "phone": "775.946.0374",
    "sex": "male",
    "status": "active",
    "deleted": false,
    "createdAt": "2024-10-17T12:48:31.025Z"
  },
  {
    "fullName": "Jamie Heaney V",
    "email": "Zora.Glover@hotmail.com",
    "password": "$2b$10$Vv19ObP0CjwjukCPjCw.DOHr/fqmdCV0dUbmOh/d50ynVBu5qiqBq",
    "phone": "889.257.4848 x492",
    "sex": "female",
    "status": "active",
    "deleted": false,
    "createdAt": "2024-10-17T15:29:16.918Z"
  },
  {
    "githubId": "f96cf0f5-3847-4fc8-8b3e-87de016187c3",
    "fullName": "Mae Larson",
    "email": "Sister_Kshlerin0@hotmail.com",
    "phone": "840.941.3693 x40070",
    "sex": "other",
    "status": "active",
    "deleted": false,
    "createdAt": "2024-10-17T18:14:11.366Z"
  },
  {
    "githubId": "b68f8983-ba50-4c88-a5fb-456691e76f6d",
    "fullName": "Dr. Garrett Nader",
    "email": "Derick_Harris7@hotmail.com",
    "phone": "(232) 327-5268 x8624",
    "sex": "female",
    "status": "active",
    "deleted": false,
    "createdAt": "2024-10-18T01:40:11.684Z"
  },
  {
    "googleId": "ab9a94d2-e061-4b53-a39e-c1402b505341",
    "fullName": "Courtney Brekke",
    "email": "Travon91@yahoo.com",
    "phone": "250-305-4454 x74945",
    "sex": "unknown",
    "status": "active",
    "deleted": false,
    "createdAt": "2024-10-18T07:05:27.885Z"
  },
  {
    "fullName": "Dr. Neil Cremin",
    "email": "Steve.Boehm64@gmail.com",
    "password": "$2b$10$7bkSO5rMwRdlQr0ATp62z.QZDggB5RWCNNCwPlT8AQOm.XmZ8opKy",
    "phone": "(727) 984-1811",
    "sex": "female",
    "status": "active",
    "deleted": false,
    "createdAt": "2024-10-18T08:36:20.642Z"
  },
  {
    "fullName": "Leonard Bergnaum",
    "email": "Viviane64@hotmail.com",
    "password": "$2b$10$9tiEEUDj8JvClFIBH2qBi.nEWYDw2pB1uS.i6qNBenwooXQr8263G",
    "phone": "837-865-7127",
    "sex": "unknown",
    "status": "active",
    "deleted": false,
    "createdAt": "2024-10-18T14:32:38.577Z"
  },
  {
    "fullName": "Benjamin DuBuque",
    "email": "Solon_Dach81@yahoo.com",
    "password": "$2b$10$jOsK.IH1jmASddWQ5hcZsOUX5NEsvTstqmpn8uYA0fGF4H9/GDvhq",
    "phone": "255-556-1134 x86876",
    "sex": "female",
    "status": "active",
    "deleted": false,
    "createdAt": "2024-10-18T17:23:06.482Z"
  },
  {
    "googleId": "7a7fddb8-e0cd-428c-a62d-f8e9b1dc414d",
    "fullName": "Dr. Kristie Tremblay",
    "email": "Neil_West46@gmail.com",
    "phone": "1-649-612-7632 x870",
    "sex": "other",
    "status": "active",
    "deleted": false,
    "createdAt": "2024-10-18T18:54:08.042Z"
  },
  {
    "googleId": "c228494a-d574-4062-a33d-624311af2e63",
    "fullName": "Gwendolyn Fadel",
    "email": "Amber.Zulauf43@hotmail.com",
    "phone": "1-483-314-8582",
    "sex": "male",
    "status": "active",
    "deleted": false,
    "createdAt": "2024-10-19T08:32:16.680Z"
  },
  {
    "facebookId": "88443e87-b733-4553-b7c3-9c9fdfd88431",
    "fullName": "Cecilia Schaefer-DuBuque",
    "email": "Jeanie_Hansen@gmail.com",
    "phone": "(692) 395-1923",
    "sex": "other",
    "status": "active",
    "deleted": false,
    "createdAt": "2024-10-19T15:18:31.630Z"
  },
  {
    "githubId": "0e6269d6-d56b-4f0d-9172-b43e5dfcfa3b",
    "fullName": "Gina Stark",
    "email": "Fredrick.Wehner@yahoo.com",
    "phone": "571.825.7083 x72679",
    "sex": "female",
    "status": "active",
    "deleted": false,
    "createdAt": "2024-10-19T18:37:40.989Z"
  },
  {
    "facebookId": "6aa54222-051a-49a3-ba58-5fc78d676185",
    "fullName": "Clinton Cassin MD",
    "email": "Hal_Nienow@gmail.com",
    "phone": "(976) 664-2403 x8194",
    "sex": "male",
    "status": "active",
    "deleted": false,
    "createdAt": "2024-10-19T20:59:03.462Z"
  },
  {
    "facebookId": "ba9cd0bc-b13f-4dd1-a6ff-e02cc22a51fc",
    "fullName": "Lowell Dicki",
    "email": "Amelia35@gmail.com",
    "phone": "1-822-358-0194 x4678",
    "sex": "female",
    "status": "active",
    "deleted": false,
    "createdAt": "2024-10-19T23:03:09.831Z"
  },
  {
    "facebookId": "6510f64f-530c-4f00-b26d-021d205779c6",
    "fullName": "Ms. Thelma Greenholt",
    "email": "Trevor87@gmail.com",
    "phone": "290-800-7426 x213",
    "sex": "other",
    "status": "active",
    "deleted": false,
    "createdAt": "2024-10-20T06:21:32.647Z"
  },
  {
    "googleId": "e415f4d9-4abf-4553-875f-c99c7c274eb9",
    "fullName": "Dr. Rene Stiedemann DVM",
    "email": "Vesta_Frami-Hudson75@hotmail.com",
    "phone": "1-745-913-7530 x4215",
    "sex": "other",
    "status": "active",
    "deleted": false,
    "createdAt": "2024-10-20T06:24:49.740Z"
  },
  {
    "facebookId": "86f3fddc-2321-458b-ad86-295b00a5a5c4",
    "fullName": "Jeffrey Howell",
    "email": "Terry.Brakus@yahoo.com",
    "phone": "864-953-5179 x528",
    "sex": "other",
    "status": "active",
    "deleted": false,
    "createdAt": "2024-10-20T08:48:52.940Z"
  },
  {
    "googleId": "ae4e1a93-ba5e-4399-b5b9-2cca624b1e99",
    "fullName": "Andrea Erdman",
    "email": "Riley73@yahoo.com",
    "phone": "966-343-8331 x337",
    "sex": "other",
    "status": "active",
    "deleted": false,
    "createdAt": "2024-10-20T10:27:28.871Z"
  },
  {
    "githubId": "503bc894-8e15-49de-9cd0-2699b2050149",
    "fullName": "Melinda Steuber",
    "email": "Hassan13@gmail.com",
    "phone": "762-935-2640 x3536",
    "sex": "other",
    "status": "active",
    "deleted": false,
    "createdAt": "2024-10-20T11:36:35.440Z"
  },
  {
    "googleId": "07b11228-7187-4baf-9a69-f5f2f88fc812",
    "fullName": "Abel Murray",
    "email": "Dejah42@hotmail.com",
    "phone": "(724) 835-9046",
    "sex": "other",
    "status": "active",
    "deleted": false,
    "createdAt": "2024-10-21T05:10:25.215Z"
  },
  {
    "facebookId": "b5bb68e0-7e45-4b4a-a2f8-4ccaf9213ef2",
    "fullName": "Mr. Ross Boyer",
    "email": "Audreanne_Hammes82@gmail.com",
    "phone": "590-598-8498 x16614",
    "sex": "other",
    "status": "active",
    "deleted": false,
    "createdAt": "2024-10-21T07:35:33.326Z"
  },
  {
    "fullName": "Dr. Devin Ruecker",
    "email": "Rebeca_Veum@gmail.com",
    "password": "$2b$10$J/reMjpjlcsjiI5TqeXZw.TR23t2.9oM3vhzZ8uli3pLJUTh3JLuO",
    "phone": "305-438-3112 x03922",
    "sex": "other",
    "status": "active",
    "deleted": false,
    "createdAt": "2024-10-21T22:24:56.906Z"
  },
  {
    "fullName": "Ray Muller PhD",
    "email": "Irma60@yahoo.com",
    "password": "$2b$10$dN6XiuHF3smt3e0fydTtOOAffEDnVDHS855Q9sQZ3pAkSiwFhMnSa",
    "phone": "428.762.4251 x909",
    "sex": "other",
    "status": "active",
    "deleted": false,
    "createdAt": "2024-10-21T22:29:07.482Z"
  },
  {
    "googleId": "b68efaad-81f7-43e8-891e-d3290f3af8f3",
    "fullName": "Jeffrey Ledner",
    "email": "Fidel.Swaniawski96@gmail.com",
    "phone": "559.925.6599 x000",
    "sex": "male",
    "status": "active",
    "deleted": false,
    "createdAt": "2024-10-22T09:26:30.306Z"
  },
  {
    "googleId": "979afa3c-65ed-4f5e-8347-358ae6662e41",
    "fullName": "Ollie Brown",
    "email": "Evan35@gmail.com",
    "phone": "297.205.8383 x571",
    "sex": "other",
    "status": "active",
    "deleted": false,
    "createdAt": "2024-10-22T22:56:45.844Z"
  },
  {
    "googleId": "204c778d-8056-4be0-8871-a0c0bb368987",
    "fullName": "Casey Hyatt",
    "email": "Colton53@yahoo.com",
    "phone": "(870) 877-7503 x039",
    "sex": "female",
    "status": "active",
    "deleted": false,
    "createdAt": "2024-10-23T04:01:24.456Z"
  },
  {
    "fullName": "Mindy Adams",
    "email": "Joyce.Quitzon@gmail.com",
    "password": "$2b$10$02dxVDvHIP1wgo2OQl9GVOJYx8aQMXULWiDK.L2xJqd57ba4HOTjW",
    "phone": "449-868-8829 x09987",
    "sex": "male",
    "status": "active",
    "deleted": false,
    "createdAt": "2024-10-23T06:39:17.532Z"
  },
  {
    "facebookId": "2f8d30da-044d-435e-bd7b-91dd4a007836",
    "fullName": "Jerry Jakubowski",
    "email": "Katelynn_Howell-Stoltenberg26@yahoo.com",
    "phone": "1-781-743-7107 x888",
    "sex": "other",
    "status": "active",
    "deleted": false,
    "createdAt": "2024-10-23T10:14:14.666Z"
  },
  {
    "fullName": "Ms. Alicia Grant",
    "email": "Berniece92@hotmail.com",
    "password": "$2b$10$z39rbjquKMIea8KMQbcT1.xusgfratfIFw/ejpmp8GG.1eVTgFlve",
    "phone": "1-399-408-6501 x984",
    "sex": "male",
    "status": "active",
    "deleted": false,
    "createdAt": "2024-10-23T15:35:50.266Z"
  },
  {
    "googleId": "6d4e08a2-35dc-428c-baba-a44baccf0942",
    "fullName": "Tricia Sauer",
    "email": "Sadye_Hagenes27@gmail.com",
    "phone": "1-508-777-0482 x46774",
    "sex": "male",
    "status": "active",
    "deleted": false,
    "createdAt": "2024-10-23T17:02:51.996Z"
  },
  {
    "githubId": "5e33184b-d875-4607-bb96-8ac8aadb78b0",
    "fullName": "Andy Veum",
    "email": "Amber_Luettgen@yahoo.com",
    "phone": "1-657-832-0335 x77882",
    "sex": "female",
    "status": "active",
    "deleted": false,
    "createdAt": "2024-10-23T17:11:31.856Z"
  },
  {
    "facebookId": "3a8019b0-7da6-44dc-bc55-59b2b8a85ea6",
    "fullName": "Ms. Joy Strosin",
    "email": "Kassandra.Murray42@gmail.com",
    "phone": "505-510-9703 x752",
    "sex": "female",
    "status": "active",
    "deleted": false,
    "createdAt": "2024-10-23T20:32:37.402Z"
  },
  {
    "facebookId": "b2323d61-3427-4db1-ad22-0526566d1cc2",
    "fullName": "Frances Mante",
    "email": "Princess_Kuhn-Davis@yahoo.com",
    "phone": "1-335-210-3321 x5318",
    "sex": "male",
    "status": "active",
    "deleted": false,
    "createdAt": "2024-10-23T23:08:16.567Z"
  },
  {
    "fullName": "Franklin Luettgen",
    "email": "Lexie_Zieme55@hotmail.com",
    "password": "$2b$10$zcmftor/kyGWV3pBZukIoe3JeAUUdqBA/w/VzL.x1WeACF5RgrzYi",
    "phone": "261-789-3061 x605",
    "sex": "male",
    "status": "active",
    "deleted": false,
    "createdAt": "2024-10-24T03:29:09.863Z"
  },
  {
    "githubId": "932043fc-9a0b-470f-826f-08d214fb8e7f",
    "fullName": "Stacy Gulgowski-Romaguera",
    "email": "Savion.Runolfsdottir@gmail.com",
    "phone": "714-996-0972 x146",
    "sex": "female",
    "status": "active",
    "deleted": false,
    "createdAt": "2024-10-24T05:00:01.422Z"
  },
  {
    "facebookId": "4742ec54-62ab-4099-863b-d42229cd93a6",
    "fullName": "Beulah Friesen",
    "email": "Marquis_Koelpin44@yahoo.com",
    "phone": "1-296-228-9458",
    "sex": "other",
    "status": "active",
    "deleted": false,
    "createdAt": "2024-10-24T08:22:31.789Z"
  },
  {
    "githubId": "1055cf40-4d0c-4597-981e-1acbaf79d0eb",
    "fullName": "Willis Prosacco",
    "email": "Consuelo.Farrell12@gmail.com",
    "phone": "314-934-3511",
    "sex": "other",
    "status": "active",
    "deleted": false,
    "createdAt": "2024-10-24T12:26:31.804Z"
  },
  {
    "facebookId": "c9c98f03-3cc0-4b0b-93f8-4f46547d5aa3",
    "fullName": "Lois Smith",
    "email": "Ludie97@yahoo.com",
    "phone": "(498) 775-3393 x789",
    "sex": "female",
    "status": "active",
    "deleted": false,
    "createdAt": "2024-10-24T12:47:38.990Z"
  },
  {
    "fullName": "Erica Treutel",
    "email": "Eldred.Stanton-Turner@gmail.com",
    "password": "$2b$10$lap79IMQgIOoEnAqrmiF7uBL9Yde3Xn6wHTi7vPVB49pJVSyt6zjm",
    "phone": "467.422.5766 x55760",
    "sex": "female",
    "status": "active",
    "deleted": false,
    "createdAt": "2024-10-24T13:14:50.334Z"
  },
  {
    "githubId": "3f32b334-2ed1-4e16-8ece-54a4184f63d4",
    "fullName": "Willie Simonis",
    "email": "Donny_Hilpert@yahoo.com",
    "phone": "1-902-788-2516 x180",
    "sex": "other",
    "status": "active",
    "deleted": false,
    "createdAt": "2024-10-24T14:52:29.320Z"
  },
  {
    "githubId": "ffef3457-a9b6-41d1-88a3-4a0b25e698b4",
    "fullName": "Mrs. Shelley Schoen",
    "email": "Elinore.Rau45@gmail.com",
    "phone": "356.848.5330",
    "sex": "other",
    "status": "active",
    "deleted": false,
    "createdAt": "2024-10-24T22:37:55.389Z"
  },
  {
    "googleId": "1bfabeeb-9c0c-4030-a34d-27143752499d",
    "fullName": "Wendell Stracke DDS",
    "email": "Lois41@hotmail.com",
    "phone": "729-955-5588 x97682",
    "sex": "other",
    "status": "active",
    "deleted": false,
    "createdAt": "2024-10-24T22:47:46.472Z"
  },
  {
    "facebookId": "a3f283e1-2d5e-4eb5-b467-0c3206fdd829",
    "fullName": "Donnie Rohan",
    "email": "Verla.Parisian@yahoo.com",
    "phone": "1-497-272-3827 x6279",
    "sex": "male",
    "status": "active",
    "deleted": false,
    "createdAt": "2024-10-25T00:31:57.640Z"
  },
  {
    "googleId": "39515622-5943-496d-a444-45305bbddf94",
    "fullName": "Dr. Garrett Parisian",
    "email": "Cecile_Bernier@hotmail.com",
    "phone": "991.596.4343 x205",
    "sex": "female",
    "status": "active",
    "deleted": false,
    "createdAt": "2024-10-25T01:45:16.951Z"
  },
  {
    "googleId": "d0cf52a8-47ba-489f-9af2-2a0646ed121c",
    "fullName": "Dr. Felix Hauck",
    "email": "Omari.Kris@hotmail.com",
    "phone": "1-960-608-1213 x58880",
    "sex": "female",
    "status": "active",
    "deleted": false,
    "createdAt": "2024-10-25T06:10:22.240Z"
  },
  {
    "fullName": "Rick Conn-Baumbach PhD",
    "email": "Dan.Sipes3@hotmail.com",
    "password": "$2b$10$kabOr6.QPkqHZDu/z8eU/eDOGw9F2girnkgxEagyLRwaUPGp818qq",
    "phone": "(257) 305-1838 x998",
    "sex": "other",
    "status": "active",
    "deleted": false,
    "createdAt": "2024-10-25T10:02:09.869Z"
  },
  {
    "googleId": "50c6ac40-81d1-4c79-9535-f5320463b88c",
    "fullName": "Arthur Botsford",
    "email": "Miguel.Armstrong-Brown56@gmail.com",
    "phone": "1-776-682-9850 x152",
    "sex": "female",
    "status": "active",
    "deleted": false,
    "createdAt": "2024-10-25T13:41:41.602Z"
  },
  {
    "googleId": "d41c74a2-7344-479c-8581-8c1f204c230c",
    "fullName": "Corey Larkin",
    "email": "Taryn_Swift43@hotmail.com",
    "phone": "831.235.0585 x944",
    "sex": "female",
    "status": "active",
    "deleted": false,
    "createdAt": "2024-10-25T20:24:25.315Z"
  },
  {
    "fullName": "Marcella Harber",
    "email": "Nikita94@gmail.com",
    "password": "$2b$10$LiQOcyFuorr5p0fd69EmAeo33SeYP/Q4IY0.RacIrNJ4yyDdGovQW",
    "phone": "249.536.5343",
    "sex": "other",
    "status": "active",
    "deleted": false,
    "createdAt": "2024-10-25T20:27:33.274Z"
  },
  {
    "githubId": "9e1e71e5-4acc-420e-8064-c74c23b2939f",
    "fullName": "Mr. Jim Langosh",
    "email": "Eliseo9@gmail.com",
    "phone": "372-225-0640 x9030",
    "sex": "male",
    "status": "active",
    "deleted": false,
    "createdAt": "2024-10-25T21:28:39.112Z"
  },
  {
    "googleId": "03e9ecf8-7692-4251-9910-cd1b9f046749",
    "fullName": "Domingo Price",
    "email": "Henderson_Trantow@yahoo.com",
    "phone": "1-231-534-7738",
    "sex": "other",
    "status": "active",
    "deleted": false,
    "createdAt": "2024-10-26T01:50:08.749Z"
  },
  {
    "githubId": "354453e8-742b-441d-9d64-c5876c1d3ec8",
    "fullName": "Sandy Leuschke",
    "email": "Cleora14@yahoo.com",
    "phone": "1-453-334-9292 x447",
    "sex": "male",
    "status": "active",
    "deleted": false,
    "createdAt": "2024-10-26T07:20:11.282Z"
  },
  {
    "githubId": "635058ab-1504-4a5e-bb3e-f464ac489f60",
    "fullName": "Brad Pagac",
    "email": "Roberto_Nader58@yahoo.com",
    "phone": "(689) 910-7723 x8804",
    "sex": "other",
    "status": "active",
    "deleted": false,
    "createdAt": "2024-10-26T11:20:52.093Z"
  },
  {
    "googleId": "f9718a3b-e2ec-496e-b243-656df5d60e58",
    "fullName": "Rex Kling",
    "email": "Alec.Schulist@gmail.com",
    "phone": "770-928-0977 x06187",
    "sex": "other",
    "status": "active",
    "deleted": false,
    "createdAt": "2024-10-26T11:40:06.064Z"
  },
  {
    "fullName": "Miguel Mayert-Lubowitz Sr.",
    "email": "Juston.Klein29@gmail.com",
    "password": "$2b$10$pD10LN8XBtffFj5/gx4FjucY3abu7FnTRXzYePsViL0HJJX5LlGIu",
    "phone": "(383) 947-5827 x86050",
    "sex": "female",
    "status": "active",
    "deleted": false,
    "createdAt": "2024-10-26T12:46:53.194Z"
  },
  {
    "facebookId": "3b4cf117-8870-4cdb-b7e9-baf65c217b54",
    "fullName": "Edna Cartwright",
    "email": "Creola_Grant88@yahoo.com",
    "phone": "(911) 306-5941 x1588",
    "sex": "male",
    "status": "active",
    "deleted": false,
    "createdAt": "2024-10-26T19:50:51.549Z"
  },
  {
    "googleId": "5a102b6a-6d4d-432b-b46e-f49ead3f91ed",
    "fullName": "Bradford Bednar",
    "email": "Antonette_Krajcik@yahoo.com",
    "phone": "1-294-275-9144 x7512",
    "sex": "other",
    "status": "active",
    "deleted": false,
    "createdAt": "2024-10-26T20:12:50.095Z"
  },
  {
    "googleId": "1f491a93-6c4c-4e8e-a54c-9fbe98679e45",
    "fullName": "Sarah Smitham",
    "email": "Paolo.Kuhlman@hotmail.com",
    "phone": "551.367.8084",
    "sex": "other",
    "status": "active",
    "deleted": false,
    "createdAt": "2024-10-27T09:27:25.176Z"
  },
  {
    "facebookId": "372f7b95-198c-4133-86e2-a4fa9394dc9f",
    "fullName": "Willie Windler",
    "email": "Braden90@gmail.com",
    "phone": "(761) 819-3946 x1243",
    "sex": "other",
    "status": "active",
    "deleted": false,
    "createdAt": "2024-10-27T09:55:11.796Z"
  },
  {
    "githubId": "e137b30a-2722-4785-9ac9-4295242c1dd0",
    "fullName": "Cedric Koss",
    "email": "Henri2@gmail.com",
    "phone": "1-682-373-1788 x9154",
    "sex": "male",
    "status": "active",
    "deleted": false,
    "createdAt": "2024-10-27T12:22:35.289Z"
  },
  {
    "githubId": "2a190306-5324-4daf-a60c-37c5b40d75f2",
    "fullName": "Leon Wuckert",
    "email": "Jayne.Carroll@yahoo.com",
    "phone": "(849) 251-2280 x05456",
    "sex": "female",
    "status": "active",
    "deleted": false,
    "createdAt": "2024-10-27T13:07:33.039Z"
  },
  {
    "githubId": "30202c41-d94e-4b12-80f0-3abf00f87de6",
    "fullName": "Elsa Oberbrunner IV",
    "email": "Johnson_Predovic7@yahoo.com",
    "phone": "754.383.5776 x848",
    "sex": "male",
    "status": "active",
    "deleted": false,
    "createdAt": "2024-10-28T00:49:52.054Z"
  },
  {
    "githubId": "b1f36479-800e-4f75-9898-42b6b3336a0e",
    "fullName": "Dr. Ignacio Legros",
    "email": "Helene.Walter74@hotmail.com",
    "phone": "(741) 206-2107 x619",
    "sex": "other",
    "status": "active",
    "deleted": false,
    "createdAt": "2024-10-28T01:45:43.752Z"
  },
  {
    "facebookId": "0a530a1b-344c-48b5-b25c-e684debb1d24",
    "fullName": "Stuart Daniel",
    "email": "Rebekah_Harvey-Dickinson@hotmail.com",
    "phone": "706-212-5649 x9108",
    "sex": "other",
    "status": "active",
    "deleted": false,
    "createdAt": "2024-10-28T02:30:37.384Z"
  },
  {
    "googleId": "6a585222-b642-4996-adc9-2ef36227562e",
    "fullName": "Orville Klocko-Littel",
    "email": "Leslie.Torphy20@hotmail.com",
    "phone": "364-434-0810 x3236",
    "sex": "other",
    "status": "active",
    "deleted": false,
    "createdAt": "2024-10-28T07:41:01.454Z"
  },
  {
    "fullName": "Ramiro Wyman",
    "email": "Bria_Rohan85@hotmail.com",
    "password": "$2b$10$kpJDuzuGKBI55fgmcv0/2uR8ZLPw7ntBrg0y6ad2Yst61hCDDqjVC",
    "phone": "1-790-949-6730",
    "sex": "male",
    "status": "active",
    "deleted": false,
    "createdAt": "2024-10-28T07:42:07.928Z"
  },
  {
    "githubId": "1ca2e2e0-9202-43cf-b694-20c3c76030c5",
    "fullName": "Leland O'Reilly",
    "email": "Anna_Pouros@gmail.com",
    "phone": "506-377-9747 x29657",
    "sex": "male",
    "status": "active",
    "deleted": false,
    "createdAt": "2024-10-28T19:31:42.037Z"
  },
  {
    "googleId": "92aa5a4b-a1d4-4970-81d8-c9506dc1b00e",
    "fullName": "Roland Stamm",
    "email": "Flo.Oberbrunner59@gmail.com",
    "phone": "1-302-936-6829 x9768",
    "sex": "male",
    "status": "active",
    "deleted": false,
    "createdAt": "2024-10-28T20:22:03.778Z"
  },
  {
    "fullName": "Julio Raynor",
    "email": "Sheldon_Torphy23@hotmail.com",
    "password": "$2b$10$kbSlwg2btJQuuf6UZc10L.NtVojW/7MFosKqF/a7GzqGbO9i.9qMK",
    "phone": "368.447.1906 x270",
    "sex": "other",
    "status": "active",
    "deleted": false,
    "createdAt": "2024-10-28T20:34:10.907Z"
  },
  {
    "facebookId": "edbe7833-28c7-4a82-8f8b-84354749a3de",
    "fullName": "Ross Trantow",
    "email": "Cheyenne25@hotmail.com",
    "phone": "(532) 212-5335 x2128",
    "sex": "female",
    "status": "active",
    "deleted": false,
    "createdAt": "2024-10-28T20:49:34.424Z"
  },
  {
    "fullName": "Andrea Treutel IV",
    "email": "Alanis.Anderson96@hotmail.com",
    "password": "$2b$10$A.Wk7woT3D4RIsjIdp6a4eE6guYSVPK2lgdk5iwuWq4.ErvTSJGre",
    "phone": "407-469-7214 x655",
    "sex": "other",
    "status": "active",
    "deleted": false,
    "createdAt": "2024-10-29T05:30:39.276Z"
  },
  {
    "fullName": "Leona Buckridge",
    "email": "Marge5@hotmail.com",
    "password": "$2b$10$U2eQLKfWgv/VQWb/TwHpDeyoIONDT8.e3i4TvjnxzbG1LLRFGIoT2",
    "phone": "(401) 433-8575 x237",
    "sex": "male",
    "status": "active",
    "deleted": false,
    "createdAt": "2024-10-29T05:43:25.463Z"
  }
]
