[
  {
    "fullName": "Mr. Woodrow McCullough-Kemmer Sr.",
    "email": "Malcolm.Hartmann38@hotmail.com",
    "password": "$2b$10$oxojd7Yi4LhKxkUHxQtHHungPOSrmWQRjFIbkurmRz7Sefvs7A2Oq",
    "phone": "(276) 617-3428 x6674",
    "sex": "female",
    "status": "active",
    "deleted": false,
    "createdAt": "2024-12-01T02:22:51.484Z"
  },
  {
    "fullName": "Gilberto Murphy",
    "email": "Peter_Greenfelder74@yahoo.com",
    "password": "$2b$10$AZaQuoI1uJANT1ZnRljiZOQUebLmBJWC1l8NKY35Nw0HXBtdjPQtO",
    "phone": "792.740.6331",
    "sex": "male",
    "status": "active",
    "deleted": false,
    "createdAt": "2024-12-01T05:13:15.295Z"
  },
  {
    "facebookId": "acd98917-68e0-4c3a-b491-751a829a616f",
    "fullName": "Henrietta Boehm",
    "email": "Korey.McGlynn87@gmail.com",
    "phone": "385.442.9278 x3525",
    "sex": "male",
    "status": "active",
    "deleted": false,
    "createdAt": "2024-12-01T07:44:10.654Z"
  },
  {
    "googleId": "44ffd68e-52b2-4406-b08e-eb81d87a533e",
    "fullName": "Angelo Cassin",
    "email": "Kristy.VonRueden@hotmail.com",
    "phone": "1-985-810-8045",
    "sex": "male",
    "status": "active",
    "deleted": false,
    "createdAt": "2024-12-01T08:55:53.718Z"
  },
  {
    "facebookId": "431e71bb-9282-40e8-92de-17501071b11b",
    "fullName": "Becky Weissnat",
    "email": "Erick_Sawayn92@hotmail.com",
    "phone": "916.992.2520 x796",
    "sex": "female",
    "status": "active",
    "deleted": false,
    "createdAt": "2024-12-01T11:39:15.742Z"
  },
  {
    "fullName": "Brendan Fadel",
    "email": "Greg.DuBuque@yahoo.com",
    "password": "$2b$10$s4wcEbwDGjVrca3SnFhc1ucIT87YIu7U0EjX2WxcYXjM7yENsOgSi",
    "phone": "645-550-9178 x0248",
    "sex": "female",
    "status": "active",
    "deleted": false,
    "createdAt": "2024-12-01T11:57:39.178Z"
  },
  {
    "googleId": "9a10e2d3-891f-4ca9-8afa-ff982a6d1c50",
    "fullName": "Billy Connelly",
    "email": "Harry12@yahoo.com",
    "phone": "656-923-1077 x16162",
    "sex": "male",
    "status": "active",
    "deleted": false,
    "createdAt": "2024-12-01T12:28:20.277Z"
  },
  {
    "fullName": "Dr. Jeffery Feil Sr.",
    "email": "Jedediah37@hotmail.com",
    "password": "$2b$10$JliIh/zbX4eqk9K5smmmFOGqzqOz0FoH3kBSaGyAiGaPu.ODyyrkm",
    "phone": "418-447-4182",
    "sex": "other",
    "status": "active",
    "deleted": false,
    "createdAt": "2024-12-01T14:01:06.362Z"
  },
  {
    "facebookId": "e4c1e1aa-466d-4e07-a7e4-bc01457fad9e",
    "fullName": "Josh Von",
    "email": "Eudora.Gottlieb30@hotmail.com",
    "phone": "(824) 793-8358",
    "sex": "male",
    "status": "active",
    "deleted": false,
    "createdAt": "2024-12-01T14:22:09.655Z"
  },
  {
    "googleId": "31055e44-c1b5-4b66-a081-2807a4691dd6",
    "fullName": "Christian Carroll",
    "email": "Mathilde.Ondricka@gmail.com",
    "phone": "1-541-970-1046 x38402",
    "sex": "male",
    "status": "active",
    "deleted": false,
    "createdAt": "2024-12-01T21:25:15.974Z"
  },
  {
    "fullName": "Sabrina Kassulke",
    "email": "Zaria.Orn@gmail.com",
    "password": "$2b$10$YSB3fyKoVt7YXm7WP1qEq./rZg.aYqAbQ6oAy/ASyljcQi4QOaiA.",
    "phone": "1-604-425-2329 x546",
    "sex": "female",
    "status": "active",
    "deleted": false,
    "createdAt": "2024-12-01T22:28:51.380Z"
  },
  {
    "googleId": "497ebd8b-ef52-402e-b903-770df1528f29",
    "fullName": "Stacey Cummerata",
    "email": "Elnora_Murphy6@hotmail.com",
    "phone": "992-625-8818 x836",
    "sex": "other",
    "status": "active",
    "deleted": false,
    "createdAt": "2024-12-02T02:53:12.753Z"
  },
  {
    "githubId": "fbe362c7-97e8-42a9-8feb-4f2242bf0065",
    "fullName": "Rodney Herzog",
    "email": "Parker.Hayes@yahoo.com",
    "phone": "(406) 981-4624 x64802",
    "sex": "other",
    "status": "active",
    "deleted": false,
    "createdAt": "2024-12-02T04:13:42.632Z"
  },
  {
    "githubId": "4a79c5f2-4c08-47ca-81e3-bc3a4154bd77",
    "fullName": "Israel Dach",
    "email": "Ronny.Pollich-Towne@gmail.com",
    "phone": "1-736-562-0977 x670",
    "sex": "female",
    "status": "active",
    "deleted": false,
    "createdAt": "2024-12-02T07:15:38.337Z"
  },
  {
    "fullName": "Marlene Mraz II",
    "email": "Antoinette_Little@hotmail.com",
    "password": "$2b$10$0wAOz9/crO6C4GZQHMQZjOmzYAJiyUIx9SPIq99GtJjXxsu8yNbvW",
    "phone": "(627) 641-9428 x96205",
    "sex": "other",
    "status": "active",
    "deleted": false,
    "createdAt": "2024-12-02T08:08:00.512Z"
  },
  {
    "facebookId": "559339ce-91d6-4d13-8034-8cc79e8ff75c",
    "fullName": "Delores Torphy",
    "email": "Kelly32@yahoo.com",
    "phone": "(834) 895-8582 x90171",
    "sex": "male",
    "status": "active",
    "deleted": false,
    "createdAt": "2024-12-02T09:49:20.495Z"
  },
  {
    "githubId": "42813f31-03ab-4104-a77b-42ac77f1691a",
    "fullName": "Elvira Trantow-Runolfsdottir Jr.",
    "email": "Jacklyn_Weissnat43@hotmail.com",
    "phone": "(967) 573-7544 x427",
    "sex": "female",
    "status": "active",
    "deleted": false,
    "createdAt": "2024-12-02T12:16:35.448Z"
  },
  {
    "fullName": "Miguel Lesch",
    "email": "Joany.Steuber44@hotmail.com",
    "password": "$2b$10$oq5g0gqfib43NSitaz72/Onu2IS2ZT4Ms3sOSMukblGTfEA81ObLq",
    "phone": "1-757-240-8777",
    "sex": "male",
    "status": "active",
    "deleted": false,
    "createdAt": "2024-12-02T15:47:25.986Z"
  },
  {
    "googleId": "9733bcd3-1388-4d1c-b8d1-befde04403ab",
    "fullName": "Benjamin Cole",
    "email": "Emmalee.Yost@hotmail.com",
    "phone": "536.535.0326 x6630",
    "sex": "female",
    "status": "active",
    "deleted": false,
    "createdAt": "2024-12-02T23:24:26.112Z"
  },
  {
    "fullName": "Devin Mueller",
    "email": "Allene_Collins35@yahoo.com",
    "password": "$2b$10$.jqGsYrLcYAjwsR0jo5yqeuyBnFhenBIZf0AkKQWBSHp84u9wrXZu",
    "phone": "601-209-3942",
    "sex": "other",
    "status": "active",
    "deleted": false,
    "createdAt": "2024-12-03T00:21:39.656Z"
  },
  {
    "googleId": "22b87f0e-a7f6-4ffb-ad8d-7120de1f575c",
    "fullName": "Kimberly Howe-Beer",
    "email": "Ahmed.Waters@gmail.com",
    "phone": "(971) 985-5440 x8711",
    "sex": "male",
    "status": "active",
    "deleted": false,
    "createdAt": "2024-12-03T00:26:51.772Z"
  },
  {
    "googleId": "1fabf4a2-0c2b-4c11-8267-2bf28a430ea6",
    "fullName": "Terrell Harvey",
    "email": "Constantin.Bosco18@hotmail.com",
    "phone": "241.344.1107 x18366",
    "sex": "other",
    "status": "active",
    "deleted": false,
    "createdAt": "2024-12-03T01:56:36.030Z"
  },
  {
    "facebookId": "1508ee60-cf0c-4831-b6e6-f5ce72f13a06",
    "fullName": "Miss Marjorie Kulas",
    "email": "Kris45@yahoo.com",
    "phone": "496.952.7928 x59863",
    "sex": "other",
    "status": "active",
    "deleted": false,
    "createdAt": "2024-12-03T04:24:26.199Z"
  },
  {
    "fullName": "Melinda Jenkins",
    "email": "Holly.Watsica-Hammes90@yahoo.com",
    "password": "$2b$10$QHar0/MlICmsHDj6wA.HhOLBNW22tsDskXQP/ssHyLar4cp5a8k4q",
    "phone": "462.294.5459 x089",
    "sex": "female",
    "status": "active",
    "deleted": false,
    "createdAt": "2024-12-03T06:22:29.367Z"
  },
  {
    "googleId": "51250f2c-cc78-4031-8113-2fb2fb877f07",
    "fullName": "Dr. Earl Moore",
    "email": "Garfield37@hotmail.com",
    "phone": "(474) 303-1351 x7719",
    "sex": "other",
    "status": "active",
    "deleted": false,
    "createdAt": "2024-12-03T16:42:20.785Z"
  },
  {
    "googleId": "6cb7de57-7240-4be9-8718-44aba1b0a63a",
    "fullName": "Blanche Kozey",
    "email": "Demarco.Collins49@gmail.com",
    "phone": "409-664-3073",
    "sex": "female",
    "status": "active",
    "deleted": false,
    "createdAt": "2024-12-03T17:45:26.433Z"
  },
  {
    "facebookId": "b1dccab8-5510-47e0-9e68-f6914f47f762",
    "fullName": "Willis Dietrich",
    "email": "Scarlett87@gmail.com",
    "phone": "756.971.7976 x5200",
    "sex": "other",
    "status": "active",
    "deleted": false,
    "createdAt": "2024-12-03T20:31:02.528Z"
  },
  {
    "googleId": "094cc42c-4fb7-4fe1-b8cd-b4077c0da28d",
    "fullName": "Hattie Rempel",
    "email": "Norberto.Rippin@gmail.com",
    "phone": "1-571-695-2262",
    "sex": "female",
    "status": "active",
    "deleted": false,
    "createdAt": "2024-12-03T22:53:19.199Z"
  },
  {
    "facebookId": "a54110f4-ab61-4dcd-856a-48a78b404031",
    "fullName": "Nina Nader",
    "email": "Cordia.Pacocha49@hotmail.com",
    "phone": "289.608.5344",
    "sex": "other",
    "status": "active",
    "deleted": false,
    "createdAt": "2024-12-04T02:28:09.356Z"
  },
  {
    "githubId": "2ac4a597-53e2-4f21-82af-3040802f72ba",
    "fullName": "Lillian Pfannerstill",
    "email": "Mina_Cruickshank@hotmail.com",
    "phone": "1-829-219-9060",
    "sex": "male",
    "status": "active",
    "deleted": false,
    "createdAt": "2024-12-04T13:33:15.236Z"
  },
  {
    "googleId": "08e203eb-93b4-40e1-9d57-d2481d9f0342",
    "fullName": "Ian Lehner",
    "email": "Myrtice_Boehm@yahoo.com",
    "phone": "650.860.3601 x1459",
    "sex": "other",
    "status": "active",
    "deleted": false,
    "createdAt": "2024-12-04T14:58:12.667Z"
  },
  {
    "facebookId": "2f5f76f0-3be9-41c7-a5e5-571b5cef6902",
    "fullName": "Mrs. Olive Torphy",
    "email": "Jorge_Rohan92@yahoo.com",
    "phone": "833-865-4060 x7507",
    "sex": "other",
    "status": "active",
    "deleted": false,
    "createdAt": "2024-12-04T16:08:06.257Z"
  },
  {
    "fullName": "Kelvin Toy",
    "email": "Marlee_Leffler38@hotmail.com",
    "password": "$2b$10$RQmeqUdXiSPSHUlp.w6WtumDNJkqIbbQdbqv6Nr2BY5wekg.lH14u",
    "phone": "(704) 336-6076 x184",
    "sex": "female",
    "status": "active",
    "deleted": false,
    "createdAt": "2024-12-04T18:43:48.051Z"
  },
  {
    "githubId": "c2bc91e0-85a9-4faf-b283-c856196e5be2",
    "fullName": "Omar Swaniawski",
    "email": "Flavie44@gmail.com",
    "phone": "(525) 309-7744 x5414",
    "sex": "female",
    "status": "active",
    "deleted": false,
    "createdAt": "2024-12-04T19:48:26.278Z"
  },
  {
    "facebookId": "455a5a95-8812-4a9a-b427-0723f109599b",
    "fullName": "Doris Rodriguez",
    "email": "Royce32@hotmail.com",
    "phone": "847-480-2818",
    "sex": "female",
    "status": "active",
    "deleted": false,
    "createdAt": "2024-12-04T21:11:21.563Z"
  },
  {
    "facebookId": "c9fee634-4f22-443e-a100-18c83ea7a267",
    "fullName": "Bobbie Donnelly",
    "email": "Melissa.Stamm61@gmail.com",
    "phone": "645.618.8471 x7712",
    "sex": "male",
    "status": "active",
    "deleted": false,
    "createdAt": "2024-12-04T23:49:09.592Z"
  },
  {
    "fullName": "Peggy Konopelski",
    "email": "Ardella.Lynch@gmail.com",
    "password": "$2b$10$rvqsLHnLz8giA7nXYIQJEeLRdLOcTcilmcolXznzLg58dsryq52W.",
    "phone": "1-546-423-0133 x484",
    "sex": "male",
    "status": "active",
    "deleted": false,
    "createdAt": "2024-12-05T00:05:57.011Z"
  },
  {
    "facebookId": "63740bbd-d64c-44d7-81e7-ad9f33b07e2b",
    "fullName": "April Wunsch",
    "email": "Mallory.Abshire@hotmail.com",
    "phone": "544-364-5535",
    "sex": "other",
    "status": "active",
    "deleted": false,
    "createdAt": "2024-12-05T01:30:07.976Z"
  },
  {
    "facebookId": "f0796f0d-2509-4621-922e-b10b3c610d8d",
    "fullName": "Henrietta Wehner",
    "email": "Bette_Berge@gmail.com",
    "phone": "526-796-4387 x9310",
    "sex": "other",
    "status": "active",
    "deleted": false,
    "createdAt": "2024-12-05T03:34:12.713Z"
  },
  {
    "fullName": "Kristie Bergnaum",
    "email": "Casimer_Jerde@gmail.com",
    "password": "$2b$10$ucLAIoRWS2PzrKqsCRBvGueHeD/58uytfzASh5mG/0G4TrDzj01xG",
    "phone": "619-806-3610 x3676",
    "sex": "male",
    "status": "active",
    "deleted": false,
    "createdAt": "2024-12-05T05:15:15.915Z"
  },
  {
    "fullName": "Fernando Jast",
    "email": "Fay_Prosacco@gmail.com",
    "password": "$2b$10$RSnxB6PIde9BhdWcksJDc.StcETLRrdeA8Rf.Aml4U8iTY8DC9LNe",
    "phone": "1-474-973-8684 x98505",
    "sex": "male",
    "status": "active",
    "deleted": false,
    "createdAt": "2024-12-05T09:30:20.762Z"
  },
  {
    "fullName": "Eunice Blanda",
    "email": "Tyra_Mayert92@hotmail.com",
    "password": "$2b$10$he2EGF9Sxy/spqJOj6V1OelaZUDbjtkqCNZQSpwKSiSP1tmaItKr6",
    "phone": "(516) 201-7304 x8022",
    "sex": "male",
    "status": "active",
    "deleted": false,
    "createdAt": "2024-12-05T13:04:16.753Z"
  },
  {
    "fullName": "Dr. Flora Daugherty",
    "email": "Weston_Kautzer@gmail.com",
    "password": "$2b$10$Uo7Dke9DZsDzLW9v3hWfbuouK5UZswd2IcNBM9IdIXY3Qqc6SsuVq",
    "phone": "763.499.0436 x95796",
    "sex": "male",
    "status": "active",
    "deleted": false,
    "createdAt": "2024-12-05T13:46:19.966Z"
  },
  {
    "facebookId": "269da4b5-d224-4a31-9a1a-91fa8d01d877",
    "fullName": "Sonja Hickle MD",
    "email": "Kaycee_Pouros99@gmail.com",
    "phone": "(211) 858-2582 x2460",
    "sex": "other",
    "status": "active",
    "deleted": false,
    "createdAt": "2024-12-06T00:05:27.748Z"
  },
  {
    "fullName": "Mr. Orlando Jacobi DVM",
    "email": "Adaline87@hotmail.com",
    "password": "$2b$10$UA20FPlcdpJ6op/LSSwhvu4Jm12kj9i0vkOhgsRviG/PDtHylEeO6",
    "phone": "944.899.8721 x496",
    "sex": "male",
    "status": "active",
    "deleted": false,
    "createdAt": "2024-12-06T07:10:25.868Z"
  },
  {
    "facebookId": "fc52c3ad-ed44-4b85-9f58-1efbbfea86f1",
    "fullName": "Eileen Sanford",
    "email": "Dell70@yahoo.com",
    "phone": "386.336.3817 x0735",
    "sex": "female",
    "status": "active",
    "deleted": false,
    "createdAt": "2024-12-06T08:50:34.099Z"
  },
  {
    "facebookId": "56277c1a-50ba-4383-9667-30eb414afc8c",
    "fullName": "Mr. Donnie Flatley",
    "email": "Verona43@yahoo.com",
    "phone": "(793) 562-7933 x165",
    "sex": "female",
    "status": "active",
    "deleted": false,
    "createdAt": "2024-12-06T15:00:56.928Z"
  },
  {
    "facebookId": "3aaeb575-b240-42fd-8d70-d0a4ce0b9679",
    "fullName": "Miss Lora Botsford",
    "email": "Daryl49@yahoo.com",
    "phone": "(364) 737-5033",
    "sex": "other",
    "status": "active",
    "deleted": false,
    "createdAt": "2024-12-06T15:21:39.602Z"
  },
  {
    "githubId": "857ecfd1-5911-425f-8cc2-6662af9eb247",
    "fullName": "Bonnie Gislason",
    "email": "Derrick9@hotmail.com",
    "phone": "(353) 729-4824",
    "sex": "female",
    "status": "active",
    "deleted": false,
    "createdAt": "2024-12-06T21:54:52.636Z"
  },
  {
    "googleId": "c2ababd8-e954-479f-8b7a-54f399cfe0dd",
    "fullName": "Alma Willms",
    "email": "Roderick_Lemke@gmail.com",
    "phone": "1-287-335-9663 x0797",
    "sex": "other",
    "status": "active",
    "deleted": false,
    "createdAt": "2024-12-07T02:02:28.120Z"
  },
  {
    "fullName": "Miss Kayla Leffler II",
    "email": "Caroline_Lockman@hotmail.com",
    "password": "$2b$10$EAw2Cg6l.FQdRDsFcw/lhOfsTDhQIe3R4wjYwz/7M06QRE/7mMAjS",
    "phone": "1-545-807-4761",
    "sex": "male",
    "status": "active",
    "deleted": false,
    "createdAt": "2024-12-07T05:57:11.182Z"
  },
  {
    "googleId": "47b0b2c5-3f47-4004-b5df-b2d25d20c052",
    "fullName": "Meredith Raynor",
    "email": "Alana.Rempel@gmail.com",
    "phone": "(468) 693-7416 x773",
    "sex": "other",
    "status": "active",
    "deleted": false,
    "createdAt": "2024-12-07T08:08:52.697Z"
  },
  {
    "facebookId": "09e8804a-eec7-4c94-a385-2c5774b03fcb",
    "fullName": "Latoya Torphy",
    "email": "Brigitte83@yahoo.com",
    "phone": "(861) 717-5597 x74694",
    "sex": "female",
    "status": "active",
    "deleted": false,
    "createdAt": "2024-12-07T09:20:23.872Z"
  },
  {
    "githubId": "865e973f-3839-4133-ae3f-f7b35395f64b",
    "fullName": "Howard Sawayn",
    "email": "Nyasia.Gorczany@yahoo.com",
    "phone": "771.362.2343 x084",
    "sex": "female",
    "status": "active",
    "deleted": false,
    "createdAt": "2024-12-07T12:25:17.371Z"
  },
  {
    "fullName": "Mr. Roger Waelchi",
    "email": "Michael_McDermott@yahoo.com",
    "password": "$2b$10$TFxVcqkjcm7/IBQUZGp8D.kSbDghgllnWxLuejqyINa/yDr.FDsgK",
    "phone": "(235) 740-5640 x7642",
    "sex": "female",
    "status": "active",
    "deleted": false,
    "createdAt": "2024-12-07T13:44:25.971Z"
  },
  {
    "googleId": "14172b97-14e3-4d58-a2ab-ec8e4df97aa5",
    "fullName": "Ms. Stephanie Schamberger",
    "email": "Flavio61@yahoo.com",
    "phone": "788.750.0618 x60431",
    "sex": "male",
    "status": "active",
    "deleted": false,
    "createdAt": "2024-12-07T14:32:18.731Z"
  },
  {
    "facebookId": "8ffc6707-47ce-477a-be50-07a7e6c8ec4c",
    "fullName": "Jerald Williamson",
    "email": "Jeanie_Hettinger-Torphy@hotmail.com",
    "phone": "274.902.2415",
    "sex": "other",
    "status": "active",
    "deleted": false,
    "createdAt": "2024-12-07T15:36:56.349Z"
  },
  {
    "googleId": "7c6f5107-c004-4a99-850b-2918d22304b5",
    "fullName": "Tommie Spinka",
    "email": "Rodrick.MacGyver52@hotmail.com",
    "phone": "1-213-428-0209 x687",
    "sex": "other",
    "status": "active",
    "deleted": false,
    "createdAt": "2024-12-08T00:25:56.486Z"
  },
  {
    "facebookId": "0f1398dd-bcfd-42a3-8e4d-9ddd8cda0e78",
    "fullName": "Johnnie Batz",
    "email": "Kenton_Runolfsdottir96@yahoo.com",
    "phone": "1-401-937-1983 x2247",
    "sex": "female",
    "status": "active",
    "deleted": false,
    "createdAt": "2024-12-08T04:34:29.804Z"
  },
  {
    "githubId": "abfdd176-7aa3-4d73-bd59-50ca88e4d737",
    "fullName": "Miss Jasmine Christiansen",
    "email": "Leann.Predovic56@yahoo.com",
    "phone": "920.241.8992 x800",
    "sex": "other",
    "status": "active",
    "deleted": false,
    "createdAt": "2024-12-08T04:56:23.827Z"
  },
  {
    "fullName": "Brooke Willms MD",
    "email": "Aurelio_Breitenberg67@yahoo.com",
    "password": "$2b$10$awZSEmSc5vZAetiLUdzvA.hHtaC9qXPyrr7SNde7ox4eHtMEmeNzO",
    "phone": "1-781-352-0372",
    "sex": "other",
    "status": "active",
    "deleted": false,
    "createdAt": "2024-12-08T07:10:37.142Z"
  },
  {
    "facebookId": "9c8763fc-b608-44b3-8766-38b3efd77990",
    "fullName": "Enrique Hamill",
    "email": "Dawson14@hotmail.com",
    "phone": "672.347.4223 x87643",
    "sex": "male",
    "status": "active",
    "deleted": false,
    "createdAt": "2024-12-08T11:01:16.622Z"
  },
  {
    "googleId": "1d2a5d4e-79e3-4bd7-88b3-f3f0c06e7772",
    "fullName": "Jon Bartell",
    "email": "Bianka76@hotmail.com",
    "phone": "1-700-706-1628 x38833",
    "sex": "other",
    "status": "active",
    "deleted": false,
    "createdAt": "2024-12-08T12:37:40.503Z"
  },
  {
    "facebookId": "09fa2810-4aff-474a-b6df-a9f6e57697df",
    "fullName": "Edward McClure",
    "email": "Everett_Lang@yahoo.com",
    "phone": "1-265-458-4253 x938",
    "sex": "other",
    "status": "active",
    "deleted": false,
    "createdAt": "2024-12-08T14:09:13.524Z"
  },
  {
    "githubId": "78f43a44-8e61-4c5d-b79a-15fc3a165d5b",
    "fullName": "Luther Jacobson",
    "email": "Marina85@yahoo.com",
    "phone": "511-253-7490 x952",
    "sex": "male",
    "status": "active",
    "deleted": false,
    "createdAt": "2024-12-08T20:10:19.800Z"
  },
  {
    "githubId": "b0f37602-7a83-4b33-afd5-f82f89299e18",
    "fullName": "Isaac Kunde",
    "email": "Nicklaus97@hotmail.com",
    "phone": "1-393-397-6157 x716",
    "sex": "female",
    "status": "active",
    "deleted": false,
    "createdAt": "2024-12-09T00:56:18.470Z"
  },
  {
    "facebookId": "423cd186-5301-4a30-bcc5-83a4143b54bf",
    "fullName": "Marion Heaney",
    "email": "Kiarra46@hotmail.com",
    "phone": "(695) 916-0695 x56971",
    "sex": "female",
    "status": "active",
    "deleted": false,
    "createdAt": "2024-12-09T06:10:25.961Z"
  },
  {
    "fullName": "Heather Thiel V",
    "email": "Dwight20@gmail.com",
    "password": "$2b$10$TWd7HD.R1SEmYfgRtRenNei/TFPinEHnK2sHLT4/87bZ37ehaNBn6",
    "phone": "994-763-1164 x68308",
    "sex": "male",
    "status": "active",
    "deleted": false,
    "createdAt": "2024-12-09T07:58:02.568Z"
  },
  {
    "googleId": "78106e43-4dfe-4744-965e-6536df79ff1a",
    "fullName": "Stanley Lockman",
    "email": "Crawford39@hotmail.com",
    "phone": "398.466.2209 x6114",
    "sex": "female",
    "status": "active",
    "deleted": false,
    "createdAt": "2024-12-09T08:15:37.844Z"
  },
  {
    "githubId": "297ff4b3-77a9-4c90-9428-449e44a9200a",
    "fullName": "Sergio Fritsch",
    "email": "Filomena_Schoen@gmail.com",
    "phone": "1-610-754-3916 x8463",
    "sex": "male",
    "status": "active",
    "deleted": false,
    "createdAt": "2024-12-09T19:22:51.857Z"
  },
  {
    "facebookId": "5223b3df-d885-4843-a772-cc85e53b9dce",
    "fullName": "Mr. Ervin Schamberger",
    "email": "Maxine_Harris@hotmail.com",
    "phone": "628.462.5664",
    "sex": "female",
    "status": "active",
    "deleted": false,
    "createdAt": "2024-12-10T10:01:11.430Z"
  },
  {
    "githubId": "2c4442c8-cce4-4b61-b167-22ee8eca7757",
    "fullName": "Earl Durgan",
    "email": "Rick30@hotmail.com",
    "phone": "293-859-4246 x0565",
    "sex": "male",
    "status": "active",
    "deleted": false,
    "createdAt": "2024-12-10T13:13:14.370Z"
  },
  {
    "googleId": "21a1e20a-3b89-4a7b-8465-f7f24138d7a2",
    "fullName": "Albert Windler",
    "email": "Bethany_Sporer27@yahoo.com",
    "phone": "967-574-2674 x628",
    "sex": "male",
    "status": "active",
    "deleted": false,
    "createdAt": "2024-12-10T16:58:03.770Z"
  },
  {
    "githubId": "0a7e475d-f659-4fbf-bed9-7c9e85a0af45",
    "fullName": "Walter Reinger PhD",
    "email": "Curt.Thompson@hotmail.com",
    "phone": "(518) 832-5897 x849",
    "sex": "female",
    "status": "active",
    "deleted": false,
    "createdAt": "2024-12-11T01:21:41.185Z"
  },
  {
    "googleId": "33bd1571-acb2-4c63-8f22-946447f6889d",
    "fullName": "Angel MacGyver",
    "email": "Jada.Sanford91@yahoo.com",
    "phone": "1-210-535-5026 x32855",
    "sex": "male",
    "status": "active",
    "deleted": false,
    "createdAt": "2024-12-11T01:33:37.806Z"
  },
  {
    "facebookId": "38eb08cb-3448-4c54-8472-10d14c2e7a2a",
    "fullName": "Courtney Gleason",
    "email": "Dortha73@hotmail.com",
    "phone": "668-700-7008 x51064",
    "sex": "other",
    "status": "active",
    "deleted": false,
    "createdAt": "2024-12-11T04:49:40.191Z"
  },
  {
    "facebookId": "604328b1-1276-4641-8ad8-229526b42b0f",
    "fullName": "Wendy Buckridge",
    "email": "Edward62@yahoo.com",
    "phone": "1-481-754-1698 x539",
    "sex": "other",
    "status": "active",
    "deleted": false,
    "createdAt": "2024-12-11T05:02:48.211Z"
  },
  {
    "fullName": "Camille Smith III",
    "email": "Lacy.Franey@hotmail.com",
    "password": "$2b$10$t783J9HXommfag8MwT17q.idvsDGgG9lMp8pnfnOmYk23MRkTmMNe",
    "phone": "1-413-223-3373",
    "sex": "other",
    "status": "active",
    "deleted": false,
    "createdAt": "2024-12-11T12:28:31.984Z"
  },
  {
    "githubId": "9e4143d7-ff39-429b-9c79-7d3da74b4920",
    "fullName": "Margie Bailey",
    "email": "Margaret54@hotmail.com",
    "phone": "577-673-8228 x3899",
    "sex": "other",
    "status": "active",
    "deleted": false,
    "createdAt": "2024-12-11T13:34:19.025Z"
  },
  {
    "fullName": "Lola Heller",
    "email": "Marc.Hermann@yahoo.com",
    "password": "$2b$10$rKded2Nad6m504v3yZHxNObLo2Px9Zp5wYkJeqmjomwYtQ3bUUTcS",
    "phone": "(928) 203-6767 x340",
    "sex": "female",
    "status": "active",
    "deleted": false,
    "createdAt": "2024-12-11T17:23:53.132Z"
  },
  {
    "facebookId": "1407b242-0ea8-484b-9f71-6a636cd03853",
    "fullName": "Henrietta Green",
    "email": "Mariano_Flatley15@hotmail.com",
    "phone": "623.838.1410 x605",
    "sex": "female",
    "status": "active",
    "deleted": false,
    "createdAt": "2024-12-11T19:09:05.534Z"
  },
  {
    "fullName": "Pat Schiller IV",
    "email": "Catalina41@yahoo.com",
    "password": "$2b$10$gDEPkJhKCACUPh/ofu8vKuqD8UwWQJFXQF9SoMyIkXNZvblFPd3h2",
    "phone": "(968) 431-9795",
    "sex": "female",
    "status": "active",
    "deleted": false,
    "createdAt": "2024-12-12T04:15:10.366Z"
  },
  {
    "facebookId": "059ed7da-0c37-4758-a1a9-f576a4b5ede1",
    "fullName": "Jackie Davis",
    "email": "Miguel.Crona6@yahoo.com",
    "phone": "(240) 897-1900 x35519",
    "sex": "female",
    "status": "active",
    "deleted": false,
    "createdAt": "2024-12-12T08:36:16.160Z"
  },
  {
    "githubId": "c51cf693-87df-4f21-9b1f-789df1a62d3b",
    "fullName": "Alfredo Thompson",
    "email": "Melba20@hotmail.com",
    "phone": "1-207-388-6323",
    "sex": "other",
    "status": "active",
    "deleted": false,
    "createdAt": "2024-12-12T12:00:08.646Z"
  },
  {
    "githubId": "c3bd7f44-c3c3-4b3c-841d-3e1830553d84",
    "fullName": "Dianna Emmerich-Kemmer",
    "email": "Salvatore.Kulas51@hotmail.com",
    "phone": "1-661-557-9039 x0028",
    "sex": "female",
    "status": "active",
    "deleted": false,
    "createdAt": "2024-12-12T16:25:58.072Z"
  },
  {
    "githubId": "0807b220-3096-4f1c-a7a7-de3efb7f5017",
    "fullName": "Rudolph Bashirian",
    "email": "Fannie36@yahoo.com",
    "phone": "1-995-320-8019 x4893",
    "sex": "female",
    "status": "active",
    "deleted": false,
    "createdAt": "2024-12-12T17:51:29.134Z"
  },
  {
    "googleId": "9e22f44d-a373-4d29-bc53-c62438fd470b",
    "fullName": "Nadine Ullrich",
    "email": "Theodora.Brakus5@gmail.com",
    "phone": "838-504-5000 x52647",
    "sex": "other",
    "status": "active",
    "deleted": false,
    "createdAt": "2024-12-12T22:53:53.913Z"
  },
  {
    "fullName": "Marian Simonis-Bradtke",
    "email": "Nicolette89@yahoo.com",
    "password": "$2b$10$ck1j2ZpC40eVZypS8OHDNewCZQf1KeZR74T7MQYKqf9rHt5xkfFq.",
    "phone": "355-630-3642 x267",
    "sex": "other",
    "status": "active",
    "deleted": false,
    "createdAt": "2024-12-13T00:14:30.834Z"
  },
  {
    "googleId": "f6eb0c9c-5135-45d6-8a44-db98d0b30c6d",
    "fullName": "Leland Walsh",
    "email": "Cassandre.Harvey@hotmail.com",
    "phone": "1-340-505-5779 x56587",
    "sex": "male",
    "status": "active",
    "deleted": false,
    "createdAt": "2024-12-13T04:14:53.240Z"
  },
  {
    "githubId": "24a0350b-2909-41ca-8f8a-2dbc283f50e3",
    "fullName": "Juan Toy",
    "email": "Savion.Dietrich-Berge83@yahoo.com",
    "phone": "1-804-911-4098 x993",
    "sex": "other",
    "status": "active",
    "deleted": false,
    "createdAt": "2024-12-13T07:05:27.964Z"
  },
  {
    "facebookId": "785ddd9e-f61d-4b1b-a01b-d5a452e20491",
    "fullName": "Santos Mohr V",
    "email": "Summer.Nolan26@yahoo.com",
    "phone": "1-987-558-1629 x817",
    "sex": "other",
    "status": "active",
    "deleted": false,
    "createdAt": "2024-12-13T07:45:43.492Z"
  },
  {
    "googleId": "700736e6-c0d3-44f2-9e38-d56d8d33b994",
    "fullName": "Perry Jenkins",
    "email": "Nova_Nikolaus81@yahoo.com",
    "phone": "766-263-0215 x7668",
    "sex": "female",
    "status": "active",
    "deleted": false,
    "createdAt": "2024-12-13T15:20:26.245Z"
  },
  {
    "fullName": "Marian O'Hara",
    "email": "Micaela85@yahoo.com",
    "password": "$2b$10$kECe3Mwmbh5D4WNTrjAsyOb4Oi28cLfLarWg8XiWXMmYAAjZXpIM2",
    "phone": "(661) 461-9310 x77079",
    "sex": "male",
    "status": "active",
    "deleted": false,
    "createdAt": "2024-12-13T16:13:51.484Z"
  },
  {
    "googleId": "4ab1c9fc-6c92-4875-835e-40a49b813ab5",
    "fullName": "Darrell Jones",
    "email": "Verna.Emard70@yahoo.com",
    "phone": "(998) 322-2418 x893",
    "sex": "other",
    "status": "active",
    "deleted": false,
    "createdAt": "2024-12-13T16:51:06.155Z"
  },
  {
    "facebookId": "c9bb078c-bc67-446c-9473-a13b25dd22a1",
    "fullName": "Charlie Considine",
    "email": "Irving.Abernathy36@gmail.com",
    "phone": "316-351-0211",
    "sex": "other",
    "status": "active",
    "deleted": false,
    "createdAt": "2024-12-13T21:38:19.216Z"
  },
  {
    "googleId": "c443e25d-7c33-481e-a137-792fc72dd35c",
    "fullName": "Monique Powlowski",
    "email": "Nat_Morar@gmail.com",
    "phone": "962.361.3308 x43003",
    "sex": "male",
    "status": "active",
    "deleted": false,
    "createdAt": "2024-12-13T23:13:51.630Z"
  },
  {
    "googleId": "37f3f116-4643-471b-9957-02a8d29f5426",
    "fullName": "David Feest",
    "email": "Kailey_Zieme@yahoo.com",
    "phone": "971-765-4017",
    "sex": "other",
    "status": "active",
    "deleted": false,
    "createdAt": "2024-12-14T03:22:26.936Z"
  },
  {
    "githubId": "ba5c9670-e876-4249-9d4c-102a046e44b5",
    "fullName": "Frederick Champlin",
    "email": "Rosendo.Willms@gmail.com",
    "phone": "710-474-6965 x153",
    "sex": "other",
    "status": "active",
    "deleted": false,
    "createdAt": "2024-12-14T05:41:20.181Z"
  },
  {
    "githubId": "e9962f94-7d16-4fe7-bf74-a0e5558c48d5",
    "fullName": "Francis Zulauf",
    "email": "Rubye.Graham@hotmail.com",
    "phone": "528-421-6030",
    "sex": "female",
    "status": "active",
    "deleted": false,
    "createdAt": "2024-12-14T09:05:59.697Z"
  },
  {
    "githubId": "dd779b73-fa9b-49e9-8ada-bbca417ecdad",
    "fullName": "Jenny Bailey DVM",
    "email": "Olen_Bergnaum16@hotmail.com",
    "phone": "654.496.9616 x4342",
    "sex": "male",
    "status": "active",
    "deleted": false,
    "createdAt": "2024-12-14T12:05:31.506Z"
  },
  {
    "githubId": "88051741-a7b5-47d6-b60a-8b0c0b8d476e",
    "fullName": "Miss Minnie Schultz",
    "email": "Roberto.Denesik@hotmail.com",
    "phone": "(732) 583-6954",
    "sex": "other",
    "status": "active",
    "deleted": false,
    "createdAt": "2024-12-14T21:23:18.495Z"
  },
  {
    "fullName": "Christy Quigley PhD",
    "email": "Sophia.Gorczany86@yahoo.com",
    "password": "$2b$10$o5QfEIGl274VdRi0go/H8usZIqn23aDPOFPg3rO5yp35mTOTYhZ2q",
    "phone": "830-299-4474 x0684",
    "sex": "other",
    "status": "active",
    "deleted": false,
    "createdAt": "2024-12-15T02:10:24.983Z"
  },
  {
    "googleId": "6dd7b5c2-c560-4b09-a864-d64afc137425",
    "fullName": "Bob Hoeger",
    "email": "Matteo_Schultz74@yahoo.com",
    "phone": "1-484-548-1527 x859",
    "sex": "male",
    "status": "active",
    "deleted": false,
    "createdAt": "2024-12-15T02:51:45.811Z"
  },
  {
    "googleId": "4cff8bfb-80dd-48b4-97d4-f468abc683a9",
    "fullName": "Lynette Glover",
    "email": "Adelbert.Schroeder@gmail.com",
    "phone": "819-312-0943 x20730",
    "sex": "other",
    "status": "active",
    "deleted": false,
    "createdAt": "2024-12-15T14:27:15.316Z"
  },
  {
    "githubId": "5c20d5b1-6696-485b-8561-a570f99cd7c0",
    "fullName": "Seth Okuneva",
    "email": "Opal19@gmail.com",
    "phone": "1-315-863-5285",
    "sex": "other",
    "status": "active",
    "deleted": false,
    "createdAt": "2024-12-15T15:30:49.837Z"
  },
  {
    "fullName": "Marilyn White",
    "email": "Marlon.Johns@gmail.com",
    "password": "$2b$10$TgSv/r68JFStcAMRFiTKvu0TT/LHB2Zi1OIrip.V7Tm4YSYEg8i7m",
    "phone": "428-277-0882",
    "sex": "other",
    "status": "active",
    "deleted": false,
    "createdAt": "2024-12-15T18:16:32.279Z"
  },
  {
    "facebookId": "44547457-b53d-4dc4-8429-69eacdcdb53b",
    "fullName": "Maurice McClure-Hirthe",
    "email": "Jedediah.DuBuque33@yahoo.com",
    "phone": "754.693.1366 x570",
    "sex": "female",
    "status": "active",
    "deleted": false,
    "createdAt": "2024-12-15T21:53:08.774Z"
  },
  {
    "githubId": "0ba15b0c-cb86-4798-ac41-c993dfc81440",
    "fullName": "Cora Konopelski",
    "email": "Clementina93@hotmail.com",
    "phone": "1-283-571-0008",
    "sex": "female",
    "status": "active",
    "deleted": false,
    "createdAt": "2024-12-16T01:15:57.666Z"
  },
  {
    "githubId": "bd6ba7d7-6374-421b-9649-bcc416ecb60c",
    "fullName": "Cora Fritsch",
    "email": "Sylvester32@hotmail.com",
    "phone": "(867) 423-7512 x060",
    "sex": "female",
    "status": "active",
    "deleted": false,
    "createdAt": "2024-12-16T02:16:07.832Z"
  },
  {
    "googleId": "5ae05044-97f0-4b94-82f7-e85556eef564",
    "fullName": "Cora Padberg",
    "email": "Clint_Kohler96@gmail.com",
    "phone": "1-996-718-6543 x988",
    "sex": "female",
    "status": "active",
    "deleted": false,
    "createdAt": "2024-12-16T04:07:14.453Z"
  },
  {
    "githubId": "622bc999-4ec9-4c2f-b176-7e80b11489bb",
    "fullName": "Kristopher Heaney",
    "email": "Eudora.Mitchell23@gmail.com",
    "phone": "1-214-495-3713 x482",
    "sex": "female",
    "status": "active",
    "deleted": false,
    "createdAt": "2024-12-16T07:44:14.237Z"
  },
  {
    "facebookId": "81f654e4-4e13-480c-b491-eb0e16bd319a",
    "fullName": "Frederick O'Hara MD",
    "email": "Edwin67@hotmail.com",
    "phone": "(753) 474-5614",
    "sex": "other",
    "status": "active",
    "deleted": false,
    "createdAt": "2024-12-16T07:53:20.071Z"
  },
  {
    "facebookId": "0bd7ee56-3b6c-4c8a-8571-ebd6ae32bb33",
    "fullName": "Dr. Nick Collier",
    "email": "Albina.Ondricka@hotmail.com",
    "phone": "1-392-684-3247 x0909",
    "sex": "male",
    "status": "active",
    "deleted": false,
    "createdAt": "2024-12-17T01:51:03.337Z"
  },
  {
    "githubId": "26d018d1-61cd-4401-be57-5513ff225606",
    "fullName": "Jean Deckow",
    "email": "Arlo_Kris0@gmail.com",
    "phone": "(650) 575-2252 x19360",
    "sex": "other",
    "status": "active",
    "deleted": false,
    "createdAt": "2024-12-17T02:05:35.103Z"
  },
  {
    "googleId": "9d0ba387-d585-4df7-b631-27366f3b0e78",
    "fullName": "Delores Labadie",
    "email": "Kianna_Leuschke27@hotmail.com",
    "phone": "1-535-591-4397 x29235",
    "sex": "other",
    "status": "active",
    "deleted": false,
    "createdAt": "2024-12-17T11:03:11.861Z"
  },
  {
    "googleId": "5be9b01e-094e-47f8-9059-fa7742bd6031",
    "fullName": "Gretchen Lebsack",
    "email": "Harry.Pfannerstill80@hotmail.com",
    "phone": "(362) 917-8497 x71084",
    "sex": "female",
    "status": "active",
    "deleted": false,
    "createdAt": "2024-12-17T11:49:16.073Z"
  },
  {
    "githubId": "8d460a73-4537-452b-966d-92ae06a10061",
    "fullName": "Amber Boyle",
    "email": "Lulu60@yahoo.com",
    "phone": "1-218-763-7411 x148",
    "sex": "other",
    "status": "active",
    "deleted": false,
    "createdAt": "2024-12-17T13:07:18.809Z"
  },
  {
    "facebookId": "7b97514e-f60e-414c-9a97-8da96a245ab8",
    "fullName": "Ginger Keeling",
    "email": "Braden.Schimmel2@gmail.com",
    "phone": "254.697.5100",
    "sex": "female",
    "status": "active",
    "deleted": false,
    "createdAt": "2024-12-17T21:28:11.847Z"
  },
  {
    "facebookId": "f4583b1d-5267-42f0-8748-3580f00e39c7",
    "fullName": "Philip Rempel DDS",
    "email": "Macy.McClure31@gmail.com",
    "phone": "(814) 670-8851 x815",
    "sex": "female",
    "status": "active",
    "deleted": false,
    "createdAt": "2024-12-17T21:44:57.811Z"
  },
  {
    "facebookId": "629e469b-df88-4e49-b140-1c2ade02e440",
    "fullName": "Loren Raynor",
    "email": "Jeromy_Yundt@yahoo.com",
    "phone": "353-503-7399 x20160",
    "sex": "other",
    "status": "active",
    "deleted": false,
    "createdAt": "2024-12-18T01:01:23.242Z"
  },
  {
    "googleId": "8f5db1e2-893c-423d-9510-24d3e262e8d5",
    "fullName": "Karl Gusikowski DDS",
    "email": "Orville48@gmail.com",
    "phone": "743.324.5659",
    "sex": "other",
    "status": "active",
    "deleted": false,
    "createdAt": "2024-12-18T04:55:00.518Z"
  },
  {
    "googleId": "5c814018-c38a-413f-a9ac-59e1bc77fc0f",
    "fullName": "Rachel Dickens",
    "email": "Salma_Green@hotmail.com",
    "phone": "1-210-285-1151 x1341",
    "sex": "other",
    "status": "active",
    "deleted": false,
    "createdAt": "2024-12-18T05:17:15.444Z"
  },
  {
    "googleId": "5ea227e1-5612-4605-ae47-7047ea32c04c",
    "fullName": "Angelica Beahan",
    "email": "Ramona.Smitham47@hotmail.com",
    "phone": "769.538.8125 x643",
    "sex": "male",
    "status": "active",
    "deleted": false,
    "createdAt": "2024-12-18T06:39:06.463Z"
  },
  {
    "googleId": "76c27840-3dc7-42ae-88ff-529c298ba74d",
    "fullName": "Damon Schaden",
    "email": "Eudora.Hegmann@yahoo.com",
    "phone": "925.640.0390 x24763",
    "sex": "other",
    "status": "active",
    "deleted": false,
    "createdAt": "2024-12-18T07:22:04.619Z"
  },
  {
    "facebookId": "95b5dc69-1ea0-4815-9675-c5a4cf420eff",
    "fullName": "Maryann Hahn",
    "email": "Gaetano.Weber-Powlowski58@hotmail.com",
    "phone": "(464) 767-1634 x26942",
    "sex": "other",
    "status": "active",
    "deleted": false,
    "createdAt": "2024-12-18T10:15:53.446Z"
  },
  {
    "githubId": "ea979c84-8e94-496a-b92d-9bf8aff0309d",
    "fullName": "Erin Fisher",
    "email": "Louvenia_Cruickshank46@yahoo.com",
    "phone": "1-887-228-7693 x70885",
    "sex": "other",
    "status": "active",
    "deleted": false,
    "createdAt": "2024-12-18T11:05:19.245Z"
  },
  {
    "facebookId": "bfde6935-187e-4c78-a203-a02df5669c09",
    "fullName": "Sharon Crooks",
    "email": "Alexandrine_Schinner59@hotmail.com",
    "phone": "429-546-6695 x7700",
    "sex": "female",
    "status": "active",
    "deleted": false,
    "createdAt": "2024-12-18T11:44:31.455Z"
  },
  {
    "googleId": "18caf5a2-9504-4c81-8b43-2857e0d79983",
    "fullName": "Tabitha Lueilwitz-Wuckert Sr.",
    "email": "Meda_McClure@yahoo.com",
    "phone": "(480) 466-9097 x2994",
    "sex": "female",
    "status": "active",
    "deleted": false,
    "createdAt": "2024-12-18T13:13:15.646Z"
  },
  {
    "githubId": "c1a9d863-4fcc-4de9-982a-0b08bddbc528",
    "fullName": "Miss Jody Pfeffer-Bauch",
    "email": "Kayla.Franecki92@hotmail.com",
    "phone": "326.759.7622 x16152",
    "sex": "other",
    "status": "active",
    "deleted": false,
    "createdAt": "2024-12-18T22:53:03.282Z"
  },
  {
    "facebookId": "557781b3-5e1a-4b0b-bcbc-6dc959142fd6",
    "fullName": "Audrey Conroy",
    "email": "Penelope_Schoen@hotmail.com",
    "phone": "1-484-999-5728 x356",
    "sex": "male",
    "status": "active",
    "deleted": false,
    "createdAt": "2024-12-19T04:36:54.367Z"
  },
  {
    "githubId": "2052b65e-e78e-4caf-94eb-2411be8f2736",
    "fullName": "Merle Dickinson",
    "email": "Terrance_Breitenberg30@yahoo.com",
    "phone": "(763) 809-6109",
    "sex": "female",
    "status": "active",
    "deleted": false,
    "createdAt": "2024-12-19T04:49:23.667Z"
  },
  {
    "fullName": "Abraham Beier",
    "email": "Geraldine_Ziemann-OHara58@gmail.com",
    "password": "$2b$10$t29w7G4pQF74hAiQNBTD/.s0KC9Yz/6bnkw9Pv/QWqwLikOauYsAe",
    "phone": "1-947-662-2216 x623",
    "sex": "other",
    "status": "active",
    "deleted": false,
    "createdAt": "2024-12-19T07:31:46.586Z"
  },
  {
    "facebookId": "b8aa52da-3f61-4416-9d1c-6e7c0fa71ace",
    "fullName": "Marcos Senger-Gleichner",
    "email": "Carey_Schulist@yahoo.com",
    "phone": "1-836-616-0331 x46585",
    "sex": "other",
    "status": "active",
    "deleted": false,
    "createdAt": "2024-12-19T08:22:24.885Z"
  },
  {
    "googleId": "81e37e82-05d8-46ea-9dfb-2b991763e634",
    "fullName": "Doris Ondricka V",
    "email": "Camden23@gmail.com",
    "phone": "1-282-878-3440",
    "sex": "male",
    "status": "active",
    "deleted": false,
    "createdAt": "2024-12-19T09:36:20.998Z"
  },
  {
    "facebookId": "eb67f3e6-6a06-47c7-8762-b67606ed5ceb",
    "fullName": "Jody Fisher",
    "email": "Edward.Stehr79@hotmail.com",
    "phone": "(764) 271-5031 x84465",
    "sex": "male",
    "status": "active",
    "deleted": false,
    "createdAt": "2024-12-19T17:32:05.145Z"
  },
  {
    "githubId": "e073cbef-b15c-40a9-87b6-dd03f50ac168",
    "fullName": "Dr. Florence Schultz Jr.",
    "email": "Jordy_Larson@yahoo.com",
    "phone": "(697) 592-3535 x7963",
    "sex": "male",
    "status": "active",
    "deleted": false,
    "createdAt": "2024-12-20T02:12:43.817Z"
  },
  {
    "googleId": "ce756781-41b7-4b23-818c-6ca6f51d1dba",
    "fullName": "Erin Grant-Wisozk",
    "email": "Terrence46@hotmail.com",
    "phone": "941-698-4321",
    "sex": "other",
    "status": "active",
    "deleted": false,
    "createdAt": "2024-12-20T04:16:04.058Z"
  },
  {
    "facebookId": "9f6c6705-55bc-4aef-b3c8-6b0078bea944",
    "fullName": "Tanya Lynch",
    "email": "Arturo_Powlowski@gmail.com",
    "phone": "361.641.6209",
    "sex": "other",
    "status": "active",
    "deleted": false,
    "createdAt": "2024-12-20T10:59:34.766Z"
  },
  {
    "googleId": "b049b6cf-62f0-4769-9c7e-1a3b15f8c7ad",
    "fullName": "Horace Grant",
    "email": "Kamren_Durgan@gmail.com",
    "phone": "(637) 443-0120",
    "sex": "other",
    "status": "active",
    "deleted": false,
    "createdAt": "2024-12-20T12:40:36.205Z"
  },
  {
    "fullName": "Betsy Lubowitz",
    "email": "Hillary_Goodwin@gmail.com",
    "password": "$2b$10$V5ur.7FNEEPu/.c2RGXhCeN/NvGETN.QXiuc8b2Z4vjitZVnF6ojq",
    "phone": "792-999-6974 x5594",
    "sex": "other",
    "status": "active",
    "deleted": false,
    "createdAt": "2024-12-20T15:44:30.238Z"
  },
  {
    "fullName": "Ricky Bradtke",
    "email": "Destiney.Schuppe@hotmail.com",
    "password": "$2b$10$duQGShnL.7nIgKV2GMtU5uzD2Cy4a22oyNqBVz.woSB1GuS0EaL/u",
    "phone": "(640) 718-6008",
    "sex": "other",
    "status": "active",
    "deleted": false,
    "createdAt": "2024-12-20T16:09:44.642Z"
  },
  {
    "googleId": "f8914e91-eb93-4d9f-927a-6847342f17d9",
    "fullName": "Mr. Dana Anderson",
    "email": "Fae_Keebler@hotmail.com",
    "phone": "(659) 474-7638 x645",
    "sex": "male",
    "status": "active",
    "deleted": false,
    "createdAt": "2024-12-20T22:25:35.903Z"
  },
  {
    "githubId": "a1fdf73d-7c10-40c1-93cb-e27a84afcf06",
    "fullName": "Cecilia Pagac",
    "email": "Westley0@hotmail.com",
    "phone": "(706) 716-0966 x646",
    "sex": "other",
    "status": "active",
    "deleted": false,
    "createdAt": "2024-12-21T17:16:55.751Z"
  },
  {
    "googleId": "2babd6e7-d294-478d-a52b-9978e455f89f",
    "fullName": "Georgia Boehm",
    "email": "Nathen.Kohler-Zemlak@hotmail.com",
    "phone": "729-404-4772 x785",
    "sex": "other",
    "status": "active",
    "deleted": false,
    "createdAt": "2024-12-21T21:02:28.541Z"
  },
  {
    "githubId": "47f830a9-0248-486b-95d9-ec4ab1518774",
    "fullName": "Wanda Flatley",
    "email": "Elizabeth_Stokes@gmail.com",
    "phone": "638.874.0737 x0189",
    "sex": "female",
    "status": "active",
    "deleted": false,
    "createdAt": "2024-12-21T22:59:06.778Z"
  },
  {
    "facebookId": "88914966-c055-4a41-b7f8-85cdc58be676",
    "fullName": "Kelley Cronin",
    "email": "Jackson.Kovacek12@hotmail.com",
    "phone": "243.204.3046 x2470",
    "sex": "female",
    "status": "active",
    "deleted": false,
    "createdAt": "2024-12-22T01:48:31.401Z"
  },
  {
    "fullName": "Miss Myra Bailey",
    "email": "Julianne99@yahoo.com",
    "password": "$2b$10$zRki.EzQMYd/v6OiHViZlu7ny87gWiqz2RPu53A2hT8H2LL0TJqIm",
    "phone": "745-583-1649 x16143",
    "sex": "male",
    "status": "active",
    "deleted": false,
    "createdAt": "2024-12-22T05:30:00.721Z"
  },
  {
    "googleId": "11fe5ba9-f707-44e0-b941-e68c02bea3da",
    "fullName": "Guillermo McKenzie",
    "email": "Benedict.Bogisich@gmail.com",
    "phone": "(765) 749-8780",
    "sex": "female",
    "status": "active",
    "deleted": false,
    "createdAt": "2024-12-22T07:17:48.335Z"
  },
  {
    "githubId": "d5b42758-9674-4bcc-a122-eb55179615b7",
    "fullName": "Jackie Abernathy MD",
    "email": "Florida.Lind@yahoo.com",
    "phone": "537.232.3192 x6906",
    "sex": "other",
    "status": "active",
    "deleted": false,
    "createdAt": "2024-12-22T09:39:26.321Z"
  },
  {
    "facebookId": "03138d1a-10c9-4989-a2c2-a75c3bbf08fc",
    "fullName": "Mr. Jerome Christiansen",
    "email": "Rowena.Larson@yahoo.com",
    "phone": "1-239-972-4876",
    "sex": "other",
    "status": "active",
    "deleted": false,
    "createdAt": "2024-12-22T15:57:43.526Z"
  },
  {
    "githubId": "643978ab-10a3-4f66-b25d-dcf38fdc4723",
    "fullName": "Mr. Leon Towne-Koch",
    "email": "Vincenzo79@gmail.com",
    "phone": "(684) 931-4597 x53471",
    "sex": "other",
    "status": "active",
    "deleted": false,
    "createdAt": "2024-12-22T18:24:29.306Z"
  },
  {
    "githubId": "8e4d01de-9bde-4194-a708-b8e5667e1c19",
    "fullName": "Krista Labadie",
    "email": "Nayeli.Murphy23@yahoo.com",
    "phone": "1-547-613-9509 x35801",
    "sex": "male",
    "status": "active",
    "deleted": false,
    "createdAt": "2024-12-23T05:38:58.859Z"
  },
  {
    "fullName": "Josephine Walker",
    "email": "Julien_Funk79@gmail.com",
    "password": "$2b$10$Sx9TF4XfhqZ4EllTs1a4Ue7Z415HvMGJUXpVg7pumqzp67QjQwWGS",
    "phone": "774-275-5935",
    "sex": "female",
    "status": "active",
    "deleted": false,
    "createdAt": "2024-12-23T08:59:11.230Z"
  },
  {
    "githubId": "8bb6c722-f0be-4066-a91b-a579c7442a98",
    "fullName": "Mr. Vincent Mraz",
    "email": "Carley_Hills66@yahoo.com",
    "phone": "1-755-820-7877",
    "sex": "other",
    "status": "active",
    "deleted": false,
    "createdAt": "2024-12-23T12:31:29.588Z"
  },
  {
    "facebookId": "4c8a2eab-850f-402e-8d78-6ec999ff21a1",
    "fullName": "Pauline Prohaska",
    "email": "Sheridan86@gmail.com",
    "phone": "446-527-3068",
    "sex": "other",
    "status": "active",
    "deleted": false,
    "createdAt": "2024-12-23T18:25:52.454Z"
  },
  {
    "facebookId": "da8563e2-081e-488d-8fef-6f099baeec30",
    "fullName": "Joseph Dooley",
    "email": "Oren_Keeling@gmail.com",
    "phone": "1-560-918-2290 x09443",
    "sex": "male",
    "status": "active",
    "deleted": false,
    "createdAt": "2024-12-23T18:54:17.069Z"
  },
  {
    "googleId": "7cbd7113-40c6-4a63-9ace-617f9fbab8cc",
    "fullName": "Candace Ankunding",
    "email": "Jocelyn_Franecki38@gmail.com",
    "phone": "510.402.5476",
    "sex": "other",
    "status": "active",
    "deleted": false,
    "createdAt": "2024-12-23T20:44:12.901Z"
  },
  {
    "fullName": "Carlos Toy",
    "email": "Joshuah98@hotmail.com",
    "password": "$2b$10$QbfE.klvJi6EiSo5uiGjA.9RUxcqFDqLVQiZQolfc9UmoCiHMiyD6",
    "phone": "1-397-305-5540 x430",
    "sex": "female",
    "status": "active",
    "deleted": false,
    "createdAt": "2024-12-24T05:06:18.322Z"
  },
  {
    "fullName": "Amy Muller",
    "email": "Lorine.Spinka-Price28@yahoo.com",
    "password": "$2b$10$ylCLiLKwkT9s.ZGngAuu2ujpp7YRq7qs0m3lGNFjwlekAVvO7P3fC",
    "phone": "1-488-968-5572 x9039",
    "sex": "female",
    "status": "active",
    "deleted": false,
    "createdAt": "2024-12-24T10:15:41.625Z"
  },
  {
    "facebookId": "469855b1-7445-454a-afe2-a9910b47e9df",
    "fullName": "Harriet Metz",
    "email": "Abagail_Gleason@yahoo.com",
    "phone": "585-553-9983",
    "sex": "other",
    "status": "active",
    "deleted": false,
    "createdAt": "2024-12-24T11:49:00.044Z"
  },
  {
    "fullName": "Johnathan Dooley MD",
    "email": "Ian.Pouros-Hermann57@hotmail.com",
    "password": "$2b$10$qoKfWC.acKc4rWofQgOUv.JqaPLMsdcKDrQ6mWxf/UVYbxH3I4UtC",
    "phone": "902.260.2240 x037",
    "sex": "male",
    "status": "active",
    "deleted": false,
    "createdAt": "2024-12-24T16:24:10.356Z"
  },
  {
    "fullName": "Eric Hayes",
    "email": "Jon11@hotmail.com",
    "password": "$2b$10$mEsd.2RpohYJkg1nGR7fLuMwUxnic8yTTWqlBA.wCATJPgzqYzkf2",
    "phone": "(202) 469-3538 x99626",
    "sex": "female",
    "status": "active",
    "deleted": false,
    "createdAt": "2024-12-24T17:18:55.194Z"
  },
  {
    "googleId": "0c9ebec0-4c6c-4b74-8ca9-e0cf89f28738",
    "fullName": "Jo Stehr",
    "email": "Florida_Hettinger24@yahoo.com",
    "phone": "222.935.1784 x241",
    "sex": "male",
    "status": "active",
    "deleted": false,
    "createdAt": "2024-12-24T17:35:41.792Z"
  },
  {
    "facebookId": "4a2e9b2a-2963-42da-aa64-2fde6e3dab12",
    "fullName": "Jaime Koepp Sr.",
    "email": "Noe_Wisozk@hotmail.com",
    "phone": "(574) 601-8656",
    "sex": "female",
    "status": "active",
    "deleted": false,
    "createdAt": "2024-12-25T00:58:43.685Z"
  },
  {
    "googleId": "789bf89e-9352-4ad4-87e8-3b6da6145269",
    "fullName": "Julia Lehner",
    "email": "Aaliyah.Mante44@yahoo.com",
    "phone": "1-399-468-4279 x8434",
    "sex": "male",
    "status": "active",
    "deleted": false,
    "createdAt": "2024-12-25T06:47:07.291Z"
  },
  {
    "googleId": "da694077-d8df-4cba-924f-3d71a19931af",
    "fullName": "Beth Upton",
    "email": "Florida64@yahoo.com",
    "phone": "(960) 995-2544 x844",
    "sex": "female",
    "status": "active",
    "deleted": false,
    "createdAt": "2024-12-25T09:20:00.595Z"
  },
  {
    "facebookId": "d37de7de-7d84-48c2-ab8f-2bb45f64b317",
    "fullName": "Grady Mills",
    "email": "Natasha_Abernathy@gmail.com",
    "phone": "1-991-642-6929",
    "sex": "other",
    "status": "active",
    "deleted": false,
    "createdAt": "2024-12-25T10:49:22.939Z"
  },
  {
    "fullName": "Mr. Dominick VonRueden",
    "email": "Joey80@hotmail.com",
    "password": "$2b$10$W8FuD.38SX/oaTaiYcyHbueRlOJYyTInoCO6uTU2ddg0DxloRuYiW",
    "phone": "794-348-2848 x09934",
    "sex": "other",
    "status": "active",
    "deleted": false,
    "createdAt": "2024-12-25T14:18:20.565Z"
  },
  {
    "fullName": "Naomi Oberbrunner",
    "email": "Sheldon91@hotmail.com",
    "password": "$2b$10$bIEjaJC3Hzg4QE72G2xMJum0fd5mYf7os2TlyEkUZ.LXWcHTz23GO",
    "phone": "(883) 640-3784",
    "sex": "female",
    "status": "active",
    "deleted": false,
    "createdAt": "2024-12-25T16:59:57.053Z"
  },
  {
    "githubId": "5afa4ed5-263d-4e5b-8e05-04555b6adb0a",
    "fullName": "Loretta Breitenberg Jr.",
    "email": "Evans47@yahoo.com",
    "phone": "239.377.7136",
    "sex": "other",
    "status": "active",
    "deleted": false,
    "createdAt": "2024-12-25T19:38:34.724Z"
  },
  {
    "fullName": "Traci Lemke",
    "email": "Jake16@yahoo.com",
    "password": "$2b$10$jywTx0V90W5M69HK0/iBVezFpoyMi268ZrMekvQSWt2uXhOquuPcO",
    "phone": "652.428.9568 x73375",
    "sex": "male",
    "status": "active",
    "deleted": false,
    "createdAt": "2024-12-25T21:41:15.177Z"
  },
  {
    "facebookId": "c0886667-932d-4036-aa35-02d1f809ba3f",
    "fullName": "Marcia Collier",
    "email": "Destiny.Ebert68@yahoo.com",
    "phone": "1-650-588-9166 x62121",
    "sex": "other",
    "status": "active",
    "deleted": false,
    "createdAt": "2024-12-25T21:59:23.299Z"
  },
  {
    "githubId": "f0b3ec99-9a35-46f1-8cca-2c9305a9e3a3",
    "fullName": "Bernard Koch II",
    "email": "Giovanni_Stokes1@yahoo.com",
    "phone": "555.477.4404 x0056",
    "sex": "other",
    "status": "active",
    "deleted": false,
    "createdAt": "2024-12-25T23:11:43.711Z"
  },
  {
    "fullName": "Bridget White",
    "email": "Arlie.Brakus@yahoo.com",
    "password": "$2b$10$FRczl8baP5MfVZ0GEmoro.2.W4oP.F4uTB/LfQ443m3B73EIgBAb2",
    "phone": "1-387-392-1019",
    "sex": "other",
    "status": "active",
    "deleted": false,
    "createdAt": "2024-12-25T23:33:36.276Z"
  },
  {
    "googleId": "58240256-216e-477d-bcac-a11c8c70a423",
    "fullName": "Casey Fahey",
    "email": "Bell.Greenfelder69@hotmail.com",
    "phone": "565-302-8806 x250",
    "sex": "other",
    "status": "active",
    "deleted": false,
    "createdAt": "2024-12-26T09:06:37.138Z"
  },
  {
    "fullName": "Randy Rice",
    "email": "Arnold_McGlynn49@yahoo.com",
    "password": "$2b$10$Nw6IftO.P1JSEe06cTiiduzoM6k9o7A/qwiMm62Zj3jr4xboPrGMq",
    "phone": "1-792-666-7089",
    "sex": "male",
    "status": "active",
    "deleted": false,
    "createdAt": "2024-12-26T09:25:20.616Z"
  },
  {
    "googleId": "e277f938-80a7-4bae-81ef-16d10507f502",
    "fullName": "Shirley Mueller",
    "email": "Austin_Smith@gmail.com",
    "phone": "823-217-9244 x448",
    "sex": "male",
    "status": "active",
    "deleted": false,
    "createdAt": "2024-12-26T10:04:55.529Z"
  },
  {
    "googleId": "9e71bd79-35c8-40f8-b6c0-dd940ef0b330",
    "fullName": "Jack Considine Sr.",
    "email": "Arno2@hotmail.com",
    "phone": "511-441-8060",
    "sex": "male",
    "status": "active",
    "deleted": false,
    "createdAt": "2024-12-26T20:59:25.000Z"
  },
  {
    "facebookId": "eb0ec558-4a85-4b43-a72a-407bd4fcab1c",
    "fullName": "Tammy Larkin",
    "email": "Aliya_Senger@gmail.com",
    "phone": "356.328.3396 x0593",
    "sex": "male",
    "status": "active",
    "deleted": false,
    "createdAt": "2024-12-27T00:01:27.731Z"
  },
  {
    "githubId": "a0e8ab07-4e96-426c-949d-7cb19a2b29d2",
    "fullName": "Seth Greenfelder",
    "email": "Jerad.Miller@hotmail.com",
    "phone": "406.982.5430 x14147",
    "sex": "other",
    "status": "active",
    "deleted": false,
    "createdAt": "2024-12-27T02:27:28.759Z"
  },
  {
    "facebookId": "a1e77f6e-6d68-4e43-8a88-b1b9e5565523",
    "fullName": "Robert Schinner",
    "email": "Tiana37@gmail.com",
    "phone": "817.669.7385 x910",
    "sex": "other",
    "status": "active",
    "deleted": false,
    "createdAt": "2024-12-27T02:49:02.231Z"
  },
  {
    "facebookId": "1a18917f-e404-498e-b874-0848529d4d73",
    "fullName": "Sara McClure",
    "email": "Rylee_VonRueden41@gmail.com",
    "phone": "525-314-7589 x017",
    "sex": "other",
    "status": "active",
    "deleted": false,
    "createdAt": "2024-12-27T03:45:51.157Z"
  },
  {
    "githubId": "6bbb686d-69ea-43f8-966a-15eff3e639da",
    "fullName": "Stewart Morissette",
    "email": "Anabel74@gmail.com",
    "phone": "299.820.3771",
    "sex": "other",
    "status": "active",
    "deleted": false,
    "createdAt": "2024-12-27T03:57:31.262Z"
  },
  {
    "githubId": "11f55993-5d75-4461-84d2-84f6a5d28b3a",
    "fullName": "Jimmy Koch",
    "email": "Gennaro.Bosco@gmail.com",
    "phone": "773-428-4504 x199",
    "sex": "other",
    "status": "active",
    "deleted": false,
    "createdAt": "2024-12-27T06:15:36.316Z"
  },
  {
    "googleId": "bf2f6c9b-dad6-4edc-b003-e0e455df6414",
    "fullName": "Cora Friesen",
    "email": "Casandra_Nicolas36@gmail.com",
    "phone": "1-222-712-6925 x8920",
    "sex": "female",
    "status": "active",
    "deleted": false,
    "createdAt": "2024-12-27T10:49:46.842Z"
  },
  {
    "facebookId": "ff0974c5-b69c-47a2-9c72-39584940b53c",
    "fullName": "Miss Mable Hegmann",
    "email": "Annabell.Upton17@yahoo.com",
    "phone": "749.872.0644 x7441",
    "sex": "other",
    "status": "active",
    "deleted": false,
    "createdAt": "2024-12-27T17:21:43.744Z"
  },
  {
    "fullName": "Levi Yundt II",
    "email": "Clemmie18@hotmail.com",
    "password": "$2b$10$0HFfnCBfI4pM/FrKMV0vauLDVz59tlUXP03LtVJCrlJ6PoVOTSnSG",
    "phone": "(557) 737-3914 x771",
    "sex": "male",
    "status": "active",
    "deleted": false,
    "createdAt": "2024-12-27T17:41:46.438Z"
  },
  {
    "facebookId": "323f0c0b-1952-40c7-bb04-f383a065959c",
    "fullName": "Ernesto Balistreri",
    "email": "Selmer.Volkman@gmail.com",
    "phone": "706.992.4606 x369",
    "sex": "male",
    "status": "active",
    "deleted": false,
    "createdAt": "2024-12-27T19:02:56.220Z"
  },
  {
    "googleId": "fd1d418b-80f0-497f-92ed-6aad997226e8",
    "fullName": "Myron Howe",
    "email": "Alf.Feil81@yahoo.com",
    "phone": "706-716-1607 x78664",
    "sex": "other",
    "status": "active",
    "deleted": false,
    "createdAt": "2024-12-27T19:34:03.722Z"
  },
  {
    "githubId": "15cf9db8-cec6-463a-bd12-9bd691b370e8",
    "fullName": "Sandy Roberts",
    "email": "Roxanne_Nicolas@hotmail.com",
    "phone": "395-677-8919",
    "sex": "other",
    "status": "active",
    "deleted": false,
    "createdAt": "2024-12-27T20:31:59.506Z"
  },
  {
    "githubId": "b524439b-e8c1-4087-bb29-a7bb8213d9e4",
    "fullName": "Dr. Dominic Jacobi",
    "email": "Kara.Corwin@yahoo.com",
    "phone": "1-831-945-9447 x0376",
    "sex": "male",
    "status": "active",
    "deleted": false,
    "createdAt": "2024-12-27T21:08:28.806Z"
  },
  {
    "googleId": "f8721388-cb89-4d2a-97cb-ebc76e408193",
    "fullName": "Jeffery Leannon",
    "email": "Brett.Renner@hotmail.com",
    "phone": "390-776-8901 x9444",
    "sex": "male",
    "status": "active",
    "deleted": false,
    "createdAt": "2024-12-27T21:46:46.401Z"
  },
  {
    "googleId": "9bcad181-b21d-4e02-b22d-ad3601d500ba",
    "fullName": "Margarita Boehm",
    "email": "Leonora.OConner65@gmail.com",
    "phone": "284-721-6713 x12249",
    "sex": "male",
    "status": "active",
    "deleted": false,
    "createdAt": "2024-12-28T09:34:23.160Z"
  },
  {
    "githubId": "7770b452-c20b-4a0b-8aaf-bff974cadcf6",
    "fullName": "Loren Lesch",
    "email": "Amber.Homenick30@yahoo.com",
    "phone": "1-395-423-5217",
    "sex": "female",
    "status": "active",
    "deleted": false,
    "createdAt": "2024-12-28T18:55:18.606Z"
  },
  {
    "githubId": "0392897d-c4d6-4a14-bbf2-f1ba543c09bb",
    "fullName": "Marty Bosco",
    "email": "Estell87@yahoo.com",
    "phone": "1-815-892-5620",
    "sex": "male",
    "status": "active",
    "deleted": false,
    "createdAt": "2024-12-29T01:02:07.799Z"
  },
  {
    "fullName": "Pearl Franecki-Maggio",
    "email": "Ethan_Ortiz-Olson@yahoo.com",
    "password": "$2b$10$LDsF.6ig355T38o59fmGfOXgsciRLaX1GCPGuCQ.yCkKfTPbzlpUW",
    "phone": "694-838-7556 x86784",
    "sex": "male",
    "status": "active",
    "deleted": false,
    "createdAt": "2024-12-29T02:57:07.918Z"
  },
  {
    "fullName": "Lana Crist",
    "email": "Griffin43@gmail.com",
    "password": "$2b$10$mxWmI33q1uqdHJRXwNoPOuM5fOvDOShNZ1aYOVNxxJTBwuf04FpKu",
    "phone": "(685) 386-6040 x8803",
    "sex": "other",
    "status": "active",
    "deleted": false,
    "createdAt": "2024-12-29T11:21:19.716Z"
  },
  {
    "googleId": "e87c0880-1ae2-49aa-90ea-db44a683135a",
    "fullName": "May Considine",
    "email": "Kareem63@hotmail.com",
    "phone": "(742) 385-6341 x45114",
    "sex": "female",
    "status": "active",
    "deleted": false,
    "createdAt": "2024-12-29T14:26:44.984Z"
  },
  {
    "githubId": "42313aae-5c62-47cd-bc3d-62365eee68cf",
    "fullName": "Dr. Wilfred Barrows",
    "email": "Nedra.Yost@gmail.com",
    "phone": "298.351.1567 x85024",
    "sex": "other",
    "status": "active",
    "deleted": false,
    "createdAt": "2024-12-29T15:15:06.750Z"
  },
  {
    "githubId": "d678a03b-69ef-449a-9fe6-c6c299cce998",
    "fullName": "Albert Leannon",
    "email": "Khalid.Powlowski-Murphy72@yahoo.com",
    "phone": "378.238.8091",
    "sex": "male",
    "status": "active",
    "deleted": false,
    "createdAt": "2024-12-29T17:37:21.050Z"
  },
  {
    "facebookId": "901edd86-ac07-45ca-bf4e-a791329cb0c4",
    "fullName": "Ralph Abbott",
    "email": "Shanon_Gleichner@yahoo.com",
    "phone": "334.211.5814 x166",
    "sex": "female",
    "status": "active",
    "deleted": false,
    "createdAt": "2024-12-29T20:33:42.465Z"
  },
  {
    "fullName": "Daniel Zieme",
    "email": "Gayle.Cormier@hotmail.com",
    "password": "$2b$10$IKzNbSBz.ikWl.Am4mPxTuA3rvJXFhkd3eI9awBEPylsOieYe/61S",
    "phone": "398.488.6981",
    "sex": "male",
    "status": "active",
    "deleted": false,
    "createdAt": "2024-12-29T21:56:39.700Z"
  }
]
