[
  {
    "facebookId": "f1876ee0-6fd8-4dfb-90f5-bd2147ae90c0",
    "fullName": "Rufus Klein",
    "email": "Vern25@gmail.com",
    "phone": "(207) 545-1318 x06259",
    "sex": "other",
    "status": "active",
    "deleted": false,
    "createdAt": "2024-08-01T00:37:52.508Z"
  },
  {
    "githubId": "aa5c8826-25b7-4a4e-be79-1d333a2fc74e",
    "fullName": "Dale Brakus",
    "email": "Geoffrey_Rath@hotmail.com",
    "phone": "(973) 868-7047 x2126",
    "sex": "other",
    "status": "active",
    "deleted": false,
    "createdAt": "2024-08-01T04:12:11.701Z"
  },
  {
    "fullName": "Rudy Senger-Hudson",
    "email": "Linnea_Roob-Mills@hotmail.com",
    "password": "$2b$10$YWk14OYEigxuUD/HU8ZJK.l4IFEym8Ao2C8ru3SxTm5hskvcZNq8.",
    "phone": "(893) 366-9045 x349",
    "sex": "male",
    "status": "active",
    "deleted": false,
    "createdAt": "2024-08-01T04:31:35.972Z"
  },
  {
    "facebookId": "7844fb05-620f-4966-80aa-239c58e1c757",
    "fullName": "Israel Kling",
    "email": "Delbert69@gmail.com",
    "phone": "618-606-9709 x047",
    "sex": "male",
    "status": "active",
    "deleted": false,
    "createdAt": "2024-08-01T09:58:31.217Z"
  },
  {
    "githubId": "cf9fc502-72f3-460c-85a1-149bb593857f",
    "fullName": "Ross Gleichner",
    "email": "Marguerite_Larkin@hotmail.com",
    "phone": "912.351.6374",
    "sex": "female",
    "status": "active",
    "deleted": false,
    "createdAt": "2024-08-01T15:49:38.838Z"
  },
  {
    "facebookId": "26545c23-9fc8-4723-abd1-41eb1e12bb70",
    "fullName": "Raul Altenwerth",
    "email": "Armani.Brakus77@yahoo.com",
    "phone": "650-701-8058",
    "sex": "male",
    "status": "active",
    "deleted": false,
    "createdAt": "2024-08-01T22:32:21.925Z"
  },
  {
    "facebookId": "d69a0667-91b9-40c1-b0ce-8e16d525888d",
    "fullName": "Hugh Muller",
    "email": "Duane.Bechtelar45@hotmail.com",
    "phone": "484.219.8300",
    "sex": "male",
    "status": "active",
    "deleted": false,
    "createdAt": "2024-08-01T23:30:36.717Z"
  },
  {
    "googleId": "9b80507b-010f-4883-8245-f2cc20e054fe",
    "fullName": "Megan Ward",
    "email": "Hillary64@yahoo.com",
    "phone": "515-745-8557 x476",
    "sex": "female",
    "status": "active",
    "deleted": false,
    "createdAt": "2024-08-02T00:09:34.273Z"
  },
  {
    "fullName": "Leo Windler",
    "email": "Logan_Treutel@hotmail.com",
    "password": "$2b$10$iXqkF2YWexV9z8SyFJXxUOR5JQaGhLFmjrRYJlDUwZRbAOcdal/7W",
    "phone": "1-845-516-6918",
    "sex": "female",
    "status": "active",
    "deleted": false,
    "createdAt": "2024-08-02T01:36:38.526Z"
  },
  {
    "fullName": "Gregg Hegmann",
    "email": "Pascale.Monahan56@yahoo.com",
    "password": "$2b$10$5eXNDP0T6nBKiUBSFAy85e4ijZK.JPqUeyzfAcVL5HHWD2496sheG",
    "phone": "307-259-7648 x281",
    "sex": "male",
    "status": "active",
    "deleted": false,
    "createdAt": "2024-08-02T04:10:38.400Z"
  },
  {
    "fullName": "Miss Julie Harris",
    "email": "Corine.Skiles30@hotmail.com",
    "password": "$2b$10$WslSt9Sc7UVEpQxJGB5X9uYXwui85uKlgfRfb8/E3qjM7Cm2F82n.",
    "phone": "287.901.2113 x59769",
    "sex": "other",
    "status": "active",
    "deleted": false,
    "createdAt": "2024-08-02T15:51:55.540Z"
  },
  {
    "facebookId": "579f78aa-7237-4720-9ad3-1bf046623f30",
    "fullName": "Sheldon Lemke",
    "email": "Marcus.Monahan@gmail.com",
    "phone": "1-244-303-6481",
    "sex": "other",
    "status": "active",
    "deleted": false,
    "createdAt": "2024-08-02T23:14:02.704Z"
  },
  {
    "googleId": "dbb7f219-f14b-49f0-a692-336891c006aa",
    "fullName": "Lionel McClure",
    "email": "Dayna.OConner@hotmail.com",
    "phone": "727.865.5557 x55143",
    "sex": "male",
    "status": "active",
    "deleted": false,
    "createdAt": "2024-08-03T01:09:28.504Z"
  },
  {
    "githubId": "a015bb9f-120b-4337-aacb-872e7b6d8e96",
    "fullName": "Terrell Lang",
    "email": "Jonas24@yahoo.com",
    "phone": "(753) 482-9405",
    "sex": "female",
    "status": "active",
    "deleted": false,
    "createdAt": "2024-08-03T06:07:02.089Z"
  },
  {
    "facebookId": "8659d3b1-dbe5-401d-80f5-9877211e10b3",
    "fullName": "Garrett Wisozk",
    "email": "Eugene.Blanda@yahoo.com",
    "phone": "708-530-6750 x25288",
    "sex": "female",
    "status": "active",
    "deleted": false,
    "createdAt": "2024-08-03T06:56:22.068Z"
  },
  {
    "fullName": "Rachael Cartwright",
    "email": "Brandi_Beer@hotmail.com",
    "password": "$2b$10$SF9WutZIZSJpdNiglz3u4.FZthnC/73KcgWbF4K2KentTMAbSNj7.",
    "phone": "882.246.0788 x2644",
    "sex": "male",
    "status": "active",
    "deleted": false,
    "createdAt": "2024-08-03T07:46:22.917Z"
  },
  {
    "googleId": "ef8711cf-80ba-44d9-aa37-cc64029cb459",
    "fullName": "Amber Mann",
    "email": "Destinee_Ankunding@hotmail.com",
    "phone": "(868) 629-0533 x723",
    "sex": "male",
    "status": "active",
    "deleted": false,
    "createdAt": "2024-08-03T08:04:18.235Z"
  },
  {
    "githubId": "dea9e313-17e4-44dd-ada5-61bd0c5c40a9",
    "fullName": "Glenda Romaguera",
    "email": "Dane50@gmail.com",
    "phone": "(409) 907-3161 x70522",
    "sex": "other",
    "status": "active",
    "deleted": false,
    "createdAt": "2024-08-03T09:35:18.183Z"
  },
  {
    "githubId": "9f3aa2f6-64d1-4d14-b132-f776a93f9a3d",
    "fullName": "Michele Yundt",
    "email": "Seth60@yahoo.com",
    "phone": "1-956-713-7744 x7290",
    "sex": "female",
    "status": "active",
    "deleted": false,
    "createdAt": "2024-08-03T16:58:06.300Z"
  },
  {
    "githubId": "7bf9bfb5-ab4a-45af-9f67-ab0aa16ffb89",
    "fullName": "Misty Koch",
    "email": "Roslyn.Deckow@gmail.com",
    "phone": "(923) 371-6973 x723",
    "sex": "other",
    "status": "active",
    "deleted": false,
    "createdAt": "2024-08-03T19:47:09.696Z"
  },
  {
    "fullName": "Melinda Dare",
    "email": "Lurline59@hotmail.com",
    "password": "$2b$10$0O6UD3Y8H96pChWLGm5xAe7hB7/WWTAgH/DMozo6cxum1stwfc7gG",
    "phone": "(437) 856-2929",
    "sex": "female",
    "status": "active",
    "deleted": false,
    "createdAt": "2024-08-03T21:25:02.057Z"
  },
  {
    "fullName": "Ruth DuBuque",
    "email": "Eden94@yahoo.com",
    "password": "$2b$10$4kRxYaNiiNWVZ4lH.X5syOaaKJnHaW7LR00IZYH1VVGsOBBmphtDO",
    "phone": "(403) 858-4951 x567",
    "sex": "other",
    "status": "active",
    "deleted": false,
    "createdAt": "2024-08-03T21:55:49.900Z"
  },
  {
    "fullName": "Calvin Feest",
    "email": "Alexys67@gmail.com",
    "password": "$2b$10$1NpvnEqXnum2bOgy7LCReuVXGsuPw0B0M1t0ocy/FNSsObHoPHRDe",
    "phone": "1-384-723-2206",
    "sex": "other",
    "status": "active",
    "deleted": false,
    "createdAt": "2024-08-04T05:13:25.130Z"
  },
  {
    "facebookId": "c4c5b3c5-7f85-4915-9311-55431ab48f54",
    "fullName": "Peter Herzog",
    "email": "Rick.Price@yahoo.com",
    "phone": "751-260-8993 x1616",
    "sex": "female",
    "status": "active",
    "deleted": false,
    "createdAt": "2024-08-04T05:14:38.926Z"
  },
  {
    "fullName": "Eula Prosacco",
    "email": "Adriana_Hudson60@gmail.com",
    "password": "$2b$10$2w3vhEQS7m1RNzS6L/Kw3uljYkaim/4G3QG.OqXMrliFxEtb3x55u",
    "phone": "303-420-1549",
    "sex": "male",
    "status": "active",
    "deleted": false,
    "createdAt": "2024-08-04T06:06:50.264Z"
  },
  {
    "googleId": "7a5c26c5-ec6a-4fa2-a2ce-30a46b1dd400",
    "fullName": "Mrs. Antoinette Hettinger I",
    "email": "Tyson66@gmail.com",
    "phone": "990-359-1915 x677",
    "sex": "other",
    "status": "active",
    "deleted": false,
    "createdAt": "2024-08-04T08:27:15.332Z"
  },
  {
    "fullName": "Dallas Bergnaum Sr.",
    "email": "Walter.Beer@yahoo.com",
    "password": "$2b$10$58OVjn68rxIPQDSM19pvMOPRE4Xq/.jsshK4dcHAlRDZWssYGTNHu",
    "phone": "267.623.5448 x48736",
    "sex": "other",
    "status": "active",
    "deleted": false,
    "createdAt": "2024-08-04T08:46:56.187Z"
  },
  {
    "googleId": "41d3f011-4c78-497e-8105-b2e95e225d13",
    "fullName": "Dr. Leticia Padberg",
    "email": "Carey_VonRueden@yahoo.com",
    "phone": "(672) 698-4811 x15574",
    "sex": "male",
    "status": "active",
    "deleted": false,
    "createdAt": "2024-08-04T12:35:35.426Z"
  },
  {
    "googleId": "4210a0b3-5f0b-4ce5-b533-ddd072425514",
    "fullName": "Horace Waters",
    "email": "Van.Kautzer65@gmail.com",
    "phone": "979-646-1836 x60977",
    "sex": "female",
    "status": "active",
    "deleted": false,
    "createdAt": "2024-08-04T12:45:12.986Z"
  },
  {
    "facebookId": "3eee1669-4df1-48a6-9930-25494025b2ed",
    "fullName": "Gerald Aufderhar",
    "email": "Christ_Welch39@hotmail.com",
    "phone": "(269) 610-8598 x8112",
    "sex": "other",
    "status": "active",
    "deleted": false,
    "createdAt": "2024-08-04T19:58:41.457Z"
  },
  {
    "githubId": "84153334-50ad-4a2e-abd6-b69cbe15e7ab",
    "fullName": "Greg Thompson",
    "email": "Missouri43@yahoo.com",
    "phone": "226.320.1775 x48456",
    "sex": "female",
    "status": "active",
    "deleted": false,
    "createdAt": "2024-08-04T23:29:46.604Z"
  },
  {
    "facebookId": "01f9acd6-de3e-46ab-bc62-3850105ff4f0",
    "fullName": "Roderick Wisozk",
    "email": "Rusty.Herzog44@gmail.com",
    "phone": "(320) 576-7250",
    "sex": "other",
    "status": "active",
    "deleted": false,
    "createdAt": "2024-08-05T01:41:29.367Z"
  },
  {
    "githubId": "22767b31-ede6-4254-806d-85731d01985a",
    "fullName": "Scott Kohler DDS",
    "email": "Christian.Tillman@hotmail.com",
    "phone": "883-756-7740 x76811",
    "sex": "female",
    "status": "active",
    "deleted": false,
    "createdAt": "2024-08-05T02:50:10.736Z"
  },
  {
    "githubId": "4f956ed5-98e8-4e78-af96-4773a76da7a4",
    "fullName": "Ms. Dorothy Stracke III",
    "email": "Kristin.Fritsch47@gmail.com",
    "phone": "1-946-548-1006",
    "sex": "other",
    "status": "active",
    "deleted": false,
    "createdAt": "2024-08-05T08:23:30.163Z"
  },
  {
    "facebookId": "65aad96c-f939-470c-bc2d-bc127637661d",
    "fullName": "Andy Hagenes-Hackett",
    "email": "Lula61@hotmail.com",
    "phone": "(878) 313-0908",
    "sex": "other",
    "status": "active",
    "deleted": false,
    "createdAt": "2024-08-05T10:11:03.612Z"
  },
  {
    "facebookId": "163cc80f-c496-45d0-a7ed-688620c51ab3",
    "fullName": "Tina Funk",
    "email": "Assunta.Jones78@gmail.com",
    "phone": "743-857-9454",
    "sex": "other",
    "status": "active",
    "deleted": false,
    "createdAt": "2024-08-05T15:52:25.012Z"
  },
  {
    "facebookId": "089c819d-e43c-4c8f-b6e8-b3d8ddb74ca6",
    "fullName": "Dr. Lance Cole",
    "email": "Winnifred.Ward@gmail.com",
    "phone": "343-802-0334 x2965",
    "sex": "other",
    "status": "active",
    "deleted": false,
    "createdAt": "2024-08-05T15:59:02.219Z"
  },
  {
    "githubId": "28285c97-7b5c-4bfe-80fe-6d5a299158d6",
    "fullName": "Rosa Rath",
    "email": "Kristian.Kirlin-McKenzie11@yahoo.com",
    "phone": "783.642.2109",
    "sex": "male",
    "status": "active",
    "deleted": false,
    "createdAt": "2024-08-05T17:45:00.772Z"
  },
  {
    "facebookId": "c4a4e9b6-77d1-45e3-9afd-e60f2be5365e",
    "fullName": "Mr. Carroll McDermott V",
    "email": "Rubye.Barton-Ullrich@yahoo.com",
    "phone": "423.300.3496 x1171",
    "sex": "female",
    "status": "active",
    "deleted": false,
    "createdAt": "2024-08-05T17:56:32.885Z"
  },
  {
    "facebookId": "bb8e21d8-e23d-43e4-bd79-8d57bd420ae9",
    "fullName": "Mrs. Mandy Schiller",
    "email": "Remington57@yahoo.com",
    "phone": "729.750.4481 x8549",
    "sex": "other",
    "status": "active",
    "deleted": false,
    "createdAt": "2024-08-05T18:07:15.180Z"
  },
  {
    "facebookId": "c503f1aa-28f0-4257-ab84-02ff5a3af960",
    "fullName": "Dr. Jeanne Carroll",
    "email": "Archibald_Bruen@yahoo.com",
    "phone": "(783) 988-1296 x64573",
    "sex": "female",
    "status": "active",
    "deleted": false,
    "createdAt": "2024-08-05T18:26:58.263Z"
  },
  {
    "googleId": "783312f3-c994-4268-8e97-369c4f5ed59e",
    "fullName": "Kari Schowalter",
    "email": "Tanya3@yahoo.com",
    "phone": "(891) 909-8952",
    "sex": "other",
    "status": "active",
    "deleted": false,
    "createdAt": "2024-08-05T21:22:49.395Z"
  },
  {
    "fullName": "Delores Gutmann",
    "email": "Erika_Friesen@gmail.com",
    "password": "$2b$10$0b0YojPlXoSqj077yMI..OFKVxUDB.O6K3vNbucIckrGmCTSMnGsm",
    "phone": "272-276-8198 x864",
    "sex": "other",
    "status": "active",
    "deleted": false,
    "createdAt": "2024-08-06T01:57:11.316Z"
  },
  {
    "googleId": "1ce86a3a-8b98-4953-bdbb-5be26ba1da04",
    "fullName": "Heidi Connelly",
    "email": "Jacynthe_Quigley27@yahoo.com",
    "phone": "(930) 581-2090 x78837",
    "sex": "male",
    "status": "active",
    "deleted": false,
    "createdAt": "2024-08-06T02:55:52.420Z"
  },
  {
    "facebookId": "d6efb6ac-05a6-473f-9609-896d6b50bcae",
    "fullName": "Latoya Simonis",
    "email": "Javier.Rau-Effertz29@hotmail.com",
    "phone": "1-246-583-7120 x41602",
    "sex": "other",
    "status": "active",
    "deleted": false,
    "createdAt": "2024-08-06T03:07:39.454Z"
  },
  {
    "fullName": "Carol Roberts MD",
    "email": "Alene_Johns@hotmail.com",
    "password": "$2b$10$/cjurfulyFW5AfA/JJD3.u5lmE/wEgdhiTOzI5oHAW4Uq5mxK1vUm",
    "phone": "1-979-349-2569 x62153",
    "sex": "male",
    "status": "active",
    "deleted": false,
    "createdAt": "2024-08-06T04:56:17.064Z"
  },
  {
    "googleId": "c8bb9343-ae45-40c4-b072-de15ccf5d699",
    "fullName": "Beatrice Littel",
    "email": "Dillan30@yahoo.com",
    "phone": "1-867-329-1418 x49560",
    "sex": "other",
    "status": "active",
    "deleted": false,
    "createdAt": "2024-08-06T09:52:51.684Z"
  },
  {
    "googleId": "cdcf8460-0b7c-4948-9811-80eed8bf0115",
    "fullName": "Brad Jast",
    "email": "Alec_Mueller50@gmail.com",
    "phone": "(519) 461-9283",
    "sex": "other",
    "status": "active",
    "deleted": false,
    "createdAt": "2024-08-06T12:21:45.277Z"
  },
  {
    "facebookId": "aa9ab097-9ae0-4781-90c5-3ec52bca75df",
    "fullName": "Jim Beatty",
    "email": "Kameron.Grimes@yahoo.com",
    "phone": "273-741-0282 x549",
    "sex": "female",
    "status": "active",
    "deleted": false,
    "createdAt": "2024-08-06T14:37:25.108Z"
  },
  {
    "fullName": "Miss Miranda Schumm",
    "email": "Adrien_Nader@gmail.com",
    "password": "$2b$10$KWWL7A/I/IBvk07S5Jrgvu4bF.cNDBXVGxIRpNB6vF6EZijuj2j02",
    "phone": "1-623-686-2444 x6577",
    "sex": "male",
    "status": "active",
    "deleted": false,
    "createdAt": "2024-08-06T15:31:14.602Z"
  },
  {
    "facebookId": "bc6aa6c9-f361-43d8-96a8-06712c2e2f9d",
    "fullName": "Wendell Stoltenberg",
    "email": "Sabina.Labadie@yahoo.com",
    "phone": "928.373.5703 x1601",
    "sex": "female",
    "status": "active",
    "deleted": false,
    "createdAt": "2024-08-07T05:22:16.777Z"
  },
  {
    "facebookId": "c333a3fa-2c90-43f9-a51f-f79dfede78f9",
    "fullName": "Marshall Kulas",
    "email": "Gayle.Ward@yahoo.com",
    "phone": "1-213-607-2705 x864",
    "sex": "female",
    "status": "active",
    "deleted": false,
    "createdAt": "2024-08-07T05:50:55.057Z"
  },
  {
    "fullName": "Melody Kerluke",
    "email": "Nova_Effertz@gmail.com",
    "password": "$2b$10$ns/2KBHRN3EewhzCxi5QWu1edzpqc.0y7esIewPz0kI9qmM7nDGeC",
    "phone": "250.488.0460 x83084",
    "sex": "male",
    "status": "active",
    "deleted": false,
    "createdAt": "2024-08-07T07:09:33.091Z"
  },
  {
    "facebookId": "f6e328a5-ccfa-44f8-895a-7ac569bda746",
    "fullName": "Salvatore Roberts",
    "email": "Conor_Goyette@yahoo.com",
    "phone": "325-890-3137 x1702",
    "sex": "male",
    "status": "active",
    "deleted": false,
    "createdAt": "2024-08-07T10:58:45.153Z"
  },
  {
    "fullName": "Katherine Kohler",
    "email": "Yasmine32@gmail.com",
    "password": "$2b$10$Va7r7xSpDUTQpqTxh6YLLeJnGa4UxpeOibxENyI37VW7Kvax1WNYq",
    "phone": "258.202.6908 x5445",
    "sex": "other",
    "status": "active",
    "deleted": false,
    "createdAt": "2024-08-07T11:21:20.244Z"
  },
  {
    "googleId": "6064b898-f7a0-4d86-bc53-4771b9ae5d26",
    "fullName": "Lynette Collins",
    "email": "Laura.McKenzie@gmail.com",
    "phone": "983-980-0491 x3260",
    "sex": "male",
    "status": "active",
    "deleted": false,
    "createdAt": "2024-08-07T23:31:34.027Z"
  },
  {
    "fullName": "Shaun Ebert V",
    "email": "Grayson.Skiles48@hotmail.com",
    "password": "$2b$10$vO1RsuXUS.6BmC/GmzuZteeoA1aZNG.sYHh./Qkw3qNzjQefiHEAi",
    "phone": "296.866.4966 x93147",
    "sex": "other",
    "status": "active",
    "deleted": false,
    "createdAt": "2024-08-08T00:37:34.834Z"
  },
  {
    "githubId": "8a1afb4f-bc3a-40ba-93a7-7cbe3b1577cb",
    "fullName": "Flora Durgan",
    "email": "Baron_Yundt57@yahoo.com",
    "phone": "725.293.5726 x22273",
    "sex": "male",
    "status": "active",
    "deleted": false,
    "createdAt": "2024-08-08T05:04:39.804Z"
  },
  {
    "facebookId": "e439e188-73c1-4c0a-83a8-cc2088149adc",
    "fullName": "Leslie Orn",
    "email": "Leon_Jones-Bailey@yahoo.com",
    "phone": "759.551.1544 x942",
    "sex": "female",
    "status": "active",
    "deleted": false,
    "createdAt": "2024-08-08T06:07:04.430Z"
  },
  {
    "githubId": "1e0d7883-0f8b-433d-af64-04f10667cb69",
    "fullName": "Pablo Fritsch-Kirlin",
    "email": "Lew84@yahoo.com",
    "phone": "393.336.0663 x057",
    "sex": "male",
    "status": "active",
    "deleted": false,
    "createdAt": "2024-08-08T07:32:41.515Z"
  },
  {
    "googleId": "5cbcb95f-ecab-4a4f-9921-a5f6b76e9a25",
    "fullName": "Jeremiah Cole",
    "email": "Helen.Kulas24@yahoo.com",
    "phone": "(267) 882-7750 x0260",
    "sex": "male",
    "status": "active",
    "deleted": false,
    "createdAt": "2024-08-08T09:14:55.316Z"
  },
  {
    "facebookId": "acf25d8f-b087-4355-80c0-4719676c5a50",
    "fullName": "Audrey Haag",
    "email": "Tess.Labadie@gmail.com",
    "phone": "475-789-8273 x649",
    "sex": "other",
    "status": "active",
    "deleted": false,
    "createdAt": "2024-08-08T10:13:31.233Z"
  },
  {
    "fullName": "Marshall Walsh",
    "email": "Moises30@hotmail.com",
    "password": "$2b$10$Wy/sSlSJr3pX2KQana2rH.d4riKAG8rz59CQHfrhPuNjZMrEbGqQa",
    "phone": "838.956.2055 x4021",
    "sex": "other",
    "status": "active",
    "deleted": false,
    "createdAt": "2024-08-08T16:00:20.286Z"
  },
  {
    "githubId": "0e326113-354f-4a6a-8dd1-8640bfea25c1",
    "fullName": "Kathy Buckridge V",
    "email": "Genoveva_Trantow@gmail.com",
    "phone": "(705) 453-1917 x7214",
    "sex": "other",
    "status": "active",
    "deleted": false,
    "createdAt": "2024-08-09T02:04:01.838Z"
  },
  {
    "githubId": "1322bcd8-90fc-46a8-9f16-1b8043ebc1a5",
    "fullName": "Michelle Christiansen",
    "email": "Dimitri7@yahoo.com",
    "phone": "1-211-342-9653 x72066",
    "sex": "female",
    "status": "active",
    "deleted": false,
    "createdAt": "2024-08-09T04:50:50.305Z"
  },
  {
    "googleId": "5a700f2e-dd14-416d-9e3c-ba43cb13d925",
    "fullName": "Lucia Kuhn",
    "email": "Arjun22@gmail.com",
    "phone": "256-614-0758",
    "sex": "female",
    "status": "active",
    "deleted": false,
    "createdAt": "2024-08-09T08:04:50.486Z"
  },
  {
    "googleId": "49d304b5-b641-4c64-a4a9-08870952efed",
    "fullName": "Dr. Joy Jerde DDS",
    "email": "Jayson_Hartmann@yahoo.com",
    "phone": "809-720-2324 x41643",
    "sex": "other",
    "status": "active",
    "deleted": false,
    "createdAt": "2024-08-09T09:06:25.329Z"
  },
  {
    "githubId": "a8af0322-fbfa-4fe3-8c16-f3811dd8099a",
    "fullName": "Vernon Stark",
    "email": "Elaina5@hotmail.com",
    "phone": "800-958-0283 x1042",
    "sex": "other",
    "status": "active",
    "deleted": false,
    "createdAt": "2024-08-09T09:19:36.841Z"
  },
  {
    "fullName": "Andrew Miller MD",
    "email": "Hudson_Cummings@gmail.com",
    "password": "$2b$10$6TMX1WMJJrQvdNXVsNV2HO/bJTpDZSkkpcaaxmu.T0ERRNKkO4yUe",
    "phone": "1-829-415-4442 x9023",
    "sex": "other",
    "status": "active",
    "deleted": false,
    "createdAt": "2024-08-09T13:13:25.967Z"
  },
  {
    "googleId": "cbde99e2-e6be-4599-a9de-1741bf951793",
    "fullName": "Kayla Feeney",
    "email": "Hallie86@yahoo.com",
    "phone": "1-695-422-8808 x18271",
    "sex": "male",
    "status": "active",
    "deleted": false,
    "createdAt": "2024-08-09T13:49:14.907Z"
  },
  {
    "facebookId": "71b19fcb-c052-41c1-b4d9-bc2ce2a09d26",
    "fullName": "Clarence Kovacek",
    "email": "Jayda_Jerde@hotmail.com",
    "phone": "460.723.1532 x937",
    "sex": "male",
    "status": "active",
    "deleted": false,
    "createdAt": "2024-08-09T16:44:59.110Z"
  },
  {
    "googleId": "12c14037-e3e5-44be-97f4-80d8fcfeedaa",
    "fullName": "Allen Nicolas",
    "email": "Halie_Marvin29@gmail.com",
    "phone": "1-349-596-3204 x6435",
    "sex": "other",
    "status": "active",
    "deleted": false,
    "createdAt": "2024-08-09T17:05:54.463Z"
  },
  {
    "facebookId": "54ee04d3-334e-4a50-ac39-1c6c86919f23",
    "fullName": "Joanne Christiansen",
    "email": "Nils.Pfeffer78@hotmail.com",
    "phone": "(588) 272-3954 x87270",
    "sex": "other",
    "status": "active",
    "deleted": false,
    "createdAt": "2024-08-09T18:56:17.857Z"
  },
  {
    "googleId": "2e85d7dc-4e5f-4bcb-8070-db79512572ed",
    "fullName": "Lillie Reilly IV",
    "email": "Jaron.Feest31@yahoo.com",
    "phone": "(917) 450-7389 x944",
    "sex": "male",
    "status": "active",
    "deleted": false,
    "createdAt": "2024-08-10T01:40:50.951Z"
  },
  {
    "fullName": "Grady Kiehn MD",
    "email": "Sammy.Dare72@yahoo.com",
    "password": "$2b$10$EeD1dNSDfc6q8qMlSq0IOe.TBmaT9PQ/N9SXfmqavJCniVSh6dKIG",
    "phone": "1-254-932-8907 x91177",
    "sex": "male",
    "status": "active",
    "deleted": false,
    "createdAt": "2024-08-10T05:29:23.215Z"
  },
  {
    "fullName": "Carmen Franey",
    "email": "Osvaldo_Walker-Welch@yahoo.com",
    "password": "$2b$10$LZYD74RIz/ryAC/vr/x6yONJCmk8EI7s/r.ITdC9auLLqJAuZjnUW",
    "phone": "(223) 672-1525",
    "sex": "female",
    "status": "active",
    "deleted": false,
    "createdAt": "2024-08-10T09:41:06.543Z"
  },
  {
    "facebookId": "534485f0-5f71-48e7-8eb1-f0aab7df586b",
    "fullName": "Darren Kozey",
    "email": "Lempi.Abbott@gmail.com",
    "phone": "1-353-376-6429 x3906",
    "sex": "other",
    "status": "active",
    "deleted": false,
    "createdAt": "2024-08-10T14:02:56.773Z"
  },
  {
    "googleId": "a835a3db-8bc2-467a-b665-08d3e9a8ecba",
    "fullName": "Billie Mann",
    "email": "Harvey.Kub@gmail.com",
    "phone": "800.991.6463 x8650",
    "sex": "male",
    "status": "active",
    "deleted": false,
    "createdAt": "2024-08-10T15:07:14.638Z"
  },
  {
    "googleId": "f3087a50-c6da-46ec-82d6-cff51481d41b",
    "fullName": "Jacqueline Leannon",
    "email": "Henri_Leannon@gmail.com",
    "phone": "1-223-833-3286 x432",
    "sex": "other",
    "status": "active",
    "deleted": false,
    "createdAt": "2024-08-10T18:00:25.978Z"
  },
  {
    "fullName": "Marcella Funk-Olson",
    "email": "Alessia_Koch@yahoo.com",
    "password": "$2b$10$EIOlcQtOMVhDOHUQ7RuZG.LdVrRsshTveHNXEbUuQpLf86fnwzBpq",
    "phone": "1-792-211-3090 x7050",
    "sex": "other",
    "status": "active",
    "deleted": false,
    "createdAt": "2024-08-10T21:17:55.205Z"
  },
  {
    "githubId": "2c927bef-5807-4a4a-9f66-80134c70766e",
    "fullName": "Victor Kovacek",
    "email": "Destini87@gmail.com",
    "phone": "344.234.8214 x83510",
    "sex": "female",
    "status": "active",
    "deleted": false,
    "createdAt": "2024-08-10T22:19:36.288Z"
  },
  {
    "githubId": "ab441fad-5544-4c08-ae23-383ed645beb4",
    "fullName": "Maggie Larkin",
    "email": "Heidi.Barrows26@yahoo.com",
    "phone": "445.982.0648 x92861",
    "sex": "other",
    "status": "active",
    "deleted": false,
    "createdAt": "2024-08-11T00:16:44.677Z"
  },
  {
    "facebookId": "aa9b43f8-58e2-450b-87ea-b717c50d793e",
    "fullName": "Miss Patti Kuhn IV",
    "email": "Viviane.Gerlach@hotmail.com",
    "phone": "567.460.7738 x75671",
    "sex": "other",
    "status": "active",
    "deleted": false,
    "createdAt": "2024-08-11T05:25:14.880Z"
  },
  {
    "fullName": "Kristine Grimes Sr.",
    "email": "Milan69@gmail.com",
    "password": "$2b$10$5MGA.1zcggm1k9sX.AtArOAGScXn.u/2fpoGYmpnrzO4EA2AY2Foi",
    "phone": "240-528-5020 x870",
    "sex": "other",
    "status": "active",
    "deleted": false,
    "createdAt": "2024-08-11T05:28:40.972Z"
  },
  {
    "githubId": "6fed0246-fcbd-48c8-9d42-975a1b55d113",
    "fullName": "Mildred Nitzsche",
    "email": "Wilton46@gmail.com",
    "phone": "556-544-1160 x4866",
    "sex": "female",
    "status": "active",
    "deleted": false,
    "createdAt": "2024-08-11T08:32:03.695Z"
  },
  {
    "googleId": "7aa757d2-41be-42f7-a81c-191b2bdf4f41",
    "fullName": "Latoya Smith",
    "email": "Green_Grady@hotmail.com",
    "phone": "534.903.9877 x039",
    "sex": "female",
    "status": "active",
    "deleted": false,
    "createdAt": "2024-08-11T09:55:00.761Z"
  },
  {
    "facebookId": "464ebe1f-e9fc-41b0-b495-e0766d3389fb",
    "fullName": "Esther Champlin",
    "email": "Gerry.Grant@gmail.com",
    "phone": "251.940.9577",
    "sex": "female",
    "status": "active",
    "deleted": false,
    "createdAt": "2024-08-11T14:45:05.610Z"
  },
  {
    "githubId": "f66d96f7-26d6-4854-bca0-b786a9d45751",
    "fullName": "Cecil Runte",
    "email": "Josh6@hotmail.com",
    "phone": "1-744-505-1430 x2289",
    "sex": "male",
    "status": "active",
    "deleted": false,
    "createdAt": "2024-08-11T17:58:09.279Z"
  },
  {
    "githubId": "3f3611b6-3b47-454b-b78b-e81ab3987024",
    "fullName": "Debbie Roberts",
    "email": "Linnie_Schroeder36@yahoo.com",
    "phone": "880-278-1336 x86190",
    "sex": "other",
    "status": "active",
    "deleted": false,
    "createdAt": "2024-08-11T22:28:55.311Z"
  },
  {
    "fullName": "Nick Maggio",
    "email": "Clementine.Wisoky@hotmail.com",
    "password": "$2b$10$XdE/xwBwlB.LECEIoI8wsO4cpmPAxTfkycWE.N.GCvve.GaH47bRu",
    "phone": "(513) 821-0626 x417",
    "sex": "male",
    "status": "active",
    "deleted": false,
    "createdAt": "2024-08-12T00:02:18.924Z"
  },
  {
    "fullName": "Jermaine Kutch",
    "email": "Madisyn_Wilkinson@hotmail.com",
    "password": "$2b$10$QlRoh6Gkenk0UpOF9mYsmO3.KCZsN8kbyZin8pnJzsXMsQgn6Eu.W",
    "phone": "1-940-543-9175 x65603",
    "sex": "other",
    "status": "active",
    "deleted": false,
    "createdAt": "2024-08-12T04:05:06.982Z"
  },
  {
    "googleId": "eb6283d4-122b-4f6b-b478-3dff6d818ccf",
    "fullName": "Miss Samantha O'Connell",
    "email": "Larry.Kemmer98@gmail.com",
    "phone": "264-547-3340 x0139",
    "sex": "female",
    "status": "active",
    "deleted": false,
    "createdAt": "2024-08-12T07:32:03.889Z"
  },
  {
    "facebookId": "089ac189-4161-4ec2-a479-e3d3dee54393",
    "fullName": "Marlene Rempel",
    "email": "Clair80@yahoo.com",
    "phone": "712-224-1425",
    "sex": "male",
    "status": "active",
    "deleted": false,
    "createdAt": "2024-08-12T08:30:50.995Z"
  },
  {
    "facebookId": "11861ca5-995d-4f23-bab3-8bb85f688c69",
    "fullName": "Margie Hegmann",
    "email": "Korbin.Tillman@yahoo.com",
    "phone": "(614) 303-6467 x5573",
    "sex": "other",
    "status": "active",
    "deleted": false,
    "createdAt": "2024-08-12T09:49:38.798Z"
  },
  {
    "googleId": "a8cb2346-450e-4a00-9937-588293e20d34",
    "fullName": "Louis Schroeder",
    "email": "Leone.Sawayn@hotmail.com",
    "phone": "366-284-9635 x1281",
    "sex": "male",
    "status": "active",
    "deleted": false,
    "createdAt": "2024-08-12T10:26:28.194Z"
  },
  {
    "googleId": "ee0fe33d-bbaf-4fed-b7f1-0f83fb78733c",
    "fullName": "Jacqueline Hahn",
    "email": "Jesse.Welch51@yahoo.com",
    "phone": "439-361-8547 x083",
    "sex": "other",
    "status": "active",
    "deleted": false,
    "createdAt": "2024-08-12T15:16:04.091Z"
  },
  {
    "fullName": "Dr. Taylor Crooks IV",
    "email": "Garfield_Ryan@gmail.com",
    "password": "$2b$10$3bUosJkpLiecna1PUyJ8x.KPc962izH8AvThl1Ks8muj/durVDiWe",
    "phone": "1-768-769-8111 x29704",
    "sex": "male",
    "status": "active",
    "deleted": false,
    "createdAt": "2024-08-13T00:17:53.158Z"
  },
  {
    "facebookId": "10c2bf79-8d28-4226-b97f-c1a00090f26f",
    "fullName": "Lucia Zieme",
    "email": "Berry74@gmail.com",
    "phone": "1-397-899-7918 x250",
    "sex": "female",
    "status": "active",
    "deleted": false,
    "createdAt": "2024-08-13T01:50:56.348Z"
  },
  {
    "fullName": "Bridget Watsica",
    "email": "Jeremie.Beier@yahoo.com",
    "password": "$2b$10$ojKCorsUc0G0trhf79KKceR0wQh44VIko.i79b5eZe1v6NWjp/oh6",
    "phone": "1-345-852-3858 x841",
    "sex": "other",
    "status": "active",
    "deleted": false,
    "createdAt": "2024-08-13T08:08:44.089Z"
  },
  {
    "facebookId": "9dbb0c85-b4f3-4fbd-af05-cb1d668b7b6f",
    "fullName": "Dr. Dwayne Beer",
    "email": "Devante73@hotmail.com",
    "phone": "956-460-1013 x615",
    "sex": "male",
    "status": "active",
    "deleted": false,
    "createdAt": "2024-08-13T09:13:12.724Z"
  },
  {
    "facebookId": "2831ebb3-fca4-4c78-84b9-bdc325088d65",
    "fullName": "Marcus Block",
    "email": "Kayla61@gmail.com",
    "phone": "541.676.3926",
    "sex": "other",
    "status": "active",
    "deleted": false,
    "createdAt": "2024-08-13T09:52:46.820Z"
  },
  {
    "githubId": "7f8bed74-cba8-4e41-a4d6-79f993ae2955",
    "fullName": "Keith Baumbach",
    "email": "Marcellus_Roob64@yahoo.com",
    "phone": "1-632-943-6757 x487",
    "sex": "other",
    "status": "active",
    "deleted": false,
    "createdAt": "2024-08-13T13:58:48.960Z"
  },
  {
    "fullName": "Sherman Langworth",
    "email": "Hellen_Abernathy68@hotmail.com",
    "password": "$2b$10$Y6wRnrc41WzAWeBuGCRQa.JWe8nPXDpOABBhZ6vNH8mVO42LgITF6",
    "phone": "975.867.3647",
    "sex": "female",
    "status": "active",
    "deleted": false,
    "createdAt": "2024-08-13T14:56:54.030Z"
  },
  {
    "fullName": "Clinton Ledner",
    "email": "Laurianne_Rodriguez88@hotmail.com",
    "password": "$2b$10$XDc5VSHcxWhdlBjZuC0UD.VG9VM.iVjehGuxFb.YslJvj2ay4tmx2",
    "phone": "(560) 673-1134 x9391",
    "sex": "other",
    "status": "active",
    "deleted": false,
    "createdAt": "2024-08-13T17:59:27.223Z"
  },
  {
    "facebookId": "519e768a-2fbb-405d-9493-d8f4914f1ce6",
    "fullName": "Tammy Collier",
    "email": "Elroy_Monahan30@hotmail.com",
    "phone": "(983) 904-2690",
    "sex": "male",
    "status": "active",
    "deleted": false,
    "createdAt": "2024-08-13T20:05:56.910Z"
  },
  {
    "fullName": "Dana Mayer",
    "email": "Jimmie33@hotmail.com",
    "password": "$2b$10$kZQ1PbfVJ/0y8JEkd6nY5uPBJlo/UC4OKkS3ldRVZmO0JO5IpxW3O",
    "phone": "1-430-750-3113 x587",
    "sex": "other",
    "status": "active",
    "deleted": false,
    "createdAt": "2024-08-14T03:13:58.705Z"
  },
  {
    "githubId": "37caa82e-b9e0-4dd7-82ac-d9018b9551b7",
    "fullName": "Mr. Terence Green",
    "email": "Norris_Schimmel92@hotmail.com",
    "phone": "(247) 904-0210 x154",
    "sex": "other",
    "status": "active",
    "deleted": false,
    "createdAt": "2024-08-14T06:26:09.783Z"
  },
  {
    "fullName": "Miss Colleen Mertz",
    "email": "Cleve_Skiles80@yahoo.com",
    "password": "$2b$10$5h.HtKTNqMuNdz29TynPUevNit8.18Oi0JEu1iMDBBf0UVHEiQTTK",
    "phone": "(501) 226-8959 x699",
    "sex": "other",
    "status": "active",
    "deleted": false,
    "createdAt": "2024-08-14T07:44:38.970Z"
  },
  {
    "fullName": "Lisa Herman",
    "email": "Melany.Conn@gmail.com",
    "password": "$2b$10$2WdbdsMRJZtBbXB.4kJyCeAThEaU1W9v.yvR5B0xfJuHPdfTXdCzS",
    "phone": "817-651-5030 x552",
    "sex": "female",
    "status": "active",
    "deleted": false,
    "createdAt": "2024-08-14T13:29:51.277Z"
  },
  {
    "googleId": "c1059e78-9977-4e5f-8a0e-c09eef7456c5",
    "fullName": "Josephine Brown",
    "email": "Myah93@gmail.com",
    "phone": "690-618-3576 x1752",
    "sex": "other",
    "status": "active",
    "deleted": false,
    "createdAt": "2024-08-14T14:10:17.630Z"
  },
  {
    "facebookId": "b780a6e7-ebec-486a-b107-51a021127885",
    "fullName": "Lora Veum",
    "email": "Billy.VonRueden2@gmail.com",
    "phone": "(732) 720-0288 x91305",
    "sex": "other",
    "status": "active",
    "deleted": false,
    "createdAt": "2024-08-14T17:23:59.865Z"
  },
  {
    "githubId": "bbb5d216-e561-4239-b638-c7186fe58491",
    "fullName": "Shelia Heaney",
    "email": "Rodger95@yahoo.com",
    "phone": "(665) 952-4882 x0331",
    "sex": "male",
    "status": "active",
    "deleted": false,
    "createdAt": "2024-08-14T18:26:27.488Z"
  },
  {
    "googleId": "e9a465eb-d691-49e2-9862-45ffe6dae524",
    "fullName": "Gloria Harvey-Bartoletti",
    "email": "Owen_Robel40@hotmail.com",
    "phone": "(299) 712-5731 x1460",
    "sex": "male",
    "status": "active",
    "deleted": false,
    "createdAt": "2024-08-14T20:48:05.238Z"
  },
  {
    "facebookId": "8bf684c2-197a-4beb-8e1b-30c332d3176c",
    "fullName": "Dan Roberts",
    "email": "Flavie.Leuschke3@yahoo.com",
    "phone": "609.200.9179 x8759",
    "sex": "other",
    "status": "active",
    "deleted": false,
    "createdAt": "2024-08-15T00:26:54.097Z"
  },
  {
    "fullName": "Jeanette Veum DVM",
    "email": "Pearline_Ratke28@gmail.com",
    "password": "$2b$10$6p.RhKD.SCBOZrgW06bCDelvudGRQCI7LhNtpCM1DF/lLEEDHaG3e",
    "phone": "(588) 341-6010 x352",
    "sex": "female",
    "status": "active",
    "deleted": false,
    "createdAt": "2024-08-15T02:19:45.063Z"
  },
  {
    "githubId": "17d564e3-4313-4c85-9c3a-4b34f176c481",
    "fullName": "Cory Zulauf IV",
    "email": "Loy54@gmail.com",
    "phone": "658.569.5708 x73040",
    "sex": "other",
    "status": "active",
    "deleted": false,
    "createdAt": "2024-08-15T02:41:31.503Z"
  },
  {
    "githubId": "6f2fa111-cd27-4d67-aa21-4e53961ae99b",
    "fullName": "Marshall Bernier",
    "email": "Tavares_Hilll95@gmail.com",
    "phone": "472.816.4675",
    "sex": "other",
    "status": "active",
    "deleted": false,
    "createdAt": "2024-08-15T03:05:55.089Z"
  },
  {
    "googleId": "6e861c96-0715-4303-a618-2968f41c0287",
    "fullName": "Edmund McLaughlin",
    "email": "Aidan.Walter77@yahoo.com",
    "phone": "(864) 543-5166 x81554",
    "sex": "male",
    "status": "active",
    "deleted": false,
    "createdAt": "2024-08-15T07:40:42.643Z"
  },
  {
    "googleId": "9386e446-0aee-496c-8ad2-7e7893e1f10c",
    "fullName": "Latoya Koss",
    "email": "Martina_Bogisich@gmail.com",
    "phone": "(491) 892-9274 x1799",
    "sex": "male",
    "status": "active",
    "deleted": false,
    "createdAt": "2024-08-15T09:15:25.644Z"
  },
  {
    "googleId": "1978dd17-8557-4567-8266-77cce7b211cd",
    "fullName": "Terrance Kilback",
    "email": "Roel.Schinner6@yahoo.com",
    "phone": "289.886.5245 x692",
    "sex": "other",
    "status": "active",
    "deleted": false,
    "createdAt": "2024-08-15T10:26:36.055Z"
  },
  {
    "githubId": "69d1e81b-a2bd-49e2-b6e3-526d58e37586",
    "fullName": "Ms. Antoinette Towne",
    "email": "Misty.Sporer14@yahoo.com",
    "phone": "1-297-559-1169 x167",
    "sex": "other",
    "status": "active",
    "deleted": false,
    "createdAt": "2024-08-15T23:15:01.508Z"
  },
  {
    "facebookId": "1eca4bb7-2e8e-4e5c-aabd-3eab98a58f6d",
    "fullName": "Gregory Rogahn",
    "email": "Toy.Lockman@hotmail.com",
    "phone": "1-648-249-5256 x684",
    "sex": "other",
    "status": "active",
    "deleted": false,
    "createdAt": "2024-08-16T09:07:38.528Z"
  },
  {
    "googleId": "e3114c98-bf89-49bb-a2a9-ffab6b3da2dd",
    "fullName": "Bruce Davis",
    "email": "Bernard92@yahoo.com",
    "phone": "(787) 457-2167 x807",
    "sex": "other",
    "status": "active",
    "deleted": false,
    "createdAt": "2024-08-16T09:08:56.063Z"
  },
  {
    "githubId": "ece220c3-b5cc-4ee4-a2a2-2b7b2a7dca35",
    "fullName": "Mr. Miguel Abbott",
    "email": "Orville_Corwin56@hotmail.com",
    "phone": "819.912.3931",
    "sex": "male",
    "status": "active",
    "deleted": false,
    "createdAt": "2024-08-16T12:11:43.595Z"
  },
  {
    "fullName": "Lora Treutel",
    "email": "Gladys_Barton@yahoo.com",
    "password": "$2b$10$h2VCpAkzbapJLsfo4t.J2OwV26.LV1ksRAn7jJPwTrrvFKGm.Q0Pe",
    "phone": "218.773.0065 x3378",
    "sex": "other",
    "status": "active",
    "deleted": false,
    "createdAt": "2024-08-16T14:07:13.341Z"
  },
  {
    "facebookId": "969d9987-7677-48b9-81e9-4981654e95e2",
    "fullName": "Hazel Swaniawski",
    "email": "Sierra10@yahoo.com",
    "phone": "215-697-5216 x8770",
    "sex": "other",
    "status": "active",
    "deleted": false,
    "createdAt": "2024-08-16T14:15:30.447Z"
  },
  {
    "githubId": "aff788bd-7770-47a2-9b42-8674e979855e",
    "fullName": "Devin Goyette",
    "email": "Karina.Larkin14@yahoo.com",
    "phone": "1-913-718-5916 x276",
    "sex": "other",
    "status": "active",
    "deleted": false,
    "createdAt": "2024-08-16T16:39:59.960Z"
  },
  {
    "githubId": "67e2495e-554a-40c0-a340-e79ee33640f0",
    "fullName": "Shawna Cremin",
    "email": "Greta22@gmail.com",
    "phone": "845.712.5219 x207",
    "sex": "other",
    "status": "active",
    "deleted": false,
    "createdAt": "2024-08-16T17:52:38.647Z"
  },
  {
    "facebookId": "d75a29dc-a822-4d00-8746-8e85c8ddd40b",
    "fullName": "Lee Stoltenberg",
    "email": "Grady_Koelpin52@gmail.com",
    "phone": "919.618.4041 x4748",
    "sex": "female",
    "status": "active",
    "deleted": false,
    "createdAt": "2024-08-16T18:18:48.733Z"
  },
  {
    "fullName": "Dr. Denise Mitchell",
    "email": "Roscoe24@yahoo.com",
    "password": "$2b$10$3zL565.9vRk6FVBsEEkI7OjqNfz58M8dLUqGy9Bft6VR/T3HAsFSC",
    "phone": "(715) 313-3089",
    "sex": "female",
    "status": "active",
    "deleted": false,
    "createdAt": "2024-08-16T20:32:05.058Z"
  },
  {
    "githubId": "96fa33fb-0c92-4935-bd96-23fbcb016d0f",
    "fullName": "Esther Goldner",
    "email": "Ludie.Corwin@gmail.com",
    "phone": "740.643.8315 x6157",
    "sex": "other",
    "status": "active",
    "deleted": false,
    "createdAt": "2024-08-17T00:48:55.011Z"
  },
  {
    "googleId": "cb5eee99-e269-4748-93ce-dff800a18831",
    "fullName": "Maurice Effertz DDS",
    "email": "Celia.Batz@yahoo.com",
    "phone": "770-577-2804 x12809",
    "sex": "female",
    "status": "active",
    "deleted": false,
    "createdAt": "2024-08-17T02:50:18.544Z"
  },
  {
    "githubId": "6cd96ab3-1761-401f-bf9d-f24881fcf603",
    "fullName": "Kristie Heller-Keebler",
    "email": "Alisha.Heidenreich-Balistreri93@gmail.com",
    "phone": "559-692-0490 x870",
    "sex": "other",
    "status": "active",
    "deleted": false,
    "createdAt": "2024-08-17T07:27:09.192Z"
  },
  {
    "fullName": "Tracy Koss",
    "email": "Sierra_Cole@yahoo.com",
    "password": "$2b$10$A/dBZzA5vk9JrUyTCqo1c.eJp098JiQLkLEUeeDIdWNpveGL0XVSy",
    "phone": "500-773-2804",
    "sex": "female",
    "status": "active",
    "deleted": false,
    "createdAt": "2024-08-17T18:06:19.066Z"
  },
  {
    "fullName": "Derek Nitzsche",
    "email": "Sarina.Treutel72@hotmail.com",
    "password": "$2b$10$MCJbVRWc0PedYQPvLPBH3uZVhbsjv.RHxp4e7A5agflrAfLFLOm3u",
    "phone": "356.495.7302 x922",
    "sex": "other",
    "status": "active",
    "deleted": false,
    "createdAt": "2024-08-18T01:33:44.084Z"
  },
  {
    "facebookId": "45d87aa3-7ee4-4e87-a81d-cdf12c5a7b56",
    "fullName": "Lori Gleason",
    "email": "Dorcas_Sawayn@hotmail.com",
    "phone": "1-255-885-9361 x67498",
    "sex": "other",
    "status": "active",
    "deleted": false,
    "createdAt": "2024-08-18T03:28:18.266Z"
  },
  {
    "fullName": "Hugh Batz",
    "email": "Steve.Hodkiewicz@hotmail.com",
    "password": "$2b$10$qpveAbqvCqcXHnxgSzyJ2OOQxvRvQqazsua0F214STm9o5H394EqG",
    "phone": "1-613-479-1717 x9651",
    "sex": "female",
    "status": "active",
    "deleted": false,
    "createdAt": "2024-08-18T04:12:45.796Z"
  },
  {
    "googleId": "bbc78bc6-68b5-4797-9a43-2380e6201b83",
    "fullName": "Patrick Mann",
    "email": "Loyal_Schimmel95@hotmail.com",
    "phone": "224-306-4754 x184",
    "sex": "female",
    "status": "active",
    "deleted": false,
    "createdAt": "2024-08-18T05:55:28.386Z"
  },
  {
    "fullName": "Patty Cummings",
    "email": "Maxie.Kreiger@yahoo.com",
    "password": "$2b$10$QXpp9Gf3PMxoe3SsjrOp8eC4k5sM4ycbKZnt/2KTmUB/8u3rNMrx.",
    "phone": "(290) 766-1368 x0972",
    "sex": "male",
    "status": "active",
    "deleted": false,
    "createdAt": "2024-08-18T05:56:16.864Z"
  },
  {
    "githubId": "c268724e-db63-4527-b436-539640ddd4f2",
    "fullName": "Mr. Joshua Hand-Keebler",
    "email": "Piper68@gmail.com",
    "phone": "613-392-9122 x56637",
    "sex": "other",
    "status": "active",
    "deleted": false,
    "createdAt": "2024-08-18T09:03:34.109Z"
  },
  {
    "fullName": "Victor Torp II",
    "email": "Ryan2@gmail.com",
    "password": "$2b$10$Cyi.eze8uNWnoaXQgxtV7uFHPHehV75IFy.3d9bj4hDzkPVTfOZm2",
    "phone": "(936) 449-6743 x45944",
    "sex": "male",
    "status": "active",
    "deleted": false,
    "createdAt": "2024-08-18T15:43:01.266Z"
  },
  {
    "fullName": "Mrs. Susan Wilkinson",
    "email": "Betty43@gmail.com",
    "password": "$2b$10$t4T8cOW0DD1XmO41fpvt3.KLbiQW8SYU3yIZCMsAR/29/YSAOV3ye",
    "phone": "1-962-628-3795",
    "sex": "male",
    "status": "active",
    "deleted": false,
    "createdAt": "2024-08-18T18:10:06.678Z"
  },
  {
    "githubId": "4af46214-c4a4-47b6-8606-d27c386910aa",
    "fullName": "Ella Kuhic",
    "email": "Alford_Parisian@gmail.com",
    "phone": "985-774-5449",
    "sex": "male",
    "status": "active",
    "deleted": false,
    "createdAt": "2024-08-18T18:48:23.831Z"
  },
  {
    "fullName": "Margaret Bechtelar",
    "email": "Jillian_Pacocha48@gmail.com",
    "password": "$2b$10$Z2Zvl51rdlF2p9jl.K2yGOxjcKx3JxfGLpc97axrLWWWbpvbBcNiK",
    "phone": "655-693-7806",
    "sex": "male",
    "status": "active",
    "deleted": false,
    "createdAt": "2024-08-18T19:05:46.931Z"
  },
  {
    "githubId": "0452d489-00a1-4c96-ba99-47dd8f55caad",
    "fullName": "Toby Gutkowski",
    "email": "Billy.Bednar@yahoo.com",
    "phone": "967.710.2169 x535",
    "sex": "female",
    "status": "active",
    "deleted": false,
    "createdAt": "2024-08-18T23:39:49.349Z"
  },
  {
    "githubId": "9b75754a-b74b-476c-b0d6-68f31c925eeb",
    "fullName": "Mack Waelchi",
    "email": "Armando28@yahoo.com",
    "phone": "1-990-700-1532 x323",
    "sex": "other",
    "status": "active",
    "deleted": false,
    "createdAt": "2024-08-19T00:53:34.968Z"
  },
  {
    "githubId": "95db2870-6720-4fc7-ac43-4ad0ea6abfdc",
    "fullName": "Sharon Bayer",
    "email": "Gia19@yahoo.com",
    "phone": "234-638-3328 x8469",
    "sex": "female",
    "status": "active",
    "deleted": false,
    "createdAt": "2024-08-19T13:05:45.681Z"
  },
  {
    "fullName": "Meredith Dach",
    "email": "Christina.Mosciski@hotmail.com",
    "password": "$2b$10$LapEeYp1.p4AFeWVv0lRLOYK49xgNDIK/pryP3eED6amoC4VVvlEW",
    "phone": "808.271.7859",
    "sex": "male",
    "status": "active",
    "deleted": false,
    "createdAt": "2024-08-19T13:51:22.701Z"
  },
  {
    "fullName": "Ginger Kerluke",
    "email": "Lemuel59@yahoo.com",
    "password": "$2b$10$Aqsyn/k6j/rzYZexuRlOH.AUcpMpndhAyRO0r0q4Opc2uJyG2ape2",
    "phone": "797.493.3742 x379",
    "sex": "male",
    "status": "active",
    "deleted": false,
    "createdAt": "2024-08-19T18:41:41.242Z"
  },
  {
    "facebookId": "e3992fd1-b36b-4c7e-8c1e-33b3210e2e94",
    "fullName": "Jeanette Armstrong",
    "email": "Tate4@gmail.com",
    "phone": "489-918-8692",
    "sex": "male",
    "status": "active",
    "deleted": false,
    "createdAt": "2024-08-19T19:57:55.046Z"
  },
  {
    "facebookId": "ac8afb26-61a3-4af1-a901-1b4744ed22db",
    "fullName": "Traci Gleichner",
    "email": "Hadley.Fritsch36@yahoo.com",
    "phone": "238.849.3066 x21277",
    "sex": "female",
    "status": "active",
    "deleted": false,
    "createdAt": "2024-08-19T20:54:52.422Z"
  },
  {
    "googleId": "033192b1-3b60-4656-90e7-f2c5ae661aec",
    "fullName": "Wendy Halvorson",
    "email": "Bret12@hotmail.com",
    "phone": "(547) 394-4481",
    "sex": "female",
    "status": "active",
    "deleted": false,
    "createdAt": "2024-08-20T02:46:04.782Z"
  },
  {
    "fullName": "Perry Roob",
    "email": "Suzanne_Ledner55@hotmail.com",
    "password": "$2b$10$jERIdnNocCNAY125oBfDZOulxoja447Dqk/agzg0vXwMyeznfHqSa",
    "phone": "997-673-4223 x7690",
    "sex": "other",
    "status": "active",
    "deleted": false,
    "createdAt": "2024-08-20T08:11:59.001Z"
  },
  {
    "facebookId": "e8a4d64f-1c9b-4f86-98fb-1e2e5c5f87f6",
    "fullName": "Alison Kuphal-MacGyver",
    "email": "Granville.Turner49@gmail.com",
    "phone": "1-534-342-3665 x64556",
    "sex": "other",
    "status": "active",
    "deleted": false,
    "createdAt": "2024-08-20T08:33:57.083Z"
  },
  {
    "fullName": "Juanita Jacobson",
    "email": "Guiseppe52@hotmail.com",
    "password": "$2b$10$hFc6l.rPbpKe6ipeCMS/C.I3B16pNM41Jc322MuUd3reVbJyPHmJW",
    "phone": "959.817.3225 x492",
    "sex": "other",
    "status": "active",
    "deleted": false,
    "createdAt": "2024-08-20T09:56:30.661Z"
  },
  {
    "fullName": "Patty Boyer",
    "email": "Gennaro.Parisian79@hotmail.com",
    "password": "$2b$10$VU0ScZ8V/v8nwkdWk3bW/e2Loy3LPAph/aIt8J7w8OLnOeHPWaMAG",
    "phone": "(868) 787-6825 x305",
    "sex": "other",
    "status": "active",
    "deleted": false,
    "createdAt": "2024-08-20T10:40:51.839Z"
  },
  {
    "facebookId": "582c3e01-6600-475b-a08a-636c141b3a3f",
    "fullName": "Gladys Towne",
    "email": "Sonia.Boehm69@hotmail.com",
    "phone": "(872) 270-2433",
    "sex": "other",
    "status": "active",
    "deleted": false,
    "createdAt": "2024-08-20T10:48:19.508Z"
  },
  {
    "facebookId": "b11fc1c1-9bb8-432e-ba1b-bbc50194096f",
    "fullName": "Beatrice Weissnat-Rau",
    "email": "Gene31@hotmail.com",
    "phone": "217.968.3756 x576",
    "sex": "other",
    "status": "active",
    "deleted": false,
    "createdAt": "2024-08-20T12:04:45.625Z"
  },
  {
    "githubId": "edaff430-ad63-4740-8408-979efab3e450",
    "fullName": "Dr. Antonia Carter",
    "email": "Mariano89@yahoo.com",
    "phone": "397-741-4620 x32989",
    "sex": "other",
    "status": "active",
    "deleted": false,
    "createdAt": "2024-08-20T17:20:27.570Z"
  },
  {
    "githubId": "10390b2c-f85d-478c-9ed7-11e84624e774",
    "fullName": "Cary Monahan",
    "email": "Kristin.Wiza@hotmail.com",
    "phone": "1-967-246-6905 x66067",
    "sex": "other",
    "status": "active",
    "deleted": false,
    "createdAt": "2024-08-21T00:44:24.073Z"
  },
  {
    "fullName": "Shelley Rippin",
    "email": "Deondre70@hotmail.com",
    "password": "$2b$10$3ZifdbahyWV2vETzU.FZJub0mQz/4myjTmRwrIY7HS2t4FaybUDTG",
    "phone": "214-662-4357 x9109",
    "sex": "male",
    "status": "active",
    "deleted": false,
    "createdAt": "2024-08-21T01:23:54.465Z"
  },
  {
    "githubId": "3860d6e9-0bf7-4bd2-8f9d-dd628d03751b",
    "fullName": "Lillian Bergnaum",
    "email": "Ed70@gmail.com",
    "phone": "(856) 947-6729 x38410",
    "sex": "other",
    "status": "active",
    "deleted": false,
    "createdAt": "2024-08-21T05:02:21.540Z"
  },
  {
    "githubId": "b76d8ffb-1e2c-4039-82ff-ff338cc68294",
    "fullName": "Josefina Ratke",
    "email": "Sherman.Lynch82@yahoo.com",
    "phone": "380.744.7658 x8947",
    "sex": "female",
    "status": "active",
    "deleted": false,
    "createdAt": "2024-08-21T06:23:40.521Z"
  },
  {
    "facebookId": "d265414e-a79f-41c8-ac8c-f7162b15db58",
    "fullName": "Georgia Waelchi",
    "email": "Katelynn71@gmail.com",
    "phone": "234-266-1491 x22891",
    "sex": "other",
    "status": "active",
    "deleted": false,
    "createdAt": "2024-08-21T13:21:46.558Z"
  },
  {
    "fullName": "Kerry Murphy",
    "email": "Marcelina9@gmail.com",
    "password": "$2b$10$MgfzN7rHgaGMltrj62MJielfJlg.qOiORvhlBZKGlY5FBYIQZleO6",
    "phone": "541-867-8678 x667",
    "sex": "other",
    "status": "active",
    "deleted": false,
    "createdAt": "2024-08-21T15:03:33.177Z"
  },
  {
    "githubId": "19d58ce2-157d-4d27-b16a-e5b914331843",
    "fullName": "Faith Huels",
    "email": "Joshuah.Yundt47@gmail.com",
    "phone": "739.732.1637 x1372",
    "sex": "other",
    "status": "active",
    "deleted": false,
    "createdAt": "2024-08-21T15:22:16.647Z"
  },
  {
    "fullName": "Bobbie West",
    "email": "Hattie62@hotmail.com",
    "password": "$2b$10$bc3/KO2oMduThX2YP192g.xobmCmVvT5awn/IdmP42kPn1BFpx5Wa",
    "phone": "506.488.7372 x033",
    "sex": "other",
    "status": "active",
    "deleted": false,
    "createdAt": "2024-08-21T18:26:57.995Z"
  },
  {
    "githubId": "7f4512a4-7763-4f74-bbfb-456719e87c51",
    "fullName": "Christy Kuhic",
    "email": "Justyn.Leuschke@hotmail.com",
    "phone": "239-922-1479",
    "sex": "other",
    "status": "active",
    "deleted": false,
    "createdAt": "2024-08-21T21:10:36.845Z"
  },
  {
    "githubId": "d149d0b3-52d8-4061-a448-b2495b268bb1",
    "fullName": "Bobby Will",
    "email": "Cesar40@hotmail.com",
    "phone": "501-613-7284 x7671",
    "sex": "female",
    "status": "active",
    "deleted": false,
    "createdAt": "2024-08-21T22:35:15.854Z"
  },
  {
    "facebookId": "cd487ecd-e7e8-4337-b9a3-35274fb8049e",
    "fullName": "Daryl Satterfield",
    "email": "Timothy20@yahoo.com",
    "phone": "962.894.5336 x21245",
    "sex": "other",
    "status": "active",
    "deleted": false,
    "createdAt": "2024-08-22T01:20:44.434Z"
  },
  {
    "fullName": "Allan Borer",
    "email": "Martin.Conn@hotmail.com",
    "password": "$2b$10$/ji6ZZwQH7ZyproraS.Ufu2slIeGFCiJV..fHv2CyunYhq5lowiqq",
    "phone": "(442) 984-5985 x255",
    "sex": "other",
    "status": "active",
    "deleted": false,
    "createdAt": "2024-08-22T01:44:16.342Z"
  },
  {
    "googleId": "522a1e56-1e21-464b-a0aa-4c9e74155eab",
    "fullName": "Dr. Conrad Casper",
    "email": "Joanne_Quigley@hotmail.com",
    "phone": "584.434.5787",
    "sex": "other",
    "status": "active",
    "deleted": false,
    "createdAt": "2024-08-22T05:03:33.496Z"
  },
  {
    "githubId": "ece7d7fe-12d1-4c7d-a70a-398f2358fa12",
    "fullName": "Joanne Mayert",
    "email": "Zachary72@hotmail.com",
    "phone": "768-576-3394 x24901",
    "sex": "other",
    "status": "active",
    "deleted": false,
    "createdAt": "2024-08-22T09:01:25.804Z"
  },
  {
    "facebookId": "83a0d2cb-2744-4109-a2aa-e1a4975e074a",
    "fullName": "Dorothy Jacobson",
    "email": "Geovanni60@yahoo.com",
    "phone": "895-397-7269",
    "sex": "female",
    "status": "active",
    "deleted": false,
    "createdAt": "2024-08-22T11:33:17.950Z"
  },
  {
    "githubId": "a84185a7-be70-4abe-af77-7bb75062bba0",
    "fullName": "Dr. Jorge Gorczany",
    "email": "Ophelia_Hermiston56@gmail.com",
    "phone": "1-429-953-7858 x17573",
    "sex": "other",
    "status": "active",
    "deleted": false,
    "createdAt": "2024-08-22T14:43:43.855Z"
  },
  {
    "facebookId": "1d1cdf1a-707f-485b-8a9a-8d9ac8fee062",
    "fullName": "Ricardo Carter",
    "email": "Arlene23@gmail.com",
    "phone": "1-717-240-4477",
    "sex": "female",
    "status": "active",
    "deleted": false,
    "createdAt": "2024-08-22T14:46:38.945Z"
  },
  {
    "googleId": "a311b8ac-77e3-4df7-b35f-816a55ace57d",
    "fullName": "Darla Stark",
    "email": "Markus_Berge87@hotmail.com",
    "phone": "(803) 477-7609 x5249",
    "sex": "male",
    "status": "active",
    "deleted": false,
    "createdAt": "2024-08-23T05:17:39.114Z"
  },
  {
    "githubId": "75c5a1db-bae5-486e-b3e0-2f8df8c3bfdc",
    "fullName": "Krista Vandervort",
    "email": "Patricia_Schimmel@gmail.com",
    "phone": "(886) 900-1553 x1279",
    "sex": "male",
    "status": "active",
    "deleted": false,
    "createdAt": "2024-08-23T06:22:29.874Z"
  },
  {
    "githubId": "c9311ebb-28ed-4ef6-945d-b1b7c16c0cc5",
    "fullName": "Bonnie Bednar",
    "email": "Edgardo.Labadie42@gmail.com",
    "phone": "640.333.9585 x282",
    "sex": "other",
    "status": "active",
    "deleted": false,
    "createdAt": "2024-08-23T07:36:46.452Z"
  },
  {
    "fullName": "Jesus Rodriguez Jr.",
    "email": "Bethany_Larson88@yahoo.com",
    "password": "$2b$10$0.CPO8yOmMgyjusVQHOs1eafR2chCuvUDduEiS9tNzaTZW1IZJ4YC",
    "phone": "825.475.2096 x037",
    "sex": "other",
    "status": "active",
    "deleted": false,
    "createdAt": "2024-08-23T08:52:45.197Z"
  },
  {
    "googleId": "6fdfcb50-18ed-403e-b685-5443d4f9e109",
    "fullName": "Iris Bahringer",
    "email": "Friedrich_MacGyver@hotmail.com",
    "phone": "(816) 375-1554 x3904",
    "sex": "other",
    "status": "active",
    "deleted": false,
    "createdAt": "2024-08-23T14:27:44.631Z"
  },
  {
    "githubId": "b09f7e06-a686-457c-b789-3183e139f50d",
    "fullName": "Irene Ankunding",
    "email": "Geovanni_Grant@hotmail.com",
    "phone": "1-887-987-1306",
    "sex": "other",
    "status": "active",
    "deleted": false,
    "createdAt": "2024-08-23T18:17:29.365Z"
  },
  {
    "githubId": "26d9a8cf-86bb-40ac-b5b5-28339bd6959c",
    "fullName": "Garry Monahan",
    "email": "Anne_Ratke@hotmail.com",
    "phone": "554-837-0178 x38480",
    "sex": "male",
    "status": "active",
    "deleted": false,
    "createdAt": "2024-08-24T05:22:53.982Z"
  },
  {
    "googleId": "cfcf7b0c-609a-406f-ba60-e3642de06b03",
    "fullName": "Dwayne Prosacco",
    "email": "Rebeka14@hotmail.com",
    "phone": "(496) 818-4572",
    "sex": "male",
    "status": "active",
    "deleted": false,
    "createdAt": "2024-08-24T05:47:10.264Z"
  },
  {
    "googleId": "1c561152-c6c8-4468-91cc-9483cc7b78e7",
    "fullName": "Kristi Brown",
    "email": "Burley_Lubowitz@yahoo.com",
    "phone": "1-315-617-0443 x9175",
    "sex": "male",
    "status": "active",
    "deleted": false,
    "createdAt": "2024-08-24T06:55:11.577Z"
  },
  {
    "googleId": "253aacd7-d9b4-4aeb-92dd-abd73b855820",
    "fullName": "Jared Bayer MD",
    "email": "Rebekah32@hotmail.com",
    "phone": "768.994.8642 x51551",
    "sex": "other",
    "status": "active",
    "deleted": false,
    "createdAt": "2024-08-24T09:21:08.768Z"
  },
  {
    "googleId": "9f5dce65-b123-4c8e-88c9-ddb570480536",
    "fullName": "Lloyd Rempel",
    "email": "Justus93@hotmail.com",
    "phone": "221.510.5660 x03439",
    "sex": "female",
    "status": "active",
    "deleted": false,
    "createdAt": "2024-08-24T10:48:16.683Z"
  },
  {
    "googleId": "677fc9c4-96a2-455e-807c-d1903c21830b",
    "fullName": "Mandy Ruecker",
    "email": "Llewellyn.Boyle66@hotmail.com",
    "phone": "1-788-545-6872 x9467",
    "sex": "male",
    "status": "active",
    "deleted": false,
    "createdAt": "2024-08-24T14:59:20.076Z"
  },
  {
    "googleId": "68a7a605-40d9-44dd-8f1b-0cb9ec8f6db3",
    "fullName": "Spencer Windler",
    "email": "Lyda.Lehner@yahoo.com",
    "phone": "885-766-1500 x7629",
    "sex": "male",
    "status": "active",
    "deleted": false,
    "createdAt": "2024-08-25T05:48:04.822Z"
  },
  {
    "googleId": "8926ea11-755b-4110-b28b-d035b8aa2fe0",
    "fullName": "Miss Karen Jerde",
    "email": "Joaquin94@gmail.com",
    "phone": "1-741-280-4844",
    "sex": "other",
    "status": "active",
    "deleted": false,
    "createdAt": "2024-08-25T07:10:09.885Z"
  },
  {
    "facebookId": "97a40d26-1fcf-4192-8948-0e84aa0aaa4c",
    "fullName": "Gwen Sanford",
    "email": "Kennedi36@hotmail.com",
    "phone": "1-578-826-7088 x2275",
    "sex": "female",
    "status": "active",
    "deleted": false,
    "createdAt": "2024-08-25T09:26:35.759Z"
  },
  {
    "googleId": "626fe0a1-11d0-47f2-bcb3-d251b01b7265",
    "fullName": "Spencer Franey",
    "email": "Zula14@hotmail.com",
    "phone": "942.981.3589",
    "sex": "other",
    "status": "active",
    "deleted": false,
    "createdAt": "2024-08-25T13:02:52.707Z"
  },
  {
    "githubId": "016a3875-6e1b-4a49-bf22-1aec3ddf19ce",
    "fullName": "Jeanette Ankunding",
    "email": "Ian.Kuvalis12@gmail.com",
    "phone": "716-776-7833 x230",
    "sex": "male",
    "status": "active",
    "deleted": false,
    "createdAt": "2024-08-25T14:46:01.967Z"
  },
  {
    "githubId": "0abc8ad6-1e13-4e6d-be1c-441bcc5ad9a9",
    "fullName": "Corey Ward",
    "email": "Lyric_Schmitt91@gmail.com",
    "phone": "1-681-313-3632 x5680",
    "sex": "female",
    "status": "active",
    "deleted": false,
    "createdAt": "2024-08-25T15:57:04.486Z"
  },
  {
    "googleId": "0729d121-33cd-4e0a-a6f1-e06124263ad5",
    "fullName": "Karla Lesch",
    "email": "Douglas5@yahoo.com",
    "phone": "(517) 976-0013",
    "sex": "other",
    "status": "active",
    "deleted": false,
    "createdAt": "2024-08-25T17:22:20.859Z"
  },
  {
    "facebookId": "bb80d9b9-aef6-4100-8430-85455a61ec68",
    "fullName": "Danny Homenick",
    "email": "Charlie_Weimann76@yahoo.com",
    "phone": "364.689.9441 x9235",
    "sex": "other",
    "status": "active",
    "deleted": false,
    "createdAt": "2024-08-25T18:17:31.938Z"
  },
  {
    "facebookId": "2e17a377-d4f9-4b06-910f-45e75a3fd372",
    "fullName": "Kelly Macejkovic",
    "email": "Haley_Spinka58@gmail.com",
    "phone": "1-278-812-5237 x16136",
    "sex": "female",
    "status": "active",
    "deleted": false,
    "createdAt": "2024-08-25T18:44:33.917Z"
  },
  {
    "fullName": "Dr. Lionel Bauch V",
    "email": "Hortense.Friesen42@yahoo.com",
    "password": "$2b$10$ZpLBgnVeBag2WLt7uS9ljO.NnzxD0cVDiQSpmWxoGCc8A14SzF3BG",
    "phone": "998.394.9436 x49870",
    "sex": "male",
    "status": "active",
    "deleted": false,
    "createdAt": "2024-08-25T22:10:14.570Z"
  },
  {
    "googleId": "103908a6-a539-4c6f-844d-85717b349800",
    "fullName": "Jenny Schowalter",
    "email": "Kathryne_Littel84@hotmail.com",
    "phone": "687.420.7524",
    "sex": "other",
    "status": "active",
    "deleted": false,
    "createdAt": "2024-08-26T00:08:12.714Z"
  },
  {
    "fullName": "Mr. Jeffery Bernier",
    "email": "Watson24@hotmail.com",
    "password": "$2b$10$Hr0ylCOilE4Nb9tFALZuC.n0sH2J4Vq6CbS2QLDs5b6mDKtxZq/XG",
    "phone": "(874) 812-9474 x1350",
    "sex": "other",
    "status": "active",
    "deleted": false,
    "createdAt": "2024-08-26T00:36:43.690Z"
  },
  {
    "googleId": "71cd7ef4-8ebf-4ee9-8ef3-a427cb95d51d",
    "fullName": "Dawn Swift-Huel",
    "email": "Lilla.Stanton@gmail.com",
    "phone": "1-264-973-9651 x455",
    "sex": "male",
    "status": "active",
    "deleted": false,
    "createdAt": "2024-08-26T06:00:20.737Z"
  },
  {
    "facebookId": "2a77bb5f-f9f7-4909-8f21-a76ef8e0a07c",
    "fullName": "Barry Ryan PhD",
    "email": "Gwen6@gmail.com",
    "phone": "403.379.7784 x19503",
    "sex": "other",
    "status": "active",
    "deleted": false,
    "createdAt": "2024-08-26T07:43:23.432Z"
  },
  {
    "fullName": "Mr. Toby Kerluke",
    "email": "Devyn97@gmail.com",
    "password": "$2b$10$5qlmd.X91LqCwjrWG.Fh.e.3l/nFToTx2Yaz3NvhYDmi4S6wwA7U.",
    "phone": "380.888.8689",
    "sex": "other",
    "status": "active",
    "deleted": false,
    "createdAt": "2024-08-26T10:46:07.505Z"
  },
  {
    "facebookId": "ff9df7e5-1746-4c73-b4cb-8f90af75b7db",
    "fullName": "Ralph Greenholt",
    "email": "Federico_Davis58@gmail.com",
    "phone": "(691) 615-1499 x78688",
    "sex": "other",
    "status": "active",
    "deleted": false,
    "createdAt": "2024-08-26T11:02:44.128Z"
  },
  {
    "googleId": "1725c09d-e12f-4abe-8de4-662b8def08cc",
    "fullName": "Michele Hickle",
    "email": "Peyton16@yahoo.com",
    "phone": "(954) 929-1239",
    "sex": "male",
    "status": "active",
    "deleted": false,
    "createdAt": "2024-08-26T12:48:51.174Z"
  },
  {
    "fullName": "Kara Wisoky-Zulauf",
    "email": "Stacy.Schiller72@gmail.com",
    "password": "$2b$10$VRfaOSD9xHIHDS8W4IIMr.E32uH9N8flj6BI4PpZBz84bfuzpK1My",
    "phone": "(826) 466-7269 x5445",
    "sex": "other",
    "status": "active",
    "deleted": false,
    "createdAt": "2024-08-26T20:38:15.215Z"
  },
  {
    "fullName": "Sylvester Gusikowski-Walker",
    "email": "Marina_Greenfelder30@yahoo.com",
    "password": "$2b$10$VvGzvQwMVe07azKfEDhaF.LJPBOKJvhpDGqY1PMlFyXFimxYNURQC",
    "phone": "1-478-297-6266 x38174",
    "sex": "female",
    "status": "active",
    "deleted": false,
    "createdAt": "2024-08-26T22:55:29.153Z"
  },
  {
    "githubId": "162f796e-694f-4c3e-9bc4-44eeb43bf188",
    "fullName": "Emma Casper",
    "email": "Alivia55@gmail.com",
    "phone": "1-837-904-9198 x172",
    "sex": "other",
    "status": "active",
    "deleted": false,
    "createdAt": "2024-08-27T05:38:17.904Z"
  },
  {
    "googleId": "46a39088-98cb-4a36-824e-33f4e42557bf",
    "fullName": "Luis Nolan",
    "email": "Sylvia.Herman0@yahoo.com",
    "phone": "512.801.5270 x754",
    "sex": "female",
    "status": "active",
    "deleted": false,
    "createdAt": "2024-08-27T07:58:48.694Z"
  },
  {
    "googleId": "9257a589-b09a-4373-8945-38b77f75de2b",
    "fullName": "Irvin Gusikowski",
    "email": "Cedrick_Rath22@yahoo.com",
    "phone": "914-924-8422 x114",
    "sex": "other",
    "status": "active",
    "deleted": false,
    "createdAt": "2024-08-27T11:47:50.680Z"
  },
  {
    "fullName": "Rebecca Carroll",
    "email": "Freeda72@yahoo.com",
    "password": "$2b$10$4YDbVUC2R25Ak0w7tD2Tw.HdpQArvFzMJWKNbwIPG4xrX6WuwFiiO",
    "phone": "936-847-6675 x41581",
    "sex": "other",
    "status": "active",
    "deleted": false,
    "createdAt": "2024-08-27T13:49:18.523Z"
  },
  {
    "googleId": "d35b0035-505f-494b-8a1b-7d97277b16c3",
    "fullName": "Keith Botsford",
    "email": "Clifford_Torp12@gmail.com",
    "phone": "570.532.8702 x79442",
    "sex": "female",
    "status": "active",
    "deleted": false,
    "createdAt": "2024-08-27T17:55:16.010Z"
  },
  {
    "githubId": "c111b381-8e98-4155-8b51-0aecca1cf84e",
    "fullName": "Ms. Chelsea Turcotte DDS",
    "email": "Vivianne_Conroy35@hotmail.com",
    "phone": "(818) 579-5798 x271",
    "sex": "female",
    "status": "active",
    "deleted": false,
    "createdAt": "2024-08-27T22:38:19.797Z"
  },
  {
    "googleId": "ca5bbcef-7226-4b35-88ed-b5f2f2a6e417",
    "fullName": "Keith Ankunding II",
    "email": "Franz85@hotmail.com",
    "phone": "1-450-287-7306",
    "sex": "female",
    "status": "active",
    "deleted": false,
    "createdAt": "2024-08-28T00:52:13.902Z"
  },
  {
    "facebookId": "ec568627-06c1-4ed6-965e-8cbda0396e90",
    "fullName": "Tracey Hammes",
    "email": "Kacie33@gmail.com",
    "phone": "886-248-7472 x591",
    "sex": "other",
    "status": "active",
    "deleted": false,
    "createdAt": "2024-08-28T01:51:20.815Z"
  },
  {
    "facebookId": "763f0621-95c2-498c-bfe7-f7514cb384bc",
    "fullName": "Kristie Hayes",
    "email": "Irma26@gmail.com",
    "phone": "1-354-603-9277",
    "sex": "other",
    "status": "active",
    "deleted": false,
    "createdAt": "2024-08-28T12:24:23.027Z"
  },
  {
    "facebookId": "55fb6e39-ab9b-4611-95f5-9a79db62847b",
    "fullName": "Terry Hammes",
    "email": "Raegan_Kassulke@hotmail.com",
    "phone": "1-217-572-7481 x54266",
    "sex": "female",
    "status": "active",
    "deleted": false,
    "createdAt": "2024-08-28T12:25:17.550Z"
  },
  {
    "facebookId": "e3f81669-03ff-49b1-987a-4f10ddf183ae",
    "fullName": "Dr. Eugene McKenzie",
    "email": "Gretchen.Weber@yahoo.com",
    "phone": "1-737-871-7374 x82308",
    "sex": "female",
    "status": "active",
    "deleted": false,
    "createdAt": "2024-08-28T14:21:19.750Z"
  },
  {
    "facebookId": "1513fe0c-7eb7-4a4e-b744-636eabe63725",
    "fullName": "Herman Murphy",
    "email": "Pete.Morar@hotmail.com",
    "phone": "973.550.6740 x45342",
    "sex": "other",
    "status": "active",
    "deleted": false,
    "createdAt": "2024-08-28T22:21:38.367Z"
  },
  {
    "facebookId": "716908dd-9605-49f8-a0b0-25799f21fa24",
    "fullName": "Eileen Bechtelar",
    "email": "Ocie_Welch-OConner@hotmail.com",
    "phone": "1-460-983-8650 x55364",
    "sex": "male",
    "status": "active",
    "deleted": false,
    "createdAt": "2024-08-29T09:22:46.102Z"
  },
  {
    "fullName": "Derek Hilll",
    "email": "Adrian53@gmail.com",
    "password": "$2b$10$GMG5npIl9sf1e2SkoY5Uk.NEFvjHjDCphJGZQ96HKrxtq4Y3PPJjO",
    "phone": "249-533-4557",
    "sex": "female",
    "status": "active",
    "deleted": false,
    "createdAt": "2024-08-29T12:32:22.977Z"
  },
  {
    "fullName": "Kent MacGyver-Buckridge",
    "email": "Felton.Johnson6@gmail.com",
    "password": "$2b$10$BHttjvGweG0jNuAXGMmEM.ZrhWrtFfUAMfln5oH3KASC7GcqpJXoa",
    "phone": "1-823-310-1912 x827",
    "sex": "male",
    "status": "active",
    "deleted": false,
    "createdAt": "2024-08-29T16:46:20.761Z"
  }
]
