[
  {
    "fullName": "Hannah Gislason",
    "email": "Leanne_Parisian14@gmail.com",
    "password": "$2b$10$aWoq/iNLUoUcAib0lsIJ8e.yPl6NXH/Yh/MgZXnlC9sBIAc.CKRVe",
    "phone": "550-863-6306 x908",
    "sex": "male",
    "status": "active",
    "deleted": false,
    "createdAt": "2024-11-01T00:42:23.272Z"
  },
  {
    "googleId": "434f5b01-6779-493f-9d1e-42342772d359",
    "fullName": "Mr. Leon Strosin",
    "email": "Molly.Turcotte@gmail.com",
    "phone": "681-659-3853 x8591",
    "sex": "female",
    "status": "active",
    "deleted": false,
    "createdAt": "2024-11-01T11:15:37.839Z"
  },
  {
    "githubId": "d0568b83-401f-48f5-a272-8a471c04a5c5",
    "fullName": "Lionel Yundt",
    "email": "Retta.Hartmann@hotmail.com",
    "phone": "963.591.6022 x2037",
    "sex": "male",
    "status": "active",
    "deleted": false,
    "createdAt": "2024-11-01T12:13:15.879Z"
  },
  {
    "facebookId": "08c5ccae-c759-4550-8d49-523b725497a2",
    "fullName": "Greg Adams",
    "email": "Efren45@hotmail.com",
    "phone": "1-350-860-0999 x845",
    "sex": "male",
    "status": "active",
    "deleted": false,
    "createdAt": "2024-11-01T17:10:31.793Z"
  },
  {
    "fullName": "Emma Littel",
    "email": "Amelie_Kub71@yahoo.com",
    "password": "$2b$10$Gh0OSDkJUd5l2uim8eBRf.x21GAA660OLpvNcgFhMw3MlxTsLQLPy",
    "phone": "775-357-3717 x61751",
    "sex": "male",
    "status": "active",
    "deleted": false,
    "createdAt": "2024-11-01T17:18:47.971Z"
  },
  {
    "githubId": "e1a08d53-87ca-44af-a4dc-3f748e9a799f",
    "fullName": "Bethany Schaden",
    "email": "Emmitt.Morar-Lowe4@yahoo.com",
    "phone": "492-734-3368 x67418",
    "sex": "female",
    "status": "active",
    "deleted": false,
    "createdAt": "2024-11-02T00:18:30.539Z"
  },
  {
    "googleId": "7c7f50ba-55b3-4a7d-8dd1-6c1ea31553e3",
    "fullName": "Ken Wehner",
    "email": "Naomie.Watsica@gmail.com",
    "phone": "521.394.9113",
    "sex": "male",
    "status": "active",
    "deleted": false,
    "createdAt": "2024-11-02T00:19:24.075Z"
  },
  {
    "facebookId": "a4c86d10-18fd-4149-b865-c11e5983c3cf",
    "fullName": "Wendell Reichel",
    "email": "Cordelia_Hessel@hotmail.com",
    "phone": "830.829.0865 x872",
    "sex": "other",
    "status": "active",
    "deleted": false,
    "createdAt": "2024-11-02T03:48:26.525Z"
  },
  {
    "googleId": "f864809f-133c-4ee3-a0d8-93e11a075091",
    "fullName": "Elisa Schamberger DVM",
    "email": "Chaz92@gmail.com",
    "phone": "(620) 518-0617 x6571",
    "sex": "other",
    "status": "active",
    "deleted": false,
    "createdAt": "2024-11-02T09:29:20.741Z"
  },
  {
    "githubId": "2eeeabc6-4acb-4eaa-8d25-6b83a3b52e00",
    "fullName": "Randal Hoppe",
    "email": "Bryon.Greenholt-Price@hotmail.com",
    "phone": "849-476-6670 x5143",
    "sex": "other",
    "status": "active",
    "deleted": false,
    "createdAt": "2024-11-02T12:11:15.138Z"
  },
  {
    "facebookId": "f2b9e871-6aca-410f-878f-6ce2e7e4f7be",
    "fullName": "Floyd Stark",
    "email": "Shyanne_Ernser6@gmail.com",
    "phone": "501.695.3281",
    "sex": "other",
    "status": "active",
    "deleted": false,
    "createdAt": "2024-11-02T15:57:42.099Z"
  },
  {
    "githubId": "c21ef563-ba30-4a8c-aaca-67cdfb6bb9ad",
    "fullName": "Calvin Considine",
    "email": "Kraig.Tromp@gmail.com",
    "phone": "626-429-4743 x4240",
    "sex": "male",
    "status": "active",
    "deleted": false,
    "createdAt": "2024-11-02T17:33:41.244Z"
  },
  {
    "fullName": "Nettie Rice",
    "email": "Moises52@gmail.com",
    "password": "$2b$10$7tG74k6G1tvV3Y38Fotoy.ep1Hy3lQhedQW11jUJNjeW/Muip9S9m",
    "phone": "(922) 253-3498",
    "sex": "male",
    "status": "active",
    "deleted": false,
    "createdAt": "2024-11-02T17:40:19.921Z"
  },
  {
    "githubId": "70cd76e8-3ca3-4f8a-9cbb-c0bca682a3de",
    "fullName": "Mathew Reynolds",
    "email": "Hershel.Grimes28@yahoo.com",
    "phone": "542.883.9221 x628",
    "sex": "other",
    "status": "active",
    "deleted": false,
    "createdAt": "2024-11-02T18:42:43.416Z"
  },
  {
    "facebookId": "a6ddbc68-7b5f-4106-8c3b-5e8d9bb5e5a1",
    "fullName": "Noel Koepp",
    "email": "Brycen10@yahoo.com",
    "phone": "794.229.4481 x33346",
    "sex": "female",
    "status": "active",
    "deleted": false,
    "createdAt": "2024-11-02T19:03:36.725Z"
  },
  {
    "googleId": "e97d657e-52b7-448d-8923-b053ef0806d7",
    "fullName": "Irene Friesen",
    "email": "Graciela.Rolfson@hotmail.com",
    "phone": "250.666.3631 x861",
    "sex": "other",
    "status": "active",
    "deleted": false,
    "createdAt": "2024-11-02T23:43:18.973Z"
  },
  {
    "githubId": "de323cd1-97fc-48af-818e-a44af2434689",
    "fullName": "Marty Sauer",
    "email": "Kianna_Breitenberg67@hotmail.com",
    "phone": "499-958-1635 x083",
    "sex": "male",
    "status": "active",
    "deleted": false,
    "createdAt": "2024-11-03T04:29:49.710Z"
  },
  {
    "facebookId": "b4688be3-c5c9-4dcb-b87a-8a505951a943",
    "fullName": "Lamar Anderson",
    "email": "Dejah.Bosco@yahoo.com",
    "phone": "(360) 961-2367",
    "sex": "other",
    "status": "active",
    "deleted": false,
    "createdAt": "2024-11-03T05:33:11.771Z"
  },
  {
    "facebookId": "2b74ec77-a76a-406c-a391-005450db5584",
    "fullName": "Archie Morar",
    "email": "Angelo29@yahoo.com",
    "phone": "1-357-621-3930",
    "sex": "male",
    "status": "active",
    "deleted": false,
    "createdAt": "2024-11-03T06:09:25.809Z"
  },
  {
    "fullName": "Leland Zieme",
    "email": "Pascale.Welch29@yahoo.com",
    "password": "$2b$10$pKnmY3p5vTuT59ux13fG0ew9mzatuHp0e7z3qOws0OQ8cDlsE2OqS",
    "phone": "599-459-5944 x378",
    "sex": "female",
    "status": "active",
    "deleted": false,
    "createdAt": "2024-11-03T06:36:49.382Z"
  },
  {
    "facebookId": "b53f01fa-1a67-4b58-90a7-332ff400aac2",
    "fullName": "Mrs. Tasha Langworth",
    "email": "Araceli_Lynch@hotmail.com",
    "phone": "1-577-231-4058 x597",
    "sex": "other",
    "status": "active",
    "deleted": false,
    "createdAt": "2024-11-03T08:48:31.744Z"
  },
  {
    "facebookId": "c2d83c00-9add-47fa-a8e8-49de98400f7a",
    "fullName": "Chris Franecki PhD",
    "email": "Billy23@gmail.com",
    "phone": "1-895-826-2383 x84081",
    "sex": "male",
    "status": "active",
    "deleted": false,
    "createdAt": "2024-11-03T12:53:03.544Z"
  },
  {
    "googleId": "3b82389c-9e8a-416c-9942-cd6f0cc74c91",
    "fullName": "Mr. Clifton Daniel",
    "email": "Josefina.Schumm@yahoo.com",
    "phone": "1-590-875-6543 x75267",
    "sex": "other",
    "status": "active",
    "deleted": false,
    "createdAt": "2024-11-03T14:10:35.305Z"
  },
  {
    "googleId": "3002e407-1b69-490c-b81a-7263ee1854c0",
    "fullName": "Vernon Spencer",
    "email": "Stella_Hodkiewicz@hotmail.com",
    "phone": "514-436-3131 x544",
    "sex": "female",
    "status": "active",
    "deleted": false,
    "createdAt": "2024-11-03T15:01:12.718Z"
  },
  {
    "googleId": "845d3f1f-4c0d-4b05-a2c1-e11afe6ee050",
    "fullName": "Deanna Effertz",
    "email": "Irma.Volkman28@hotmail.com",
    "phone": "985.935.7296",
    "sex": "female",
    "status": "active",
    "deleted": false,
    "createdAt": "2024-11-03T16:01:42.285Z"
  },
  {
    "fullName": "Charles Hermiston",
    "email": "Luis_Koelpin22@hotmail.com",
    "password": "$2b$10$0IpZJrLt2uOfeJqR0u7BNOam5v4CgazQxvayZMe/FbX280Hdpmf16",
    "phone": "245.770.3915",
    "sex": "other",
    "status": "active",
    "deleted": false,
    "createdAt": "2024-11-03T17:36:49.429Z"
  },
  {
    "googleId": "2a1f5153-fbe9-48f0-8009-95002e42d0f3",
    "fullName": "Mr. David Padberg",
    "email": "Fritz71@hotmail.com",
    "phone": "(266) 827-7114",
    "sex": "female",
    "status": "active",
    "deleted": false,
    "createdAt": "2024-11-03T21:53:09.442Z"
  },
  {
    "fullName": "Ruby Turner",
    "email": "Alyce24@hotmail.com",
    "password": "$2b$10$/QW6RL.FFPL1gi5IcgFZZuj8gGB1bb/qh3Z2Eer2QKRsx9NfwwKFG",
    "phone": "1-540-367-5867 x413",
    "sex": "male",
    "status": "active",
    "deleted": false,
    "createdAt": "2024-11-03T22:26:10.535Z"
  },
  {
    "facebookId": "4e581536-9018-4d5e-9324-b01802965fe5",
    "fullName": "Leo Boyer DDS",
    "email": "Emmy_Bosco15@gmail.com",
    "phone": "266.328.0891",
    "sex": "male",
    "status": "active",
    "deleted": false,
    "createdAt": "2024-11-04T00:17:41.415Z"
  },
  {
    "googleId": "ca818437-db5d-4aa7-8663-7bdae7b7fccd",
    "fullName": "Melinda Hodkiewicz",
    "email": "Carolina79@gmail.com",
    "phone": "1-575-911-3699",
    "sex": "other",
    "status": "active",
    "deleted": false,
    "createdAt": "2024-11-04T00:23:18.908Z"
  },
  {
    "facebookId": "b5a9b9ed-d2ae-4a16-91b8-540581ef3535",
    "fullName": "Darla Hayes",
    "email": "Ivy60@yahoo.com",
    "phone": "(935) 796-4666 x5004",
    "sex": "other",
    "status": "active",
    "deleted": false,
    "createdAt": "2024-11-04T00:23:31.768Z"
  },
  {
    "googleId": "228661cb-39ac-41ae-9535-ad0b37214fd7",
    "fullName": "Dianna Mayert",
    "email": "Eliseo96@gmail.com",
    "phone": "355.557.8373 x651",
    "sex": "other",
    "status": "active",
    "deleted": false,
    "createdAt": "2024-11-04T12:45:54.910Z"
  },
  {
    "githubId": "4546253a-c863-4b68-90b1-6dd31d1ca151",
    "fullName": "Dr. Gene Zieme Jr.",
    "email": "Elmer_Bode@hotmail.com",
    "phone": "958-823-8129 x1413",
    "sex": "female",
    "status": "active",
    "deleted": false,
    "createdAt": "2024-11-04T13:43:38.290Z"
  },
  {
    "fullName": "Brandon Bergstrom",
    "email": "Alex_Langosh62@hotmail.com",
    "password": "$2b$10$y9vHVUNIiuSKYyu6OczsF.MDFF7ZhtlZZMMNDKi8EH5DFyqCu24Ji",
    "phone": "1-882-970-8943 x9188",
    "sex": "female",
    "status": "active",
    "deleted": false,
    "createdAt": "2024-11-04T14:53:34.273Z"
  },
  {
    "facebookId": "48bd2fb5-8cf8-4581-9373-a54862b36207",
    "fullName": "Israel Dickinson",
    "email": "Lynn.Johnston@gmail.com",
    "phone": "212-378-9803 x71258",
    "sex": "male",
    "status": "active",
    "deleted": false,
    "createdAt": "2024-11-04T17:17:05.253Z"
  },
  {
    "fullName": "Krystal Leannon",
    "email": "Rod.Moore6@yahoo.com",
    "password": "$2b$10$Le6pn4wiKE0179V1RN/D9eY9Juk6hOeMYYmCuKQCboUcdRbJb7qQW",
    "phone": "(372) 652-5533",
    "sex": "female",
    "status": "active",
    "deleted": false,
    "createdAt": "2024-11-04T18:46:46.138Z"
  },
  {
    "fullName": "Sheryl Dibbert",
    "email": "Dino_Miller42@yahoo.com",
    "password": "$2b$10$Ld825RSdhXeW5BZ3AQ7sWeYk00wugynUXb3wu9oYghOapDVk4proq",
    "phone": "736-862-5828 x3246",
    "sex": "male",
    "status": "active",
    "deleted": false,
    "createdAt": "2024-11-04T19:56:06.274Z"
  },
  {
    "googleId": "64d8136f-381b-466a-a78d-fcfbb03f9c84",
    "fullName": "Frances Morar IV",
    "email": "Abraham_Waters@hotmail.com",
    "phone": "(545) 923-2963 x65749",
    "sex": "female",
    "status": "active",
    "deleted": false,
    "createdAt": "2024-11-04T21:26:32.491Z"
  },
  {
    "facebookId": "3bfa09d6-4779-4eaa-8550-b14affa72df7",
    "fullName": "Ray Cassin",
    "email": "Julie_Sanford0@yahoo.com",
    "phone": "685-410-9586 x2759",
    "sex": "male",
    "status": "active",
    "deleted": false,
    "createdAt": "2024-11-05T06:14:42.980Z"
  },
  {
    "facebookId": "78d8b632-54f7-40d7-bf57-c3aab9fb9a18",
    "fullName": "Toni Frami",
    "email": "Kaleigh_Auer-Jerde@hotmail.com",
    "phone": "1-526-350-6547 x5628",
    "sex": "female",
    "status": "active",
    "deleted": false,
    "createdAt": "2024-11-05T13:15:40.247Z"
  },
  {
    "facebookId": "9bbb509a-d5e5-4ef5-be7a-d5b8359a1383",
    "fullName": "Natasha Price",
    "email": "Lola.Kuhlman@gmail.com",
    "phone": "(546) 689-7638",
    "sex": "unknown",
    "status": "active",
    "deleted": false,
    "createdAt": "2024-11-05T14:04:49.692Z"
  },
  {
    "fullName": "Jordan Gulgowski",
    "email": "Samir.Brekke63@gmail.com",
    "password": "$2b$10$d8QTdjFxKOM5tKHa3xWfi.D1pQu2KcY9DqtqzZyLDuyF8DtwU5942",
    "phone": "302-219-1017",
    "sex": "other",
    "status": "active",
    "deleted": false,
    "createdAt": "2024-11-05T22:31:43.669Z"
  },
  {
    "githubId": "aff89eda-b05b-421d-9d68-637b7107d347",
    "fullName": "Pat Parker",
    "email": "Priscilla_Rodriguez32@yahoo.com",
    "phone": "1-912-201-5892",
    "sex": "male",
    "status": "active",
    "deleted": false,
    "createdAt": "2024-11-06T04:48:17.548Z"
  },
  {
    "githubId": "10d1bbcf-eb30-4651-8b8a-f0359e4e6066",
    "fullName": "Tasha Corwin-Schmitt V",
    "email": "Wanda85@yahoo.com",
    "phone": "(310) 294-5502",
    "sex": "male",
    "status": "active",
    "deleted": false,
    "createdAt": "2024-11-06T06:22:40.398Z"
  },
  {
    "googleId": "5fe0b80c-2833-4979-8732-72c5cc67d5d7",
    "fullName": "Manuel Zboncak",
    "email": "Mireille_Sanford3@hotmail.com",
    "phone": "1-363-438-2060",
    "sex": "other",
    "status": "active",
    "deleted": false,
    "createdAt": "2024-11-06T21:20:12.329Z"
  },
  {
    "googleId": "986182cc-01f4-4c4d-86fa-677d0e0873ac",
    "fullName": "Thelma Dickinson",
    "email": "Cordelia61@gmail.com",
    "phone": "519-808-3110",
    "sex": "male",
    "status": "active",
    "deleted": false,
    "createdAt": "2024-11-07T00:41:28.824Z"
  },
  {
    "facebookId": "55c4e8be-896d-42c7-b6fd-09309566479c",
    "fullName": "Jill Mueller",
    "email": "Titus_Weissnat28@hotmail.com",
    "phone": "394.388.8711 x96901",
    "sex": "other",
    "status": "active",
    "deleted": false,
    "createdAt": "2024-11-07T03:11:56.270Z"
  },
  {
    "googleId": "8e0aac4e-31b7-404e-a389-f1011bf0c19c",
    "fullName": "Ms. Nancy Bashirian",
    "email": "Margarett_Bernier@hotmail.com",
    "phone": "(824) 346-1457",
    "sex": "female",
    "status": "active",
    "deleted": false,
    "createdAt": "2024-11-07T03:33:33.470Z"
  },
  {
    "facebookId": "18616229-3d9b-40fc-9fba-beff17435144",
    "fullName": "Brandi Rempel-Block",
    "email": "Ima.Hoeger@gmail.com",
    "phone": "1-553-856-7203 x804",
    "sex": "female",
    "status": "active",
    "deleted": false,
    "createdAt": "2024-11-07T03:35:33.398Z"
  },
  {
    "fullName": "Loretta Farrell",
    "email": "Deangelo.Swift10@yahoo.com",
    "password": "$2b$10$cwLuv8aCusp3OiK127EQQu20JNPCvwz2nfJXvOvvA1o.cJBFu347u",
    "phone": "(545) 849-7399 x72058",
    "sex": "other",
    "status": "active",
    "deleted": false,
    "createdAt": "2024-11-07T12:19:15.733Z"
  },
  {
    "fullName": "Sammy Bashirian",
    "email": "Franco_Glover@gmail.com",
    "password": "$2b$10$2fi.p9je7zcE0fMp7651aeCeu8q2OmtyL2b/T2YXaHrQwr2hvBGDK",
    "phone": "1-463-414-5635 x0615",
    "sex": "male",
    "status": "active",
    "deleted": false,
    "createdAt": "2024-11-07T20:05:05.252Z"
  },
  {
    "githubId": "105bf63b-0f65-4cc1-a005-c7b49d8ffaae",
    "fullName": "Moses Emard",
    "email": "Lillian.Brekke@gmail.com",
    "phone": "1-605-894-5812",
    "sex": "male",
    "status": "active",
    "deleted": false,
    "createdAt": "2024-11-08T00:23:07.282Z"
  },
  {
    "fullName": "Rachel Zemlak",
    "email": "Effie.Prosacco92@gmail.com",
    "password": "$2b$10$Yn58RD9.zBJ1WBdLnf1lc.GSSQMUZ5F9AKN.vYHHCEcsTj9rzWkMK",
    "phone": "872-338-3376 x6381",
    "sex": "male",
    "status": "active",
    "deleted": false,
    "createdAt": "2024-11-08T00:34:57.064Z"
  },
  {
    "fullName": "Abraham Pfannerstill",
    "email": "Dejuan98@yahoo.com",
    "password": "$2b$10$IJHyijgT3jJ1brTZ4SsS4ufXSTzySbeckfY6ptSsowFkB8YDytP5q",
    "phone": "996.234.3732 x85602",
    "sex": "other",
    "status": "active",
    "deleted": false,
    "createdAt": "2024-11-08T03:07:47.711Z"
  },
  {
    "githubId": "3b7a5750-f93d-44d4-8191-512d6f3e607c",
    "fullName": "Mrs. Margaret Hartmann DVM",
    "email": "Felicity_Lubowitz65@yahoo.com",
    "phone": "(319) 244-6656",
    "sex": "other",
    "status": "active",
    "deleted": false,
    "createdAt": "2024-11-08T04:15:01.772Z"
  },
  {
    "facebookId": "75462278-3e65-4235-9a2b-a2edeabb79c9",
    "fullName": "Kurt Schumm",
    "email": "Lilla60@hotmail.com",
    "phone": "373.766.3842 x6439",
    "sex": "other",
    "status": "active",
    "deleted": false,
    "createdAt": "2024-11-08T04:26:15.212Z"
  },
  {
    "githubId": "b3ea3bd8-ee74-4f37-9bbe-c81cd0271381",
    "fullName": "Keith Homenick",
    "email": "Armand76@yahoo.com",
    "phone": "847.780.6316 x418",
    "sex": "other",
    "status": "active",
    "deleted": false,
    "createdAt": "2024-11-08T06:14:19.545Z"
  },
  {
    "googleId": "44e8a815-2bae-4732-a5dd-14477be8af24",
    "fullName": "Camille Hansen",
    "email": "Letha21@yahoo.com",
    "phone": "657.704.6956",
    "sex": "other",
    "status": "active",
    "deleted": false,
    "createdAt": "2024-11-08T07:57:20.686Z"
  },
  {
    "facebookId": "f332f5b9-bd48-4033-a0ec-f15d7d819719",
    "fullName": "Gabriel Koelpin",
    "email": "Emmie.Franey@yahoo.com",
    "phone": "(697) 346-3167 x8095",
    "sex": "other",
    "status": "active",
    "deleted": false,
    "createdAt": "2024-11-08T14:47:04.367Z"
  },
  {
    "googleId": "60804806-a2c4-4e4d-98f2-2263d4420ac0",
    "fullName": "Susan Mann",
    "email": "Haylee14@yahoo.com",
    "phone": "1-917-913-4379 x043",
    "sex": "other",
    "status": "active",
    "deleted": false,
    "createdAt": "2024-11-08T17:08:43.985Z"
  },
  {
    "facebookId": "f86ad4de-67ba-47db-8024-475a53ab945b",
    "fullName": "Inez Cartwright",
    "email": "Novella.Rutherford@yahoo.com",
    "phone": "1-280-517-1399",
    "sex": "male",
    "status": "active",
    "deleted": false,
    "createdAt": "2024-11-08T23:51:09.133Z"
  },
  {
    "googleId": "08dd258b-75f8-4c20-b6aa-0de5cb5126a8",
    "fullName": "Jody Bartell",
    "email": "Pascale59@yahoo.com",
    "phone": "(907) 239-0695 x7185",
    "sex": "other",
    "status": "active",
    "deleted": false,
    "createdAt": "2024-11-09T01:24:04.931Z"
  },
  {
    "googleId": "e7f98deb-f18a-4ea3-ae78-d2b020706ace",
    "fullName": "Ernest Prohaska",
    "email": "Ola.Sawayn@gmail.com",
    "phone": "1-333-712-1479 x4299",
    "sex": "female",
    "status": "active",
    "deleted": false,
    "createdAt": "2024-11-09T06:13:57.416Z"
  },
  {
    "facebookId": "26ed0f0b-0beb-4ff8-a1c0-5c9c2504b182",
    "fullName": "Elsie Jones",
    "email": "Madeline_Spinka94@hotmail.com",
    "phone": "511-294-2856 x757",
    "sex": "female",
    "status": "active",
    "deleted": false,
    "createdAt": "2024-11-09T08:42:59.913Z"
  },
  {
    "githubId": "4ee90e87-3b22-4d0f-948b-94531844966b",
    "fullName": "Miss Irma Fritsch",
    "email": "Susie_Gerhold64@yahoo.com",
    "phone": "433.861.8751 x52016",
    "sex": "female",
    "status": "active",
    "deleted": false,
    "createdAt": "2024-11-09T09:42:37.297Z"
  },
  {
    "githubId": "3a3f7168-c0a4-47b0-b819-f30895daba81",
    "fullName": "Alfonso Predovic",
    "email": "Olga5@gmail.com",
    "phone": "1-899-932-4122 x735",
    "sex": "other",
    "status": "active",
    "deleted": false,
    "createdAt": "2024-11-09T10:41:08.209Z"
  },
  {
    "facebookId": "16f54a27-8f59-4edf-9ab3-0ffdf0d92810",
    "fullName": "Vera Shanahan",
    "email": "Misael.Heidenreich@gmail.com",
    "phone": "553.771.6110",
    "sex": "female",
    "status": "active",
    "deleted": false,
    "createdAt": "2024-11-09T12:47:02.914Z"
  },
  {
    "fullName": "Audrey Jacobson",
    "email": "Hoyt21@yahoo.com",
    "password": "$2b$10$aMxv/mxXa0cRKjSL19dzXOLpWy0JFOpxcfNrknSh/QWb4Ap7BKvcu",
    "phone": "(503) 345-0951",
    "sex": "male",
    "status": "active",
    "deleted": false,
    "createdAt": "2024-11-09T13:25:19.038Z"
  },
  {
    "googleId": "6ae81d57-5459-4b0b-adcf-e86fda79092b",
    "fullName": "Annette Ruecker PhD",
    "email": "Ari_Haley99@hotmail.com",
    "phone": "(856) 419-5307 x4116",
    "sex": "other",
    "status": "active",
    "deleted": false,
    "createdAt": "2024-11-09T16:01:26.482Z"
  },
  {
    "googleId": "624bfa13-c3a6-4bc5-b3da-377719020999",
    "fullName": "Catherine Cremin",
    "email": "Leone.Yost@yahoo.com",
    "phone": "336-604-5447 x78112",
    "sex": "male",
    "status": "active",
    "deleted": false,
    "createdAt": "2024-11-09T16:59:03.392Z"
  },
  {
    "fullName": "Jesus Raynor",
    "email": "Sheridan.Kassulke@gmail.com",
    "password": "$2b$10$nmFnfbV2HRFj8lrHZMAYFOiXPKE8GCOmx8uYp58tf7qu8C7pbHrPG",
    "phone": "655.769.0185 x37612",
    "sex": "female",
    "status": "active",
    "deleted": false,
    "createdAt": "2024-11-09T20:45:59.772Z"
  },
  {
    "fullName": "Nick Buckridge",
    "email": "Victor22@hotmail.com",
    "password": "$2b$10$zasvBxOFZzIrPxIlypGS1ujWH3nJRUx2bCawDyHc6gXYG6N49Fn8S",
    "phone": "(408) 627-2477 x79185",
    "sex": "other",
    "status": "active",
    "deleted": false,
    "createdAt": "2024-11-09T21:11:13.635Z"
  },
  {
    "facebookId": "ca7bf129-1467-4e00-a827-a9b2f37e5c42",
    "fullName": "Marlon Hudson",
    "email": "Kenyon25@gmail.com",
    "phone": "887-858-3181 x710",
    "sex": "male",
    "status": "active",
    "deleted": false,
    "createdAt": "2024-11-09T21:12:20.239Z"
  },
  {
    "googleId": "57f67285-0301-49db-bbc9-8d81dfe81735",
    "fullName": "Cecil Luettgen",
    "email": "Mohammad_Okuneva@yahoo.com",
    "phone": "(519) 323-4496 x0105",
    "sex": "male",
    "status": "active",
    "deleted": false,
    "createdAt": "2024-11-09T23:23:38.981Z"
  },
  {
    "facebookId": "bdf78abb-00d6-4a22-b894-457ed350217b",
    "fullName": "Bobbie Crist",
    "email": "Reinhold_Hilll-Cruickshank92@gmail.com",
    "phone": "(485) 912-2761 x07404",
    "sex": "male",
    "status": "active",
    "deleted": false,
    "createdAt": "2024-11-10T02:18:47.113Z"
  },
  {
    "googleId": "e259e1ff-3e1a-42a5-907b-c7e073021f7b",
    "fullName": "Dr. Chad Conroy",
    "email": "Annalise.Abernathy11@hotmail.com",
    "phone": "(440) 470-7899 x86799",
    "sex": "female",
    "status": "active",
    "deleted": false,
    "createdAt": "2024-11-10T04:22:15.968Z"
  },
  {
    "facebookId": "b36fd04a-5f3b-435b-9a44-09d86e5ccb11",
    "fullName": "Betsy Littel-Bechtelar",
    "email": "Rylee.Mante1@hotmail.com",
    "phone": "1-780-422-4452",
    "sex": "other",
    "status": "active",
    "deleted": false,
    "createdAt": "2024-11-10T05:23:08.134Z"
  },
  {
    "facebookId": "337ee9f2-08fb-40b8-9aff-e2e207b46f9e",
    "fullName": "Guadalupe Considine",
    "email": "Genevieve.Monahan@yahoo.com",
    "phone": "745-490-4379 x8530",
    "sex": "female",
    "status": "active",
    "deleted": false,
    "createdAt": "2024-11-10T05:36:06.059Z"
  },
  {
    "githubId": "b1f34843-3cda-409c-a742-64d732714c3b",
    "fullName": "Freddie Kreiger",
    "email": "Robb58@gmail.com",
    "phone": "277.427.0558",
    "sex": "other",
    "status": "active",
    "deleted": false,
    "createdAt": "2024-11-10T05:54:17.926Z"
  },
  {
    "googleId": "607f200f-0411-464e-9604-ca4df5c864c5",
    "fullName": "Marc Hessel",
    "email": "Dennis.Schaden-Bergstrom91@hotmail.com",
    "phone": "904.756.5874 x3197",
    "sex": "other",
    "status": "active",
    "deleted": false,
    "createdAt": "2024-11-10T21:47:02.624Z"
  },
  {
    "fullName": "Darla Willms",
    "email": "Eveline75@hotmail.com",
    "password": "$2b$10$dEujE.8at51mD/2Ts1GS5emh5E31IzwCx33LZ4dHuah6dYTGVCkf6",
    "phone": "237.903.4616 x4489",
    "sex": "other",
    "status": "active",
    "deleted": false,
    "createdAt": "2024-11-11T00:53:29.356Z"
  },
  {
    "googleId": "4cfad70b-200a-4537-b9fb-b5964d216104",
    "fullName": "Troy Sanford",
    "email": "Trystan22@yahoo.com",
    "phone": "1-486-293-1945",
    "sex": "other",
    "status": "active",
    "deleted": false,
    "createdAt": "2024-11-11T03:17:14.170Z"
  },
  {
    "facebookId": "3d4ea574-5af7-42ee-a617-e7fa30ce4a32",
    "fullName": "Jeanne Crooks",
    "email": "Leora5@gmail.com",
    "phone": "302-203-6749",
    "sex": "male",
    "status": "active",
    "deleted": false,
    "createdAt": "2024-11-11T04:10:13.191Z"
  },
  {
    "googleId": "667a523c-afec-46a6-b8d3-514ce84974cc",
    "fullName": "Fredrick Jacobi",
    "email": "Hanna82@yahoo.com",
    "phone": "1-625-892-0309 x95628",
    "sex": "other",
    "status": "active",
    "deleted": false,
    "createdAt": "2024-11-11T07:23:53.279Z"
  },
  {
    "facebookId": "89090997-da5b-4ff8-9f74-5da5bbf60fbd",
    "fullName": "Alexis Kiehn I",
    "email": "Sanford_Deckow@yahoo.com",
    "phone": "932.893.0635 x83071",
    "sex": "other",
    "status": "active",
    "deleted": false,
    "createdAt": "2024-11-11T07:46:39.497Z"
  },
  {
    "facebookId": "ddab3ceb-c035-41fe-842b-da9bbcf59001",
    "fullName": "Pam Breitenberg",
    "email": "Tyrell82@yahoo.com",
    "phone": "1-627-728-2080 x14272",
    "sex": "female",
    "status": "active",
    "deleted": false,
    "createdAt": "2024-11-11T09:11:30.964Z"
  },
  {
    "fullName": "Gilberto Green",
    "email": "Demarco.Emard@yahoo.com",
    "password": "$2b$10$XrInKn62XqbQxz4gKixgd.mn0iW12tzDZMNfjkxUp2xd6GvraZzRG",
    "phone": "(797) 573-4745",
    "sex": "female",
    "status": "active",
    "deleted": false,
    "createdAt": "2024-11-11T11:12:25.774Z"
  },
  {
    "googleId": "bad59769-0de0-4035-b1af-5ea22e277dbf",
    "fullName": "Desiree Watsica",
    "email": "Kellen31@yahoo.com",
    "phone": "306.398.5519 x20738",
    "sex": "other",
    "status": "active",
    "deleted": false,
    "createdAt": "2024-11-11T13:12:11.379Z"
  },
  {
    "githubId": "e01f1ed1-a54c-41a7-8a21-12dbc23e9536",
    "fullName": "Irene Crona PhD",
    "email": "Kira96@yahoo.com",
    "phone": "707.541.9372 x454",
    "sex": "female",
    "status": "active",
    "deleted": false,
    "createdAt": "2024-11-11T17:15:01.404Z"
  },
  {
    "googleId": "d6a4a4e8-f464-4b4e-8187-b554296547da",
    "fullName": "Todd Graham",
    "email": "Gerda91@gmail.com",
    "phone": "946.490.5185 x546",
    "sex": "other",
    "status": "active",
    "deleted": false,
    "createdAt": "2024-11-12T00:09:01.294Z"
  },
  {
    "githubId": "5a688c0d-49fe-4037-a2a4-aa3facaa79ea",
    "fullName": "Preston Homenick",
    "email": "Joan_Lowe60@gmail.com",
    "phone": "(558) 743-2379 x119",
    "sex": "other",
    "status": "active",
    "deleted": false,
    "createdAt": "2024-11-12T01:32:25.863Z"
  },
  {
    "googleId": "2c5da169-4c06-42c6-b36c-5455a91f133c",
    "fullName": "Earl Shields",
    "email": "Carlee.Bartell39@gmail.com",
    "phone": "(793) 408-4189",
    "sex": "male",
    "status": "active",
    "deleted": false,
    "createdAt": "2024-11-12T01:43:30.086Z"
  },
  {
    "googleId": "e2281a33-1b6c-407b-be56-5999eb47ba4e",
    "fullName": "Bernice Johns",
    "email": "Giovanny.Jerde80@yahoo.com",
    "phone": "1-963-442-0433 x3168",
    "sex": "other",
    "status": "active",
    "deleted": false,
    "createdAt": "2024-11-12T07:18:17.101Z"
  },
  {
    "fullName": "Zachary Kling",
    "email": "Jonathan76@hotmail.com",
    "password": "$2b$10$RE2mFcwY.hS1qdTDpTnbiubPwiiG.oBHDkLRgA0DQ.dpvu7vWL77i",
    "phone": "1-846-476-5414 x04888",
    "sex": "other",
    "status": "active",
    "deleted": false,
    "createdAt": "2024-11-12T10:06:02.871Z"
  },
  {
    "fullName": "Ernest Runolfsdottir",
    "email": "Marilyne70@yahoo.com",
    "password": "$2b$10$c/1.2mwybYTKOYRwH1I9ne01DeY4WAustqTkW8Mi6pN4nBRScSkrm",
    "phone": "(203) 597-8976 x35531",
    "sex": "other",
    "status": "active",
    "deleted": false,
    "createdAt": "2024-11-12T11:51:57.136Z"
  },
  {
    "facebookId": "4bc7f435-fb92-4cbb-a0e0-9c3bd44fc482",
    "fullName": "Priscilla Corkery",
    "email": "Ulices38@hotmail.com",
    "phone": "1-266-717-7790 x992",
    "sex": "other",
    "status": "active",
    "deleted": false,
    "createdAt": "2024-11-12T13:32:56.252Z"
  },
  {
    "githubId": "60ad5001-8227-4bfb-a1a3-f9e2651e41eb",
    "fullName": "Jody Zieme",
    "email": "Dorian3@yahoo.com",
    "phone": "1-369-692-0924 x42957",
    "sex": "female",
    "status": "active",
    "deleted": false,
    "createdAt": "2024-11-12T13:33:47.318Z"
  },
  {
    "googleId": "74d97146-0ccd-4c35-8845-6dce43420c86",
    "fullName": "Andy Barrows",
    "email": "Dana_Gleason@hotmail.com",
    "phone": "526-534-5197",
    "sex": "other",
    "status": "active",
    "deleted": false,
    "createdAt": "2024-11-12T14:19:54.374Z"
  },
  {
    "facebookId": "59fbbff9-b292-49bd-84a1-9f1a7400ce02",
    "fullName": "Evan Skiles",
    "email": "Rachelle.Mante@hotmail.com",
    "phone": "214.522.5398 x38005",
    "sex": "other",
    "status": "active",
    "deleted": false,
    "createdAt": "2024-11-12T20:25:04.839Z"
  },
  {
    "fullName": "Marta Harris",
    "email": "Sarina.Kuhn57@gmail.com",
    "password": "$2b$10$4zwKZmWktVHaXirn1huS3e.1j5gu1EbozoT6K9zWkPOd2WvCHorfG",
    "phone": "1-480-386-7908 x7444",
    "sex": "other",
    "status": "active",
    "deleted": false,
    "createdAt": "2024-11-12T20:29:58.711Z"
  },
  {
    "facebookId": "37a72cea-5f88-4d16-b4af-8c71e4555f79",
    "fullName": "Hattie Armstrong",
    "email": "Reynold88@hotmail.com",
    "phone": "492-497-5821 x6531",
    "sex": "female",
    "status": "active",
    "deleted": false,
    "createdAt": "2024-11-13T00:44:31.510Z"
  },
  {
    "facebookId": "7ada8232-7a2d-4e64-9e31-e4c18947de39",
    "fullName": "Terence Batz",
    "email": "Adolfo93@hotmail.com",
    "phone": "377-931-6851",
    "sex": "other",
    "status": "active",
    "deleted": false,
    "createdAt": "2024-11-13T04:02:29.442Z"
  },
  {
    "fullName": "Natalie Schaefer-Wuckert",
    "email": "Deondre41@hotmail.com",
    "password": "$2b$10$/qDD2oSuxnnZENa4j3wqLOiCnfHTVocF7EilhdKWPCvQGYXqYfNuC",
    "phone": "(417) 710-4521 x027",
    "sex": "other",
    "status": "active",
    "deleted": false,
    "createdAt": "2024-11-13T12:37:42.492Z"
  },
  {
    "githubId": "06f31674-91ad-4a64-bf2d-ffb8cd626cbf",
    "fullName": "Nancy Wintheiser",
    "email": "Rebeka.Veum@hotmail.com",
    "phone": "(834) 709-8151 x32221",
    "sex": "other",
    "status": "active",
    "deleted": false,
    "createdAt": "2024-11-13T23:27:45.356Z"
  },
  {
    "fullName": "Bill Grimes",
    "email": "Clinton.Paucek@hotmail.com",
    "password": "$2b$10$kOOKppwG3ZBeOvXTiScn5eOQd3rwKnq3gdss6Y1H3J/1lQwq4.k1m",
    "phone": "(622) 723-5419",
    "sex": "female",
    "status": "active",
    "deleted": false,
    "createdAt": "2024-11-14T03:04:16.331Z"
  },
  {
    "facebookId": "e4d670c1-ab1d-4d7a-9df2-88a9210c88df",
    "fullName": "Linda Schmitt",
    "email": "Vada.Sipes9@yahoo.com",
    "phone": "(497) 927-8888 x5613",
    "sex": "female",
    "status": "active",
    "deleted": false,
    "createdAt": "2024-11-14T08:25:31.828Z"
  },
  {
    "fullName": "Dr. Ken Cole Sr.",
    "email": "Lauren_Kulas@yahoo.com",
    "password": "$2b$10$wZgg.w3XH7Ya6ng1du4pJ.Cw0zVANdh2Rs5RPStwbRxqw2LWTl7KO",
    "phone": "(779) 769-7602 x763",
    "sex": "other",
    "status": "active",
    "deleted": false,
    "createdAt": "2024-11-14T15:03:52.190Z"
  },
  {
    "githubId": "e52010c9-d253-4cc4-b4bc-d96a5345ae10",
    "fullName": "Christopher Quigley",
    "email": "Ayden6@yahoo.com",
    "phone": "1-969-461-1386",
    "sex": "other",
    "status": "active",
    "deleted": false,
    "createdAt": "2024-11-14T20:05:14.745Z"
  },
  {
    "googleId": "4fad5959-9915-4bcc-b90d-50578c7a1b8f",
    "fullName": "Rochelle Willms",
    "email": "Felix.Auer96@yahoo.com",
    "phone": "233.625.8913 x197",
    "sex": "female",
    "status": "active",
    "deleted": false,
    "createdAt": "2024-11-14T23:00:45.214Z"
  },
  {
    "fullName": "Glen Gottlieb V",
    "email": "Mohammed_Cruickshank70@yahoo.com",
    "password": "$2b$10$HBPGrocANGJwILmBiC4juOF0Sd0yzw74S7aKEiYMFkMduhDzfAbRe",
    "phone": "256-726-4867 x431",
    "sex": "other",
    "status": "active",
    "deleted": false,
    "createdAt": "2024-11-15T00:06:07.760Z"
  },
  {
    "fullName": "Ben Hickle",
    "email": "Elna_Wolf@yahoo.com",
    "password": "$2b$10$TC3IHbPlsFJqUAB.LUKCHeTKVTT.gt/AGGLY73K3AAd6uhkCdrY9W",
    "phone": "720.849.7462 x764",
    "sex": "male",
    "status": "active",
    "deleted": false,
    "createdAt": "2024-11-15T01:58:05.895Z"
  },
  {
    "facebookId": "d5ac38ec-aab9-419f-9b7a-0ebb1fd975c4",
    "fullName": "Juana Haag PhD",
    "email": "Federico.Harris-Koss@yahoo.com",
    "phone": "759-268-5272 x96387",
    "sex": "other",
    "status": "active",
    "deleted": false,
    "createdAt": "2024-11-15T02:09:55.975Z"
  },
  {
    "facebookId": "ace814ef-7a9e-40c8-b59b-06566c962bb3",
    "fullName": "Percy Wehner",
    "email": "Kory.Rolfson53@hotmail.com",
    "phone": "384-793-5178",
    "sex": "other",
    "status": "active",
    "deleted": false,
    "createdAt": "2024-11-15T04:10:18.520Z"
  },
  {
    "githubId": "36137c0c-3fcb-4bbe-8724-37565aeea9b0",
    "fullName": "Peggy Kilback",
    "email": "Ora.Boyle@yahoo.com",
    "phone": "995-643-6903 x88369",
    "sex": "female",
    "status": "active",
    "deleted": false,
    "createdAt": "2024-11-15T11:35:39.167Z"
  },
  {
    "githubId": "84926326-f985-4243-ad04-155e309ebd1c",
    "fullName": "Donnie Schinner",
    "email": "Una.Wisozk66@gmail.com",
    "phone": "583.854.0140 x10410",
    "sex": "male",
    "status": "active",
    "deleted": false,
    "createdAt": "2024-11-15T15:13:44.716Z"
  },
  {
    "facebookId": "b7615448-f163-4a7d-bca3-d02dc77baa8c",
    "fullName": "Mrs. Heidi Padberg",
    "email": "Sage_Beier-Hilpert@gmail.com",
    "phone": "(388) 969-5557 x5796",
    "sex": "female",
    "status": "active",
    "deleted": false,
    "createdAt": "2024-11-15T19:26:16.305Z"
  },
  {
    "facebookId": "71f794b6-6e76-40b5-9f6f-50644f75a896",
    "fullName": "Marilyn Romaguera Jr.",
    "email": "Emmett_Langosh79@hotmail.com",
    "phone": "726.287.5593 x754",
    "sex": "female",
    "status": "active",
    "deleted": false,
    "createdAt": "2024-11-15T19:33:10.037Z"
  },
  {
    "githubId": "f45ad907-8f0f-472f-8b52-3147d36de294",
    "fullName": "Lydia Rogahn",
    "email": "Uriah_Osinski@yahoo.com",
    "phone": "(366) 306-3233 x3640",
    "sex": "male",
    "status": "active",
    "deleted": false,
    "createdAt": "2024-11-15T20:13:54.425Z"
  },
  {
    "facebookId": "dd51d434-3069-4d63-8b30-81c8e2a50698",
    "fullName": "Kelly Koch",
    "email": "Stephan.Powlowski31@yahoo.com",
    "phone": "1-734-863-5017",
    "sex": "male",
    "status": "active",
    "deleted": false,
    "createdAt": "2024-11-15T23:53:44.387Z"
  },
  {
    "facebookId": "63ab5671-5039-4e20-a214-fbe81149ca52",
    "fullName": "Phyllis Greenfelder",
    "email": "Paxton52@gmail.com",
    "phone": "651.905.6467 x7278",
    "sex": "other",
    "status": "active",
    "deleted": false,
    "createdAt": "2024-11-16T10:13:50.254Z"
  },
  {
    "facebookId": "d1e69ff2-ebc4-407b-a734-3e06c2681a17",
    "fullName": "Ray Mosciski",
    "email": "Michaela_Mitchell@yahoo.com",
    "phone": "225.302.5578",
    "sex": "female",
    "status": "active",
    "deleted": false,
    "createdAt": "2024-11-16T14:57:24.178Z"
  },
  {
    "fullName": "Carole Kuphal",
    "email": "Columbus_Stracke59@hotmail.com",
    "password": "$2b$10$Q/Q.M43JSBPhwyymDngEye0cOshPj6ewBNW9GPR15mEzvYNEfBRfS",
    "phone": "723-725-3946 x20468",
    "sex": "female",
    "status": "active",
    "deleted": false,
    "createdAt": "2024-11-16T19:32:03.246Z"
  },
  {
    "facebookId": "aa8e0136-a02f-4d6a-a395-f2a67bc2a341",
    "fullName": "Mr. Emilio Waelchi",
    "email": "Kennedi57@gmail.com",
    "phone": "1-583-956-7671 x6175",
    "sex": "other",
    "status": "active",
    "deleted": false,
    "createdAt": "2024-11-16T21:05:32.048Z"
  },
  {
    "facebookId": "874ac80a-8b5e-4ab9-a5b2-3517a869503f",
    "fullName": "Kristen Willms",
    "email": "Brenden_Fay48@yahoo.com",
    "phone": "557.967.4311 x8274",
    "sex": "unknown",
    "status": "active",
    "deleted": false,
    "createdAt": "2024-11-17T00:17:27.273Z"
  },
  {
    "githubId": "8ab8870a-ad37-4633-89bb-e89383a6ed1e",
    "fullName": "Brent Schinner",
    "email": "Laurence.Hansen@gmail.com",
    "phone": "256.372.3772",
    "sex": "other",
    "status": "active",
    "deleted": false,
    "createdAt": "2024-11-17T03:33:44.452Z"
  },
  {
    "facebookId": "fa035af7-1e7e-45cc-b905-130e363a8e70",
    "fullName": "Lois Mills",
    "email": "Kylie_Becker@yahoo.com",
    "phone": "(746) 269-0564 x201",
    "sex": "male",
    "status": "active",
    "deleted": false,
    "createdAt": "2024-11-17T12:15:56.050Z"
  },
  {
    "githubId": "bd2be1cf-77fb-432c-b0e6-bc212bfc24a7",
    "fullName": "Mr. Tommie Terry I",
    "email": "Zack43@yahoo.com",
    "phone": "(921) 970-9451",
    "sex": "other",
    "status": "active",
    "deleted": false,
    "createdAt": "2024-11-17T13:31:45.640Z"
  },
  {
    "githubId": "b634c74d-988e-4833-b273-e3684bfd89bc",
    "fullName": "Karen Mayer",
    "email": "Dejon.Rice81@hotmail.com",
    "phone": "1-679-632-7934 x710",
    "sex": "other",
    "status": "active",
    "deleted": false,
    "createdAt": "2024-11-17T22:24:38.335Z"
  },
  {
    "facebookId": "49c96b9f-a7dc-4b11-ae87-8168cc1457b2",
    "fullName": "Janis Batz",
    "email": "Rose_Hayes@gmail.com",
    "phone": "441-282-5284 x2721",
    "sex": "male",
    "status": "active",
    "deleted": false,
    "createdAt": "2024-11-18T02:49:10.896Z"
  },
  {
    "facebookId": "81201b2f-34d0-453a-b498-7573ff572cb2",
    "fullName": "Jackie Kertzmann",
    "email": "Rossie42@gmail.com",
    "phone": "983-870-5196 x49701",
    "sex": "male",
    "status": "active",
    "deleted": false,
    "createdAt": "2024-11-18T05:15:53.263Z"
  },
  {
    "facebookId": "8bcf74d2-c5bf-47da-a3aa-1c061c83f98e",
    "fullName": "Phyllis Pagac",
    "email": "Edwardo_Lockman@gmail.com",
    "phone": "463-758-7597 x01461",
    "sex": "other",
    "status": "active",
    "deleted": false,
    "createdAt": "2024-11-18T05:30:09.592Z"
  },
  {
    "fullName": "Adrienne McKenzie",
    "email": "Neal55@gmail.com",
    "password": "$2b$10$9pL1mWNO3ulkm9z4XLleoeWTCflqPSF86SiqgZsw3FdPYdkSvelbe",
    "phone": "800-970-7703 x3195",
    "sex": "male",
    "status": "active",
    "deleted": false,
    "createdAt": "2024-11-18T07:38:24.390Z"
  },
  {
    "googleId": "eb609a16-9db0-4a51-88d6-0d94fe71710f",
    "fullName": "Darin Hegmann",
    "email": "Lisa33@gmail.com",
    "phone": "(317) 544-5593",
    "sex": "female",
    "status": "active",
    "deleted": false,
    "createdAt": "2024-11-18T11:10:53.663Z"
  },
  {
    "googleId": "181b36d9-9c76-4eda-840a-4c048382361f",
    "fullName": "Phyllis Barrows",
    "email": "Aurore58@gmail.com",
    "phone": "1-472-329-2719 x573",
    "sex": "female",
    "status": "active",
    "deleted": false,
    "createdAt": "2024-11-18T13:56:20.660Z"
  },
  {
    "fullName": "Roland Dickinson MD",
    "email": "Elias.Rogahn-Hauck5@gmail.com",
    "password": "$2b$10$FHBF2oQk4aGIFRIu0JRJJeU3FFHd0Uz1Fo78YMhs7wUWKJcte0BQG",
    "phone": "676-496-2253 x6609",
    "sex": "male",
    "status": "active",
    "deleted": false,
    "createdAt": "2024-11-18T16:18:07.573Z"
  },
  {
    "googleId": "a667d899-cfa1-44cb-8e67-880f03951517",
    "fullName": "Mrs. Kendra Wyman",
    "email": "Antonia_Beer@yahoo.com",
    "phone": "601.700.7583 x1751",
    "sex": "other",
    "status": "active",
    "deleted": false,
    "createdAt": "2024-11-18T18:26:26.330Z"
  },
  {
    "githubId": "af343b40-eb91-497a-a831-bb4e054d3cfb",
    "fullName": "Beth Dooley",
    "email": "Rosemarie_Hammes-Ferry69@yahoo.com",
    "phone": "488.559.4081 x267",
    "sex": "male",
    "status": "active",
    "deleted": false,
    "createdAt": "2024-11-18T21:09:33.971Z"
  },
  {
    "facebookId": "c9747d51-1915-42d7-8d89-1ee9d0b375dc",
    "fullName": "Caleb Wolf",
    "email": "Antonetta_Cummings52@hotmail.com",
    "phone": "932-281-3500",
    "sex": "other",
    "status": "active",
    "deleted": false,
    "createdAt": "2024-11-19T03:04:58.494Z"
  },
  {
    "googleId": "a69c32c0-8558-435f-ae02-9ea201e3a8c5",
    "fullName": "Tabitha Weber MD",
    "email": "Hadley20@hotmail.com",
    "phone": "1-941-765-2174",
    "sex": "female",
    "status": "active",
    "deleted": false,
    "createdAt": "2024-11-19T05:03:57.398Z"
  },
  {
    "fullName": "Gwendolyn Volkman",
    "email": "Hillard.Bins82@yahoo.com",
    "password": "$2b$10$W3Xk8oPVYt6WicqrhULt5eCsURf9HlPJ2uamUsMGDDcnvimPCqfKC",
    "phone": "1-594-302-0594",
    "sex": "male",
    "status": "active",
    "deleted": false,
    "createdAt": "2024-11-19T05:07:35.276Z"
  },
  {
    "fullName": "Alfredo Kuvalis",
    "email": "Cecile.Nikolaus7@yahoo.com",
    "password": "$2b$10$SuQbHFqQdY/RAVhAv3.KquOH/By8DlAqOXO3gSr9hj0Jtj8Lm8oKC",
    "phone": "(636) 543-4130 x06884",
    "sex": "male",
    "status": "active",
    "deleted": false,
    "createdAt": "2024-11-19T10:58:00.764Z"
  },
  {
    "fullName": "Kathleen Koss",
    "email": "Derek13@hotmail.com",
    "password": "$2b$10$Ets5xkXnlE8I0MZXzeTTDO4WOeOquWSeWlf6AHz8gGAd1iC/lH1MS",
    "phone": "(555) 646-6331 x06210",
    "sex": "female",
    "status": "active",
    "deleted": false,
    "createdAt": "2024-11-19T16:53:00.465Z"
  },
  {
    "fullName": "Russell Koepp",
    "email": "Sadie66@gmail.com",
    "password": "$2b$10$QbiBDTgeeXD7cHKmZLqhk.6QZ0hVr71baAw5y0tAyuopdYJ2.bQC6",
    "phone": "224-456-8751",
    "sex": "other",
    "status": "active",
    "deleted": false,
    "createdAt": "2024-11-19T21:21:15.936Z"
  },
  {
    "googleId": "45e2f3b0-21de-4085-ab71-f7705589ffd5",
    "fullName": "Cary Zulauf",
    "email": "Elmira86@yahoo.com",
    "phone": "1-264-620-0375 x96322",
    "sex": "other",
    "status": "active",
    "deleted": false,
    "createdAt": "2024-11-19T21:46:56.606Z"
  },
  {
    "fullName": "Noel Zulauf",
    "email": "Wilfredo.Upton70@gmail.com",
    "password": "$2b$10$iiwQua5peJw5eMB3/i4yo.Xk7d58p5OOk3vJTgjC7HRKhVqv8J8OO",
    "phone": "(229) 747-5972 x99767",
    "sex": "other",
    "status": "active",
    "deleted": false,
    "createdAt": "2024-11-19T22:31:20.854Z"
  },
  {
    "githubId": "71718d22-36b7-40a2-bd9e-4bb84ab7e0cc",
    "fullName": "Ms. Mary Heller",
    "email": "Louisa.Wisoky@yahoo.com",
    "phone": "(366) 567-8492 x72663",
    "sex": "other",
    "status": "active",
    "deleted": false,
    "createdAt": "2024-11-20T02:12:04.511Z"
  },
  {
    "fullName": "Bridget Pollich",
    "email": "Rosa21@hotmail.com",
    "password": "$2b$10$QFJykUWom7IMaccM1wXj5OZ6e14H1Wn1dg3xdlazWEscDU3wCcf0i",
    "phone": "1-522-236-8644 x3003",
    "sex": "other",
    "status": "active",
    "deleted": false,
    "createdAt": "2024-11-20T02:26:45.552Z"
  },
  {
    "facebookId": "804e8302-2e84-46dd-9192-ce7d5f6982d2",
    "fullName": "Elisa Homenick",
    "email": "Lucy.Ullrich@gmail.com",
    "phone": "(789) 919-4444 x7354",
    "sex": "other",
    "status": "active",
    "deleted": false,
    "createdAt": "2024-11-20T06:51:34.516Z"
  },
  {
    "fullName": "Bill Baumbach",
    "email": "Arno_Abernathy50@yahoo.com",
    "password": "$2b$10$cecHV51BuCY7aZjBHjmbr.R9u329PyNAhnEdqCmKxLchiSAbaLeTS",
    "phone": "1-935-383-1070 x0378",
    "sex": "other",
    "status": "active",
    "deleted": false,
    "createdAt": "2024-11-20T08:11:41.004Z"
  },
  {
    "facebookId": "152d6204-d9e0-4028-864e-927683e0cbdf",
    "fullName": "Jose Russel",
    "email": "Emmy_Breitenberg@yahoo.com",
    "phone": "770.610.2910 x399",
    "sex": "male",
    "status": "active",
    "deleted": false,
    "createdAt": "2024-11-20T15:44:07.478Z"
  },
  {
    "googleId": "e00b52ad-0565-4d9d-a959-9bd9b4253f73",
    "fullName": "Theresa Stoltenberg",
    "email": "Rachel_Gislason59@hotmail.com",
    "phone": "(607) 766-2665",
    "sex": "female",
    "status": "active",
    "deleted": false,
    "createdAt": "2024-11-20T17:13:05.823Z"
  },
  {
    "githubId": "67189713-e042-44b3-903d-1ef9b61724a0",
    "fullName": "Elaine Schuppe",
    "email": "Sammy17@yahoo.com",
    "phone": "(236) 825-1394 x72373",
    "sex": "other",
    "status": "active",
    "deleted": false,
    "createdAt": "2024-11-20T18:34:42.265Z"
  },
  {
    "googleId": "bbf89a5a-50b7-4cf5-9f9c-2cd6559041ea",
    "fullName": "Domingo Marquardt",
    "email": "Marcellus.Goodwin@gmail.com",
    "phone": "975.531.0419 x45721",
    "sex": "other",
    "status": "active",
    "deleted": false,
    "createdAt": "2024-11-20T20:51:18.493Z"
  },
  {
    "fullName": "Vincent Ebert",
    "email": "Myriam88@gmail.com",
    "password": "$2b$10$ZZrwcexx5Su8oXRQpUBkU.otxqPGfItlALzp4VtJu9yFXRcwg07fC",
    "phone": "(983) 958-8988 x5232",
    "sex": "female",
    "status": "active",
    "deleted": false,
    "createdAt": "2024-11-21T01:36:17.159Z"
  },
  {
    "githubId": "c5a4df06-5fd1-45e6-ae0b-6ce12e7536c1",
    "fullName": "Duane Waters",
    "email": "Watson53@yahoo.com",
    "phone": "401-494-0975",
    "sex": "female",
    "status": "active",
    "deleted": false,
    "createdAt": "2024-11-21T08:26:20.913Z"
  },
  {
    "googleId": "d17ee5e8-2d77-4e14-9a39-9e21c85b7892",
    "fullName": "Vanessa Olson",
    "email": "Agnes77@hotmail.com",
    "phone": "(791) 962-4745",
    "sex": "other",
    "status": "active",
    "deleted": false,
    "createdAt": "2024-11-21T10:01:10.147Z"
  },
  {
    "googleId": "3cf1a5cb-b0c6-466a-b5e2-fc6100ded464",
    "fullName": "Marcos Daniel",
    "email": "Claudine_Hessel@yahoo.com",
    "phone": "(489) 701-0942",
    "sex": "other",
    "status": "active",
    "deleted": false,
    "createdAt": "2024-11-21T12:38:54.322Z"
  },
  {
    "googleId": "1f68019f-2e7b-4a3e-a9b0-ff931a456950",
    "fullName": "Louise Daniel",
    "email": "Watson93@gmail.com",
    "phone": "301-425-3707 x4336",
    "sex": "female",
    "status": "active",
    "deleted": false,
    "createdAt": "2024-11-21T14:30:04.881Z"
  },
  {
    "googleId": "39c1c6b2-f652-4611-8959-e55cd99652a0",
    "fullName": "Myrtle Jacobs IV",
    "email": "Maria_Simonis3@hotmail.com",
    "phone": "285.797.9639 x67720",
    "sex": "male",
    "status": "active",
    "deleted": false,
    "createdAt": "2024-11-21T19:31:50.196Z"
  },
  {
    "githubId": "81c2dc9d-5417-49b7-8fbf-feec1c97ec2f",
    "fullName": "Eileen Pfeffer",
    "email": "Miguel_Schowalter@hotmail.com",
    "phone": "1-858-750-9033 x977",
    "sex": "female",
    "status": "active",
    "deleted": false,
    "createdAt": "2024-11-22T04:56:14.244Z"
  },
  {
    "facebookId": "fecc5a52-02c6-47f7-8296-f910655ac9ec",
    "fullName": "Adrian Bartell",
    "email": "Dexter_Hickle@gmail.com",
    "phone": "1-390-202-8027 x285",
    "sex": "other",
    "status": "active",
    "deleted": false,
    "createdAt": "2024-11-22T08:00:42.925Z"
  },
  {
    "fullName": "Raymond Ankunding",
    "email": "Shania18@hotmail.com",
    "password": "$2b$10$9Zu5XC8.hSwkL9CGGIWo7ufdkqmiWIq281WiN7nyiJFX1.VIq.hA.",
    "phone": "297.577.8786",
    "sex": "female",
    "status": "active",
    "deleted": false,
    "createdAt": "2024-11-22T12:49:01.207Z"
  },
  {
    "fullName": "Pam Veum",
    "email": "Payton35@gmail.com",
    "password": "$2b$10$A9Lm26f1pLQv7d2Fh6WtTO/MHz2ZyFh8Fm7E.9LtqHwUbSR0Rm/VO",
    "phone": "306.734.3451 x656",
    "sex": "female",
    "status": "active",
    "deleted": false,
    "createdAt": "2024-11-22T13:01:28.733Z"
  },
  {
    "githubId": "1f722f24-c6b5-49ca-a837-705a3aa9a942",
    "fullName": "Dr. Kara Cummerata II",
    "email": "Kale59@yahoo.com",
    "phone": "1-380-931-4548 x658",
    "sex": "other",
    "status": "active",
    "deleted": false,
    "createdAt": "2024-11-22T15:56:17.684Z"
  },
  {
    "fullName": "Debra Lehner",
    "email": "Manuela.Hauck@yahoo.com",
    "password": "$2b$10$SSOneI.Cvt/cTPq.znPh3OZMOC/RfYWcy/1ForjCyCZE/dVpsfSTO",
    "phone": "1-594-418-6650",
    "sex": "other",
    "status": "active",
    "deleted": false,
    "createdAt": "2024-11-22T16:45:01.057Z"
  },
  {
    "fullName": "Yvette Labadie",
    "email": "Britney90@gmail.com",
    "password": "$2b$10$g418E0el7nytW9x9Bkznw.9FISFEpolrctI/1nwYK7WKW/mGLdxD2",
    "phone": "778.584.5164 x66712",
    "sex": "male",
    "status": "active",
    "deleted": false,
    "createdAt": "2024-11-22T17:24:48.496Z"
  },
  {
    "githubId": "3b1cdbd2-b6e6-4f19-9579-9bfc4795887c",
    "fullName": "Cristina Greenholt",
    "email": "Giles.Bartoletti4@gmail.com",
    "phone": "995-235-8262 x47774",
    "sex": "female",
    "status": "active",
    "deleted": false,
    "createdAt": "2024-11-22T20:41:03.256Z"
  },
  {
    "fullName": "Blanche Langosh",
    "email": "Cheyanne.Rempel@hotmail.com",
    "password": "$2b$10$132mg4EKCZCGKqoNVU99kuK./aU4ZLDcI1w2RvgbB8dDSXiAqvwWW",
    "phone": "293-707-8367",
    "sex": "female",
    "status": "active",
    "deleted": false,
    "createdAt": "2024-11-23T00:47:20.037Z"
  },
  {
    "googleId": "b5f76bfc-8449-4936-b83a-5aef96d875d5",
    "fullName": "Grant Crist",
    "email": "Mikayla40@yahoo.com",
    "phone": "(784) 576-3662",
    "sex": "other",
    "status": "active",
    "deleted": false,
    "createdAt": "2024-11-23T02:48:39.973Z"
  },
  {
    "facebookId": "333fdd52-c40e-4c62-9b32-f21124acf890",
    "fullName": "Sophie Runte",
    "email": "Jennings.Breitenberg67@hotmail.com",
    "phone": "688-431-6055 x33929",
    "sex": "male",
    "status": "active",
    "deleted": false,
    "createdAt": "2024-11-23T04:59:03.278Z"
  },
  {
    "facebookId": "8990bbcb-0b72-451f-a8fd-fe5d0f12d036",
    "fullName": "Lisa Emmerich",
    "email": "Brannon.Olson64@hotmail.com",
    "phone": "712-383-2772 x559",
    "sex": "other",
    "status": "active",
    "deleted": false,
    "createdAt": "2024-11-23T05:12:32.337Z"
  },
  {
    "facebookId": "2fc3dcfe-8f2d-422b-b62f-eb6483158673",
    "fullName": "Linda Spinka",
    "email": "Toby74@gmail.com",
    "phone": "462.500.3472 x470",
    "sex": "female",
    "status": "active",
    "deleted": false,
    "createdAt": "2024-11-23T08:09:39.316Z"
  },
  {
    "facebookId": "8d3d1c17-b30f-4467-8fcc-2306146d6c8a",
    "fullName": "Alma Hartmann",
    "email": "Conner.Considine8@gmail.com",
    "phone": "563.829.4699 x0289",
    "sex": "male",
    "status": "active",
    "deleted": false,
    "createdAt": "2024-11-23T09:14:39.186Z"
  },
  {
    "githubId": "3fb8b164-2198-4c57-89ae-602471cfa285",
    "fullName": "Irving Miller",
    "email": "Dorcas.Mayer@gmail.com",
    "phone": "222.503.5642 x98828",
    "sex": "male",
    "status": "active",
    "deleted": false,
    "createdAt": "2024-11-23T09:50:30.542Z"
  },
  {
    "googleId": "74bafb6c-79f3-4283-9ec3-b286d2f67cc0",
    "fullName": "Bob Kuhn",
    "email": "Cornell.Wyman@gmail.com",
    "phone": "1-661-234-9218",
    "sex": "female",
    "status": "active",
    "deleted": false,
    "createdAt": "2024-11-23T14:24:37.566Z"
  },
  {
    "googleId": "f28f1738-a952-4468-829f-895249ae31f1",
    "fullName": "Arturo Senger",
    "email": "Rosamond_Bernhard@yahoo.com",
    "phone": "304.424.9990 x69872",
    "sex": "other",
    "status": "active",
    "deleted": false,
    "createdAt": "2024-11-23T19:32:46.820Z"
  },
  {
    "fullName": "Andres Kshlerin",
    "email": "Darron42@hotmail.com",
    "password": "$2b$10$MNgig9CiE6oi00LOE56X5eXGKJUmkxvp.5w9jBaZiXPF30VK6SniG",
    "phone": "462.500.1744 x1816",
    "sex": "other",
    "status": "active",
    "deleted": false,
    "createdAt": "2024-11-23T20:27:51.213Z"
  },
  {
    "fullName": "Troy Gislason",
    "email": "Melvin.Fahey2@gmail.com",
    "password": "$2b$10$kYnwYNNcxVnb6ntl.83i2usUehkXnGNc1tj3cRRlk5e2q0j8kcMr6",
    "phone": "834-573-9924 x297",
    "sex": "male",
    "status": "active",
    "deleted": false,
    "createdAt": "2024-11-23T20:55:34.617Z"
  },
  {
    "githubId": "1c14e696-8a29-452f-9abf-e57c78ae9118",
    "fullName": "Deborah Lang",
    "email": "Mia_Shields@yahoo.com",
    "phone": "1-760-250-0421 x39879",
    "sex": "female",
    "status": "active",
    "deleted": false,
    "createdAt": "2024-11-23T22:36:03.980Z"
  },
  {
    "googleId": "f4f20186-33bc-42fa-9026-0a7a9a3e9ef9",
    "fullName": "Alberto D'Amore",
    "email": "Vergie.Ruecker@yahoo.com",
    "phone": "305-249-6671 x379",
    "sex": "other",
    "status": "active",
    "deleted": false,
    "createdAt": "2024-11-23T23:33:44.306Z"
  },
  {
    "fullName": "Olivia Hand",
    "email": "Muhammad71@hotmail.com",
    "password": "$2b$10$DbnxHxD6mcAKIwlk90CcFOLzeE5I1npQVBDfcCWP1xx0.SJnz9VbG",
    "phone": "428-929-3047",
    "sex": "other",
    "status": "active",
    "deleted": false,
    "createdAt": "2024-11-24T01:50:43.887Z"
  },
  {
    "fullName": "Luke Hane",
    "email": "Abigail22@yahoo.com",
    "password": "$2b$10$om2PENZV3jVKeNsqcy70VOQIZf9hF74hPgZQ.rTTupesfmBTPCHM2",
    "phone": "313-200-4450 x640",
    "sex": "female",
    "status": "active",
    "deleted": false,
    "createdAt": "2024-11-24T02:29:24.134Z"
  },
  {
    "fullName": "Rodolfo Parisian",
    "email": "Hettie_Cormier@gmail.com",
    "password": "$2b$10$eTnxcyL6KWVlxhWrjQx6GO5AUXW2qqNCMTUOIC5fs0mDsErfBwCAu",
    "phone": "831-346-9515",
    "sex": "other",
    "status": "active",
    "deleted": false,
    "createdAt": "2024-11-24T05:30:17.249Z"
  },
  {
    "facebookId": "46cf7ab5-90ba-4729-96ab-1f8d42613569",
    "fullName": "Monique Towne",
    "email": "Rowan_Batz7@yahoo.com",
    "phone": "(320) 651-9425 x92255",
    "sex": "other",
    "status": "active",
    "deleted": false,
    "createdAt": "2024-11-24T11:00:29.936Z"
  },
  {
    "githubId": "5efc609d-2749-4168-b1d6-f1c4e10d3666",
    "fullName": "Caleb Deckow",
    "email": "Lia.Swift@yahoo.com",
    "phone": "880-746-2270 x5689",
    "sex": "female",
    "status": "active",
    "deleted": false,
    "createdAt": "2024-11-24T12:06:40.144Z"
  },
  {
    "googleId": "e2dc0836-95ce-408d-a7b9-3f5f8069b634",
    "fullName": "Kristopher Johnson",
    "email": "Reva94@hotmail.com",
    "phone": "(638) 223-7083 x7398",
    "sex": "other",
    "status": "active",
    "deleted": false,
    "createdAt": "2024-11-24T13:19:15.046Z"
  },
  {
    "githubId": "722b835d-5076-4bbb-9af5-be4aaee40bc8",
    "fullName": "Alfred Connelly",
    "email": "Stewart.Lemke80@gmail.com",
    "phone": "(266) 935-6940",
    "sex": "other",
    "status": "active",
    "deleted": false,
    "createdAt": "2024-11-24T13:37:20.113Z"
  },
  {
    "facebookId": "59a79b66-7ec8-48cd-82c2-0293f3bece93",
    "fullName": "Tina Breitenberg",
    "email": "Bernice64@gmail.com",
    "phone": "(742) 899-0058 x14064",
    "sex": "other",
    "status": "active",
    "deleted": false,
    "createdAt": "2024-11-24T15:38:04.287Z"
  },
  {
    "githubId": "55bf429e-79d4-4a88-8c84-47d17ed770c2",
    "fullName": "Patrick O'Reilly",
    "email": "Mohammed90@yahoo.com",
    "phone": "(625) 341-1187 x34147",
    "sex": "other",
    "status": "active",
    "deleted": false,
    "createdAt": "2024-11-24T16:46:34.194Z"
  },
  {
    "googleId": "f5a32ba3-e53c-48ed-a345-6393df635853",
    "fullName": "Kerry Walsh",
    "email": "Giovanni.Kuhn@gmail.com",
    "phone": "400.987.7688",
    "sex": "male",
    "status": "active",
    "deleted": false,
    "createdAt": "2024-11-24T21:49:01.313Z"
  },
  {
    "githubId": "15300004-3e44-4e7f-87d4-ceba5ae32206",
    "fullName": "Pat Bernier",
    "email": "Casimer.OKon@gmail.com",
    "phone": "1-468-273-1988 x18905",
    "sex": "female",
    "status": "active",
    "deleted": false,
    "createdAt": "2024-11-24T23:26:12.300Z"
  },
  {
    "fullName": "Amos Rohan",
    "email": "Effie89@gmail.com",
    "password": "$2b$10$VmNVgHKK8IG2ad6VpZc4BOurF9gpR5FxoZIl.ClOLIW3f3ylS.oCe",
    "phone": "357-318-2312 x2483",
    "sex": "female",
    "status": "active",
    "deleted": false,
    "createdAt": "2024-11-25T05:00:52.369Z"
  },
  {
    "googleId": "a1fc6eb3-e8ee-4fa2-8c6b-4c83f96374dc",
    "fullName": "Jeanette Bahringer",
    "email": "Johnson77@hotmail.com",
    "phone": "(459) 492-7960 x451",
    "sex": "male",
    "status": "active",
    "deleted": false,
    "createdAt": "2024-11-25T08:03:54.041Z"
  },
  {
    "facebookId": "ff92873d-6618-43f8-88df-4e15c0bb8e12",
    "fullName": "Nick Koepp",
    "email": "Rudolph_Friesen22@gmail.com",
    "phone": "358.662.6693 x68832",
    "sex": "male",
    "status": "active",
    "deleted": false,
    "createdAt": "2024-11-25T11:24:49.500Z"
  },
  {
    "googleId": "d4d0ced2-a1b6-4e8a-bdee-94430622446a",
    "fullName": "Kristina Hodkiewicz",
    "email": "Aniyah20@yahoo.com",
    "phone": "816.226.1900 x8607",
    "sex": "male",
    "status": "active",
    "deleted": false,
    "createdAt": "2024-11-25T15:47:20.487Z"
  },
  {
    "githubId": "3af72b31-254a-4b62-adf0-f75f755c71ef",
    "fullName": "Mitchell Muller",
    "email": "Lorenzo1@gmail.com",
    "phone": "688-516-0783 x9261",
    "sex": "other",
    "status": "active",
    "deleted": false,
    "createdAt": "2024-11-25T17:12:09.780Z"
  },
  {
    "githubId": "5d5dfa79-354d-4584-b8af-6883444d1b2c",
    "fullName": "Cindy Miller",
    "email": "Armand84@yahoo.com",
    "phone": "996.769.4628 x9119",
    "sex": "other",
    "status": "active",
    "deleted": false,
    "createdAt": "2024-11-25T23:42:32.284Z"
  },
  {
    "githubId": "19bc289e-d058-40ca-a981-3f6d2c3c7b33",
    "fullName": "Joyce Parker IV",
    "email": "Neoma.Heathcote@yahoo.com",
    "phone": "1-383-593-8122",
    "sex": "male",
    "status": "active",
    "deleted": false,
    "createdAt": "2024-11-26T02:10:56.358Z"
  },
  {
    "githubId": "7577c1da-fdcc-4d27-ba51-1e2beb22b4a5",
    "fullName": "Kim Bradtke",
    "email": "Tristin_Johnston@yahoo.com",
    "phone": "1-728-469-1617 x8737",
    "sex": "female",
    "status": "active",
    "deleted": false,
    "createdAt": "2024-11-26T03:34:45.609Z"
  },
  {
    "facebookId": "876c98f6-7f42-4066-b821-b78a25bea48d",
    "fullName": "Dr. Dorothy Heidenreich",
    "email": "Leopoldo_Stracke42@hotmail.com",
    "phone": "1-252-603-1933 x402",
    "sex": "other",
    "status": "active",
    "deleted": false,
    "createdAt": "2024-11-26T07:25:02.970Z"
  },
  {
    "fullName": "Paulette Weber",
    "email": "Abraham80@hotmail.com",
    "password": "$2b$10$84.Cq7/MUY37P0UY8h5X8OgDMVmYK3FKZwi1YePIOf8b5xuydHtn6",
    "phone": "1-214-491-2670",
    "sex": "male",
    "status": "active",
    "deleted": false,
    "createdAt": "2024-11-26T20:56:07.013Z"
  },
  {
    "fullName": "Rochelle Dare",
    "email": "Vernie_Hilpert@yahoo.com",
    "password": "$2b$10$GeoSh3rMNZooozv.Cw2jn.dLld4NIunwXOGTlpamrp1ee9sJ.lbHy",
    "phone": "436.470.1462",
    "sex": "other",
    "status": "active",
    "deleted": false,
    "createdAt": "2024-11-26T23:55:04.107Z"
  },
  {
    "fullName": "Florence Ledner",
    "email": "Trace_Ortiz83@yahoo.com",
    "password": "$2b$10$Nw2eVbsp0WxLhWNGSBBFduAAvACcA254tMMjlIsS3rfXttgpR66sS",
    "phone": "1-736-412-3966",
    "sex": "male",
    "status": "active",
    "deleted": false,
    "createdAt": "2024-11-27T00:23:22.184Z"
  },
  {
    "fullName": "Marlon Lueilwitz",
    "email": "Braeden.DAmore82@yahoo.com",
    "password": "$2b$10$1neDulAQIe53iCPfDmR.r.9AGCs3wrGwLYz3IS6FdGmXJLD3xR63O",
    "phone": "(627) 599-4220 x0017",
    "sex": "male",
    "status": "active",
    "deleted": false,
    "createdAt": "2024-11-27T00:25:07.872Z"
  },
  {
    "facebookId": "761f4418-4ef5-467b-a26f-c357082c7a5b",
    "fullName": "Johnathan Kuhn",
    "email": "Maye10@hotmail.com",
    "phone": "(804) 875-6613 x10573",
    "sex": "other",
    "status": "active",
    "deleted": false,
    "createdAt": "2024-11-27T02:03:43.256Z"
  },
  {
    "facebookId": "cf1c2bd0-11f1-4598-9678-59c6e0ee94d3",
    "fullName": "Derek Shanahan",
    "email": "Catharine.Boyer92@hotmail.com",
    "phone": "1-239-568-3321",
    "sex": "male",
    "status": "active",
    "deleted": false,
    "createdAt": "2024-11-27T02:17:49.155Z"
  },
  {
    "fullName": "Damon Hane-Hartmann",
    "email": "Tad_Brakus21@yahoo.com",
    "password": "$2b$10$ozmvIOzu.YxLvoJgM4kWg.s0FlW3tCBHjHy6xRIpJRWfcvEqbg8LO",
    "phone": "329.218.3185",
    "sex": "other",
    "status": "active",
    "deleted": false,
    "createdAt": "2024-11-27T06:38:15.573Z"
  },
  {
    "facebookId": "e125e556-2190-4c6e-97d6-15c5f2b1734d",
    "fullName": "Laura Gibson",
    "email": "Ardith.Schuster57@gmail.com",
    "phone": "(273) 552-7261 x6410",
    "sex": "other",
    "status": "active",
    "deleted": false,
    "createdAt": "2024-11-27T09:29:29.059Z"
  },
  {
    "githubId": "25348595-3d00-4243-a917-a3f15ab2c2ca",
    "fullName": "Miss Lorene Lubowitz",
    "email": "Jamaal.Parisian72@hotmail.com",
    "phone": "1-885-925-5589 x618",
    "sex": "male",
    "status": "active",
    "deleted": false,
    "createdAt": "2024-11-27T11:24:04.598Z"
  },
  {
    "facebookId": "31eca5cd-b460-45f1-846d-b6239007dc24",
    "fullName": "Morris Hayes",
    "email": "Shana.Lowe35@hotmail.com",
    "phone": "530-745-0658 x862",
    "sex": "female",
    "status": "active",
    "deleted": false,
    "createdAt": "2024-11-27T17:16:54.599Z"
  },
  {
    "googleId": "34c1a372-87f0-4ca2-a128-f4eff3327077",
    "fullName": "Dr. Janice Bernhard",
    "email": "Ernestina_Little46@yahoo.com",
    "phone": "(523) 802-6371 x5522",
    "sex": "female",
    "status": "active",
    "deleted": false,
    "createdAt": "2024-11-27T19:27:02.842Z"
  },
  {
    "fullName": "Karl Jacobi",
    "email": "Simeon_Boyer76@yahoo.com",
    "password": "$2b$10$aR4pMjXpqNrHi41D2nMEMeEKHpx.rZnxci5soyOcnGi.yHrlcSOou",
    "phone": "(235) 746-5150 x1901",
    "sex": "other",
    "status": "active",
    "deleted": false,
    "createdAt": "2024-11-27T22:36:05.185Z"
  },
  {
    "fullName": "Nelson Corkery",
    "email": "Maryjane.Christiansen23@gmail.com",
    "password": "$2b$10$ttyHbFkfKirmzujm/3Ztvew6EYk7DAoiYJr9M7jIN/sp5T1/QHAiG",
    "phone": "662-701-6326 x63780",
    "sex": "male",
    "status": "active",
    "deleted": false,
    "createdAt": "2024-11-28T00:25:46.638Z"
  },
  {
    "fullName": "Camille Little",
    "email": "Titus.Kuhlman92@gmail.com",
    "password": "$2b$10$3JEN2704s6SstHMEeX56DOHeZOhyKNjaYDTHPIldPHF3jGr64O1Ma",
    "phone": "292.955.5560 x815",
    "sex": "female",
    "status": "active",
    "deleted": false,
    "createdAt": "2024-11-28T03:38:35.466Z"
  },
  {
    "googleId": "b1e0c4f8-f296-4c03-8954-2657307a6dff",
    "fullName": "Marcos Cronin",
    "email": "Rebeca85@gmail.com",
    "phone": "943-503-1484",
    "sex": "other",
    "status": "active",
    "deleted": false,
    "createdAt": "2024-11-28T04:51:25.527Z"
  },
  {
    "googleId": "2d27516e-175e-47be-b29b-0e928c8a4f62",
    "fullName": "Nancy Watsica",
    "email": "Vincenzo95@yahoo.com",
    "phone": "1-433-557-3209",
    "sex": "other",
    "status": "active",
    "deleted": false,
    "createdAt": "2024-11-28T15:59:19.839Z"
  },
  {
    "fullName": "Stewart Wolff V",
    "email": "Ryder.Langosh@gmail.com",
    "password": "$2b$10$FN5JWiJdafCxuBhgljpz4eECdWpaX4sk7B2QyTYI81BdOGA..qUg6",
    "phone": "1-447-778-1748 x56845",
    "sex": "female",
    "status": "active",
    "deleted": false,
    "createdAt": "2024-11-28T19:11:27.910Z"
  },
  {
    "facebookId": "f56fd101-137c-4ca3-8066-a0dfe5739e88",
    "fullName": "Tabitha Leffler",
    "email": "Breanne63@hotmail.com",
    "phone": "1-858-609-9946 x092",
    "sex": "other",
    "status": "active",
    "deleted": false,
    "createdAt": "2024-11-28T21:23:12.982Z"
  },
  {
    "fullName": "Jennifer Rogahn",
    "email": "Abigale_Lynch90@gmail.com",
    "password": "$2b$10$TlG8.a3umJrMq9.yEXLxAuT6Rv3kVRViH0J2XqHPwid8/lKFbT.Q.",
    "phone": "442-332-1559 x19307",
    "sex": "female",
    "status": "active",
    "deleted": false,
    "createdAt": "2024-11-28T22:13:45.054Z"
  }
]
