[
  {
    "facebookId": "7878d34f-fd48-4817-9cbd-ad2394bb8dae",
    "fullName": "Miss Iris Donnelly",
    "email": "Misael14@gmail.com",
    "phone": "(768) 723-9929 x25526",
    "sex": "female",
    "status": "active",
    "deleted": false,
    "createdAt": "2025-01-01T14:27:16.237Z"
  },
  {
    "googleId": "63c5ea04-a894-48e0-a483-d2df3d5eb8fc",
    "fullName": "Richard Feeney",
    "email": "Gerda.Reinger@hotmail.com",
    "phone": "859.626.9847",
    "sex": "male",
    "status": "active",
    "deleted": false,
    "createdAt": "2025-01-01T16:25:00.328Z"
  },
  {
    "fullName": "Kayla Maggio",
    "email": "Jeffry.Swift10@gmail.com",
    "password": "$2b$10$u4gqhybVR/0eiF/eGnbrIePMEwgVsIlLnZsg0pwtppgI4hxQx4LCu",
    "phone": "(501) 762-2334",
    "sex": "other",
    "status": "active",
    "deleted": false,
    "createdAt": "2025-01-01T18:00:11.127Z"
  },
  {
    "githubId": "c300284c-99f3-4e75-9532-51a093ff2c48",
    "fullName": "Clara Braun MD",
    "email": "Ulises_Rice77@yahoo.com",
    "phone": "851-762-6742 x7645",
    "sex": "male",
    "status": "active",
    "deleted": false,
    "createdAt": "2025-01-01T18:13:00.749Z"
  },
  {
    "githubId": "d8bfc082-0f56-4eeb-bc49-4938a1f98c18",
    "fullName": "Lance Wilderman",
    "email": "Lester31@yahoo.com",
    "phone": "(651) 961-8903 x73128",
    "sex": "female",
    "status": "active",
    "deleted": false,
    "createdAt": "2025-01-01T21:32:07.385Z"
  },
  {
    "githubId": "3fbfd70d-1ca8-470d-a309-6b6e5fcea84f",
    "fullName": "Terry Smitham",
    "email": "Makenzie.Rice25@yahoo.com",
    "phone": "785-886-7832 x346",
    "sex": "female",
    "status": "active",
    "deleted": false,
    "createdAt": "2025-01-02T12:38:28.841Z"
  },
  {
    "githubId": "c7df3706-4f00-4ccd-b384-c991932e1e2f",
    "fullName": "Lorenzo Fahey",
    "email": "Dangelo30@yahoo.com",
    "phone": "860-703-6565",
    "sex": "other",
    "status": "active",
    "deleted": false,
    "createdAt": "2025-01-02T15:26:04.474Z"
  },
  {
    "githubId": "ca2e2761-8a4a-4d6b-90af-fc982bc96357",
    "fullName": "Connie Medhurst",
    "email": "Gabriel.West@gmail.com",
    "phone": "(652) 335-5006 x26068",
    "sex": "female",
    "status": "active",
    "deleted": false,
    "createdAt": "2025-01-02T19:26:40.397Z"
  },
  {
    "fullName": "Percy Fisher",
    "email": "Katlynn38@yahoo.com",
    "password": "$2b$10$.HBuhX9FjExY9.hr9QcAQ.Dwp6daQM62aWc9K338RnJqCgMcJWiJK",
    "phone": "742.706.7665",
    "sex": "other",
    "status": "active",
    "deleted": false,
    "createdAt": "2025-01-02T19:52:40.184Z"
  },
  {
    "githubId": "bfcdacb7-ab8c-41d4-bd61-36ef865b5b68",
    "fullName": "Byron Lueilwitz",
    "email": "Scottie.Fay@yahoo.com",
    "phone": "332.312.3237 x6377",
    "sex": "other",
    "status": "active",
    "deleted": false,
    "createdAt": "2025-01-02T20:37:07.881Z"
  },
  {
    "googleId": "55b1399c-9c0c-44ed-8b00-8a6c80c7db90",
    "fullName": "Reginald Pagac",
    "email": "Ofelia_Lubowitz73@hotmail.com",
    "phone": "244.851.3548 x935",
    "sex": "male",
    "status": "active",
    "deleted": false,
    "createdAt": "2025-01-02T20:39:24.968Z"
  },
  {
    "fullName": "Henry Morissette",
    "email": "Bethel96@yahoo.com",
    "password": "$2b$10$gKUuoaG/f/CaCZXagpc24euzyjcARJaXkhoNlCGjpnNWVNInnZbYe",
    "phone": "827.371.5245 x880",
    "sex": "other",
    "status": "active",
    "deleted": false,
    "createdAt": "2025-01-03T00:10:21.053Z"
  },
  {
    "googleId": "e45815aa-c2f6-40d8-8536-245875cd1df0",
    "fullName": "Melody Ziemann-Konopelski DVM",
    "email": "Theron5@yahoo.com",
    "phone": "540.563.8966 x3644",
    "sex": "male",
    "status": "active",
    "deleted": false,
    "createdAt": "2025-01-03T04:33:46.284Z"
  },
  {
    "fullName": "Catherine Heller",
    "email": "Ettie_King62@hotmail.com",
    "password": "$2b$10$CfT5PqFrdXjfFMX1/8yhj.ufLcDrBXFASLLj6uInDEWd0c13wimEK",
    "phone": "(320) 214-7341",
    "sex": "other",
    "status": "active",
    "deleted": false,
    "createdAt": "2025-01-03T05:49:30.229Z"
  },
  {
    "facebookId": "34e15c35-a001-4f6a-ac85-1089e84e801e",
    "fullName": "Ada Kuhlman",
    "email": "Laurie.Lehner16@yahoo.com",
    "phone": "(973) 960-5429 x76677",
    "sex": "male",
    "status": "active",
    "deleted": false,
    "createdAt": "2025-01-03T11:18:58.416Z"
  },
  {
    "facebookId": "05191516-374b-4eaf-9dde-068c8759ff68",
    "fullName": "Sonja McCullough",
    "email": "Alexandrine.Pfeffer33@hotmail.com",
    "phone": "(211) 902-5332 x4710",
    "sex": "male",
    "status": "active",
    "deleted": false,
    "createdAt": "2025-01-03T16:47:45.622Z"
  },
  {
    "facebookId": "626d35df-9cc1-4846-9e7d-f0a32136e0f7",
    "fullName": "Jessie Mante Sr.",
    "email": "Eden_Larson80@gmail.com",
    "phone": "660-387-1864",
    "sex": "other",
    "status": "active",
    "deleted": false,
    "createdAt": "2025-01-04T08:34:06.631Z"
  },
  {
    "githubId": "ade175a6-6864-4361-b95b-420e60428f0d",
    "fullName": "Daisy Kulas",
    "email": "Raleigh17@gmail.com",
    "phone": "859-517-8533 x3490",
    "sex": "male",
    "status": "active",
    "deleted": false,
    "createdAt": "2025-01-04T08:52:08.338Z"
  },
  {
    "googleId": "150340a5-3517-4b10-bbfa-68529f956956",
    "fullName": "Johnnie Denesik MD",
    "email": "Janessa94@gmail.com",
    "phone": "1-995-438-8752",
    "sex": "other",
    "status": "active",
    "deleted": false,
    "createdAt": "2025-01-04T15:54:04.960Z"
  },
  {
    "fullName": "Suzanne Weber PhD",
    "email": "Henriette_Bashirian@hotmail.com",
    "password": "$2b$10$zz9KJt9VyOkzaGllrXfqhe4j3L0pJX7uYY/F9yHMgEfZSgjdyvNXu",
    "phone": "(908) 231-3973",
    "sex": "other",
    "status": "active",
    "deleted": false,
    "createdAt": "2025-01-04T15:54:31.971Z"
  },
  {
    "fullName": "Brittany Veum",
    "email": "Bernadette_Schamberger78@hotmail.com",
    "password": "$2b$10$5W8LlqwCgY0Bnm5udnE5gOCq.81srBM/9pW2Syj7ah/qxP1gtVkLG",
    "phone": "(427) 677-6700 x58705",
    "sex": "male",
    "status": "active",
    "deleted": false,
    "createdAt": "2025-01-04T23:56:09.056Z"
  },
  {
    "githubId": "5b490074-720e-4aa6-8bdf-a525580a5bed",
    "fullName": "Roman Ebert Sr.",
    "email": "Elissa69@yahoo.com",
    "phone": "(302) 603-6147 x5776",
    "sex": "other",
    "status": "active",
    "deleted": false,
    "createdAt": "2025-01-05T14:43:15.302Z"
  },
  {
    "githubId": "bae2fd7c-3ea0-4cc2-a1ee-38f872b58c60",
    "fullName": "Betty Lind",
    "email": "Nakia18@hotmail.com",
    "phone": "1-273-670-9600",
    "sex": "other",
    "status": "active",
    "deleted": false,
    "createdAt": "2025-01-05T15:09:45.671Z"
  },
  {
    "facebookId": "8be16f76-1ad0-4458-a205-749767498693",
    "fullName": "Florence Kuphal",
    "email": "Wendy_Schimmel25@hotmail.com",
    "phone": "823-301-5602 x9849",
    "sex": "male",
    "status": "active",
    "deleted": false,
    "createdAt": "2025-01-05T15:29:24.312Z"
  },
  {
    "githubId": "cf5b7cc2-024a-4d2f-a75f-700d770f8243",
    "fullName": "Elizabeth Rice",
    "email": "Mavis67@gmail.com",
    "phone": "854.743.1663 x88581",
    "sex": "other",
    "status": "active",
    "deleted": false,
    "createdAt": "2025-01-06T05:23:02.162Z"
  },
  {
    "facebookId": "d88db528-a3b0-4728-85e4-ce31281191b2",
    "fullName": "Derek Brekke I",
    "email": "Dortha39@hotmail.com",
    "phone": "1-491-408-1117 x9032",
    "sex": "female",
    "status": "active",
    "deleted": false,
    "createdAt": "2025-01-06T08:03:39.753Z"
  },
  {
    "googleId": "95b9d434-5182-4547-8e69-9c6e1b628da7",
    "fullName": "Kimberly Gutkowski",
    "email": "Brice_Hills@gmail.com",
    "phone": "972.524.1176 x0888",
    "sex": "male",
    "status": "active",
    "deleted": false,
    "createdAt": "2025-01-06T08:21:45.992Z"
  },
  {
    "googleId": "e978d320-079c-4a2d-aee4-f2e6dcb8484b",
    "fullName": "Louis Wintheiser Jr.",
    "email": "Abbey_Steuber@hotmail.com",
    "phone": "856.900.6775 x5294",
    "sex": "other",
    "status": "active",
    "deleted": false,
    "createdAt": "2025-01-06T14:52:01.817Z"
  },
  {
    "googleId": "c3f2f99a-d8e5-494a-bf61-1241f6820852",
    "fullName": "Dr. Theodore Wehner",
    "email": "Randi73@hotmail.com",
    "phone": "1-877-431-9488",
    "sex": "female",
    "status": "active",
    "deleted": false,
    "createdAt": "2025-01-07T00:16:30.810Z"
  },
  {
    "fullName": "Mable Hills",
    "email": "Seth.Reichel@yahoo.com",
    "password": "$2b$10$Dg/hhGPOh4.lvKmhRGjsqOLhjpj8RLCaWgGEUaDRczZ/iLkrLM08G",
    "phone": "983-907-3893 x23120",
    "sex": "male",
    "status": "active",
    "deleted": false,
    "createdAt": "2025-01-07T00:39:39.509Z"
  },
  {
    "fullName": "Joe Jacobi",
    "email": "Kristofer.Fritsch@yahoo.com",
    "password": "$2b$10$xUuD6JmevMvcklckMqzjeuKdvzUxe.UPNXSIBwVAFjcUx/.hMHtYm",
    "phone": "1-471-362-9976 x820",
    "sex": "other",
    "status": "active",
    "deleted": false,
    "createdAt": "2025-01-07T08:55:50.008Z"
  },
  {
    "googleId": "8ebf4d6e-7b0e-461a-86d7-f39fd05bae58",
    "fullName": "Carol Powlowski",
    "email": "Alaina.Mante-Bogan@yahoo.com",
    "phone": "290.306.9046 x22598",
    "sex": "other",
    "status": "active",
    "deleted": false,
    "createdAt": "2025-01-07T09:21:45.341Z"
  },
  {
    "fullName": "Isaac Jaskolski",
    "email": "Sydni_Moore82@yahoo.com",
    "password": "$2b$10$eYQISKkFSvnlyFyG3eYf3u/4aF5/0iFB7.T9Z6rgbc42hPq9U6DgW",
    "phone": "1-683-295-9743 x1456",
    "sex": "male",
    "status": "active",
    "deleted": false,
    "createdAt": "2025-01-07T12:42:57.669Z"
  },
  {
    "googleId": "fed775be-d4ad-4d9d-a34f-94413cf15894",
    "fullName": "Brenda Graham",
    "email": "Drew.Reynolds@hotmail.com",
    "phone": "1-806-860-2171",
    "sex": "other",
    "status": "active",
    "deleted": false,
    "createdAt": "2025-01-08T04:47:34.233Z"
  },
  {
    "githubId": "d0da9536-1d76-48cd-a403-d3452b63907a",
    "fullName": "Dorothy O'Conner",
    "email": "Madelynn45@yahoo.com",
    "phone": "1-722-536-1478 x48000",
    "sex": "male",
    "status": "active",
    "deleted": false,
    "createdAt": "2025-01-08T13:32:36.542Z"
  },
  {
    "githubId": "79d43f26-7b04-4efe-b650-84f83bef79db",
    "fullName": "Carla Abbott",
    "email": "Louvenia_Pfeffer90@gmail.com",
    "phone": "505.879.7474 x7784",
    "sex": "other",
    "status": "active",
    "deleted": false,
    "createdAt": "2025-01-08T20:14:26.524Z"
  },
  {
    "googleId": "f9cf821c-72ab-4630-bf8b-8620dd9ad81a",
    "fullName": "Dr. Fannie Schmitt",
    "email": "Noble.Beer1@yahoo.com",
    "phone": "1-887-493-6935 x5787",
    "sex": "other",
    "status": "active",
    "deleted": false,
    "createdAt": "2025-01-08T21:29:16.781Z"
  },
  {
    "fullName": "Betty Hettinger",
    "email": "Cassandre_Grant15@gmail.com",
    "password": "$2b$10$w1zcTB70Zl996V3NkIG6yuLsuveWwo4hR3vbZkYivK9CdnknW3jqy",
    "phone": "1-313-776-5894 x6343",
    "sex": "male",
    "status": "active",
    "deleted": false,
    "createdAt": "2025-01-09T10:26:44.447Z"
  },
  {
    "githubId": "92d6588f-6f59-4e0e-8beb-498f74ca6e66",
    "fullName": "Janice Gutmann",
    "email": "Creola31@gmail.com",
    "phone": "231.405.2555",
    "sex": "male",
    "status": "active",
    "deleted": false,
    "createdAt": "2025-01-09T10:32:26.877Z"
  },
  {
    "googleId": "da7758ca-0c4e-4014-9aa9-a96e02796764",
    "fullName": "Leigh Hilll",
    "email": "Javon1@yahoo.com",
    "phone": "(754) 294-3028 x602",
    "sex": "other",
    "status": "active",
    "deleted": false,
    "createdAt": "2025-01-09T14:59:46.574Z"
  },
  {
    "githubId": "67225805-3c3b-4531-9f1a-d82fd2cbe48a",
    "fullName": "Kevin Hand",
    "email": "Ali.Wintheiser-Schuppe@yahoo.com",
    "phone": "(835) 700-8323",
    "sex": "other",
    "status": "active",
    "deleted": false,
    "createdAt": "2025-01-09T19:52:11.753Z"
  },
  {
    "googleId": "563c8dd7-13b2-4ccb-ab00-367a0c2965cc",
    "fullName": "Roderick Sawayn-O'Kon",
    "email": "Grant.Zieme@gmail.com",
    "phone": "1-918-221-4131 x2675",
    "sex": "female",
    "status": "active",
    "deleted": false,
    "createdAt": "2025-01-09T20:30:30.255Z"
  },
  {
    "githubId": "b4af02c3-e636-4c78-addf-169ec9827e13",
    "fullName": "Leonard Ruecker-Vandervort",
    "email": "Ruben.Cormier@yahoo.com",
    "phone": "1-467-706-7081",
    "sex": "female",
    "status": "active",
    "deleted": false,
    "createdAt": "2025-01-10T01:23:45.605Z"
  },
  {
    "googleId": "be609074-9160-4dfa-9ccd-08d66e9ab644",
    "fullName": "Roxanne Predovic",
    "email": "Vilma_Walter@hotmail.com",
    "phone": "943-719-4138 x04045",
    "sex": "other",
    "status": "active",
    "deleted": false,
    "createdAt": "2025-01-10T02:38:42.387Z"
  },
  {
    "facebookId": "7b6f620d-1827-4455-b632-95441d3f82d2",
    "fullName": "Hattie Pagac",
    "email": "Stacey67@hotmail.com",
    "phone": "(834) 953-9875",
    "sex": "other",
    "status": "active",
    "deleted": false,
    "createdAt": "2025-01-10T03:11:46.144Z"
  },
  {
    "facebookId": "07abc0ab-d20b-4711-8903-6a7e9f344ea4",
    "fullName": "Hector Wisozk",
    "email": "Berneice.Kuvalis99@yahoo.com",
    "phone": "812-772-0356 x1651",
    "sex": "other",
    "status": "active",
    "deleted": false,
    "createdAt": "2025-01-10T05:49:51.859Z"
  },
  {
    "githubId": "590f844f-6d6d-46b6-b6b1-785af8d3d682",
    "fullName": "Josephine Bergstrom",
    "email": "Samara.Price@gmail.com",
    "phone": "429-628-5401 x717",
    "sex": "other",
    "status": "active",
    "deleted": false,
    "createdAt": "2025-01-10T13:18:28.680Z"
  },
  {
    "facebookId": "3242a4b5-c4dd-4135-8ffc-150b506dfe16",
    "fullName": "Jonathon Effertz DVM",
    "email": "Elwin.Torp0@hotmail.com",
    "phone": "877.213.8125 x814",
    "sex": "other",
    "status": "active",
    "deleted": false,
    "createdAt": "2025-01-10T13:37:47.933Z"
  },
  {
    "googleId": "9351e3c8-89e7-4999-8407-156e8a980f05",
    "fullName": "Ricardo Hammes II",
    "email": "Aida_Kuhn77@hotmail.com",
    "phone": "246-684-1397 x61360",
    "sex": "other",
    "status": "active",
    "deleted": false,
    "createdAt": "2025-01-10T22:07:01.615Z"
  },
  {
    "googleId": "21051987-b0a3-40fc-bb77-0af398313b1d",
    "fullName": "Bethany Russel",
    "email": "Aryanna96@yahoo.com",
    "phone": "1-299-818-2348 x747",
    "sex": "other",
    "status": "active",
    "deleted": false,
    "createdAt": "2025-01-11T06:59:49.385Z"
  },
  {
    "facebookId": "06bf8554-9ccd-49f1-b569-7e237748a98b",
    "fullName": "Lola Roberts",
    "email": "Sid34@gmail.com",
    "phone": "304-918-6630 x56764",
    "sex": "other",
    "status": "active",
    "deleted": false,
    "createdAt": "2025-01-11T10:54:35.650Z"
  },
  {
    "fullName": "Verna Ledner",
    "email": "Allene.Wuckert@hotmail.com",
    "password": "$2b$10$ccjttGIDZvDkJ2QHj8cZae75mIcA6KMYF.WBSpSNQUAdk5zHqGuC6",
    "phone": "1-475-948-2424 x00208",
    "sex": "other",
    "status": "active",
    "deleted": false,
    "createdAt": "2025-01-11T11:00:18.403Z"
  },
  {
    "githubId": "749677f8-6684-40f2-bc7c-97c5f2b54a8c",
    "fullName": "Lamar Medhurst",
    "email": "Kayley39@hotmail.com",
    "phone": "660-294-1544",
    "sex": "other",
    "status": "active",
    "deleted": false,
    "createdAt": "2025-01-11T21:09:09.923Z"
  },
  {
    "githubId": "16d1af33-02b3-4886-b4da-10fd32921237",
    "fullName": "Daniel Kirlin",
    "email": "Tierra35@gmail.com",
    "phone": "(448) 756-5932 x416",
    "sex": "female",
    "status": "active",
    "deleted": false,
    "createdAt": "2025-01-12T00:07:48.898Z"
  },
  {
    "fullName": "Erick Zboncak",
    "email": "Cletus_OConner3@hotmail.com",
    "password": "$2b$10$vABJ4x7aFXGOb.0MPcDMrOY2XAcR0IolOm.AM/jjXhbcLr8gor.KW",
    "phone": "1-462-386-4876 x4581",
    "sex": "other",
    "status": "active",
    "deleted": false,
    "createdAt": "2025-01-12T00:31:30.285Z"
  },
  {
    "facebookId": "a7776149-c367-41a2-8bf9-548a34346b73",
    "fullName": "Bobbie Cummerata",
    "email": "Talia_Kihn66@yahoo.com",
    "phone": "1-834-684-5333",
    "sex": "male",
    "status": "active",
    "deleted": false,
    "createdAt": "2025-01-12T10:19:56.989Z"
  },
  {
    "facebookId": "a768a4e0-a34c-4b56-a1fa-e19a7f44690c",
    "fullName": "Wendy Wilkinson",
    "email": "Emiliano.Daugherty@hotmail.com",
    "phone": "477.809.3760",
    "sex": "male",
    "status": "active",
    "deleted": false,
    "createdAt": "2025-01-12T10:42:37.974Z"
  },
  {
    "facebookId": "9ee001b0-affc-46e2-8f0b-d157a5120884",
    "fullName": "Anthony Gleason",
    "email": "Orval_Rutherford73@yahoo.com",
    "phone": "(540) 720-5541 x93677",
    "sex": "other",
    "status": "active",
    "deleted": false,
    "createdAt": "2025-01-12T13:25:53.709Z"
  },
  {
    "facebookId": "646c85ba-eb00-4ad1-9e10-05fb1564dc2e",
    "fullName": "Tom Mitchell",
    "email": "Remington95@gmail.com",
    "phone": "(692) 248-9292",
    "sex": "other",
    "status": "active",
    "deleted": false,
    "createdAt": "2025-01-12T17:59:53.552Z"
  },
  {
    "facebookId": "1c2641b6-78ce-408e-b9a0-b7b9c3342c89",
    "fullName": "Dwight Carroll",
    "email": "Hanna_Watsica@yahoo.com",
    "phone": "773.761.3943 x145",
    "sex": "male",
    "status": "active",
    "deleted": false,
    "createdAt": "2025-01-13T09:28:11.872Z"
  },
  {
    "fullName": "Mrs. Sharon Predovic",
    "email": "Verona84@yahoo.com",
    "password": "$2b$10$y68PKRDMq6Kf5qq.sqWAz.ild1kFhmUijH0rw4WD61EMRnhg3681a",
    "phone": "(799) 390-6624 x024",
    "sex": "female",
    "status": "active",
    "deleted": false,
    "createdAt": "2025-01-13T17:27:35.381Z"
  },
  {
    "facebookId": "9d8f7099-e1e0-4049-98b0-bf53ec1b29c4",
    "fullName": "Nicholas Simonis",
    "email": "Madalyn66@gmail.com",
    "phone": "893.562.9267 x448",
    "sex": "male",
    "status": "active",
    "deleted": false,
    "createdAt": "2025-01-13T18:13:57.802Z"
  },
  {
    "githubId": "3a088844-ea0a-4864-95ef-ac67ed3125ce",
    "fullName": "Nina Green-Moen",
    "email": "Gilda_Bergstrom@hotmail.com",
    "phone": "(967) 345-8010 x3330",
    "sex": "other",
    "status": "active",
    "deleted": false,
    "createdAt": "2025-01-13T20:27:44.170Z"
  },
  {
    "githubId": "772d23b9-20b2-4412-8dab-4eca0db221fb",
    "fullName": "Dr. Camille Toy",
    "email": "Emmy59@yahoo.com",
    "phone": "759-391-4207 x07550",
    "sex": "other",
    "status": "active",
    "deleted": false,
    "createdAt": "2025-01-13T23:35:00.937Z"
  },
  {
    "facebookId": "9cd24cff-d798-4f6f-900b-800b9c3a0360",
    "fullName": "Ronald Nolan",
    "email": "Twila_Jerde@yahoo.com",
    "phone": "377.634.0217",
    "sex": "other",
    "status": "active",
    "deleted": false,
    "createdAt": "2025-01-14T01:35:20.600Z"
  },
  {
    "googleId": "ff91fdb1-0b2e-4983-a484-8766260d7e7b",
    "fullName": "Ms. Faye Fritsch",
    "email": "Clara48@gmail.com",
    "phone": "673.381.4155",
    "sex": "other",
    "status": "active",
    "deleted": false,
    "createdAt": "2025-01-14T01:40:08.459Z"
  },
  {
    "fullName": "Tony Wehner",
    "email": "Jalyn.Kassulke@gmail.com",
    "password": "$2b$10$UmdhrpzTyZ5DiaHUA71idOKnKOHzQvfe2EwrJr2JMHY6XVOb4SOTu",
    "phone": "591.304.2903 x296",
    "sex": "other",
    "status": "active",
    "deleted": false,
    "createdAt": "2025-01-14T02:49:17.323Z"
  },
  {
    "fullName": "Leo Marvin",
    "email": "Bernice59@yahoo.com",
    "password": "$2b$10$OxJnVbbOm2jhGtL/A1Fvq.1CfsXnpfdjFeDoO/p.DcSQKQDdBcfUe",
    "phone": "287.729.5035",
    "sex": "other",
    "status": "active",
    "deleted": false,
    "createdAt": "2025-01-14T08:04:05.836Z"
  },
  {
    "githubId": "63bb4f02-f182-4c58-8125-e2a85fbf1bc4",
    "fullName": "Sandy Kerluke",
    "email": "Bradly.Mertz@hotmail.com",
    "phone": "(280) 545-0502 x951",
    "sex": "other",
    "status": "active",
    "deleted": false,
    "createdAt": "2025-01-14T13:20:20.426Z"
  },
  {
    "githubId": "e6b52f1d-c29b-4965-862a-ff36eaf78b8c",
    "fullName": "Wilbert Wolf",
    "email": "Archibald_Murphy49@yahoo.com",
    "phone": "807.331.2489",
    "sex": "male",
    "status": "active",
    "deleted": false,
    "createdAt": "2025-01-14T17:26:57.914Z"
  },
  {
    "googleId": "4d1f9b5a-855b-4baf-8d54-7bfb2c4444a2",
    "fullName": "Muriel Wolf",
    "email": "Nikki_Muller-Price86@gmail.com",
    "phone": "716.730.2666 x362",
    "sex": "female",
    "status": "active",
    "deleted": false,
    "createdAt": "2025-01-14T21:49:12.331Z"
  },
  {
    "googleId": "dd746610-1b70-4e32-8c60-925bfa662bb9",
    "fullName": "Kellie Kuhn",
    "email": "Santino_Olson-Jenkins@gmail.com",
    "phone": "1-516-707-0105",
    "sex": "other",
    "status": "active",
    "deleted": false,
    "createdAt": "2025-01-15T01:43:55.750Z"
  },
  {
    "googleId": "df84ac3b-8cbe-4f3f-b4d2-ed9bab8f674e",
    "fullName": "Constance Koch Sr.",
    "email": "Mylene_Reichel22@hotmail.com",
    "phone": "331-884-7969 x7708",
    "sex": "female",
    "status": "active",
    "deleted": false,
    "createdAt": "2025-01-15T02:19:02.289Z"
  },
  {
    "facebookId": "c127fb0c-5565-44c4-bba0-e6e380a7481b",
    "fullName": "Doyle Christiansen",
    "email": "Werner.Kassulke@yahoo.com",
    "phone": "221.851.2360 x870",
    "sex": "female",
    "status": "active",
    "deleted": false,
    "createdAt": "2025-01-15T05:45:32.650Z"
  },
  {
    "fullName": "Samuel Kub",
    "email": "Caesar24@hotmail.com",
    "password": "$2b$10$epbFFm4tx6JTrvOMNvGTh.CsZ0jrmSVX/7fFqKaF9O9tpwLZbHDFe",
    "phone": "425-213-3898 x3607",
    "sex": "other",
    "status": "active",
    "deleted": false,
    "createdAt": "2025-01-15T09:04:08.354Z"
  },
  {
    "githubId": "18e9761e-55e6-4e82-a251-062d6f59e796",
    "fullName": "Tom Schamberger",
    "email": "Loma23@gmail.com",
    "phone": "882.327.7602",
    "sex": "other",
    "status": "active",
    "deleted": false,
    "createdAt": "2025-01-15T14:00:02.897Z"
  },
  {
    "googleId": "5b60e625-44ab-483a-82a8-7d6b1f0d84f5",
    "fullName": "Isaac Bashirian",
    "email": "Carter_Collier3@hotmail.com",
    "phone": "(234) 306-9858 x13592",
    "sex": "female",
    "status": "active",
    "deleted": false,
    "createdAt": "2025-01-15T16:21:56.336Z"
  },
  {
    "githubId": "816796fd-5947-473a-b63f-978cc57da721",
    "fullName": "Diane Flatley",
    "email": "Ardella_VonRueden39@gmail.com",
    "phone": "836.897.0361 x05782",
    "sex": "female",
    "status": "active",
    "deleted": false,
    "createdAt": "2025-01-15T17:00:39.215Z"
  },
  {
    "fullName": "Patrick Little",
    "email": "Avery.Conroy60@hotmail.com",
    "password": "$2b$10$dvnhIln2NB6xO/DVF3ErYeglePJFN.tS5t/wqqQbefJXY0gAmG55W",
    "phone": "377-603-2530 x3797",
    "sex": "male",
    "status": "active",
    "deleted": false,
    "createdAt": "2025-01-16T01:04:42.466Z"
  },
  {
    "fullName": "Tony Bergnaum",
    "email": "Lane.Spencer50@gmail.com",
    "password": "$2b$10$nOuoGJ0zg3.t5sMlPUmpj.UfHEx2FMLInsPtvDdtoGX9EJHcKHQQe",
    "phone": "(599) 850-0014",
    "sex": "female",
    "status": "active",
    "deleted": false,
    "createdAt": "2025-01-16T03:09:25.810Z"
  },
  {
    "fullName": "Nathan Friesen",
    "email": "Santina_Kshlerin@hotmail.com",
    "password": "$2b$10$i6ev83Sj3A0lhsKUKSoBBej/QUOaoSQWWhfPcob/nv8RH7r9mR7cO",
    "phone": "965-589-1891 x7469",
    "sex": "male",
    "status": "active",
    "deleted": false,
    "createdAt": "2025-01-16T09:59:27.658Z"
  },
  {
    "googleId": "3d4f7b00-e616-4bf3-b0c9-22fbb83799ad",
    "fullName": "Robert Casper",
    "email": "Johnathan.Satterfield37@gmail.com",
    "phone": "374.299.9098 x2355",
    "sex": "female",
    "status": "active",
    "deleted": false,
    "createdAt": "2025-01-16T13:07:17.663Z"
  },
  {
    "googleId": "dd5c4457-96be-46b4-b876-44ea4758c5b0",
    "fullName": "Thelma Blick MD",
    "email": "Kassandra_Smith58@hotmail.com",
    "phone": "(412) 888-5995 x42464",
    "sex": "other",
    "status": "active",
    "deleted": false,
    "createdAt": "2025-01-16T15:02:15.143Z"
  },
  {
    "fullName": "Colleen Bernhard",
    "email": "Ariane21@yahoo.com",
    "password": "$2b$10$yfBcxnt47Bb5w5sKOQE29uqzOpw8H4iVtXiQHVOw.nhokpB37FrBy",
    "phone": "875-870-3333 x4316",
    "sex": "other",
    "status": "active",
    "deleted": false,
    "createdAt": "2025-01-16T15:52:36.267Z"
  },
  {
    "fullName": "Dominic Schmidt",
    "email": "Madisyn_Reilly28@gmail.com",
    "password": "$2b$10$oLUvyFvex/18AYm2qPsXJ.a2ckDBV6D6b0KSHI5HrhyEl6V33ddo2",
    "phone": "(681) 866-3104 x533",
    "sex": "other",
    "status": "active",
    "deleted": false,
    "createdAt": "2025-01-16T16:58:29.403Z"
  },
  {
    "fullName": "Ashley Kunde",
    "email": "Virginia80@gmail.com",
    "password": "$2b$10$Ubp56tpHwxJ9F.40y.xwA.pG7KJR6e5NG3xKOIitv9ws8/LLBNbVC",
    "phone": "624.584.3346 x3749",
    "sex": "other",
    "status": "active",
    "deleted": false,
    "createdAt": "2025-01-16T20:18:11.452Z"
  },
  {
    "githubId": "99682f24-90bf-4799-a857-bc0424d3806b",
    "fullName": "Krista Bogan",
    "email": "Tito98@hotmail.com",
    "phone": "394.428.6839 x7359",
    "sex": "other",
    "status": "active",
    "deleted": false,
    "createdAt": "2025-01-17T00:23:48.100Z"
  },
  {
    "googleId": "84fa17ca-f004-46d5-8c95-3545d4767a51",
    "fullName": "Barbara Blanda",
    "email": "Clint.Towne-Kuhic@yahoo.com",
    "phone": "724-719-8500 x3578",
    "sex": "male",
    "status": "active",
    "deleted": false,
    "createdAt": "2025-01-17T00:53:25.928Z"
  },
  {
    "facebookId": "c121b4f0-fbe0-49a2-babc-669f5652640d",
    "fullName": "Terence Schmitt",
    "email": "Vicenta2@gmail.com",
    "phone": "707.331.7872 x683",
    "sex": "female",
    "status": "active",
    "deleted": false,
    "createdAt": "2025-01-17T02:12:45.094Z"
  },
  {
    "githubId": "7c0c5430-1c37-4f11-b459-0f7035d3dc11",
    "fullName": "Marc Toy PhD",
    "email": "Karlie28@hotmail.com",
    "phone": "772.952.6847",
    "sex": "other",
    "status": "active",
    "deleted": false,
    "createdAt": "2025-01-17T02:49:51.825Z"
  },
  {
    "fullName": "Santiago Gusikowski",
    "email": "Margaretta_Gorczany@gmail.com",
    "password": "$2b$10$f8Xh4YnGLCfWZMypMKzEiuOXktA8P8eOspNEXnjWMdTeaKTrw5Qoi",
    "phone": "1-283-641-3850 x42649",
    "sex": "other",
    "status": "active",
    "deleted": false,
    "createdAt": "2025-01-17T03:02:28.194Z"
  },
  {
    "githubId": "542e0052-e7ea-409e-b32c-e14bbf825885",
    "fullName": "Willis Ledner",
    "email": "Alize38@yahoo.com",
    "phone": "625.977.3480 x59192",
    "sex": "other",
    "status": "active",
    "deleted": false,
    "createdAt": "2025-01-17T07:57:38.063Z"
  },
  {
    "fullName": "Ruth Boehm-Zboncak",
    "email": "Bailey.Satterfield49@gmail.com",
    "password": "$2b$10$jkdgCoiojbAx6p3.CBgAVuuypgBBJzs5HuBSCXDooepG/MLM/48ma",
    "phone": "994-999-0654 x752",
    "sex": "other",
    "status": "active",
    "deleted": false,
    "createdAt": "2025-01-17T09:59:31.115Z"
  },
  {
    "githubId": "89d77b9a-2b73-489a-b3aa-c192f2665dd8",
    "fullName": "Seth Stanton",
    "email": "Beryl_Crist-Hyatt@hotmail.com",
    "phone": "(222) 361-7469 x3657",
    "sex": "female",
    "status": "active",
    "deleted": false,
    "createdAt": "2025-01-17T15:27:08.817Z"
  },
  {
    "facebookId": "3d3b2906-a99f-4378-bce9-f0031950c57c",
    "fullName": "Marilyn O'Reilly",
    "email": "Dina.Lueilwitz98@yahoo.com",
    "phone": "(289) 765-1326 x1866",
    "sex": "female",
    "status": "active",
    "deleted": false,
    "createdAt": "2025-01-17T23:32:36.909Z"
  },
  {
    "githubId": "eabf48f2-b3a6-4e21-9aa7-e1a9c50cf899",
    "fullName": "Anita Braun",
    "email": "Darrick61@hotmail.com",
    "phone": "(216) 779-3422 x78446",
    "sex": "other",
    "status": "active",
    "deleted": false,
    "createdAt": "2025-01-18T06:39:12.651Z"
  },
  {
    "fullName": "Hattie Walker",
    "email": "Grace_Kulas48@yahoo.com",
    "password": "$2b$10$T8UcdQ.T0NNki2Q6BKjszOq/EjmlB/4uNjA7Yy0InFKuVMPlPZcau",
    "phone": "875-550-2119",
    "sex": "other",
    "status": "active",
    "deleted": false,
    "createdAt": "2025-01-18T08:47:02.270Z"
  },
  {
    "facebookId": "bfaf7141-eec7-4c60-8a23-e2e184d8e249",
    "fullName": "Gloria Rice",
    "email": "Dereck.Trantow33@hotmail.com",
    "phone": "(375) 721-1144",
    "sex": "other",
    "status": "active",
    "deleted": false,
    "createdAt": "2025-01-18T12:05:52.803Z"
  },
  {
    "googleId": "86268c2f-01a6-45e7-8d3d-a2d5b668c2b5",
    "fullName": "Christopher Cartwright",
    "email": "Fausto.Gottlieb@gmail.com",
    "phone": "352-903-6570 x024",
    "sex": "other",
    "status": "active",
    "deleted": false,
    "createdAt": "2025-01-18T18:28:40.452Z"
  },
  {
    "githubId": "8ae9f805-743f-41be-8629-61f226fea30a",
    "fullName": "Sherri Mayert V",
    "email": "Keyon_Lynch@yahoo.com",
    "phone": "(343) 455-1587 x46771",
    "sex": "other",
    "status": "active",
    "deleted": false,
    "createdAt": "2025-01-18T21:27:12.054Z"
  },
  {
    "fullName": "Dolores Metz II",
    "email": "Annalise78@yahoo.com",
    "password": "$2b$10$DiLvedCw14IVHlaoBr861u115zIFSJy0qA6w.yUlcrA3siDC5LTSm",
    "phone": "1-274-309-7255 x40722",
    "sex": "male",
    "status": "active",
    "deleted": false,
    "createdAt": "2025-01-19T00:44:18.623Z"
  },
  {
    "googleId": "c5bf043e-8568-4e0a-8ddf-580479a522aa",
    "fullName": "Willis Legros DVM",
    "email": "Korey.Rogahn-Terry@yahoo.com",
    "phone": "(803) 451-8539 x313",
    "sex": "other",
    "status": "active",
    "deleted": false,
    "createdAt": "2025-01-19T11:18:07.150Z"
  },
  {
    "facebookId": "02e6efd1-60fd-40dc-ad2e-39f6ba8665b5",
    "fullName": "Lewis Gleichner",
    "email": "Isac.OHara76@hotmail.com",
    "phone": "395-325-7905 x665",
    "sex": "other",
    "status": "active",
    "deleted": false,
    "createdAt": "2025-01-19T17:42:22.354Z"
  },
  {
    "fullName": "Doris Beier",
    "email": "Elliot.Pagac@gmail.com",
    "password": "$2b$10$KIetZ037SHP7h0wR./wvM.3A5U81ourErvGtrkHBKn9k.QXSk5K06",
    "phone": "884.300.4392 x885",
    "sex": "other",
    "status": "active",
    "deleted": false,
    "createdAt": "2025-01-19T18:34:31.880Z"
  },
  {
    "googleId": "7475b790-6b43-4b73-9c45-205ce5e73b10",
    "fullName": "Allan Funk",
    "email": "Damion26@gmail.com",
    "phone": "485.890.3806",
    "sex": "other",
    "status": "active",
    "deleted": false,
    "createdAt": "2025-01-20T09:50:15.321Z"
  },
  {
    "fullName": "Isabel Abernathy",
    "email": "Giovani18@gmail.com",
    "password": "$2b$10$oX6aT46rj8as6UfTsFs49O0slG.E4gB5jlE9LyjbbuT8CavkcsjCe",
    "phone": "335-655-7817",
    "sex": "female",
    "status": "active",
    "deleted": false,
    "createdAt": "2025-01-20T11:11:51.494Z"
  },
  {
    "fullName": "Rosa Williamson",
    "email": "Geovany44@yahoo.com",
    "password": "$2b$10$v1pQA01GSUbdtts4OIaWauHlZdMsKnKh9nzf0LB3qDZpvGV59H2SS",
    "phone": "939.797.6318 x15023",
    "sex": "male",
    "status": "active",
    "deleted": false,
    "createdAt": "2025-01-20T13:33:58.402Z"
  },
  {
    "fullName": "Susie Bosco",
    "email": "Frederique.Schowalter42@hotmail.com",
    "password": "$2b$10$A.j8PCt73V9GvsxV1nSTFebW5qdfYXMenMlulUAzLT3cJW6/M5TPW",
    "phone": "236-225-6770",
    "sex": "male",
    "status": "active",
    "deleted": false,
    "createdAt": "2025-01-20T15:34:05.733Z"
  },
  {
    "googleId": "48072109-be8e-48f4-9ab3-c14104c46968",
    "fullName": "Dr. Ramon Koelpin",
    "email": "Lillian.Raynor@gmail.com",
    "phone": "507-349-5722 x742",
    "sex": "male",
    "status": "active",
    "deleted": false,
    "createdAt": "2025-01-20T16:02:55.988Z"
  },
  {
    "githubId": "c80d89ef-c409-48be-898f-8f388a3fe1ba",
    "fullName": "Rita Daniel",
    "email": "Albina_Bashirian@yahoo.com",
    "phone": "358.381.7939",
    "sex": "other",
    "status": "active",
    "deleted": false,
    "createdAt": "2025-01-20T17:57:25.180Z"
  },
  {
    "githubId": "5b1d658a-423c-4956-a0f0-1129b75911bd",
    "fullName": "Marion Leffler",
    "email": "Aracely_Veum@yahoo.com",
    "phone": "775-295-5716 x29535",
    "sex": "other",
    "status": "active",
    "deleted": false,
    "createdAt": "2025-01-20T22:41:26.882Z"
  },
  {
    "fullName": "Fernando Bechtelar",
    "email": "Roberto.Zemlak6@yahoo.com",
    "password": "$2b$10$wfkcW1MUXkqft0JTQ0nuuOZ0Px1AeBuHqSo0SOhV1YtuEarvdGc6O",
    "phone": "995.672.1498 x4381",
    "sex": "male",
    "status": "active",
    "deleted": false,
    "createdAt": "2025-01-21T01:50:46.936Z"
  },
  {
    "googleId": "2ccbde11-ed26-495f-af06-de5ee9051fcc",
    "fullName": "Dr. Wilfred Wolf",
    "email": "Jewel15@hotmail.com",
    "phone": "1-363-714-1325",
    "sex": "female",
    "status": "active",
    "deleted": false,
    "createdAt": "2025-01-21T03:06:09.104Z"
  },
  {
    "githubId": "feb292b2-956e-4b69-be48-6f5375d535bb",
    "fullName": "Jerald Considine",
    "email": "Jaylon.Larkin60@gmail.com",
    "phone": "1-477-295-0322",
    "sex": "other",
    "status": "active",
    "deleted": false,
    "createdAt": "2025-01-21T15:16:28.557Z"
  },
  {
    "githubId": "91389904-297c-429f-81e6-a80a8b3cda8c",
    "fullName": "Lewis Stark",
    "email": "Baylee_Balistreri@gmail.com",
    "phone": "326.364.0525",
    "sex": "female",
    "status": "active",
    "deleted": false,
    "createdAt": "2025-01-21T17:26:25.571Z"
  },
  {
    "facebookId": "7acd11cc-9c3c-4ada-918f-903bda8e55e1",
    "fullName": "Kate Zulauf",
    "email": "Cole66@yahoo.com",
    "phone": "576.949.1484 x844",
    "sex": "female",
    "status": "active",
    "deleted": false,
    "createdAt": "2025-01-21T18:32:49.408Z"
  },
  {
    "facebookId": "bac8e763-15f0-4692-9962-2bb061ee13e9",
    "fullName": "Marcella Skiles",
    "email": "Rosina.Pfannerstill@hotmail.com",
    "phone": "1-616-593-1217 x18700",
    "sex": "other",
    "status": "active",
    "deleted": false,
    "createdAt": "2025-01-22T00:10:24.402Z"
  },
  {
    "githubId": "5f4c88d4-8839-4f84-a6e7-df4337c835e1",
    "fullName": "Kristopher Borer DDS",
    "email": "Tatum.McKenzie@gmail.com",
    "phone": "(557) 614-0341 x9700",
    "sex": "other",
    "status": "active",
    "deleted": false,
    "createdAt": "2025-01-22T09:23:38.700Z"
  },
  {
    "googleId": "f70d81db-5e07-42de-8806-352b5c4ee007",
    "fullName": "Timmy Gusikowski",
    "email": "Helmer.Flatley-MacGyver92@yahoo.com",
    "phone": "869.776.6419 x551",
    "sex": "female",
    "status": "active",
    "deleted": false,
    "createdAt": "2025-01-22T21:54:54.519Z"
  },
  {
    "fullName": "Delia Hirthe",
    "email": "Laurence_Lindgren48@gmail.com",
    "password": "$2b$10$IRnFylqiFh4p2V3J6dimGuJfSFx7ob1qMsJ32Q5P18k/YzjlM27hi",
    "phone": "1-614-581-1981",
    "sex": "other",
    "status": "active",
    "deleted": false,
    "createdAt": "2025-01-23T01:22:02.566Z"
  },
  {
    "githubId": "75bbcf4d-891f-4f6e-88c3-f26f6884e90f",
    "fullName": "Maxine Braun",
    "email": "Delphia.Bernhard24@hotmail.com",
    "phone": "1-847-698-8638 x49149",
    "sex": "male",
    "status": "active",
    "deleted": false,
    "createdAt": "2025-01-23T12:43:59.904Z"
  },
  {
    "githubId": "81ed5fdd-19e9-40f6-8fa4-42ff78132d02",
    "fullName": "Saul Purdy-Anderson",
    "email": "Gaston38@hotmail.com",
    "phone": "(612) 408-8797 x9404",
    "sex": "other",
    "status": "active",
    "deleted": false,
    "createdAt": "2025-01-23T19:08:24.159Z"
  },
  {
    "githubId": "4f66fe69-5408-42c1-8648-107bfdd103a2",
    "fullName": "Ollie Romaguera",
    "email": "Brandon84@hotmail.com",
    "phone": "1-335-831-9844 x32246",
    "sex": "other",
    "status": "active",
    "deleted": false,
    "createdAt": "2025-01-24T06:36:14.465Z"
  },
  {
    "googleId": "31dd1dd6-bc43-4827-aa2b-7dea0fc02bb9",
    "fullName": "Andres Konopelski III",
    "email": "Tamara.Connelly49@hotmail.com",
    "phone": "936-830-9445 x65082",
    "sex": "female",
    "status": "active",
    "deleted": false,
    "createdAt": "2025-01-25T02:15:08.479Z"
  },
  {
    "fullName": "Ed Farrell",
    "email": "Darwin4@yahoo.com",
    "password": "$2b$10$iz9TNlwtvzHwonreyqso1OVAFlSg1J9EKyWsMxSCSr4r2LPTvusk6",
    "phone": "(369) 247-2224 x103",
    "sex": "other",
    "status": "active",
    "deleted": false,
    "createdAt": "2025-01-25T04:13:31.649Z"
  },
  {
    "googleId": "da4e3058-22c6-47f3-b7c4-677d0cd3b88e",
    "fullName": "Ana Mraz",
    "email": "Adelle64@yahoo.com",
    "phone": "(790) 812-9558 x976",
    "sex": "female",
    "status": "active",
    "deleted": false,
    "createdAt": "2025-01-25T04:43:53.035Z"
  },
  {
    "fullName": "Georgia Ondricka",
    "email": "Marcel_Terry@gmail.com",
    "password": "$2b$10$4g.36T1EUhiSYurYMq8V5ObzpSjHHJWn5sH3oCyJWFOhERq/xxTSK",
    "phone": "324-757-5657 x5896",
    "sex": "male",
    "status": "active",
    "deleted": false,
    "createdAt": "2025-01-25T08:48:09.472Z"
  },
  {
    "googleId": "132b5248-9ac0-4172-bcdf-0aab5e216d70",
    "fullName": "Bradley Bergstrom",
    "email": "Diana70@yahoo.com",
    "phone": "213-718-5169 x75658",
    "sex": "other",
    "status": "active",
    "deleted": false,
    "createdAt": "2025-01-25T11:45:49.536Z"
  },
  {
    "googleId": "71790f2d-a144-4bee-93f7-6bd1152f8ab2",
    "fullName": "Kelley Fritsch Jr.",
    "email": "Patrick.Rohan47@gmail.com",
    "phone": "672-519-3524 x643",
    "sex": "other",
    "status": "active",
    "deleted": false,
    "createdAt": "2025-01-25T15:38:17.826Z"
  },
  {
    "googleId": "1cfa00f7-8294-499f-913a-472cf0a77837",
    "fullName": "Daisy Miller",
    "email": "Mariah.Fay@yahoo.com",
    "phone": "276.755.6154 x0889",
    "sex": "female",
    "status": "active",
    "deleted": false,
    "createdAt": "2025-01-25T20:38:29.469Z"
  },
  {
    "facebookId": "1e228228-68ce-4e45-857a-dc0f3ceeb215",
    "fullName": "Mrs. Felicia Kemmer",
    "email": "Oliver_Rice@hotmail.com",
    "phone": "669-736-0293 x95531",
    "sex": "male",
    "status": "active",
    "deleted": false,
    "createdAt": "2025-01-26T01:24:30.168Z"
  },
  {
    "githubId": "e18a64c5-9def-46c9-9d71-0aba540289bd",
    "fullName": "Colin Tromp",
    "email": "Ignacio.Medhurst@yahoo.com",
    "phone": "429.588.2134 x724",
    "sex": "other",
    "status": "active",
    "deleted": false,
    "createdAt": "2025-01-26T01:56:04.883Z"
  },
  {
    "googleId": "59e156f3-77bc-46a6-adac-3558e3b2eb0f",
    "fullName": "Corey Jaskolski-Kub DVM",
    "email": "Linda7@hotmail.com",
    "phone": "(951) 752-7317 x0037",
    "sex": "male",
    "status": "active",
    "deleted": false,
    "createdAt": "2025-01-26T09:48:10.852Z"
  },
  {
    "githubId": "ea1a755c-b198-4892-95fb-e170234d8f42",
    "fullName": "Mr. Emanuel Stokes",
    "email": "Jackie_Maggio@hotmail.com",
    "phone": "1-412-294-8273 x33437",
    "sex": "female",
    "status": "active",
    "deleted": false,
    "createdAt": "2025-01-26T10:58:07.392Z"
  },
  {
    "fullName": "Marcella Kunde-Kunze",
    "email": "Savannah16@yahoo.com",
    "password": "$2b$10$xQZah/HaCjKvjBGtkQvPPuGcFiBvO0vtrGnxdfGOc8rLXpcJJr49m",
    "phone": "1-876-246-7911 x2901",
    "sex": "other",
    "status": "active",
    "deleted": false,
    "createdAt": "2025-01-26T22:48:18.808Z"
  },
  {
    "fullName": "Rita Howe DVM",
    "email": "Jayne.DuBuque@yahoo.com",
    "password": "$2b$10$EwPxrnrkfrcX7CZvzIk7wurzVHxCUcao/oRn0Xq.s2zEF/XhIc1te",
    "phone": "1-666-975-9649 x48231",
    "sex": "male",
    "status": "active",
    "deleted": false,
    "createdAt": "2025-01-27T00:18:51.633Z"
  },
  {
    "facebookId": "1a1ddd03-5a48-415c-a606-34a17bedcc28",
    "fullName": "Geraldine Kirlin",
    "email": "Vincenza53@hotmail.com",
    "phone": "976-623-4280 x727",
    "sex": "other",
    "status": "active",
    "deleted": false,
    "createdAt": "2025-01-27T02:29:13.482Z"
  },
  {
    "githubId": "7918cd5a-0fed-48dd-9a1d-f5c094a55e43",
    "fullName": "Dianna Connelly",
    "email": "Jakayla_Sanford@gmail.com",
    "phone": "(433) 368-0453 x8103",
    "sex": "other",
    "status": "active",
    "deleted": false,
    "createdAt": "2025-01-27T03:41:13.292Z"
  },
  {
    "facebookId": "e4b9d29c-7e8d-4be5-8b6b-05da4dd4a491",
    "fullName": "Alfredo Hagenes Jr.",
    "email": "Garnett.Kris@yahoo.com",
    "phone": "1-957-362-1913 x77253",
    "sex": "other",
    "status": "active",
    "deleted": false,
    "createdAt": "2025-01-27T10:57:06.426Z"
  },
  {
    "fullName": "Glenda Hills",
    "email": "Annamae22@yahoo.com",
    "password": "$2b$10$mcoS.JKEaOZO2q6Si4aDTuzRIJS/HeIUuVwDuDRRdVL9oqkPTyVki",
    "phone": "863.829.5433",
    "sex": "other",
    "status": "active",
    "deleted": false,
    "createdAt": "2025-01-27T11:12:21.473Z"
  },
  {
    "githubId": "210c0c1b-0a1e-4d3d-a08b-1000e08e629f",
    "fullName": "Catherine Sawayn",
    "email": "Bailee_Sporer3@hotmail.com",
    "phone": "392-914-2102",
    "sex": "other",
    "status": "active",
    "deleted": false,
    "createdAt": "2025-01-27T13:45:24.891Z"
  },
  {
    "facebookId": "e278a5ad-3ec0-414e-adb3-102d03c4ae5a",
    "fullName": "Bessie Turcotte",
    "email": "Albin38@hotmail.com",
    "phone": "606-243-5252 x428",
    "sex": "other",
    "status": "active",
    "deleted": false,
    "createdAt": "2025-01-27T15:11:14.352Z"
  },
  {
    "githubId": "d886cdd1-0589-488b-a68c-37072826f819",
    "fullName": "Colin Stamm",
    "email": "Betty.Pouros@yahoo.com",
    "phone": "639.937.6090 x72062",
    "sex": "male",
    "status": "active",
    "deleted": false,
    "createdAt": "2025-01-27T17:36:04.691Z"
  },
  {
    "facebookId": "09c449de-7dbd-4eda-bc98-20df13366838",
    "fullName": "Della Marquardt",
    "email": "Arjun_Rolfson55@hotmail.com",
    "phone": "(426) 495-0831",
    "sex": "male",
    "status": "active",
    "deleted": false,
    "createdAt": "2025-01-27T20:17:01.144Z"
  },
  {
    "githubId": "5ce4810c-06bc-4a64-81c7-83fcb9940b2f",
    "fullName": "Fred Carter-Kshlerin",
    "email": "Alfreda_Collier25@gmail.com",
    "phone": "1-622-983-8369 x4956",
    "sex": "other",
    "status": "active",
    "deleted": false,
    "createdAt": "2025-01-27T21:18:56.811Z"
  },
  {
    "googleId": "fe2d7cc9-e625-4f64-853c-76557416c00e",
    "fullName": "Alan Fisher",
    "email": "Brock_Moore@hotmail.com",
    "phone": "(539) 979-3099",
    "sex": "female",
    "status": "active",
    "deleted": false,
    "createdAt": "2025-01-28T04:35:59.044Z"
  },
  {
    "githubId": "d755fac1-d54e-4ff2-9655-4c6efb4d201a",
    "fullName": "Ruby Kihn",
    "email": "Hellen14@gmail.com",
    "phone": "(406) 646-8071 x640",
    "sex": "other",
    "status": "active",
    "deleted": false,
    "createdAt": "2025-01-28T14:06:12.480Z"
  },
  {
    "googleId": "ac406b96-0429-4190-9892-83bad814861e",
    "fullName": "Mrs. Rosa Torp",
    "email": "Meggie_Carroll@hotmail.com",
    "phone": "236-490-4796 x404",
    "sex": "other",
    "status": "active",
    "deleted": false,
    "createdAt": "2025-01-28T14:29:15.728Z"
  },
  {
    "facebookId": "6c68e2d9-3b41-4e6b-9ffc-940ac26ee697",
    "fullName": "Jaime Hoppe PhD",
    "email": "Elliot.Hodkiewicz@gmail.com",
    "phone": "738.934.6649 x60478",
    "sex": "other",
    "status": "active",
    "deleted": false,
    "createdAt": "2025-01-28T19:17:58.486Z"
  },
  {
    "fullName": "Miss Bernice Nienow",
    "email": "Rachael31@gmail.com",
    "password": "$2b$10$b1HoAShFpmzGDB/o5rrD0ep7ncSAXNqvTCGhOfQso3UFI/9RuFzAq",
    "phone": "526-943-6176 x8295",
    "sex": "other",
    "status": "active",
    "deleted": false,
    "createdAt": "2025-01-28T22:12:02.700Z"
  },
  {
    "githubId": "0d1f7afe-5f5c-4e59-a0d6-a623694be30f",
    "fullName": "Terri Fisher",
    "email": "Scot.Willms@gmail.com",
    "phone": "1-267-291-8721 x73177",
    "sex": "other",
    "status": "active",
    "deleted": false,
    "createdAt": "2025-01-29T08:58:03.492Z"
  },
  {
    "facebookId": "4bba463e-a453-4071-9646-b76e5ddc410f",
    "fullName": "Dr. Lindsay Marvin",
    "email": "Jennifer.Gislason@gmail.com",
    "phone": "983-866-8866 x77724",
    "sex": "female",
    "status": "active",
    "deleted": false,
    "createdAt": "2025-01-29T11:12:02.428Z"
  },
  {
    "facebookId": "83de77dc-8ff7-41a9-b18a-c5b5e85b0c7d",
    "fullName": "Juanita Morar",
    "email": "Janet_Oberbrunner80@hotmail.com",
    "phone": "436.209.9180",
    "sex": "male",
    "status": "active",
    "deleted": false,
    "createdAt": "2025-01-29T11:32:44.066Z"
  },
  {
    "githubId": "8dcfd5ee-01cd-4370-902c-3cd9b436fbac",
    "fullName": "Monique Hyatt",
    "email": "Hertha.Ryan@hotmail.com",
    "phone": "286-956-0717",
    "sex": "other",
    "status": "active",
    "deleted": false,
    "createdAt": "2025-01-29T14:29:11.217Z"
  },
  {
    "githubId": "00da6975-5cd8-4e0b-b408-c2bf217b0d79",
    "fullName": "Constance Prosacco",
    "email": "Tyra.Mosciski16@yahoo.com",
    "phone": "1-676-670-8320",
    "sex": "male",
    "status": "active",
    "deleted": false,
    "createdAt": "2025-01-29T17:25:15.433Z"
  },
  {
    "facebookId": "3f89b092-6681-4af5-95a8-0e3e033f2e8e",
    "fullName": "Matthew Rohan",
    "email": "Alexandrea.Wisoky@hotmail.com",
    "phone": "734.804.8286",
    "sex": "female",
    "status": "active",
    "deleted": false,
    "createdAt": "2025-01-29T17:32:24.207Z"
  }
]
