[
  {
    "githubId": "0b8de2ad-1a28-45fb-af78-68783c340a0c",
    "fullName": "Dr. Bryant Heathcote",
    "email": "Nikko.Kiehn@hotmail.com",
    "phone": "1-220-486-7560 x24693",
    "sex": "female",
    "status": "active",
    "deleted": false,
    "createdAt": "2025-06-01T07:58:25.916Z"
  },
  {
    "facebookId": "dd552fa3-88c9-45db-b785-faca2f7dbcb3",
    "fullName": "Kurt MacGyver-Rosenbaum V",
    "email": "Eli_Conroy@yahoo.com",
    "phone": "1-805-781-9124 x25336",
    "sex": "female",
    "status": "active",
    "deleted": false,
    "createdAt": "2025-06-01T20:23:39.254Z"
  },
  {
    "facebookId": "fd8e158d-ca4d-438f-90b5-ec26e9ad73a8",
    "fullName": "Jesus Smith",
    "email": "Tommie_Monahan98@yahoo.com",
    "phone": "552.476.1850",
    "sex": "other",
    "status": "active",
    "deleted": false,
    "createdAt": "2025-06-01T23:30:44.682Z"
  },
  {
    "googleId": "973bf066-f32f-4937-aa1b-c74093d3b97c",
    "fullName": "Ms. Grace Schuppe",
    "email": "Jakayla74@gmail.com",
    "phone": "(263) 646-7052 x093",
    "sex": "female",
    "status": "active",
    "deleted": false,
    "createdAt": "2025-06-02T15:40:28.369Z"
  },
  {
    "githubId": "a6e765d2-5053-4cb5-9370-39c4c7565ca8",
    "fullName": "Sabrina Bogan Sr.",
    "email": "Destinee19@gmail.com",
    "phone": "325-650-6708 x8833",
    "sex": "male",
    "status": "active",
    "deleted": false,
    "createdAt": "2025-06-03T00:46:53.751Z"
  },
  {
    "fullName": "Jessica Bartoletti V",
    "email": "Christy_Veum44@gmail.com",
    "password": "$2b$10$PGaiVDzktukHgbLY034jlOIASK4qRfqkpO0YTzm1l0E1X1r5MoSIO",
    "phone": "(471) 483-7810 x529",
    "sex": "other",
    "status": "active",
    "deleted": false,
    "createdAt": "2025-06-03T05:51:33.540Z"
  },
  {
    "facebookId": "91647c33-4a0c-45fb-a9ec-01f03ed236d3",
    "fullName": "Claude Pfannerstill V",
    "email": "Katlynn_Stokes@yahoo.com",
    "phone": "1-379-542-4795 x08812",
    "sex": "other",
    "status": "active",
    "deleted": false,
    "createdAt": "2025-06-05T03:24:45.924Z"
  },
  {
    "googleId": "2c2dc3dd-1276-475c-b9fb-bce9dfddb930",
    "fullName": "Emilio Carter",
    "email": "Kurt.Haley79@gmail.com",
    "phone": "320.408.2561",
    "sex": "other",
    "status": "active",
    "deleted": false,
    "createdAt": "2025-06-05T13:28:00.323Z"
  },
  {
    "facebookId": "57a02648-277e-419b-948e-6590016d6700",
    "fullName": "Mrs. Beverly McGlynn",
    "email": "Melba59@hotmail.com",
    "phone": "582-575-9297 x590",
    "sex": "female",
    "status": "active",
    "deleted": false,
    "createdAt": "2025-06-05T15:21:34.785Z"
  },
  {
    "githubId": "cd1505e5-7c57-4fa8-a9a4-524b362b85cf",
    "fullName": "Gretchen Conn II",
    "email": "Lane_Hudson@hotmail.com",
    "phone": "1-842-907-8238 x29853",
    "sex": "male",
    "status": "active",
    "deleted": false,
    "createdAt": "2025-06-05T23:42:16.356Z"
  },
  {
    "githubId": "7e3f2a81-1f86-4779-8dd1-6faa48db06a3",
    "fullName": "Sherman Borer",
    "email": "Caesar.OKeefe@hotmail.com",
    "phone": "405.304.0598 x33064",
    "sex": "male",
    "status": "active",
    "deleted": false,
    "createdAt": "2025-06-06T06:45:08.269Z"
  },
  {
    "githubId": "ee3c1815-777e-4023-b0c3-2093b365965c",
    "fullName": "Myrtle DuBuque V",
    "email": "Alice_Smitham@hotmail.com",
    "phone": "(216) 736-9634",
    "sex": "male",
    "status": "active",
    "deleted": false,
    "createdAt": "2025-06-06T10:51:29.360Z"
  },
  {
    "googleId": "cd2324eb-1fc9-4465-821c-487d99f684fa",
    "fullName": "Nancy Bosco",
    "email": "Lavon63@hotmail.com",
    "phone": "677.852.9768 x938",
    "sex": "male",
    "status": "active",
    "deleted": false,
    "createdAt": "2025-06-06T23:41:29.846Z"
  },
  {
    "githubId": "4fe52e12-0d19-468f-9543-f7153b2d1e3c",
    "fullName": "Wesley Legros",
    "email": "Gennaro12@gmail.com",
    "phone": "1-808-593-2465 x6181",
    "sex": "female",
    "status": "active",
    "deleted": false,
    "createdAt": "2025-06-09T21:21:24.227Z"
  },
  {
    "githubId": "ef98f8f0-4572-4bbb-abe2-70774bbe5a3f",
    "fullName": "Ginger Koelpin",
    "email": "Zaria.Kris@hotmail.com",
    "phone": "1-482-638-6930 x32317",
    "sex": "male",
    "status": "active",
    "deleted": false,
    "createdAt": "2025-06-09T22:20:46.964Z"
  },
  {
    "fullName": "Shawn Daugherty",
    "email": "Shawna_Goldner@gmail.com",
    "password": "$2b$10$cFI31iCj/d15tyPa3v7Fq.RGpi2.4DytvMEQO.K9Lhz.e734mslJu",
    "phone": "336.599.7398 x82811",
    "sex": "female",
    "status": "active",
    "deleted": false,
    "createdAt": "2025-06-11T04:10:44.437Z"
  },
  {
    "facebookId": "90e90cd9-4158-4297-a451-8af2b5eb5c91",
    "fullName": "Harry Bednar",
    "email": "Alyson45@hotmail.com",
    "phone": "418-664-1517 x14235",
    "sex": "male",
    "status": "active",
    "deleted": false,
    "createdAt": "2025-06-12T08:31:03.344Z"
  },
  {
    "googleId": "ef4bbac4-0ef4-42f0-af55-601ab6cece2a",
    "fullName": "Renee Schulist",
    "email": "Haylee.Weissnat93@yahoo.com",
    "phone": "496.205.2277",
    "sex": "female",
    "status": "active",
    "deleted": false,
    "createdAt": "2025-06-12T09:23:19.433Z"
  },
  {
    "facebookId": "8bc5c623-3bf4-443f-b898-06f286427df6",
    "fullName": "Kristine Morar III",
    "email": "Jany_Hills@hotmail.com",
    "phone": "483-615-9120 x6258",
    "sex": "other",
    "status": "active",
    "deleted": false,
    "createdAt": "2025-06-12T15:17:34.716Z"
  },
  {
    "fullName": "Manuel Tillman",
    "email": "Vernice_Zemlak40@hotmail.com",
    "password": "$2b$10$k10drL9VuWCj7QwVsJsp5Oq4c1CHZCz5738rPIfcUQ9zwO/EQHVAG",
    "phone": "388-354-2598 x4142",
    "sex": "male",
    "status": "active",
    "deleted": false,
    "createdAt": "2025-06-14T07:34:15.445Z"
  },
  {
    "facebookId": "60fb7aac-74dc-4cb6-b170-a94cd12f6caa",
    "fullName": "Rosie Von",
    "email": "Gina21@yahoo.com",
    "phone": "889-504-7555 x659",
    "sex": "male",
    "status": "active",
    "deleted": false,
    "createdAt": "2025-06-14T14:31:47.600Z"
  },
  {
    "fullName": "Monique Hilll",
    "email": "Dwight_Streich@hotmail.com",
    "password": "$2b$10$1FdM.Qs551pmgZguYSV2PeFW7uhLz/JcG6fuBCV10cyULhmIlQSqe",
    "phone": "1-901-282-3370",
    "sex": "male",
    "status": "active",
    "deleted": false,
    "createdAt": "2025-06-14T17:33:13.269Z"
  },
  {
    "fullName": "Andy Hammes",
    "email": "Kathryn.Daniel@hotmail.com",
    "password": "$2b$10$QK8Sf8Claakj0lmil/9ZnOXUg5BkkDAgFJ71m0HID.hzPpXaT9xtG",
    "phone": "976.950.3591 x7777",
    "sex": "other",
    "status": "active",
    "deleted": false,
    "createdAt": "2025-06-15T20:53:48.207Z"
  },
  {
    "fullName": "Pedro Ziemann",
    "email": "Ilene_Prosacco-Bergnaum@hotmail.com",
    "password": "$2b$10$v/VrG9iViYc8Kvy9N.yRg.wJqFZwpR5a0KZnA3ihPtK9UNE8Emh02",
    "phone": "696.368.5914 x72894",
    "sex": "other",
    "status": "active",
    "deleted": false,
    "createdAt": "2025-06-16T00:03:51.658Z"
  },
  {
    "githubId": "3f434049-ca2e-4fb7-a707-0d34c59fd0c0",
    "fullName": "Harry Mosciski",
    "email": "Marisa51@yahoo.com",
    "phone": "1-767-284-1360 x7625",
    "sex": "male",
    "status": "active",
    "deleted": false,
    "createdAt": "2025-06-16T11:38:50.882Z"
  },
  {
    "facebookId": "9b0b18ae-9b95-4cf7-877a-86de20d88f6f",
    "fullName": "Edwin Luettgen",
    "email": "Gene33@gmail.com",
    "phone": "(239) 561-0739",
    "sex": "other",
    "status": "active",
    "deleted": false,
    "createdAt": "2025-06-16T14:00:27.007Z"
  },
  {
    "fullName": "Norma Lesch",
    "email": "Aubrey_Toy95@hotmail.com",
    "password": "$2b$10$e2uxnMS43AJbFzJm2saeyO/QQ9DA47SWi2l0OaDjJYe970XDY2P8W",
    "phone": "(976) 498-0134",
    "sex": "other",
    "status": "active",
    "deleted": false,
    "createdAt": "2025-06-17T10:43:10.167Z"
  },
  {
    "googleId": "afc58a5d-28c4-4c1e-a20e-e50e321fe106",
    "fullName": "Carla Hartmann V",
    "email": "Joelle13@yahoo.com",
    "phone": "204-817-6647 x63460",
    "sex": "other",
    "status": "active",
    "deleted": false,
    "createdAt": "2025-06-17T18:48:13.578Z"
  },
  {
    "googleId": "300957cc-0223-4562-9215-6b6922094c4b",
    "fullName": "Warren Hane",
    "email": "Nestor.Jacobs6@gmail.com",
    "phone": "(394) 220-6478 x041",
    "sex": "other",
    "status": "active",
    "deleted": false,
    "createdAt": "2025-06-18T00:24:27.487Z"
  },
  {
    "facebookId": "88b995fe-360c-4740-81a7-aa45a2bd6569",
    "fullName": "Natasha Torp",
    "email": "Judge.Frami@gmail.com",
    "phone": "(317) 900-3777 x60539",
    "sex": "female",
    "status": "active",
    "deleted": false,
    "createdAt": "2025-06-18T14:47:56.742Z"
  },
  {
    "googleId": "17827733-3a55-49a6-abea-70576ab9e09d",
    "fullName": "Darnell Feeney-Graham",
    "email": "Beverly28@hotmail.com",
    "phone": "918-892-1679",
    "sex": "female",
    "status": "active",
    "deleted": false,
    "createdAt": "2025-06-19T19:28:54.400Z"
  },
  {
    "facebookId": "5e138256-a092-47b6-ad4f-9a3af5a5f518",
    "fullName": "Ms. Melinda Osinski",
    "email": "Lucius_Larkin34@yahoo.com",
    "phone": "750.704.2863 x923",
    "sex": "other",
    "status": "active",
    "deleted": false,
    "createdAt": "2025-06-23T07:48:27.474Z"
  },
  {
    "facebookId": "bbc7bf9e-9b4a-4f0b-afc6-70bce3291d49",
    "fullName": "Willie Breitenberg",
    "email": "Woodrow.Moore42@hotmail.com",
    "phone": "784-593-8350 x33497",
    "sex": "male",
    "status": "active",
    "deleted": false,
    "createdAt": "2025-06-23T23:17:28.142Z"
  },
  {
    "facebookId": "b73b90df-f620-49f9-883a-871d0e73f873",
    "fullName": "Clarence Murazik-Stracke IV",
    "email": "Mohammed_Bins35@hotmail.com",
    "phone": "554-559-1372 x88132",
    "sex": "other",
    "status": "active",
    "deleted": false,
    "createdAt": "2025-06-24T14:29:17.482Z"
  },
  {
    "githubId": "f714fdc9-8cc4-4d72-a20a-93b4399c700d",
    "fullName": "Nellie Hessel",
    "email": "Geo52@yahoo.com",
    "phone": "(244) 308-8527 x098",
    "sex": "other",
    "status": "active",
    "deleted": false,
    "createdAt": "2025-06-25T22:49:14.172Z"
  },
  {
    "fullName": "Gregory Wolff",
    "email": "Griffin_Zboncak95@hotmail.com",
    "password": "$2b$10$zZHNHEKuqocmoW3ufqya3eigrJkBL1vK1ooRJMWHf0Aj8UX3ThjgK",
    "phone": "(342) 569-5827 x37755",
    "sex": "other",
    "status": "active",
    "deleted": false,
    "createdAt": "2025-06-26T06:35:24.657Z"
  },
  {
    "githubId": "1d091b46-2cc8-4815-901e-86a92f4197b6",
    "fullName": "Lawrence Schultz IV",
    "email": "Owen70@yahoo.com",
    "phone": "935-588-2676 x03607",
    "sex": "male",
    "status": "active",
    "deleted": false,
    "createdAt": "2025-06-27T01:25:44.362Z"
  },
  {
    "facebookId": "1daa9489-b2f5-4b56-83ab-00c9b0f2cc69",
    "fullName": "Jose Kreiger",
    "email": "Golda_Trantow93@gmail.com",
    "phone": "(347) 903-3667 x54702",
    "sex": "female",
    "status": "active",
    "deleted": false,
    "createdAt": "2025-06-27T04:10:50.745Z"
  },
  {
    "fullName": "Traci White",
    "email": "Dax_Stamm69@gmail.com",
    "password": "$2b$10$9V8qOHB3YvkZrpcA4IG7X..F8Jh54G9PEbLNUV8xxDtmEGrs3i8Ru",
    "phone": "(250) 331-8854 x68902",
    "sex": "female",
    "status": "active",
    "deleted": false,
    "createdAt": "2025-06-27T14:48:56.961Z"
  },
  {
    "fullName": "Irma Rolfson I",
    "email": "Zechariah_Boyle71@gmail.com",
    "password": "$2b$10$0ypKRaAgccS7H0zpyDkKt.AyWsmiI6bw9aISP6S0fQU3vJMKQ0SJu",
    "phone": "683-362-8678",
    "sex": "other",
    "status": "active",
    "deleted": false,
    "createdAt": "2025-06-27T23:35:26.116Z"
  },
  {
    "githubId": "d8c31c0e-933c-49ae-888d-7c31d538af88",
    "fullName": "Rose Dooley",
    "email": "Audrey_Zboncak@yahoo.com",
    "phone": "620.826.8032 x453",
    "sex": "other",
    "status": "active",
    "deleted": false,
    "createdAt": "2025-06-28T04:28:39.232Z"
  }
]
