[
  {
    "fullName": "Ed Marvin DDS",
    "email": "Elbert.Berge20@yahoo.com",
    "password": "$2b$10$ofzoJ2q0S1GFZ2rTN4HMbO26VzTsczNRdfAhbhfHiVAGU4KGewv46",
    "phone": "(819) 880-9354 x61708",
    "sex": "other",
    "status": "active",
    "deleted": false,
    "createdAt": "2025-05-01T11:41:43.032Z"
  },
  {
    "googleId": "634999b7-ec78-4f75-93f0-be8b0849f014",
    "fullName": "Chris Orn",
    "email": "Jabari55@yahoo.com",
    "phone": "905.305.4412 x5092",
    "sex": "other",
    "status": "active",
    "deleted": false,
    "createdAt": "2025-05-02T22:00:36.517Z"
  },
  {
    "githubId": "fc861b92-56df-4422-aad1-340e9eebfe25",
    "fullName": "Mrs. Sylvia Cole",
    "email": "Cristian_Smith42@yahoo.com",
    "phone": "827.754.5622 x8598",
    "sex": "other",
    "status": "active",
    "deleted": false,
    "createdAt": "2025-05-03T04:26:21.809Z"
  },
  {
    "facebookId": "60483d49-07e4-49a8-8fea-2018745f27fb",
    "fullName": "Dr. Alvin Prohaska",
    "email": "Jadon.Prohaska76@gmail.com",
    "phone": "276.960.3211 x07127",
    "sex": "male",
    "status": "active",
    "deleted": false,
    "createdAt": "2025-05-03T05:22:13.654Z"
  },
  {
    "googleId": "bcb517ac-1434-4ac5-ab7f-dbf8c1be8a29",
    "fullName": "Jose Hane",
    "email": "Preston_Sporer77@yahoo.com",
    "phone": "251.762.3524 x70402",
    "sex": "other",
    "status": "active",
    "deleted": false,
    "createdAt": "2025-05-03T09:19:27.289Z"
  },
  {
    "githubId": "deba70ec-ece8-4845-b3c7-26b0b9d4968f",
    "fullName": "Lorraine Grant III",
    "email": "Giuseppe_Jenkins@hotmail.com",
    "phone": "207-631-8049 x4343",
    "sex": "other",
    "status": "active",
    "deleted": false,
    "createdAt": "2025-05-06T08:18:50.078Z"
  },
  {
    "googleId": "8cbb0cdd-254a-4e5c-b938-117655bcfe19",
    "fullName": "Velma Goyette",
    "email": "Cindy9@yahoo.com",
    "phone": "1-419-443-9399 x396",
    "sex": "other",
    "status": "active",
    "deleted": false,
    "createdAt": "2025-05-06T12:39:18.339Z"
  },
  {
    "googleId": "8f074342-8fe8-41c1-8808-7f5ab774cd9f",
    "fullName": "Mr. Donnie Sanford",
    "email": "Jermaine11@gmail.com",
    "phone": "(948) 934-7134 x785",
    "sex": "other",
    "status": "active",
    "deleted": false,
    "createdAt": "2025-05-06T15:00:00.725Z"
  },
  {
    "googleId": "bd6b6bdf-9ae4-427f-a676-10e872f9e882",
    "fullName": "Randy Gislason",
    "email": "Amiya_Hagenes78@yahoo.com",
    "phone": "434.786.9367",
    "sex": "male",
    "status": "active",
    "deleted": false,
    "createdAt": "2025-05-07T08:02:42.227Z"
  },
  {
    "googleId": "88ac7c44-7351-41d9-a609-f833199b18dc",
    "fullName": "Olive Ullrich",
    "email": "Katrine19@hotmail.com",
    "phone": "(574) 802-2077 x5938",
    "sex": "male",
    "status": "active",
    "deleted": false,
    "createdAt": "2025-05-07T23:51:36.002Z"
  },
  {
    "facebookId": "1c28cf0f-4370-48f8-8488-23d1f827d55d",
    "fullName": "Ernestine Gleichner",
    "email": "Maegan_Nienow@hotmail.com",
    "phone": "774-790-6567 x70190",
    "sex": "other",
    "status": "active",
    "deleted": false,
    "createdAt": "2025-05-08T12:25:32.271Z"
  },
  {
    "fullName": "Miss Grace Renner",
    "email": "Cara.Gutkowski@yahoo.com",
    "password": "$2b$10$zLfxoqOgnRobWcfUTgWhHOpZB6crOBVL2EdnUQJfirt8qbOu8wrly",
    "phone": "(454) 460-1126 x42530",
    "sex": "other",
    "status": "active",
    "deleted": false,
    "createdAt": "2025-05-08T17:23:30.686Z"
  },
  {
    "facebookId": "24e8cc83-5266-4f72-bf61-176eaf54d33c",
    "fullName": "Kelley Schneider IV",
    "email": "Dario.Brown9@yahoo.com",
    "phone": "1-322-596-3948 x1485",
    "sex": "male",
    "status": "active",
    "deleted": false,
    "createdAt": "2025-05-08T23:42:13.065Z"
  },
  {
    "fullName": "Guy Fritsch-Strosin III",
    "email": "Tessie_Effertz@gmail.com",
    "password": "$2b$10$6JpFTC7m8U2Md0vHizJrEeXB58Vs5ykGHe8O8mTHXNA3Y5ppq.W9u",
    "phone": "362.885.5333 x332",
    "sex": "other",
    "status": "active",
    "deleted": false,
    "createdAt": "2025-05-11T05:52:29.602Z"
  },
  {
    "facebookId": "20a95eeb-5a4d-4731-90c8-ccab19d1357d",
    "fullName": "Shaun Breitenberg",
    "email": "Peyton31@gmail.com",
    "phone": "1-268-858-4830 x440",
    "sex": "female",
    "status": "active",
    "deleted": false,
    "createdAt": "2025-05-11T20:33:33.917Z"
  },
  {
    "googleId": "14077069-6727-40a4-85da-b4cfab15669b",
    "fullName": "Angelo Conn Jr.",
    "email": "Dawn17@hotmail.com",
    "phone": "(436) 267-2180 x3339",
    "sex": "other",
    "status": "active",
    "deleted": false,
    "createdAt": "2025-05-11T20:43:48.436Z"
  },
  {
    "githubId": "d7814cad-7112-4c70-ac31-295b3a1f0e2f",
    "fullName": "Joy Gibson",
    "email": "Alexandrea_Gibson69@gmail.com",
    "phone": "623-565-6297",
    "sex": "other",
    "status": "active",
    "deleted": false,
    "createdAt": "2025-05-11T20:45:14.185Z"
  },
  {
    "googleId": "bda40c92-c7c9-4d8b-a29a-31a14b20271f",
    "fullName": "Glenn Hahn V",
    "email": "Eleazar.Streich@hotmail.com",
    "phone": "580.852.0046 x361",
    "sex": "other",
    "status": "active",
    "deleted": false,
    "createdAt": "2025-05-12T07:00:28.202Z"
  },
  {
    "googleId": "a42d7a13-1775-4844-b662-e1b4f342e8b1",
    "fullName": "Mr. Ted Smitham",
    "email": "Baron.Kuphal-Hoeger@gmail.com",
    "phone": "(267) 827-9328 x60877",
    "sex": "male",
    "status": "active",
    "deleted": false,
    "createdAt": "2025-05-13T14:42:18.682Z"
  },
  {
    "facebookId": "5530299e-3b23-4bb3-b5f3-e1b3d3f05ab4",
    "fullName": "Marian Schaden",
    "email": "Jerrod12@hotmail.com",
    "phone": "216-523-1914 x6407",
    "sex": "other",
    "status": "active",
    "deleted": false,
    "createdAt": "2025-05-13T16:33:42.137Z"
  },
  {
    "facebookId": "95020557-efb6-4307-b77b-39d9d8383e63",
    "fullName": "Dr. Gary Franey",
    "email": "Art.Fritsch@hotmail.com",
    "phone": "660-480-7973",
    "sex": "other",
    "status": "active",
    "deleted": false,
    "createdAt": "2025-05-13T21:33:09.269Z"
  },
  {
    "facebookId": "84895345-88e5-4148-a21d-1fd52b81f6ad",
    "fullName": "Bennie Rowe",
    "email": "Cale67@yahoo.com",
    "phone": "431-951-9518 x926",
    "sex": "male",
    "status": "active",
    "deleted": false,
    "createdAt": "2025-05-14T08:53:20.178Z"
  },
  {
    "googleId": "2452c10a-f76f-4226-8507-35b816c27f13",
    "fullName": "Lyle Lemke",
    "email": "Toney.Koelpin10@hotmail.com",
    "phone": "(808) 854-7577 x808",
    "sex": "female",
    "status": "active",
    "deleted": false,
    "createdAt": "2025-05-15T03:39:08.132Z"
  },
  {
    "facebookId": "773fe760-96cb-42b3-9b65-4a7f19cdee73",
    "fullName": "Bethany Altenwerth",
    "email": "Shawn.Dach43@yahoo.com",
    "phone": "983.619.4576 x2549",
    "sex": "male",
    "status": "active",
    "deleted": false,
    "createdAt": "2025-05-15T08:28:36.981Z"
  },
  {
    "googleId": "843ead10-a70a-4e84-a4c5-275b00d218f2",
    "fullName": "Mrs. Kellie Kozey",
    "email": "Alicia11@gmail.com",
    "phone": "442-524-1110 x788",
    "sex": "female",
    "status": "active",
    "deleted": false,
    "createdAt": "2025-05-16T17:37:02.334Z"
  },
  {
    "facebookId": "bc63919f-0786-46e3-97e4-996c709a2920",
    "fullName": "Gerard O'Connell",
    "email": "Alanna.Dietrich@gmail.com",
    "phone": "285-794-6365 x621",
    "sex": "other",
    "status": "active",
    "deleted": false,
    "createdAt": "2025-05-16T19:30:51.560Z"
  },
  {
    "googleId": "2f9bec66-54fe-44ad-a304-f8a78b1fb64c",
    "fullName": "Herman Krajcik",
    "email": "Weston78@hotmail.com",
    "phone": "890-845-6251",
    "sex": "other",
    "status": "active",
    "deleted": false,
    "createdAt": "2025-05-16T20:43:52.015Z"
  },
  {
    "fullName": "Dolores Swaniawski",
    "email": "Roman_Breitenberg76@yahoo.com",
    "password": "$2b$10$0ckpGQQiPf/pHAjEug/IFesIborgkP5ElW8Z.QGlwrSVaSyTr2kjm",
    "phone": "1-949-825-7308 x4680",
    "sex": "other",
    "status": "active",
    "deleted": false,
    "createdAt": "2025-05-16T21:41:10.950Z"
  },
  {
    "googleId": "52a274a6-be59-42e2-a721-7e69fd00acc9",
    "fullName": "April Anderson-Kirlin Jr.",
    "email": "Maryam.Hermiston94@yahoo.com",
    "phone": "1-382-682-1306 x51573",
    "sex": "other",
    "status": "active",
    "deleted": false,
    "createdAt": "2025-05-17T00:34:21.639Z"
  },
  {
    "facebookId": "45f7e80a-25dc-4b8f-b136-f4523d9bc16a",
    "fullName": "Christy Keebler",
    "email": "Mathew.Gislason-Ebert12@yahoo.com",
    "phone": "(650) 388-7584 x928",
    "sex": "female",
    "status": "active",
    "deleted": false,
    "createdAt": "2025-05-17T23:38:07.910Z"
  },
  {
    "googleId": "c070ff5d-c1e9-485d-b711-1de0b4b856d7",
    "fullName": "Theresa Borer",
    "email": "Tamara63@gmail.com",
    "phone": "(916) 928-1272 x80629",
    "sex": "other",
    "status": "active",
    "deleted": false,
    "createdAt": "2025-05-18T04:28:04.288Z"
  },
  {
    "googleId": "91d17fa9-a360-43e3-9167-e05a88350d73",
    "fullName": "Ana Pacocha",
    "email": "Manuela_Lemke@yahoo.com",
    "phone": "1-437-413-3502 x473",
    "sex": "other",
    "status": "active",
    "deleted": false,
    "createdAt": "2025-05-18T14:34:41.870Z"
  },
  {
    "googleId": "b753852c-9846-4e16-b9fc-927920a42717",
    "fullName": "Mr. Clint Moore",
    "email": "Alyce_Skiles@gmail.com",
    "phone": "1-772-618-7685 x2347",
    "sex": "other",
    "status": "active",
    "deleted": false,
    "createdAt": "2025-05-19T07:37:38.156Z"
  },
  {
    "fullName": "Shelly Weissnat",
    "email": "Thelma61@hotmail.com",
    "password": "$2b$10$4nx/.dhjfeDB79yprZ/0ZOAmxCbTy0nVjBE9GiVabBbIq5HsOR5mS",
    "phone": "754-661-6086 x33639",
    "sex": "other",
    "status": "active",
    "deleted": false,
    "createdAt": "2025-05-20T03:32:06.618Z"
  },
  {
    "facebookId": "136ea48d-9ff3-4382-852d-cab5dadb17d6",
    "fullName": "Beatrice Crist",
    "email": "Gregoria_Breitenberg@yahoo.com",
    "phone": "231-877-2750 x77752",
    "sex": "male",
    "status": "active",
    "deleted": false,
    "createdAt": "2025-05-20T16:32:49.955Z"
  },
  {
    "facebookId": "2b5d6050-3089-4f99-bac6-343a034b8a5c",
    "fullName": "Felicia Douglas",
    "email": "Halle_Schulist-Wuckert26@gmail.com",
    "phone": "446.338.2732 x8165",
    "sex": "female",
    "status": "active",
    "deleted": false,
    "createdAt": "2025-05-21T01:17:34.327Z"
  },
  {
    "githubId": "755a78e5-162a-4a6c-ad95-f368f972e79b",
    "fullName": "Luz Streich",
    "email": "Vivian91@gmail.com",
    "phone": "(870) 722-4044 x4248",
    "sex": "other",
    "status": "active",
    "deleted": false,
    "createdAt": "2025-05-21T19:11:56.250Z"
  },
  {
    "githubId": "3f77fa99-bf66-4771-94b4-575cfe3942b8",
    "fullName": "Maria Effertz",
    "email": "Therese_Turner84@hotmail.com",
    "phone": "227.381.9513 x9612",
    "sex": "other",
    "status": "active",
    "deleted": false,
    "createdAt": "2025-05-22T02:24:52.462Z"
  },
  {
    "googleId": "60be8ce6-bc68-401c-8582-0e56efcb8c23",
    "fullName": "Patty Langosh",
    "email": "Durward.Cruickshank@yahoo.com",
    "phone": "(968) 592-9023 x5727",
    "sex": "female",
    "status": "active",
    "deleted": false,
    "createdAt": "2025-05-22T05:17:50.351Z"
  },
  {
    "githubId": "6d516738-24f8-4356-b97e-7d0bd7ae52d2",
    "fullName": "Guadalupe Lockman",
    "email": "Lyric_Boyle@hotmail.com",
    "phone": "(450) 561-6293",
    "sex": "male",
    "status": "active",
    "deleted": false,
    "createdAt": "2025-05-22T10:07:39.970Z"
  },
  {
    "googleId": "04fa14b5-d7b9-4ec6-bb74-c439519d1797",
    "fullName": "Kathleen Tremblay",
    "email": "Araceli.Okuneva62@yahoo.com",
    "phone": "(866) 401-0900 x0608",
    "sex": "male",
    "status": "active",
    "deleted": false,
    "createdAt": "2025-05-22T12:00:21.348Z"
  },
  {
    "facebookId": "80e59980-9441-404e-b05b-1a1ad560101d",
    "fullName": "Morris Aufderhar",
    "email": "Elyse96@yahoo.com",
    "phone": "700-621-7139 x678",
    "sex": "other",
    "status": "active",
    "deleted": false,
    "createdAt": "2025-05-22T16:14:47.003Z"
  },
  {
    "googleId": "adce7e02-ec20-45f8-a19f-1af24c8911d5",
    "fullName": "Leah Prohaska III",
    "email": "Agustina19@hotmail.com",
    "phone": "1-693-448-3100 x807",
    "sex": "male",
    "status": "active",
    "deleted": false,
    "createdAt": "2025-05-22T21:05:53.405Z"
  },
  {
    "googleId": "d0c99888-22eb-4422-8977-54fd905657aa",
    "fullName": "Jorge Gibson",
    "email": "Dale.Hettinger@gmail.com",
    "phone": "(481) 710-3403 x486",
    "sex": "male",
    "status": "active",
    "deleted": false,
    "createdAt": "2025-05-23T06:26:37.735Z"
  },
  {
    "githubId": "ed362a98-5120-4b38-893f-e7f2eab10042",
    "fullName": "Arnold Cronin",
    "email": "Vincent0@gmail.com",
    "phone": "668-871-5526 x7055",
    "sex": "male",
    "status": "active",
    "deleted": false,
    "createdAt": "2025-05-23T11:06:05.008Z"
  },
  {
    "githubId": "ae64e8bb-cb90-4333-84c5-8ab6afaa67d9",
    "fullName": "Mrs. Agnes McCullough",
    "email": "Jerry.Rosenbaum62@gmail.com",
    "phone": "478-227-3223",
    "sex": "male",
    "status": "active",
    "deleted": false,
    "createdAt": "2025-05-24T01:56:45.842Z"
  },
  {
    "githubId": "51615b03-e74c-4c31-af8d-388fcf4d036d",
    "fullName": "Bobbie Simonis",
    "email": "Iva.Kozey4@yahoo.com",
    "phone": "1-485-209-4656 x49925",
    "sex": "other",
    "status": "active",
    "deleted": false,
    "createdAt": "2025-05-24T12:29:18.389Z"
  },
  {
    "facebookId": "128a63b4-14bf-4aa4-b564-ce4150298556",
    "fullName": "Annie Denesik",
    "email": "Johnathon.Lesch10@gmail.com",
    "phone": "(226) 257-4143 x67470",
    "sex": "female",
    "status": "active",
    "deleted": false,
    "createdAt": "2025-05-25T01:23:00.742Z"
  },
  {
    "facebookId": "438956bb-719e-49b7-ab11-610d9842159e",
    "fullName": "Willie Christiansen",
    "email": "Keven.Crooks69@yahoo.com",
    "phone": "959-707-4589 x0905",
    "sex": "female",
    "status": "active",
    "deleted": false,
    "createdAt": "2025-05-25T17:49:37.260Z"
  },
  {
    "googleId": "9f8e9ba8-2da7-48b4-ba81-39c784b44c05",
    "fullName": "Kevin Marks",
    "email": "Rudy.Fahey@yahoo.com",
    "phone": "943-265-0490",
    "sex": "female",
    "status": "active",
    "deleted": false,
    "createdAt": "2025-05-25T19:25:50.218Z"
  },
  {
    "googleId": "8d29e4b5-9d49-4344-b1af-3336a8816e8a",
    "fullName": "Jeremy Yundt",
    "email": "Tremayne_Christiansen@yahoo.com",
    "phone": "1-991-504-7554 x7768",
    "sex": "male",
    "status": "active",
    "deleted": false,
    "createdAt": "2025-05-26T04:19:23.266Z"
  },
  {
    "githubId": "24ce2e0b-fa87-4657-b9ad-9940a3a10529",
    "fullName": "Dianne Nader",
    "email": "Odie.Walker22@yahoo.com",
    "phone": "372.607.4960 x6172",
    "sex": "other",
    "status": "active",
    "deleted": false,
    "createdAt": "2025-05-26T10:43:27.439Z"
  },
  {
    "fullName": "Laura Jacobi",
    "email": "Norberto25@gmail.com",
    "password": "$2b$10$zoO1etfBRpM/MwU4XrB94u/LQaUu1Ve3VBdNBb.8wq8eLK6NTBBFi",
    "phone": "(239) 588-2517 x6516",
    "sex": "other",
    "status": "active",
    "deleted": false,
    "createdAt": "2025-05-26T17:54:17.851Z"
  },
  {
    "googleId": "0aacaecb-3c8e-4c5a-bd76-b102e138912f",
    "fullName": "Sylvia Greenfelder",
    "email": "Asa.Witting20@gmail.com",
    "phone": "900.270.4738",
    "sex": "male",
    "status": "active",
    "deleted": false,
    "createdAt": "2025-05-27T20:22:52.890Z"
  },
  {
    "googleId": "06c4a040-f7d6-40aa-b058-dc75097fd19e",
    "fullName": "Duane Schowalter",
    "email": "Jayde_Predovic22@gmail.com",
    "phone": "622.977.0838 x6050",
    "sex": "male",
    "status": "active",
    "deleted": false,
    "createdAt": "2025-05-28T10:44:55.007Z"
  },
  {
    "googleId": "b86ddfc9-ddd4-4956-8bcc-6dd5995fbc69",
    "fullName": "Milton Simonis DDS",
    "email": "Frieda.Miller93@gmail.com",
    "phone": "526-368-2544 x508",
    "sex": "other",
    "status": "active",
    "deleted": false,
    "createdAt": "2025-05-29T04:07:55.338Z"
  },
  {
    "facebookId": "18e162af-7f54-4830-87df-1f03578a7f86",
    "fullName": "Chelsea Kozey",
    "email": "Annetta.Graham96@hotmail.com",
    "phone": "432.483.7816",
    "sex": "male",
    "status": "active",
    "deleted": false,
    "createdAt": "2025-05-29T10:12:18.370Z"
  },
  {
    "githubId": "eff29eed-08e9-4aac-a1c8-c004f77ce4ea",
    "fullName": "Catherine Jacobs",
    "email": "Alysa0@yahoo.com",
    "phone": "1-265-545-7780",
    "sex": "other",
    "status": "active",
    "deleted": false,
    "createdAt": "2025-05-29T15:47:24.818Z"
  },
  {
    "fullName": "Timmy Pollich",
    "email": "Harrison_Osinski@yahoo.com",
    "password": "$2b$10$bDeoWped0on2I0ouyPbDBu1YOVCV2.3/PpSsdQhzYVD4GbCS3okOK",
    "phone": "(743) 359-9392",
    "sex": "other",
    "status": "active",
    "deleted": false,
    "createdAt": "2025-05-30T17:45:40.409Z"
  },
  {
    "facebookId": "785f0733-3611-4359-a614-fa7ae5fa2575",
    "fullName": "Wendell Goodwin",
    "email": "Elizabeth_Mann90@hotmail.com",
    "phone": "810-532-2265",
    "sex": "other",
    "status": "active",
    "deleted": false,
    "createdAt": "2025-05-30T18:39:25.071Z"
  }
]
