[
  {
    "googleId": "d9495bf8-6755-4eb5-8dd8-42510e3cfe44",
    "fullName": "Gilbert Feest",
    "email": "Penelope4@gmail.com",
    "phone": "(645) 923-9340 x26001",
    "sex": "female",
    "status": "active",
    "deleted": false,
    "createdAt": "2025-04-01T00:10:12.472Z"
  },
  {
    "githubId": "56149afe-3503-4bfc-8e1e-e696eaa2c896",
    "fullName": "Mrs. Toni Bayer",
    "email": "Cassandra_Heaney99@hotmail.com",
    "phone": "915-704-5661 x061",
    "sex": "other",
    "status": "active",
    "deleted": false,
    "createdAt": "2025-04-01T00:35:29.212Z"
  },
  {
    "githubId": "b9b32121-b26c-4353-b859-32344df47431",
    "fullName": "Dr. Hugh Anderson",
    "email": "Clint.Nader@yahoo.com",
    "phone": "310.622.6229 x0067",
    "sex": "male",
    "status": "active",
    "deleted": false,
    "createdAt": "2025-04-01T04:35:59.129Z"
  },
  {
    "facebookId": "9e657376-ed74-4e62-a398-3ef54607c868",
    "fullName": "Monique Hoppe",
    "email": "Maribel_Ryan47@gmail.com",
    "phone": "976-905-9386 x71915",
    "sex": "other",
    "status": "active",
    "deleted": false,
    "createdAt": "2025-04-01T06:23:19.070Z"
  },
  {
    "googleId": "4425e563-1553-4a6f-a77b-1b0386d4edf2",
    "fullName": "Martin Bahringer",
    "email": "Santina.Bashirian63@hotmail.com",
    "phone": "844-841-6717 x07051",
    "sex": "female",
    "status": "active",
    "deleted": false,
    "createdAt": "2025-04-01T08:44:43.251Z"
  },
  {
    "githubId": "5fbc7503-aff0-48aa-8ef3-6a739a5a03b4",
    "fullName": "Mack Gottlieb",
    "email": "Tyler.Yundt42@yahoo.com",
    "phone": "933-476-1436 x8932",
    "sex": "female",
    "status": "active",
    "deleted": false,
    "createdAt": "2025-04-01T11:45:51.468Z"
  },
  {
    "googleId": "02168fd5-413e-4acd-b841-5ef748f97ce0",
    "fullName": "Milton Hansen",
    "email": "Cristina_Klocko@hotmail.com",
    "phone": "495-748-7348 x7555",
    "sex": "other",
    "status": "active",
    "deleted": false,
    "createdAt": "2025-04-01T14:11:48.253Z"
  },
  {
    "googleId": "c167db14-365e-4dfe-aec9-980fcfc65186",
    "fullName": "Ted Rodriguez",
    "email": "Marjory_Mertz77@gmail.com",
    "phone": "1-630-446-4305 x72118",
    "sex": "other",
    "status": "active",
    "deleted": false,
    "createdAt": "2025-04-01T17:25:49.362Z"
  },
  {
    "googleId": "7b5d73fc-c123-4144-a9e7-6af31fad8bc7",
    "fullName": "Daniel Moore",
    "email": "Virgil3@gmail.com",
    "phone": "317.785.8272 x490",
    "sex": "male",
    "status": "active",
    "deleted": false,
    "createdAt": "2025-04-01T19:28:29.437Z"
  },
  {
    "githubId": "6c42e9e0-53b7-4170-842a-e42386a5079e",
    "fullName": "Kelvin Douglas-Roob III",
    "email": "Eliseo63@yahoo.com",
    "phone": "(210) 874-9625 x864",
    "sex": "female",
    "status": "active",
    "deleted": false,
    "createdAt": "2025-04-02T08:38:52.384Z"
  },
  {
    "fullName": "Stephanie Hoppe",
    "email": "Mia76@gmail.com",
    "password": "$2b$10$0fX425wdE/Dj7qv6kqZxiOn0Bd.KTQT5796q0xftQFwRO6BDeCYBe",
    "phone": "(779) 403-2061 x08434",
    "sex": "other",
    "status": "active",
    "deleted": false,
    "createdAt": "2025-04-02T21:04:01.594Z"
  },
  {
    "fullName": "John Fisher",
    "email": "Ozella_Kreiger24@yahoo.com",
    "password": "$2b$10$BlEG/wc3QA44aSkCNDnnaudeUzHfdK/DvXuVCQerqm1cPcJp8bytG",
    "phone": "723.476.8882 x224",
    "sex": "other",
    "status": "active",
    "deleted": false,
    "createdAt": "2025-04-02T21:46:33.106Z"
  },
  {
    "googleId": "ae0a8c6f-791e-4548-916a-95f1fad3d66e",
    "fullName": "Johnathan Bruen",
    "email": "Vicky56@gmail.com",
    "phone": "1-352-805-0179",
    "sex": "male",
    "status": "active",
    "deleted": false,
    "createdAt": "2025-04-02T22:31:04.355Z"
  },
  {
    "fullName": "Jeffery Padberg III",
    "email": "Grady_Hills@hotmail.com",
    "password": "$2b$10$v7370hx/7jOftQhP0VspxOWls1zXf8Fjaum35ULbpUT5BO1mzD78C",
    "phone": "1-573-987-9675 x95848",
    "sex": "male",
    "status": "active",
    "deleted": false,
    "createdAt": "2025-04-02T22:31:28.030Z"
  },
  {
    "facebookId": "15f03b23-bd3f-4c00-a425-f4a7d4984f1d",
    "fullName": "Shane Huel",
    "email": "Cassie.Walker@yahoo.com",
    "phone": "1-668-842-7610",
    "sex": "male",
    "status": "active",
    "deleted": false,
    "createdAt": "2025-04-03T00:20:32.168Z"
  },
  {
    "fullName": "Kelly Schuppe",
    "email": "Monroe_Ondricka0@gmail.com",
    "password": "$2b$10$ZaJ4A8K.UlumLHUAKi3Vw.RUUj8YreB2lj7clB0qLODCdivG77M8.",
    "phone": "777.654.8090 x399",
    "sex": "female",
    "status": "active",
    "deleted": false,
    "createdAt": "2025-04-03T02:13:54.282Z"
  },
  {
    "githubId": "dc9d7311-f911-4ab2-984f-c58157475b13",
    "fullName": "Jonathon Williamson",
    "email": "Ernest_Muller83@gmail.com",
    "phone": "678-288-7340 x46172",
    "sex": "other",
    "status": "active",
    "deleted": false,
    "createdAt": "2025-04-03T04:40:59.067Z"
  },
  {
    "facebookId": "8ea91299-e180-4a9a-acc5-08dd0b1e4501",
    "fullName": "Abel Schowalter",
    "email": "Petra62@yahoo.com",
    "phone": "292.683.9497 x7979",
    "sex": "other",
    "status": "active",
    "deleted": false,
    "createdAt": "2025-04-03T13:04:19.281Z"
  },
  {
    "facebookId": "657ae328-fce5-40c1-81c5-bc82003859e9",
    "fullName": "Lloyd Gusikowski",
    "email": "Santos48@gmail.com",
    "phone": "619.265.5781",
    "sex": "male",
    "status": "active",
    "deleted": false,
    "createdAt": "2025-04-03T13:09:52.409Z"
  },
  {
    "githubId": "0257b2b3-9456-4f58-b253-535779970923",
    "fullName": "Angelica Powlowski",
    "email": "Franz_Watsica-Kohler29@gmail.com",
    "phone": "(788) 786-0876",
    "sex": "other",
    "status": "active",
    "deleted": false,
    "createdAt": "2025-04-04T05:05:19.182Z"
  },
  {
    "fullName": "Johanna Kunde V",
    "email": "Golden41@yahoo.com",
    "password": "$2b$10$xu9QgGkZm2.1QSQe.iPOquHTeRAAJN0XjBTrXaUKehJV2ZTBs.rZq",
    "phone": "(993) 824-3684",
    "sex": "other",
    "status": "active",
    "deleted": false,
    "createdAt": "2025-04-04T05:24:29.017Z"
  },
  {
    "facebookId": "012ffcab-f277-4ea6-b6d8-07cab19d7a0e",
    "fullName": "Allen Reilly",
    "email": "Jaquan.Hauck56@hotmail.com",
    "phone": "1-559-286-6118 x46642",
    "sex": "other",
    "status": "active",
    "deleted": false,
    "createdAt": "2025-04-04T10:56:47.684Z"
  },
  {
    "githubId": "c4d23fe9-d5df-41b5-a2b4-ea000197dd7f",
    "fullName": "Laurie Dibbert",
    "email": "Ettie.Beahan3@gmail.com",
    "phone": "238.945.5214 x3658",
    "sex": "female",
    "status": "active",
    "deleted": false,
    "createdAt": "2025-04-04T16:35:39.516Z"
  },
  {
    "googleId": "f6cba99d-a658-4544-bce1-f1de9ae40980",
    "fullName": "Freddie Tremblay",
    "email": "Deshawn51@yahoo.com",
    "phone": "832.830.4899 x976",
    "sex": "female",
    "status": "active",
    "deleted": false,
    "createdAt": "2025-04-04T18:50:34.160Z"
  },
  {
    "fullName": "Darla Jones",
    "email": "Doyle73@hotmail.com",
    "password": "$2b$10$yKDBqmN1Z10hRP/2fHmUG.BZJUfqPkoBbkcNsgVuPiOtM3y6w3q6e",
    "phone": "753-942-5953 x955",
    "sex": "female",
    "status": "active",
    "deleted": false,
    "createdAt": "2025-04-04T19:18:56.338Z"
  },
  {
    "githubId": "3e7913b6-dec1-43e7-9f55-9d373dc1dfbc",
    "fullName": "Patty Veum",
    "email": "Stacy.Runolfsdottir@yahoo.com",
    "phone": "1-297-494-2799 x22587",
    "sex": "male",
    "status": "active",
    "deleted": false,
    "createdAt": "2025-04-04T23:31:59.105Z"
  },
  {
    "githubId": "40c1b110-f1bb-43af-938e-3473c2f404da",
    "fullName": "Freda Reichel",
    "email": "Lera63@yahoo.com",
    "phone": "775-342-5478",
    "sex": "other",
    "status": "active",
    "deleted": false,
    "createdAt": "2025-04-05T00:32:40.304Z"
  },
  {
    "googleId": "f0421c79-7419-4dd6-bcf4-744bf078a864",
    "fullName": "Pedro McDermott",
    "email": "Lawson_Stehr@yahoo.com",
    "phone": "271-314-8682",
    "sex": "female",
    "status": "active",
    "deleted": false,
    "createdAt": "2025-04-05T05:31:57.577Z"
  },
  {
    "facebookId": "d868ef28-daeb-46a0-a53e-5b7a16fb9b33",
    "fullName": "Hubert Halvorson",
    "email": "Colleen10@hotmail.com",
    "phone": "849.348.2132",
    "sex": "other",
    "status": "active",
    "deleted": false,
    "createdAt": "2025-04-05T08:05:00.994Z"
  },
  {
    "githubId": "cb263461-4a92-42bf-96c1-a1ec9a2fce68",
    "fullName": "Bonnie O'Hara I",
    "email": "Makayla23@hotmail.com",
    "phone": "865.565.1797 x69349",
    "sex": "other",
    "status": "active",
    "deleted": false,
    "createdAt": "2025-04-05T09:05:08.099Z"
  },
  {
    "googleId": "1a11fcaa-e615-456f-a909-2391930b89cb",
    "fullName": "Scott Fadel PhD",
    "email": "Elaina73@yahoo.com",
    "phone": "1-461-863-8498 x958",
    "sex": "male",
    "status": "active",
    "deleted": false,
    "createdAt": "2025-04-05T10:37:44.346Z"
  },
  {
    "googleId": "40f05e47-e7c1-47e4-85fa-85004bcefdc5",
    "fullName": "Marco Moore",
    "email": "Loy.Rowe50@gmail.com",
    "phone": "(542) 325-7269 x6511",
    "sex": "female",
    "status": "active",
    "deleted": false,
    "createdAt": "2025-04-05T11:18:10.355Z"
  },
  {
    "facebookId": "e3a38599-971f-4956-8235-5188e2642319",
    "fullName": "Roberta Roberts",
    "email": "Lonny96@yahoo.com",
    "phone": "700.254.5360 x2739",
    "sex": "other",
    "status": "active",
    "deleted": false,
    "createdAt": "2025-04-05T12:41:19.900Z"
  },
  {
    "githubId": "e0170cc8-4be2-408c-8fda-e45d98550635",
    "fullName": "Lee Greenholt",
    "email": "Mallie.Yost13@yahoo.com",
    "phone": "1-423-830-0334 x044",
    "sex": "male",
    "status": "active",
    "deleted": false,
    "createdAt": "2025-04-05T14:42:51.538Z"
  },
  {
    "facebookId": "6fd4ec5d-715e-4778-92ba-02054af8666c",
    "fullName": "Wesley Huel",
    "email": "Luigi_Thiel@hotmail.com",
    "phone": "1-281-988-1562",
    "sex": "male",
    "status": "active",
    "deleted": false,
    "createdAt": "2025-04-05T16:26:26.044Z"
  },
  {
    "facebookId": "1ed4bd40-84a5-40ba-914a-1447fcf57d7a",
    "fullName": "Judy Pagac",
    "email": "Scotty.Heathcote77@gmail.com",
    "phone": "513.404.2746 x0690",
    "sex": "other",
    "status": "active",
    "deleted": false,
    "createdAt": "2025-04-05T19:09:49.683Z"
  },
  {
    "facebookId": "7e364ab9-c58c-4842-aa2b-50c2fce145bc",
    "fullName": "Doreen Schowalter",
    "email": "Jevon.Stracke31@gmail.com",
    "phone": "279.676.9468 x09152",
    "sex": "other",
    "status": "active",
    "deleted": false,
    "createdAt": "2025-04-06T20:08:04.787Z"
  },
  {
    "facebookId": "0577f8f9-e3b8-4153-9f62-4c4bbb1fc969",
    "fullName": "Hazel Towne",
    "email": "Marian_Kautzer@hotmail.com",
    "phone": "1-231-986-0425",
    "sex": "male",
    "status": "active",
    "deleted": false,
    "createdAt": "2025-04-06T21:57:32.085Z"
  },
  {
    "googleId": "f4b3490e-916e-4d7e-9817-869762e5581f",
    "fullName": "Jennie Conn",
    "email": "Layne_Halvorson72@hotmail.com",
    "phone": "823.581.0758 x4178",
    "sex": "male",
    "status": "active",
    "deleted": false,
    "createdAt": "2025-04-06T22:06:39.920Z"
  },
  {
    "googleId": "83cdc012-f274-4111-b9ba-68a0f45713e8",
    "fullName": "Mable Jerde",
    "email": "Esta79@gmail.com",
    "phone": "(344) 285-7670",
    "sex": "female",
    "status": "active",
    "deleted": false,
    "createdAt": "2025-04-06T22:49:01.925Z"
  },
  {
    "fullName": "Hubert Schaden",
    "email": "Alta.Kshlerin@gmail.com",
    "password": "$2b$10$cC.4GG53uWPPLcNSITKhlezXH1cQyFT.qzxIo1KHJLE51uEtv2wgu",
    "phone": "(380) 756-2217 x7835",
    "sex": "male",
    "status": "active",
    "deleted": false,
    "createdAt": "2025-04-07T02:21:46.677Z"
  },
  {
    "facebookId": "ad45957d-9bfe-4fab-9c2c-c07d64b8df96",
    "fullName": "Pauline Wintheiser I",
    "email": "Ida.Johns21@gmail.com",
    "phone": "887-202-4602 x4029",
    "sex": "other",
    "status": "active",
    "deleted": false,
    "createdAt": "2025-04-07T02:57:57.946Z"
  },
  {
    "googleId": "3d42d13d-1ed3-494a-b0ba-fc640f3fa40d",
    "fullName": "Elijah Rolfson",
    "email": "Myrna.Mosciski23@yahoo.com",
    "phone": "(365) 286-0229 x880",
    "sex": "female",
    "status": "active",
    "deleted": false,
    "createdAt": "2025-04-07T03:34:24.056Z"
  },
  {
    "fullName": "Guillermo Stanton",
    "email": "Casandra.Greenholt94@hotmail.com",
    "password": "$2b$10$JO9UX3wOmqo0mLhKTZVkque.BjzCxHr8Xww3SUkT.FHmbyjHdxh4m",
    "phone": "(391) 484-3999 x5642",
    "sex": "other",
    "status": "active",
    "deleted": false,
    "createdAt": "2025-04-07T06:42:07.760Z"
  },
  {
    "facebookId": "6a520764-f1df-49fd-a0b3-198cfc69e55b",
    "fullName": "Juanita Walter",
    "email": "Ethelyn_Kessler@yahoo.com",
    "phone": "418.391.6099 x44950",
    "sex": "other",
    "status": "active",
    "deleted": false,
    "createdAt": "2025-04-07T07:34:47.321Z"
  },
  {
    "fullName": "Virginia Morar",
    "email": "David.Hahn46@yahoo.com",
    "password": "$2b$10$BpHBR5h9J5v/f2m3o0mSTuhSgFVx9QB2GwsLtdmvik6BvG7936q3m",
    "phone": "1-304-624-9574 x9660",
    "sex": "female",
    "status": "active",
    "deleted": false,
    "createdAt": "2025-04-07T09:13:06.087Z"
  },
  {
    "googleId": "5b89ba18-689c-4851-bf5a-c5d37e9c717e",
    "fullName": "Mrs. Bernadette Crooks",
    "email": "Augustine_Prosacco-Hammes80@gmail.com",
    "phone": "826-417-7981",
    "sex": "other",
    "status": "active",
    "deleted": false,
    "createdAt": "2025-04-07T11:04:31.011Z"
  },
  {
    "fullName": "Terry Kozey Jr.",
    "email": "Linnie.Brakus0@yahoo.com",
    "password": "$2b$10$vzYqfw2Q8y.FdekKC7gFOONNEyfbLXDVVSJf3mUr.zh91wrexWfFe",
    "phone": "618.906.3208",
    "sex": "female",
    "status": "active",
    "deleted": false,
    "createdAt": "2025-04-07T15:45:51.214Z"
  },
  {
    "facebookId": "1d504166-5f99-4da2-8c20-a585b85f9e90",
    "fullName": "Johnnie Kuphal",
    "email": "Marcelino34@yahoo.com",
    "phone": "(235) 883-1721 x49762",
    "sex": "other",
    "status": "active",
    "deleted": false,
    "createdAt": "2025-04-07T15:59:41.979Z"
  },
  {
    "fullName": "Wendell Von PhD",
    "email": "Abbie_Leannon@hotmail.com",
    "password": "$2b$10$TbAlA57t1o6/Zc.zoiSdSOCXPnZL1YaCTjzrh004dWMQoreDPZWp2",
    "phone": "(695) 277-8040 x623",
    "sex": "other",
    "status": "active",
    "deleted": false,
    "createdAt": "2025-04-07T16:48:19.663Z"
  },
  {
    "githubId": "ec656fa1-2f4f-47fe-87d3-04327d3be1d5",
    "fullName": "Henrietta Jacobson",
    "email": "Jacinto.Blick@hotmail.com",
    "phone": "(301) 697-8532",
    "sex": "other",
    "status": "active",
    "deleted": false,
    "createdAt": "2025-04-07T20:40:45.249Z"
  },
  {
    "googleId": "dd3ff85e-4bde-48b3-8766-a532a083983a",
    "fullName": "Arnold Keebler",
    "email": "Rosemary.Funk@hotmail.com",
    "phone": "(873) 778-2864",
    "sex": "male",
    "status": "active",
    "deleted": false,
    "createdAt": "2025-04-08T02:48:58.400Z"
  },
  {
    "facebookId": "c3cccf8c-c1fd-4173-bf5c-827198094af6",
    "fullName": "Pat Bechtelar",
    "email": "Karley_Prohaska28@yahoo.com",
    "phone": "363.283.4899 x39778",
    "sex": "female",
    "status": "active",
    "deleted": false,
    "createdAt": "2025-04-08T11:11:46.660Z"
  },
  {
    "facebookId": "91c7bbfd-7167-4931-a6b7-ff4d894c403b",
    "fullName": "Dorothy Klocko",
    "email": "Anabelle_Kuphal@hotmail.com",
    "phone": "529-580-5220 x27234",
    "sex": "female",
    "status": "active",
    "deleted": false,
    "createdAt": "2025-04-08T11:23:25.708Z"
  },
  {
    "fullName": "Barbara Koss",
    "email": "Vernie44@yahoo.com",
    "password": "$2b$10$xd/YYn6xl4fzD07iKpUKnelI5ODgjIOjpySu0NKj/TZEwSlqH2o3K",
    "phone": "(215) 806-9092 x96794",
    "sex": "female",
    "status": "active",
    "deleted": false,
    "createdAt": "2025-04-08T13:14:41.988Z"
  },
  {
    "googleId": "320b848a-7d6d-4761-9a4b-03cde5e739e6",
    "fullName": "Jacqueline Wilderman",
    "email": "Henriette95@gmail.com",
    "phone": "(921) 281-9490 x34932",
    "sex": "other",
    "status": "active",
    "deleted": false,
    "createdAt": "2025-04-08T14:43:25.370Z"
  },
  {
    "githubId": "cd528d34-0d8e-4da2-8616-80796e82cd4e",
    "fullName": "Marion D'Amore",
    "email": "Mario85@yahoo.com",
    "phone": "1-337-800-5290 x480",
    "sex": "female",
    "status": "active",
    "deleted": false,
    "createdAt": "2025-04-08T15:39:10.249Z"
  },
  {
    "fullName": "Colleen Donnelly",
    "email": "Gillian_Crona@yahoo.com",
    "password": "$2b$10$4X7qI9Hmy2r.2s721bjhQ.LqlyU.3hb9eiJKgZtqpHowXIBWtmfn.",
    "phone": "811-460-0923 x7616",
    "sex": "other",
    "status": "active",
    "deleted": false,
    "createdAt": "2025-04-08T17:30:31.741Z"
  },
  {
    "githubId": "59393c18-bcdb-4941-a151-6917cc236e43",
    "fullName": "Gilbert Fay",
    "email": "Francisco_Turner-Hickle@yahoo.com",
    "phone": "552-327-7890",
    "sex": "other",
    "status": "active",
    "deleted": false,
    "createdAt": "2025-04-08T22:11:13.576Z"
  },
  {
    "githubId": "aa9d627e-a08e-4d10-b78d-f7d19436544e",
    "fullName": "Miss Stella Lockman IV",
    "email": "Guido70@gmail.com",
    "phone": "(417) 311-0592 x09944",
    "sex": "male",
    "status": "active",
    "deleted": false,
    "createdAt": "2025-04-08T22:38:17.900Z"
  },
  {
    "googleId": "a592a076-9db6-4428-a8b3-08886c9e04ba",
    "fullName": "Lola Borer",
    "email": "Hank63@gmail.com",
    "phone": "1-494-404-3464 x129",
    "sex": "other",
    "status": "active",
    "deleted": false,
    "createdAt": "2025-04-09T01:22:13.888Z"
  },
  {
    "githubId": "ed6f6766-7976-41db-877b-35f429889f13",
    "fullName": "Ivan Zboncak",
    "email": "Zita62@gmail.com",
    "phone": "230-222-9019 x533",
    "sex": "female",
    "status": "active",
    "deleted": false,
    "createdAt": "2025-04-09T08:01:32.654Z"
  },
  {
    "googleId": "bb4450d0-c24b-4996-abf4-0914acbcd602",
    "fullName": "Claudia Jacobs",
    "email": "Sandra_Bergnaum@yahoo.com",
    "phone": "759.416.2070",
    "sex": "other",
    "status": "active",
    "deleted": false,
    "createdAt": "2025-04-09T11:08:42.725Z"
  },
  {
    "fullName": "Salvador Walsh",
    "email": "Shakira.Fadel@hotmail.com",
    "password": "$2b$10$fDJ0SvbZeW/0MYsoqQCQxOIHIu5yfVI58niz9/ma6ssHhnOu2oHmG",
    "phone": "442-215-2588 x7956",
    "sex": "other",
    "status": "active",
    "deleted": false,
    "createdAt": "2025-04-10T02:26:38.163Z"
  },
  {
    "fullName": "Rex Orn",
    "email": "Kurt_Kemmer28@hotmail.com",
    "password": "$2b$10$LWBmX5zU2.IqyIDHn0pyQeDMp2ME8EHJaWUo3CZqyTCkjAnGDc3S2",
    "phone": "(625) 201-8318 x1832",
    "sex": "other",
    "status": "active",
    "deleted": false,
    "createdAt": "2025-04-10T04:45:09.074Z"
  },
  {
    "googleId": "c86524ce-ac3a-4879-90ce-7d70d2217892",
    "fullName": "Maria Nicolas",
    "email": "Maryse.OConner@gmail.com",
    "phone": "1-710-932-6939 x5783",
    "sex": "female",
    "status": "active",
    "deleted": false,
    "createdAt": "2025-04-10T06:06:46.465Z"
  },
  {
    "facebookId": "932000f5-75ae-43ab-841f-2fcce7d609ae",
    "fullName": "Randal Bergstrom",
    "email": "Enos5@gmail.com",
    "phone": "889.218.7811 x10685",
    "sex": "other",
    "status": "active",
    "deleted": false,
    "createdAt": "2025-04-10T08:15:52.363Z"
  },
  {
    "fullName": "Carl Schaden",
    "email": "Arturo_Sipes@gmail.com",
    "password": "$2b$10$yJWVMpd7xjOvGgJoEBJarO0siucnTX9rtIdvFurzveICFkbmn5vTa",
    "phone": "(474) 917-0278 x5321",
    "sex": "other",
    "status": "active",
    "deleted": false,
    "createdAt": "2025-04-10T10:09:08.099Z"
  },
  {
    "facebookId": "6ab614cb-51bd-4022-bce2-c75d077f86a7",
    "fullName": "Ms. Silvia D'Amore",
    "email": "Carter5@yahoo.com",
    "phone": "361.861.7564 x047",
    "sex": "male",
    "status": "active",
    "deleted": false,
    "createdAt": "2025-04-10T10:34:25.807Z"
  },
  {
    "fullName": "Shaun Glover",
    "email": "Tyson_Kris@gmail.com",
    "password": "$2b$10$M2XQExQpgwosrAwr5KQoLeyh975xTzVOzoHsHJA3a.MMTQB7rVNge",
    "phone": "888-385-8585 x9666",
    "sex": "other",
    "status": "active",
    "deleted": false,
    "createdAt": "2025-04-10T11:56:29.555Z"
  },
  {
    "googleId": "83c9369f-b58d-4ccd-ab64-ceb96544f089",
    "fullName": "Jeanette Kuvalis",
    "email": "Chet93@yahoo.com",
    "phone": "653.710.8303 x01649",
    "sex": "female",
    "status": "active",
    "deleted": false,
    "createdAt": "2025-04-10T14:19:31.775Z"
  },
  {
    "fullName": "Harvey Deckow",
    "email": "Demarcus47@hotmail.com",
    "password": "$2b$10$FWbd9NLDPaO/dOIACbMi2OUwpyo03XarUCnLThgVTxzRUuv6CQiE6",
    "phone": "(627) 962-9995 x22111",
    "sex": "other",
    "status": "active",
    "deleted": false,
    "createdAt": "2025-04-10T16:10:33.859Z"
  },
  {
    "googleId": "5e6c487d-7148-4a78-92b7-c1ee3790a685",
    "fullName": "John Borer",
    "email": "Damian.Greenholt@hotmail.com",
    "phone": "237-371-0291 x33379",
    "sex": "other",
    "status": "active",
    "deleted": false,
    "createdAt": "2025-04-10T19:52:43.156Z"
  },
  {
    "githubId": "b3e1bc34-c9f8-43c0-b743-cce0b933db6e",
    "fullName": "Stewart Torp",
    "email": "Princess69@hotmail.com",
    "phone": "1-466-290-6439 x1936",
    "sex": "male",
    "status": "active",
    "deleted": false,
    "createdAt": "2025-04-10T22:41:54.741Z"
  },
  {
    "githubId": "4db3fd85-bb90-4a02-a1f5-d8e3bdccc011",
    "fullName": "Alyssa Kuphal",
    "email": "Bryana.Wehner@gmail.com",
    "phone": "1-829-966-3232 x949",
    "sex": "female",
    "status": "active",
    "deleted": false,
    "createdAt": "2025-04-11T15:33:32.657Z"
  },
  {
    "googleId": "322ac648-930b-49ba-adf4-db2d365bc10e",
    "fullName": "Ernest Hartmann",
    "email": "Clementina37@hotmail.com",
    "phone": "841-957-4251 x519",
    "sex": "other",
    "status": "active",
    "deleted": false,
    "createdAt": "2025-04-11T16:42:07.793Z"
  },
  {
    "googleId": "2611a8c0-c924-4568-b70d-8932e739243b",
    "fullName": "Virginia Wyman",
    "email": "Lonny.Fahey31@gmail.com",
    "phone": "464.983.2446 x620",
    "sex": "other",
    "status": "active",
    "deleted": false,
    "createdAt": "2025-04-11T17:18:53.815Z"
  },
  {
    "githubId": "30a532f1-9782-482c-887f-0ee47831bdb3",
    "fullName": "Velma Wiegand",
    "email": "Claudie65@hotmail.com",
    "phone": "369-931-9556 x5515",
    "sex": "female",
    "status": "active",
    "deleted": false,
    "createdAt": "2025-04-11T17:50:26.425Z"
  },
  {
    "googleId": "5d59803d-5d50-459e-82ae-fc69371cd548",
    "fullName": "Dr. Amanda Reynolds",
    "email": "Brain_Purdy5@yahoo.com",
    "phone": "516-775-5087 x104",
    "sex": "other",
    "status": "active",
    "deleted": false,
    "createdAt": "2025-04-11T18:32:09.139Z"
  },
  {
    "githubId": "1802cb1d-34cb-4a72-9ac2-c4b5dbcbb9b6",
    "fullName": "Rick Smitham",
    "email": "Kyle.Ruecker40@hotmail.com",
    "phone": "288-903-2209 x07167",
    "sex": "other",
    "status": "active",
    "deleted": false,
    "createdAt": "2025-04-11T20:01:22.294Z"
  },
  {
    "githubId": "ff1de3d8-718b-47ff-a79d-9b23387d6b80",
    "fullName": "Josh Daniel II",
    "email": "Franz_Paucek58@gmail.com",
    "phone": "682-417-5928",
    "sex": "male",
    "status": "active",
    "deleted": false,
    "createdAt": "2025-04-12T17:32:49.950Z"
  },
  {
    "githubId": "6268f496-db9d-4211-af1a-37d76ce87d3b",
    "fullName": "Mrs. Michele Lakin",
    "email": "Johnathan.Heaney-Cartwright@yahoo.com",
    "phone": "403-500-8222 x03889",
    "sex": "other",
    "status": "active",
    "deleted": false,
    "createdAt": "2025-04-13T00:13:48.148Z"
  },
  {
    "googleId": "22426e20-51b2-459d-be8d-c2208396a340",
    "fullName": "Sabrina Hayes",
    "email": "Alba.Crist@yahoo.com",
    "phone": "639-705-5084 x7376",
    "sex": "male",
    "status": "active",
    "deleted": false,
    "createdAt": "2025-04-13T00:37:07.851Z"
  },
  {
    "googleId": "f3719866-55c5-42e1-9441-52fdb16b675a",
    "fullName": "Geraldine Bergnaum",
    "email": "Jayde.Schaefer83@hotmail.com",
    "phone": "448.224.3919 x280",
    "sex": "male",
    "status": "active",
    "deleted": false,
    "createdAt": "2025-04-13T04:15:48.545Z"
  },
  {
    "googleId": "c24837a8-9790-424e-929e-6430d2a7432d",
    "fullName": "Elijah Koepp",
    "email": "Cordie_Trantow2@hotmail.com",
    "phone": "1-618-693-7407 x47804",
    "sex": "other",
    "status": "active",
    "deleted": false,
    "createdAt": "2025-04-13T09:41:13.564Z"
  },
  {
    "fullName": "Kellie Dach DDS",
    "email": "Nicolas.Marvin1@hotmail.com",
    "password": "$2b$10$DhII/VrD2XBiJm8nfIyTb.rx0iGzKD/T8FgqLU53UO2vytskdfRoG",
    "phone": "430.253.1023 x9296",
    "sex": "other",
    "status": "active",
    "deleted": false,
    "createdAt": "2025-04-13T14:09:44.286Z"
  },
  {
    "fullName": "Lydia Barrows-Gutmann",
    "email": "Winnifred_Mills@yahoo.com",
    "password": "$2b$10$ZTRUb1ZyqLA/5Vkt2MHyr.FQt5BiPU2BdYNURJVXAJO3U637gr3Ou",
    "phone": "1-869-460-0463 x204",
    "sex": "other",
    "status": "active",
    "deleted": false,
    "createdAt": "2025-04-14T00:47:01.475Z"
  },
  {
    "githubId": "fe49c0f5-ce63-4d63-86e3-0d50d58cb1f5",
    "fullName": "Terrance Hamill",
    "email": "Jewell40@yahoo.com",
    "phone": "381-501-3657 x87745",
    "sex": "female",
    "status": "active",
    "deleted": false,
    "createdAt": "2025-04-14T02:03:58.797Z"
  },
  {
    "facebookId": "821dbea8-29d7-4b14-bfe8-e3ecfc4d460c",
    "fullName": "Rhonda Price III",
    "email": "Rhoda_Cassin91@hotmail.com",
    "phone": "1-923-619-7918 x08682",
    "sex": "female",
    "status": "active",
    "deleted": false,
    "createdAt": "2025-04-14T06:23:56.295Z"
  },
  {
    "fullName": "Arnold Pacocha II",
    "email": "Shawna_Dooley64@gmail.com",
    "password": "$2b$10$jvnBvU9GwTZV6VSyxlBaAul94zcgvmflHfI8eyEy2CKL4A3umYbBC",
    "phone": "1-981-981-6706 x608",
    "sex": "other",
    "status": "active",
    "deleted": false,
    "createdAt": "2025-04-14T10:56:42.772Z"
  },
  {
    "facebookId": "a843b5f6-99d3-4e7a-98fc-8e74aee538b7",
    "fullName": "Randall Bosco",
    "email": "Liliana_Marvin24@gmail.com",
    "phone": "732.300.3148",
    "sex": "female",
    "status": "active",
    "deleted": false,
    "createdAt": "2025-04-14T14:49:11.227Z"
  },
  {
    "facebookId": "11a137a5-9786-4fd4-bada-eaf0fcf8e76a",
    "fullName": "Courtney Wunsch-Kreiger",
    "email": "Lou.Senger87@gmail.com",
    "phone": "(391) 279-7122 x9292",
    "sex": "other",
    "status": "active",
    "deleted": false,
    "createdAt": "2025-04-14T19:23:37.684Z"
  },
  {
    "fullName": "Dr. Oliver Bartell",
    "email": "Karli_Ferry-Collier1@gmail.com",
    "password": "$2b$10$CufVMooYLaQCPck6ZmdhJOAcprRMb4KRRlwLimsgbEdFozLaZ7g3C",
    "phone": "1-233-846-0143 x0859",
    "sex": "other",
    "status": "active",
    "deleted": false,
    "createdAt": "2025-04-14T19:37:03.418Z"
  },
  {
    "fullName": "Robert Cronin",
    "email": "Louie6@yahoo.com",
    "password": "$2b$10$wNFrp5N4WRMzTGr5yuyAve/WEq4EJl9weB1qFtmMJogvlUV1YprnG",
    "phone": "(319) 470-1280 x701",
    "sex": "other",
    "status": "active",
    "deleted": false,
    "createdAt": "2025-04-14T22:25:59.223Z"
  },
  {
    "githubId": "86c18452-644b-440c-8924-58034c8dd88d",
    "fullName": "Grace Bartell",
    "email": "Brian24@hotmail.com",
    "phone": "(310) 839-3901",
    "sex": "other",
    "status": "active",
    "deleted": false,
    "createdAt": "2025-04-15T05:41:13.455Z"
  },
  {
    "facebookId": "b68c87c3-715e-48c2-8c45-fe89385aad5c",
    "fullName": "Dr. Harold Cassin",
    "email": "Xzavier_Lowe93@hotmail.com",
    "phone": "1-916-508-6931 x9301",
    "sex": "female",
    "status": "active",
    "deleted": false,
    "createdAt": "2025-04-15T06:35:49.206Z"
  },
  {
    "facebookId": "8b6c5201-2a25-4e5b-a42c-44dadde1d3e5",
    "fullName": "Jessie Murazik",
    "email": "Lavada_Kreiger41@yahoo.com",
    "phone": "920.312.0768 x73502",
    "sex": "male",
    "status": "active",
    "deleted": false,
    "createdAt": "2025-04-16T06:03:44.427Z"
  },
  {
    "googleId": "cc2836b5-93cb-4dc5-8461-30632f1da387",
    "fullName": "Leroy Feeney",
    "email": "Celestine_Ortiz@gmail.com",
    "phone": "(563) 330-1710 x890",
    "sex": "other",
    "status": "active",
    "deleted": false,
    "createdAt": "2025-04-16T06:23:46.844Z"
  },
  {
    "googleId": "a91e471e-5e17-4861-a41d-05da215c9aa3",
    "fullName": "Myron Stamm",
    "email": "Roxane_Labadie8@gmail.com",
    "phone": "523-379-4760 x716",
    "sex": "other",
    "status": "active",
    "deleted": false,
    "createdAt": "2025-04-16T07:19:27.159Z"
  },
  {
    "facebookId": "13bb5848-40d5-4808-a37f-f1c06b6b325f",
    "fullName": "Rita Howell DVM",
    "email": "Vena.Schimmel@gmail.com",
    "phone": "1-779-512-0326",
    "sex": "other",
    "status": "active",
    "deleted": false,
    "createdAt": "2025-04-16T13:48:07.244Z"
  },
  {
    "githubId": "fb89599d-3237-47a6-b58e-bd6ad5c6a7e3",
    "fullName": "Cora Cormier",
    "email": "Tamara.Schiller@gmail.com",
    "phone": "1-256-446-0768",
    "sex": "other",
    "status": "active",
    "deleted": false,
    "createdAt": "2025-04-16T17:21:09.907Z"
  },
  {
    "googleId": "4f96f0a1-d7cf-4221-a3ee-b81ea0c42746",
    "fullName": "Lester Klocko",
    "email": "Tyreek18@yahoo.com",
    "phone": "(767) 819-6097 x963",
    "sex": "male",
    "status": "active",
    "deleted": false,
    "createdAt": "2025-04-16T18:20:29.209Z"
  },
  {
    "googleId": "13b1745d-baf6-4e73-8d6b-8c56f36245f4",
    "fullName": "Ashley Hane",
    "email": "Thalia.Tillman43@gmail.com",
    "phone": "(297) 287-2025 x4242",
    "sex": "male",
    "status": "active",
    "deleted": false,
    "createdAt": "2025-04-16T20:25:22.331Z"
  },
  {
    "fullName": "Christopher Stroman",
    "email": "Oren.Goodwin@yahoo.com",
    "password": "$2b$10$9HFtJ8R21IRk.0IzPgEe8uRGk8s0xNl9Xs0b0.z/lYoUsDDjhiDky",
    "phone": "(299) 832-9433",
    "sex": "other",
    "status": "active",
    "deleted": false,
    "createdAt": "2025-04-17T00:52:59.442Z"
  },
  {
    "googleId": "7b791a2e-ec94-4bfb-8a54-d493bba92bb1",
    "fullName": "Virgil Collier",
    "email": "Landen.Wyman44@yahoo.com",
    "phone": "(712) 201-4254 x74487",
    "sex": "other",
    "status": "active",
    "deleted": false,
    "createdAt": "2025-04-17T06:31:53.092Z"
  },
  {
    "fullName": "Leslie Wisozk",
    "email": "Jeremy_Jacobson@hotmail.com",
    "password": "$2b$10$YiMI8gnDLl6bHTjFjNUxfOZxtUoe3TJg3X3f/6zEd/gEy7bpogJbS",
    "phone": "(603) 944-4533 x49926",
    "sex": "male",
    "status": "active",
    "deleted": false,
    "createdAt": "2025-04-17T07:10:51.632Z"
  },
  {
    "fullName": "Mrs. Nellie Feil",
    "email": "Christy49@yahoo.com",
    "password": "$2b$10$pRH9.8Aiyst4Qet7BMX29.I2IsFBelM1Adw.louRDhS8H.Eg354EG",
    "phone": "(822) 654-4895",
    "sex": "female",
    "status": "active",
    "deleted": false,
    "createdAt": "2025-04-17T13:14:00.274Z"
  },
  {
    "githubId": "a4c2aa17-be8b-44c1-ac6c-89846f2d2964",
    "fullName": "Diana Swaniawski-Marks",
    "email": "Amir_Schuppe@gmail.com",
    "phone": "310.778.7509 x7396",
    "sex": "female",
    "status": "active",
    "deleted": false,
    "createdAt": "2025-04-17T22:02:13.112Z"
  },
  {
    "githubId": "6d71fb91-a5e8-406b-8724-1bc8aa5bad7c",
    "fullName": "Pamela Gerhold DDS",
    "email": "Lesley87@hotmail.com",
    "phone": "1-567-910-0426 x4540",
    "sex": "other",
    "status": "active",
    "deleted": false,
    "createdAt": "2025-04-17T22:41:17.917Z"
  },
  {
    "fullName": "Frederick Johns",
    "email": "Esteban.Bergstrom@hotmail.com",
    "password": "$2b$10$5zxUZUYPLOoTY6DexA/BEesrzbza4G0ZNIIkVzOycVYDWAulBlKEW",
    "phone": "977-367-5565 x2882",
    "sex": "other",
    "status": "active",
    "deleted": false,
    "createdAt": "2025-04-18T01:05:17.346Z"
  },
  {
    "githubId": "b1cd2a8c-77d5-46e4-959e-3a02a6d043f5",
    "fullName": "Kyle Haag III",
    "email": "Gunner.Nicolas71@yahoo.com",
    "phone": "691-786-2370 x761",
    "sex": "female",
    "status": "active",
    "deleted": false,
    "createdAt": "2025-04-18T05:39:20.883Z"
  },
  {
    "googleId": "0070e112-ad0a-42d6-bfe6-915215217c72",
    "fullName": "Mona Johnston DDS",
    "email": "Kennedy.Reynolds@gmail.com",
    "phone": "(984) 958-1578 x211",
    "sex": "other",
    "status": "active",
    "deleted": false,
    "createdAt": "2025-04-18T08:11:45.744Z"
  },
  {
    "googleId": "a2b8c8ec-00c7-4bad-bb67-318bfd7cfd30",
    "fullName": "Freda Skiles",
    "email": "Rosalee23@hotmail.com",
    "phone": "(323) 721-8112 x11049",
    "sex": "other",
    "status": "active",
    "deleted": false,
    "createdAt": "2025-04-18T13:11:48.831Z"
  },
  {
    "githubId": "efdb589f-bc64-4434-9226-c9d2f6993ea8",
    "fullName": "Christian Corwin",
    "email": "Deven97@hotmail.com",
    "phone": "772-717-3194 x564",
    "sex": "male",
    "status": "active",
    "deleted": false,
    "createdAt": "2025-04-18T13:56:33.822Z"
  },
  {
    "githubId": "0380df3e-2d17-455e-aae1-c8e9a7bd2e92",
    "fullName": "Gilberto Treutel",
    "email": "Emmanuelle66@hotmail.com",
    "phone": "(813) 749-7450 x6898",
    "sex": "male",
    "status": "active",
    "deleted": false,
    "createdAt": "2025-04-18T19:31:25.335Z"
  },
  {
    "fullName": "Clint Boyer",
    "email": "Karson87@hotmail.com",
    "password": "$2b$10$ZRsV8IkrjUEFH5/Y5KOwPO58jvw1yxxSWG6YIj1MgxdcumjJkRKC2",
    "phone": "264.790.0456 x27630",
    "sex": "male",
    "status": "active",
    "deleted": false,
    "createdAt": "2025-04-19T02:43:21.182Z"
  },
  {
    "googleId": "05c60ad5-58dc-46a9-873a-4085a419eac5",
    "fullName": "Victoria Skiles",
    "email": "Addison.Carter94@gmail.com",
    "phone": "(241) 970-4997 x36141",
    "sex": "male",
    "status": "active",
    "deleted": false,
    "createdAt": "2025-04-19T07:48:01.087Z"
  },
  {
    "fullName": "Miss Nettie Hoeger",
    "email": "Luna_Crist81@hotmail.com",
    "password": "$2b$10$SyoG8NDKms8p2VXaiv2oj.CvwNM4hAUsyYGDydofBkQ.RGkPNZ/by",
    "phone": "1-451-323-8986 x792",
    "sex": "other",
    "status": "active",
    "deleted": false,
    "createdAt": "2025-04-19T08:30:40.556Z"
  },
  {
    "facebookId": "b4a7e88d-e475-4655-81ee-22dabb290858",
    "fullName": "Jessie Halvorson",
    "email": "Mafalda_Larkin94@hotmail.com",
    "phone": "994-411-1589",
    "sex": "male",
    "status": "active",
    "deleted": false,
    "createdAt": "2025-04-19T10:07:17.861Z"
  },
  {
    "facebookId": "224e1e3e-6076-4430-b3c9-eb1e569e0d30",
    "fullName": "Natalie Kessler Jr.",
    "email": "Imelda_Schuster44@hotmail.com",
    "phone": "230.800.7043 x16138",
    "sex": "other",
    "status": "active",
    "deleted": false,
    "createdAt": "2025-04-19T16:42:35.846Z"
  },
  {
    "facebookId": "eaabc183-96e4-41f7-9f1c-d2149d419b51",
    "fullName": "Frederick Lemke I",
    "email": "Dawson.Windler61@hotmail.com",
    "phone": "954-430-0028",
    "sex": "female",
    "status": "active",
    "deleted": false,
    "createdAt": "2025-04-19T17:43:08.460Z"
  },
  {
    "facebookId": "32705aa2-5028-4062-8dbf-8b914d3cd596",
    "fullName": "April Koss",
    "email": "Guido.OHara@yahoo.com",
    "phone": "602.739.0974",
    "sex": "male",
    "status": "active",
    "deleted": false,
    "createdAt": "2025-04-20T05:50:16.854Z"
  },
  {
    "fullName": "Ira Farrell",
    "email": "Penelope28@yahoo.com",
    "password": "$2b$10$844igcnISA8kCRVFCsmWYe5JZZica4Rl27Uv0Qyb2K8uhKXnpPFY2",
    "phone": "901-508-8832 x767",
    "sex": "other",
    "status": "active",
    "deleted": false,
    "createdAt": "2025-04-20T06:33:15.347Z"
  },
  {
    "googleId": "5b97e6f5-a777-4674-8b23-ea4cae615462",
    "fullName": "Mae Sauer",
    "email": "Cassie_Schimmel@hotmail.com",
    "phone": "(945) 778-1167 x29352",
    "sex": "other",
    "status": "active",
    "deleted": false,
    "createdAt": "2025-04-20T06:47:38.953Z"
  },
  {
    "fullName": "Marta O'Conner",
    "email": "Maybell.White75@hotmail.com",
    "password": "$2b$10$9nkAs7bQ66k7668hHTpCzeeFm/ZWbXkfoKtLrIb4JQvn4QA236fsG",
    "phone": "(991) 681-4753 x7306",
    "sex": "female",
    "status": "active",
    "deleted": false,
    "createdAt": "2025-04-20T11:12:12.161Z"
  },
  {
    "googleId": "e8770c3e-7f5d-4c6b-9171-83f3686fab04",
    "fullName": "Marian Barton",
    "email": "Nikolas.Beatty@yahoo.com",
    "phone": "541.374.0247 x7285",
    "sex": "other",
    "status": "active",
    "deleted": false,
    "createdAt": "2025-04-20T12:09:56.795Z"
  },
  {
    "googleId": "cd62f648-630b-4ec5-9d51-334b1b34ed08",
    "fullName": "Katie Kassulke-Lehner",
    "email": "Arturo51@gmail.com",
    "phone": "1-313-647-7890",
    "sex": "female",
    "status": "active",
    "deleted": false,
    "createdAt": "2025-04-20T15:07:21.015Z"
  },
  {
    "fullName": "Mr. Jaime Ferry",
    "email": "Juwan_Dooley@hotmail.com",
    "password": "$2b$10$Iy5N.rXkMH40nD66/8ARkemU/Z47XV86DgFGoaxfdyAn8BvTTERUq",
    "phone": "(699) 788-6122",
    "sex": "other",
    "status": "active",
    "deleted": false,
    "createdAt": "2025-04-20T17:32:38.365Z"
  },
  {
    "googleId": "d9674cdb-2b84-477a-9f37-0f249ed8e91f",
    "fullName": "Cassandra Greenfelder",
    "email": "Sigrid.Feest@gmail.com",
    "phone": "(403) 656-1985",
    "sex": "male",
    "status": "active",
    "deleted": false,
    "createdAt": "2025-04-20T21:35:54.392Z"
  },
  {
    "githubId": "53e8c67f-a286-46ae-a573-128b88a34948",
    "fullName": "Ms. Michele Willms",
    "email": "Antonietta.Daugherty3@gmail.com",
    "phone": "1-523-847-1103",
    "sex": "other",
    "status": "active",
    "deleted": false,
    "createdAt": "2025-04-21T07:36:37.187Z"
  },
  {
    "facebookId": "a07e64dc-a341-4283-840b-c571b52fd7d6",
    "fullName": "Dr. Verna Hauck",
    "email": "Immanuel_Lubowitz-Borer@hotmail.com",
    "phone": "1-729-387-0203",
    "sex": "other",
    "status": "active",
    "deleted": false,
    "createdAt": "2025-04-21T16:41:30.684Z"
  },
  {
    "facebookId": "466c8272-b4d7-4562-a7f7-899159ba9e9a",
    "fullName": "Teri Dach",
    "email": "Cathrine_Hills34@hotmail.com",
    "phone": "932-284-8408 x29910",
    "sex": "other",
    "status": "active",
    "deleted": false,
    "createdAt": "2025-04-21T17:19:36.166Z"
  },
  {
    "githubId": "d61b9a7a-b9d1-4d75-be0f-7e964351c68d",
    "fullName": "Dianne Balistreri",
    "email": "Monique_Keebler@hotmail.com",
    "phone": "1-987-668-0127 x0628",
    "sex": "unknown",
    "status": "active",
    "deleted": false,
    "createdAt": "2025-04-22T02:18:29.140Z"
  },
  {
    "facebookId": "d3e286d5-7a07-4a5e-a3f9-ffd275ec4225",
    "fullName": "Dr. Zachary Halvorson",
    "email": "Dolores.Walker@gmail.com",
    "phone": "1-700-504-2780",
    "sex": "male",
    "status": "active",
    "deleted": false,
    "createdAt": "2025-04-22T04:30:50.248Z"
  },
  {
    "fullName": "Carla Wilkinson",
    "email": "Nya.Corwin@hotmail.com",
    "password": "$2b$10$bTUVHpw4C8YLHoxprT5CNOsVZFjWz.2PbWG336uKxDuvpqbO8YPnO",
    "phone": "(325) 452-5118 x97668",
    "sex": "female",
    "status": "active",
    "deleted": false,
    "createdAt": "2025-04-22T04:46:09.694Z"
  },
  {
    "facebookId": "aaa28b25-abf4-4ffe-85ea-13f96d59407d",
    "fullName": "Erma Cormier",
    "email": "Florencio_Crona@hotmail.com",
    "phone": "581-901-5130 x078",
    "sex": "other",
    "status": "active",
    "deleted": false,
    "createdAt": "2025-04-22T07:09:17.713Z"
  },
  {
    "fullName": "Arnold Hudson",
    "email": "Rosario.Hahn74@hotmail.com",
    "password": "$2b$10$s8PwUEIlJ65Rjgde/2REPOWPo5xrXH.TgPzpp0.MzaZvI0vhH0BSu",
    "phone": "(798) 410-0215 x670",
    "sex": "other",
    "status": "active",
    "deleted": false,
    "createdAt": "2025-04-22T08:23:09.252Z"
  },
  {
    "facebookId": "80f986a6-8e1a-4bfa-854f-683d435d0bc8",
    "fullName": "Samantha Cummings",
    "email": "Maggie96@hotmail.com",
    "phone": "(638) 217-3907 x01208",
    "sex": "male",
    "status": "active",
    "deleted": false,
    "createdAt": "2025-04-22T13:05:38.161Z"
  },
  {
    "fullName": "Chester Heidenreich",
    "email": "Elroy.Mertz51@gmail.com",
    "password": "$2b$10$gh8spyiIx6CElXgdZsh/nO8GxEZi.Yq20r2GNBP4SUHnBr8PNPbI2",
    "phone": "1-981-653-6604 x9795",
    "sex": "female",
    "status": "active",
    "deleted": false,
    "createdAt": "2025-04-22T22:57:52.492Z"
  },
  {
    "googleId": "35d70d90-3081-4a7d-8f92-7ccd46822957",
    "fullName": "Sylvester Mueller",
    "email": "Aylin.Braun89@hotmail.com",
    "phone": "603.479.7275",
    "sex": "other",
    "status": "active",
    "deleted": false,
    "createdAt": "2025-04-23T01:22:42.760Z"
  },
  {
    "facebookId": "7373d0d0-91ab-418b-82ae-adf5eaf41d6d",
    "fullName": "Amber Lind",
    "email": "Webster22@gmail.com",
    "phone": "(892) 975-4408",
    "sex": "other",
    "status": "active",
    "deleted": false,
    "createdAt": "2025-04-23T02:50:59.173Z"
  },
  {
    "fullName": "Russell Gulgowski III",
    "email": "Bradly_Dibbert@hotmail.com",
    "password": "$2b$10$VEv/Ovp8PKQvy/2JQjSxhuRdfI8ddZHUajooQgHJPLNHQl.izUtRy",
    "phone": "246-254-1435 x8828",
    "sex": "male",
    "status": "active",
    "deleted": false,
    "createdAt": "2025-04-23T11:00:51.547Z"
  },
  {
    "googleId": "fae5fc13-b7f5-4212-a70f-9915455bfaae",
    "fullName": "Angelica Mosciski",
    "email": "Janelle_Murphy16@yahoo.com",
    "phone": "(806) 233-5439 x55346",
    "sex": "other",
    "status": "active",
    "deleted": false,
    "createdAt": "2025-04-23T18:20:56.651Z"
  },
  {
    "googleId": "ea1aabe9-4b3b-480f-b5ed-37afa867d7c1",
    "fullName": "Walter Price",
    "email": "Mina5@hotmail.com",
    "phone": "356-414-9184 x915",
    "sex": "female",
    "status": "active",
    "deleted": false,
    "createdAt": "2025-04-23T23:30:21.976Z"
  },
  {
    "facebookId": "e5188a00-65e6-4086-8643-8ffdfb44d13d",
    "fullName": "William Lakin",
    "email": "Brice23@yahoo.com",
    "phone": "409-311-7854",
    "sex": "other",
    "status": "active",
    "deleted": false,
    "createdAt": "2025-04-24T03:52:56.829Z"
  },
  {
    "facebookId": "f2271f70-572a-4733-9584-2bd675369f5b",
    "fullName": "Donald Ward",
    "email": "Eladio39@gmail.com",
    "phone": "1-681-206-6184",
    "sex": "other",
    "status": "active",
    "deleted": false,
    "createdAt": "2025-04-24T06:46:17.305Z"
  },
  {
    "fullName": "Kim Bauch",
    "email": "Meredith_Stanton-Cummings@yahoo.com",
    "password": "$2b$10$FSRL072ZnX6OrD8Eg3PQOOd2tH4AVYx75kzSFiMvYOP5.r75G4AfW",
    "phone": "354-492-1011",
    "sex": "other",
    "status": "active",
    "deleted": false,
    "createdAt": "2025-04-24T13:15:14.994Z"
  },
  {
    "facebookId": "51665319-68e2-4e1b-87d3-129a7bf0b3dc",
    "fullName": "Miss Joann Bayer",
    "email": "Sallie47@gmail.com",
    "phone": "429.717.8919",
    "sex": "other",
    "status": "active",
    "deleted": false,
    "createdAt": "2025-04-24T18:50:58.015Z"
  },
  {
    "githubId": "fcdbd87b-53de-495b-aead-a6592df78f1e",
    "fullName": "Opal Weissnat",
    "email": "Edna.Breitenberg@hotmail.com",
    "phone": "(890) 277-0906 x2577",
    "sex": "other",
    "status": "active",
    "deleted": false,
    "createdAt": "2025-04-25T01:04:37.957Z"
  },
  {
    "fullName": "Candace Halvorson",
    "email": "Adell42@hotmail.com",
    "password": "$2b$10$09C/tiRnav3.7hecG2o4SeZ/lDgY0lVERg27mfAEjwnqYkSkCBfzO",
    "phone": "(335) 646-7987 x051",
    "sex": "male",
    "status": "active",
    "deleted": false,
    "createdAt": "2025-04-25T14:46:42.320Z"
  },
  {
    "githubId": "f42b6045-453a-49d2-89bf-8d5b1239d87b",
    "fullName": "Wade Kirlin",
    "email": "Ari80@gmail.com",
    "phone": "(527) 248-7379 x473",
    "sex": "female",
    "status": "active",
    "deleted": false,
    "createdAt": "2025-04-25T18:43:58.093Z"
  },
  {
    "facebookId": "e34b993b-0157-4aeb-840a-5f63be688201",
    "fullName": "Robyn Donnelly",
    "email": "Amelie.Reichert@yahoo.com",
    "phone": "616-301-4380",
    "sex": "female",
    "status": "active",
    "deleted": false,
    "createdAt": "2025-04-25T21:15:58.469Z"
  },
  {
    "githubId": "2b6be11b-32b9-4f03-8118-d73009d6faa4",
    "fullName": "Emma Ebert IV",
    "email": "Owen67@hotmail.com",
    "phone": "373-739-4539",
    "sex": "female",
    "status": "active",
    "deleted": false,
    "createdAt": "2025-04-26T06:05:13.574Z"
  },
  {
    "githubId": "b09e42b9-5df1-4e39-977c-59e4940f7588",
    "fullName": "Michele Koch",
    "email": "Yvette.Nader22@yahoo.com",
    "phone": "1-645-938-5938 x297",
    "sex": "other",
    "status": "active",
    "deleted": false,
    "createdAt": "2025-04-26T15:20:47.742Z"
  },
  {
    "fullName": "Alan Fadel-Weissnat",
    "email": "Brigitte.Heaney@yahoo.com",
    "password": "$2b$10$YZPaC6zN6LlFa8krsQRhq.caCs7FkKGTH9nxmoYBKIfG3JLdOyaJG",
    "phone": "596.759.8587 x20107",
    "sex": "male",
    "status": "active",
    "deleted": false,
    "createdAt": "2025-04-26T17:35:50.413Z"
  },
  {
    "fullName": "Ernest Haag",
    "email": "Jadon37@hotmail.com",
    "password": "$2b$10$6E5Pu77Pchwx065DX0z8b.IK6nbQFwpujl1KTena/dJ7bn/b7y00S",
    "phone": "1-960-398-3596",
    "sex": "male",
    "status": "active",
    "deleted": false,
    "createdAt": "2025-04-26T19:09:21.229Z"
  },
  {
    "facebookId": "782bc441-ab76-4a37-b642-5241a50cc77e",
    "fullName": "Kim Schuster",
    "email": "Bulah83@hotmail.com",
    "phone": "698.681.7726 x2870",
    "sex": "female",
    "status": "active",
    "deleted": false,
    "createdAt": "2025-04-26T20:23:48.293Z"
  },
  {
    "googleId": "1af49c8e-33dd-43b0-bb08-f28e5a0ed07e",
    "fullName": "Dave Cremin",
    "email": "Bo.Hoeger60@hotmail.com",
    "phone": "1-239-878-8901",
    "sex": "other",
    "status": "active",
    "deleted": false,
    "createdAt": "2025-04-27T09:01:11.576Z"
  },
  {
    "facebookId": "703d22f7-6970-45cb-9617-b346b8fe2387",
    "fullName": "Susan Funk",
    "email": "Mariah_Hansen@yahoo.com",
    "phone": "1-369-781-8441 x146",
    "sex": "other",
    "status": "active",
    "deleted": false,
    "createdAt": "2025-04-27T12:16:06.592Z"
  },
  {
    "facebookId": "60e2502b-c5d8-4b06-9ec5-9ddd6078ef47",
    "fullName": "Sidney Simonis",
    "email": "Jorge_Langosh@gmail.com",
    "phone": "509-261-7934 x1925",
    "sex": "female",
    "status": "active",
    "deleted": false,
    "createdAt": "2025-04-27T13:23:14.375Z"
  },
  {
    "facebookId": "143f4400-5e37-4516-b3a0-c1439ea77a5f",
    "fullName": "Frederick Bashirian",
    "email": "Verlie.Little12@hotmail.com",
    "phone": "1-849-962-0855",
    "sex": "male",
    "status": "active",
    "deleted": false,
    "createdAt": "2025-04-27T14:34:52.472Z"
  },
  {
    "fullName": "Kim Kuhn",
    "email": "Liza_Bode40@yahoo.com",
    "password": "$2b$10$9611JvQ5JRM8l1rSZXsJoOP2.5VdlC3n0g3z8P4NvRBDDtB3CDVA.",
    "phone": "(729) 214-3650",
    "sex": "female",
    "status": "active",
    "deleted": false,
    "createdAt": "2025-04-27T17:00:02.701Z"
  },
  {
    "fullName": "Ernest Emmerich",
    "email": "Wilton.Bergnaum25@hotmail.com",
    "password": "$2b$10$CvnEfui/vIud0eOMh6kmA.lduHb0Gm7ApTRnNq3y0fQ.RYNgOK85O",
    "phone": "1-358-679-1956",
    "sex": "other",
    "status": "active",
    "deleted": false,
    "createdAt": "2025-04-27T17:23:15.610Z"
  },
  {
    "facebookId": "0f7ad3c2-ec23-46d5-ac54-cc0918e22e05",
    "fullName": "Milton Stanton",
    "email": "Selina34@hotmail.com",
    "phone": "(681) 774-2907 x08209",
    "sex": "other",
    "status": "active",
    "deleted": false,
    "createdAt": "2025-04-27T19:12:19.823Z"
  },
  {
    "fullName": "Mr. Tyrone Balistreri",
    "email": "Terrell_Runte85@gmail.com",
    "password": "$2b$10$OsXAJZFpXSLrA8xxM5ZbC.eNwbiiQ273GdR3Sx4iGvF5FbcRSlAwi",
    "phone": "1-964-399-1620",
    "sex": "female",
    "status": "active",
    "deleted": false,
    "createdAt": "2025-04-27T20:42:11.935Z"
  },
  {
    "fullName": "Glenn Green Jr.",
    "email": "Berniece.Dicki88@yahoo.com",
    "password": "$2b$10$P9ouz2qJnMpP0dCuk5EPyu3eRUNOQVjcvwKbMuEAYau3gKzsS9hqa",
    "phone": "422.943.1083 x127",
    "sex": "male",
    "status": "active",
    "deleted": false,
    "createdAt": "2025-04-28T02:43:02.968Z"
  },
  {
    "fullName": "Harvey Mann-Waelchi DDS",
    "email": "Elmer50@yahoo.com",
    "password": "$2b$10$FsyG/tF5AFi1/0UQjt3uSO1u4TvdgYCuJN8NrXWOBnQruk43eBhvW",
    "phone": "476.441.7141 x3940",
    "sex": "female",
    "status": "active",
    "deleted": false,
    "createdAt": "2025-04-28T02:59:52.308Z"
  },
  {
    "facebookId": "ae8be5d6-6cfd-4b35-857d-cf661030555d",
    "fullName": "Christy Hammes",
    "email": "Thalia97@yahoo.com",
    "phone": "(646) 469-1781 x325",
    "sex": "other",
    "status": "active",
    "deleted": false,
    "createdAt": "2025-04-28T06:34:24.198Z"
  },
  {
    "githubId": "4a32fd88-9968-4316-b17a-f12e0b532278",
    "fullName": "Lawrence Abernathy",
    "email": "Royal50@gmail.com",
    "phone": "(528) 548-5682 x864",
    "sex": "male",
    "status": "active",
    "deleted": false,
    "createdAt": "2025-04-28T08:14:38.030Z"
  }
]
