[
  {
    "githubId": "89117216-5d70-4174-89b6-7b78f2baffc9",
    "fullName": "Willie Wiegand",
    "email": "Vida.Klocko7@gmail.com",
    "phone": "(904) 302-5898 x926",
    "sex": "other",
    "status": "active",
    "deleted": false,
    "createdAt": "2025-02-01T00:25:13.380Z"
  },
  {
    "facebookId": "1ec4d411-b5ac-4e2b-a50f-c1d16d9921f4",
    "fullName": "Stuart Schimmel",
    "email": "Nyasia78@hotmail.com",
    "phone": "1-980-337-2060",
    "sex": "male",
    "status": "active",
    "deleted": false,
    "createdAt": "2025-02-01T00:42:10.167Z"
  },
  {
    "githubId": "9a0ca7b0-9acf-46a9-8c81-23051c00fd33",
    "fullName": "Renee Kohler",
    "email": "Jules.Bins81@yahoo.com",
    "phone": "1-958-515-8850 x87765",
    "sex": "male",
    "status": "active",
    "deleted": false,
    "createdAt": "2025-02-01T07:35:47.899Z"
  },
  {
    "facebookId": "44f10c74-e793-4513-a9de-ab5ffe5f4839",
    "fullName": "Amos Okuneva DDS",
    "email": "Amy57@yahoo.com",
    "phone": "1-354-282-8822 x023",
    "sex": "male",
    "status": "active",
    "deleted": false,
    "createdAt": "2025-02-01T13:42:41.424Z"
  },
  {
    "fullName": "Luis Cassin",
    "email": "Shanelle53@hotmail.com",
    "password": "$2b$10$XpFKPchKp7LpM2H6WdLxdeUG7mVUhzKuBCNGUUtGEz4BpOvRr/b4C",
    "phone": "(631) 559-8883 x778",
    "sex": "female",
    "status": "active",
    "deleted": false,
    "createdAt": "2025-02-02T02:09:19.582Z"
  },
  {
    "facebookId": "b76b7476-5d00-4a87-9c44-199700ee086b",
    "fullName": "Shelly Lowe",
    "email": "Earnest_Hoeger40@hotmail.com",
    "phone": "(284) 791-3842",
    "sex": "female",
    "status": "active",
    "deleted": false,
    "createdAt": "2025-02-02T06:29:42.106Z"
  },
  {
    "googleId": "5451290b-9840-42d5-a778-05212792b77d",
    "fullName": "Francis Marquardt",
    "email": "Winnifred71@gmail.com",
    "phone": "599.535.5506",
    "sex": "male",
    "status": "active",
    "deleted": false,
    "createdAt": "2025-02-02T09:09:31.646Z"
  },
  {
    "googleId": "958333c7-080a-4033-bd29-d181f2b8fe1e",
    "fullName": "Myra Keeling",
    "email": "Freda_Adams@yahoo.com",
    "phone": "638-230-9984 x8189",
    "sex": "other",
    "status": "active",
    "deleted": false,
    "createdAt": "2025-02-02T09:36:55.137Z"
  },
  {
    "fullName": "Isaac Beatty",
    "email": "Mikel19@hotmail.com",
    "password": "$2b$10$c630hkM2ren5vxwO8oAaJ.ptk7OKihe6rJDrbMUeJWsUeD2tRFZFq",
    "phone": "482.852.8181 x387",
    "sex": "female",
    "status": "active",
    "deleted": false,
    "createdAt": "2025-02-02T11:30:53.837Z"
  },
  {
    "githubId": "521dfde1-c262-45a6-88de-7b5bb4cb210e",
    "fullName": "Francis Howell",
    "email": "Kiarra21@hotmail.com",
    "phone": "1-684-587-8752 x035",
    "sex": "female",
    "status": "active",
    "deleted": false,
    "createdAt": "2025-02-02T11:42:04.442Z"
  },
  {
    "fullName": "Penny Boehm PhD",
    "email": "Fletcher.Hahn28@hotmail.com",
    "password": "$2b$10$fFR71XYuXCIZF6aJIMZ/V.WI9shZh5Ruskd/miDKulKFjyhymnWV.",
    "phone": "649-371-8162 x3329",
    "sex": "male",
    "status": "active",
    "deleted": false,
    "createdAt": "2025-02-02T14:36:01.978Z"
  },
  {
    "fullName": "Blake Kohler",
    "email": "Abdul79@yahoo.com",
    "password": "$2b$10$JiSyjVATUitUZ/a.ailTVenGZVrFOYr4frnyFJ1OCquRhN3Z5DTom",
    "phone": "(349) 524-8458 x66069",
    "sex": "other",
    "status": "active",
    "deleted": false,
    "createdAt": "2025-02-03T05:50:48.492Z"
  },
  {
    "googleId": "8d7582a7-e025-4577-a1f5-d47644a569aa",
    "fullName": "Courtney Miller",
    "email": "Mara_Kris@hotmail.com",
    "phone": "1-991-600-8161 x99042",
    "sex": "female",
    "status": "active",
    "deleted": false,
    "createdAt": "2025-02-03T06:17:02.542Z"
  },
  {
    "googleId": "807b93a9-c595-4a55-9f03-8e583507cba4",
    "fullName": "Angie Skiles",
    "email": "Brendon24@hotmail.com",
    "phone": "268-239-3421 x6351",
    "sex": "female",
    "status": "active",
    "deleted": false,
    "createdAt": "2025-02-03T07:47:56.070Z"
  },
  {
    "fullName": "Tabitha Nienow",
    "email": "Austin56@hotmail.com",
    "password": "$2b$10$Uj2TZrnvyLaicYmCNgwyXevqfxkubGdw2E70dTu4paUUdw5mqKXzy",
    "phone": "939-755-8818 x8012",
    "sex": "male",
    "status": "active",
    "deleted": false,
    "createdAt": "2025-02-03T09:56:42.692Z"
  },
  {
    "facebookId": "2a2edca9-59a5-46fb-9ae7-4edc82a3373c",
    "fullName": "Mr. Philip Kris",
    "email": "Sonny.Bernier46@yahoo.com",
    "phone": "(246) 596-0669 x7568",
    "sex": "male",
    "status": "active",
    "deleted": false,
    "createdAt": "2025-02-03T13:38:50.544Z"
  },
  {
    "googleId": "3f33284c-6f24-4dac-87a9-5cfb9fddcfec",
    "fullName": "Freddie Trantow",
    "email": "Jacquelyn37@gmail.com",
    "phone": "1-986-655-0043 x92581",
    "sex": "other",
    "status": "active",
    "deleted": false,
    "createdAt": "2025-02-03T16:47:02.655Z"
  },
  {
    "githubId": "c9cf8698-5499-4882-af29-422e62f4f58c",
    "fullName": "Leland Jast",
    "email": "Juliet15@gmail.com",
    "phone": "1-547-554-3635 x2567",
    "sex": "male",
    "status": "active",
    "deleted": false,
    "createdAt": "2025-02-03T22:25:35.150Z"
  },
  {
    "fullName": "Darrel Towne",
    "email": "Regan28@gmail.com",
    "password": "$2b$10$dyGlOyW24I509JVacpB7d.MQokbEjQ/o.8vC2aLW7FeDCdlK0OLqC",
    "phone": "202.534.0610 x76427",
    "sex": "female",
    "status": "active",
    "deleted": false,
    "createdAt": "2025-02-03T22:40:58.367Z"
  },
  {
    "facebookId": "27b0d44d-b39e-4983-82d5-70292708e528",
    "fullName": "Derek Koelpin",
    "email": "Magdalen44@yahoo.com",
    "phone": "791-932-1483",
    "sex": "other",
    "status": "active",
    "deleted": false,
    "createdAt": "2025-02-04T00:54:42.249Z"
  },
  {
    "googleId": "cc98956d-75cf-424e-8a3d-789cb48f5e96",
    "fullName": "Pearl Lehner I",
    "email": "Esperanza_Schaefer84@gmail.com",
    "phone": "882-210-3126 x850",
    "sex": "male",
    "status": "active",
    "deleted": false,
    "createdAt": "2025-02-04T09:16:40.674Z"
  },
  {
    "googleId": "9c5e6623-d772-47f8-b4ba-7945b7c0f509",
    "fullName": "Mr. Elmer Predovic",
    "email": "Bernadine20@yahoo.com",
    "phone": "(769) 739-4706 x993",
    "sex": "other",
    "status": "active",
    "deleted": false,
    "createdAt": "2025-02-04T10:52:15.409Z"
  },
  {
    "fullName": "Jessica Halvorson",
    "email": "Garth_Lang@hotmail.com",
    "password": "$2b$10$rrYv1tEDDOQibPWUo5RvC.2LfocqRoJZM.VsYyfvygy255WaTLRvi",
    "phone": "1-440-622-9595 x1892",
    "sex": "male",
    "status": "active",
    "deleted": false,
    "createdAt": "2025-02-04T11:22:38.861Z"
  },
  {
    "fullName": "Debbie Franey",
    "email": "Vena_McDermott@hotmail.com",
    "password": "$2b$10$Nm/FswxNU8CJVTbGrrfjT.1u1zYtIkvMbux7wed01J2UbLSOgs0Fu",
    "phone": "868.452.7190 x9059",
    "sex": "other",
    "status": "active",
    "deleted": false,
    "createdAt": "2025-02-04T18:26:06.522Z"
  },
  {
    "fullName": "Evan Gutkowski",
    "email": "Ethan.Rogahn78@hotmail.com",
    "password": "$2b$10$wuixcVSr2g0iAWhEl5lCUOAI13nWuWHCCy8MiPQov/bGtpjO71zHu",
    "phone": "271.786.5424",
    "sex": "female",
    "status": "active",
    "deleted": false,
    "createdAt": "2025-02-04T18:36:03.972Z"
  },
  {
    "fullName": "Adrienne Purdy",
    "email": "Garry_Walker@hotmail.com",
    "password": "$2b$10$2sXq0y1RbJMZKk6eWCb./ekUILxkElGu5JAdV7DzroQbq6NSeLSnu",
    "phone": "(746) 209-0735 x05326",
    "sex": "male",
    "status": "active",
    "deleted": false,
    "createdAt": "2025-02-04T21:12:25.649Z"
  },
  {
    "googleId": "47fca29d-2ab9-4be5-aa97-760188ffe288",
    "fullName": "Bonnie Purdy",
    "email": "Nora48@hotmail.com",
    "phone": "670.617.1394 x8757",
    "sex": "other",
    "status": "active",
    "deleted": false,
    "createdAt": "2025-02-05T01:58:04.096Z"
  },
  {
    "facebookId": "c20f5c04-be02-4570-b959-1361465189bd",
    "fullName": "Jonathan Mitchell V",
    "email": "Antoinette.Mann@yahoo.com",
    "phone": "(762) 972-2830 x4060",
    "sex": "female",
    "status": "active",
    "deleted": false,
    "createdAt": "2025-02-05T09:10:33.523Z"
  },
  {
    "fullName": "Justin Barrows",
    "email": "Guy59@yahoo.com",
    "password": "$2b$10$wSkYVYswK/Ah27ep5Z/EdeTT1CVHrH4V4pcNqrriKrNbVFtR9/Wfi",
    "phone": "393-342-0644 x715",
    "sex": "male",
    "status": "active",
    "deleted": false,
    "createdAt": "2025-02-05T12:39:20.196Z"
  },
  {
    "googleId": "1721f862-2b98-4714-b839-22c6a7ecf71d",
    "fullName": "Bernard Purdy",
    "email": "Murl.Hegmann-VonRueden66@gmail.com",
    "phone": "(937) 503-6719 x1869",
    "sex": "male",
    "status": "active",
    "deleted": false,
    "createdAt": "2025-02-05T16:35:57.775Z"
  },
  {
    "facebookId": "7c361e9e-df12-4ce9-bed1-265a244e9028",
    "fullName": "Lowell Johnston",
    "email": "Jacquelyn73@hotmail.com",
    "phone": "(450) 655-8623 x952",
    "sex": "male",
    "status": "active",
    "deleted": false,
    "createdAt": "2025-02-05T17:32:22.880Z"
  },
  {
    "githubId": "3735e206-f98d-4dd6-adad-e99adc0c5298",
    "fullName": "Diana Kautzer",
    "email": "Wilfrid_Goodwin81@hotmail.com",
    "phone": "1-996-912-4823 x83105",
    "sex": "other",
    "status": "active",
    "deleted": false,
    "createdAt": "2025-02-05T19:45:46.060Z"
  },
  {
    "githubId": "5979d804-7b86-4c7d-aa7c-a137567889a3",
    "fullName": "Doyle Spinka",
    "email": "Milford_Mitchell57@yahoo.com",
    "phone": "399-268-7422 x1993",
    "sex": "male",
    "status": "active",
    "deleted": false,
    "createdAt": "2025-02-05T23:02:58.812Z"
  },
  {
    "googleId": "b232027a-39ca-47df-8706-877f273dee1a",
    "fullName": "Mrs. Eileen Bailey-McKenzie IV",
    "email": "Allan_Durgan29@gmail.com",
    "phone": "571.593.4661 x460",
    "sex": "other",
    "status": "active",
    "deleted": false,
    "createdAt": "2025-02-06T00:27:40.714Z"
  },
  {
    "googleId": "aacdba4e-d0e0-47cd-ab73-dcb60f041d11",
    "fullName": "Mr. Alton Walsh",
    "email": "Jamal_Denesik@hotmail.com",
    "phone": "(682) 643-2850 x086",
    "sex": "other",
    "status": "active",
    "deleted": false,
    "createdAt": "2025-02-06T05:13:05.016Z"
  },
  {
    "facebookId": "0ced628a-88e2-4971-9e25-79b3959f2bc2",
    "fullName": "Eugene Emmerich",
    "email": "Haskell_Jast@hotmail.com",
    "phone": "1-446-474-9668 x164",
    "sex": "other",
    "status": "active",
    "deleted": false,
    "createdAt": "2025-02-06T06:05:25.339Z"
  },
  {
    "githubId": "366caf0a-3712-46c1-9b98-890b27cd3ae6",
    "fullName": "Dr. Bryan Bergstrom",
    "email": "Nikki.Brown@hotmail.com",
    "phone": "1-543-674-6745 x435",
    "sex": "male",
    "status": "active",
    "deleted": false,
    "createdAt": "2025-02-06T15:01:35.701Z"
  },
  {
    "fullName": "Kristina Kreiger-Reynolds",
    "email": "Soledad_Nikolaus-Beatty@hotmail.com",
    "password": "$2b$10$vxTKlAzYAGLtaezfcxQNX.7yVBvOatzT6a8IqGfAuJGzXaoQvfe7.",
    "phone": "(289) 396-6133",
    "sex": "other",
    "status": "active",
    "deleted": false,
    "createdAt": "2025-02-06T17:20:02.452Z"
  },
  {
    "googleId": "9199c423-1463-4673-9e98-bc15f509ea13",
    "fullName": "Roland Gleichner",
    "email": "Emily_Ortiz-Kessler79@hotmail.com",
    "phone": "671-345-1225 x28509",
    "sex": "other",
    "status": "active",
    "deleted": false,
    "createdAt": "2025-02-06T17:39:14.233Z"
  },
  {
    "githubId": "fd2fe528-583a-443e-9160-8b6a5accadc2",
    "fullName": "Virginia Durgan",
    "email": "Emily.Hauck84@yahoo.com",
    "phone": "1-228-635-1913",
    "sex": "female",
    "status": "active",
    "deleted": false,
    "createdAt": "2025-02-06T22:25:00.512Z"
  },
  {
    "googleId": "60af335e-c6e6-452a-a2d6-b8148af1345b",
    "fullName": "Herman Littel",
    "email": "Jerrold.Stanton@yahoo.com",
    "phone": "1-846-261-9188 x48109",
    "sex": "female",
    "status": "active",
    "deleted": false,
    "createdAt": "2025-02-07T01:59:11.269Z"
  },
  {
    "facebookId": "0dcca2f5-278c-43af-9dc2-24fe2238bc7a",
    "fullName": "Billie West",
    "email": "Colten_Breitenberg2@gmail.com",
    "phone": "(477) 848-6332",
    "sex": "other",
    "status": "active",
    "deleted": false,
    "createdAt": "2025-02-07T05:43:43.142Z"
  },
  {
    "googleId": "f26706d3-72fe-4235-85d5-560c17f13d93",
    "fullName": "Lucille Moen",
    "email": "Nora_Schmeler@hotmail.com",
    "phone": "717.988.1409",
    "sex": "female",
    "status": "active",
    "deleted": false,
    "createdAt": "2025-02-07T07:33:10.220Z"
  },
  {
    "fullName": "Rex Murphy",
    "email": "Kirk8@gmail.com",
    "password": "$2b$10$GdKFC4vYM8fCgICZyZEfJuite5KxyzgrRaxXMjWY2hTj9wew7.KsK",
    "phone": "1-968-437-2627",
    "sex": "other",
    "status": "active",
    "deleted": false,
    "createdAt": "2025-02-07T15:22:07.130Z"
  },
  {
    "googleId": "3a40ecd7-7132-494e-958d-7b2cee9600e3",
    "fullName": "Morris Lesch",
    "email": "Jannie_Collins@hotmail.com",
    "phone": "1-434-987-7626 x33767",
    "sex": "other",
    "status": "active",
    "deleted": false,
    "createdAt": "2025-02-07T19:11:28.850Z"
  },
  {
    "googleId": "4e2c7412-0093-48da-b1f8-dd4169e2be52",
    "fullName": "Diane McLaughlin",
    "email": "Sabryna73@hotmail.com",
    "phone": "(690) 723-4742 x417",
    "sex": "other",
    "status": "active",
    "deleted": false,
    "createdAt": "2025-02-08T01:00:02.915Z"
  },
  {
    "githubId": "7c754f04-0547-4b4a-9c9b-0b812f5229f1",
    "fullName": "Patti Stamm",
    "email": "Brad63@gmail.com",
    "phone": "(400) 884-1185 x9481",
    "sex": "female",
    "status": "active",
    "deleted": false,
    "createdAt": "2025-02-08T01:57:47.096Z"
  },
  {
    "fullName": "Shelia Hartmann MD",
    "email": "Kailey97@hotmail.com",
    "password": "$2b$10$gEHvFW.weADXxxTommmKtOotVSl16sGFlDMfFN1v8Tkn.ZRa9cw8q",
    "phone": "1-341-821-2208 x974",
    "sex": "other",
    "status": "active",
    "deleted": false,
    "createdAt": "2025-02-08T04:39:48.084Z"
  },
  {
    "googleId": "ec9bdbcc-f7b0-4711-947d-a741051aa5f0",
    "fullName": "Lewis Abernathy",
    "email": "Guy8@gmail.com",
    "phone": "1-945-352-9911 x954",
    "sex": "female",
    "status": "active",
    "deleted": false,
    "createdAt": "2025-02-08T06:19:21.465Z"
  },
  {
    "githubId": "5e4ed341-8ea1-4537-84d9-45062ca500d7",
    "fullName": "Devin Gerhold",
    "email": "Emily6@gmail.com",
    "phone": "529.966.6650 x5668",
    "sex": "other",
    "status": "active",
    "deleted": false,
    "createdAt": "2025-02-08T08:44:10.572Z"
  },
  {
    "facebookId": "9a6b4cd3-91cb-4d37-901a-e849975145da",
    "fullName": "Andrew Kiehn",
    "email": "Stacy_Doyle59@gmail.com",
    "phone": "518.652.1704 x3152",
    "sex": "male",
    "status": "active",
    "deleted": false,
    "createdAt": "2025-02-08T09:42:37.097Z"
  },
  {
    "githubId": "445c6457-4f53-43c2-bd36-60c61241116b",
    "fullName": "Pat Price-Skiles",
    "email": "Meaghan.Thompson@gmail.com",
    "phone": "825.394.2591 x70779",
    "sex": "male",
    "status": "active",
    "deleted": false,
    "createdAt": "2025-02-08T14:38:19.574Z"
  },
  {
    "fullName": "Emilio Borer",
    "email": "Kian.Jakubowski@gmail.com",
    "password": "$2b$10$DyTYaSpdKaMLET/H6dHwDeiRnjUEz5bj7n1uRQgk7CBYyqU.xs4.O",
    "phone": "(699) 494-2900 x9167",
    "sex": "other",
    "status": "active",
    "deleted": false,
    "createdAt": "2025-02-08T21:51:32.993Z"
  },
  {
    "fullName": "April Hessel",
    "email": "Bertram_Dickens@yahoo.com",
    "password": "$2b$10$GA2VZ6/G65VoNnIzSyokduyagTl/YAZ/ue/jQPsXSRwURI.vNPWRS",
    "phone": "1-321-961-4776 x15921",
    "sex": "male",
    "status": "active",
    "deleted": false,
    "createdAt": "2025-02-08T22:54:51.613Z"
  },
  {
    "facebookId": "edf1181c-bca2-410f-82b8-c9d78eef7fa3",
    "fullName": "Rita Cassin",
    "email": "Robin_Jacobi15@hotmail.com",
    "phone": "922-494-1647 x678",
    "sex": "other",
    "status": "active",
    "deleted": false,
    "createdAt": "2025-02-09T00:04:45.361Z"
  },
  {
    "googleId": "8d33a523-e41a-42cf-ae18-5a3d7bd911de",
    "fullName": "Robin O'Connell",
    "email": "Josephine.Ondricka93@gmail.com",
    "phone": "(528) 425-6840 x80477",
    "sex": "other",
    "status": "active",
    "deleted": false,
    "createdAt": "2025-02-09T02:43:16.603Z"
  },
  {
    "fullName": "Rose Kiehn V",
    "email": "Alysha_Wolf36@hotmail.com",
    "password": "$2b$10$68Pl8r5IsmutWFcJ.Ybe5ucjTGpVhNDKJlJXaAQ1XqCuu7g6eFH1e",
    "phone": "1-460-591-4203",
    "sex": "other",
    "status": "active",
    "deleted": false,
    "createdAt": "2025-02-09T06:11:54.700Z"
  },
  {
    "facebookId": "9bdded37-cb4e-4740-8319-eb399b2124b1",
    "fullName": "Timothy Lowe",
    "email": "Elnora_Leannon48@hotmail.com",
    "phone": "1-843-469-6742 x5370",
    "sex": "male",
    "status": "active",
    "deleted": false,
    "createdAt": "2025-02-09T08:37:12.996Z"
  },
  {
    "githubId": "5126b0f6-21a1-4a91-a4a4-cfa072b104a3",
    "fullName": "Mr. Mike Breitenberg",
    "email": "Nolan_Kutch@yahoo.com",
    "phone": "1-278-658-5904 x238",
    "sex": "other",
    "status": "active",
    "deleted": false,
    "createdAt": "2025-02-09T18:43:40.137Z"
  },
  {
    "facebookId": "f729178f-8db4-43d5-a87e-264f1b040ad5",
    "fullName": "Candice Lubowitz",
    "email": "Brannon_Crist63@hotmail.com",
    "phone": "907.962.2007 x717",
    "sex": "male",
    "status": "active",
    "deleted": false,
    "createdAt": "2025-02-09T23:14:47.898Z"
  },
  {
    "fullName": "Roger Hansen",
    "email": "Ryleigh38@hotmail.com",
    "password": "$2b$10$Ck190S.4nQXf/yBtFXyfy.J8PGysLsrsfs2F.X7Hy/bMmxOKwCfi.",
    "phone": "1-228-479-4073",
    "sex": "other",
    "status": "active",
    "deleted": false,
    "createdAt": "2025-02-10T02:00:43.983Z"
  },
  {
    "githubId": "8956a6ec-1156-43ff-98b0-e4e07f184e38",
    "fullName": "Angie Crist",
    "email": "Freeda84@yahoo.com",
    "phone": "918-229-6827 x0635",
    "sex": "other",
    "status": "active",
    "deleted": false,
    "createdAt": "2025-02-10T05:49:56.956Z"
  },
  {
    "facebookId": "78169186-ba0f-4c10-b344-6ecdfd27051f",
    "fullName": "Dwight McCullough II",
    "email": "Jaylen_Denesik38@yahoo.com",
    "phone": "(970) 407-3781",
    "sex": "male",
    "status": "active",
    "deleted": false,
    "createdAt": "2025-02-10T06:35:09.606Z"
  },
  {
    "fullName": "Sandra Toy",
    "email": "Kaylin_Monahan@gmail.com",
    "password": "$2b$10$s35vR/D1EGQqTOSnSbU0Q.yQtqzi3fgtT5HCy.h3wmJA283LueTNq",
    "phone": "(512) 983-6874 x6519",
    "sex": "male",
    "status": "active",
    "deleted": false,
    "createdAt": "2025-02-10T07:26:36.756Z"
  },
  {
    "googleId": "bf9cdb1a-198f-41d4-b679-85d303df4d8b",
    "fullName": "Nettie Bednar",
    "email": "Darrell.Herman@yahoo.com",
    "phone": "870-929-7377 x55710",
    "sex": "other",
    "status": "active",
    "deleted": false,
    "createdAt": "2025-02-10T11:59:54.603Z"
  },
  {
    "githubId": "2c145bde-f73c-437f-85a1-a9a60e834f45",
    "fullName": "Cecilia Moen III",
    "email": "Ransom44@hotmail.com",
    "phone": "403.268.7313 x541",
    "sex": "female",
    "status": "active",
    "deleted": false,
    "createdAt": "2025-02-10T13:08:25.875Z"
  },
  {
    "facebookId": "e966e911-26b6-4bbf-9482-21fbe45a0a63",
    "fullName": "Jackie Cruickshank",
    "email": "Leo53@yahoo.com",
    "phone": "1-796-686-9228",
    "sex": "other",
    "status": "active",
    "deleted": false,
    "createdAt": "2025-02-10T13:15:22.455Z"
  },
  {
    "googleId": "03f3be99-14c7-48d5-bfde-e34c495f4d45",
    "fullName": "Kenny Shields",
    "email": "Mikel.Hoppe@gmail.com",
    "phone": "577-946-1386 x3058",
    "sex": "male",
    "status": "active",
    "deleted": false,
    "createdAt": "2025-02-10T17:51:09.541Z"
  },
  {
    "githubId": "090b6723-45b6-474b-b7ca-5364c073fecb",
    "fullName": "Shari Spinka",
    "email": "Savanna_Berge@gmail.com",
    "phone": "(938) 670-4796 x6963",
    "sex": "other",
    "status": "active",
    "deleted": false,
    "createdAt": "2025-02-10T18:16:33.398Z"
  },
  {
    "fullName": "Dr. Andrew Ruecker",
    "email": "Maci77@yahoo.com",
    "password": "$2b$10$5gSZFGh3/Cr/AKNs7KdNgupwT./yCjonwKn0I0WbgeSelGG9TIqm2",
    "phone": "538.265.2920 x99055",
    "sex": "other",
    "status": "active",
    "deleted": false,
    "createdAt": "2025-02-11T03:48:35.929Z"
  },
  {
    "fullName": "Andy Hartmann",
    "email": "Tyrell.Koelpin@gmail.com",
    "password": "$2b$10$GY9YhpbQ.Dusy8z7otfCxeB76p6zB42qvjHI73WOaRdXVddkqSXpS",
    "phone": "(618) 671-1982 x18184",
    "sex": "other",
    "status": "active",
    "deleted": false,
    "createdAt": "2025-02-11T05:43:21.840Z"
  },
  {
    "fullName": "Rafael Mosciski",
    "email": "Susana46@yahoo.com",
    "password": "$2b$10$.I6bPNowUvzQNH3slL0zVOLmn15wN.owJ.madYza4CzNyzmY9/HXC",
    "phone": "771.770.3772 x073",
    "sex": "other",
    "status": "active",
    "deleted": false,
    "createdAt": "2025-02-11T11:28:31.731Z"
  },
  {
    "facebookId": "e1aa2fa6-8572-4edd-8616-8961f19e120b",
    "fullName": "Andres Yundt",
    "email": "Abraham.Nicolas-Bergnaum91@yahoo.com",
    "phone": "1-364-994-1828 x0306",
    "sex": "female",
    "status": "active",
    "deleted": false,
    "createdAt": "2025-02-11T13:58:09.400Z"
  },
  {
    "googleId": "228fa396-1e74-411c-b579-c9aea0dd3de5",
    "fullName": "Wilson Hayes",
    "email": "Roy.Zieme@gmail.com",
    "phone": "(624) 839-6412",
    "sex": "other",
    "status": "active",
    "deleted": false,
    "createdAt": "2025-02-11T15:23:21.806Z"
  },
  {
    "githubId": "328c5b16-b803-416d-8b49-4c9bef29f15d",
    "fullName": "Lila Kozey",
    "email": "Lily_Rice91@gmail.com",
    "phone": "(923) 443-2169",
    "sex": "other",
    "status": "active",
    "deleted": false,
    "createdAt": "2025-02-12T00:33:49.756Z"
  },
  {
    "githubId": "464fa8bb-940b-468e-973e-65590fd06be0",
    "fullName": "Irma Tremblay II",
    "email": "Jalyn.Smith72@yahoo.com",
    "phone": "616-797-6609 x94409",
    "sex": "other",
    "status": "active",
    "deleted": false,
    "createdAt": "2025-02-12T13:28:45.076Z"
  },
  {
    "facebookId": "e169bc26-2933-44cf-9adf-41b63efb40eb",
    "fullName": "Doyle Cummings-Sawayn",
    "email": "Cayla_Wehner@yahoo.com",
    "phone": "455-834-3639 x0771",
    "sex": "other",
    "status": "active",
    "deleted": false,
    "createdAt": "2025-02-12T14:26:23.520Z"
  },
  {
    "githubId": "d2bc8433-e9c3-471d-9523-f8f7a6605a8a",
    "fullName": "Darryl Hettinger II",
    "email": "Sedrick5@hotmail.com",
    "phone": "1-552-459-9959",
    "sex": "other",
    "status": "active",
    "deleted": false,
    "createdAt": "2025-02-12T17:31:47.543Z"
  },
  {
    "fullName": "Elsa Muller II",
    "email": "Elmore_Ernser@hotmail.com",
    "password": "$2b$10$ykktw76mZ7Y8DJubHnOtv.os6f8iCpzhLaIeqbMOMys8v0XnL2wMO",
    "phone": "1-784-468-2827 x1657",
    "sex": "female",
    "status": "active",
    "deleted": false,
    "createdAt": "2025-02-12T20:38:57.988Z"
  },
  {
    "facebookId": "f4cb4001-96e7-492a-80e0-8d83dad0d725",
    "fullName": "Corey Schulist",
    "email": "Katlynn.Hartmann@hotmail.com",
    "phone": "1-852-679-8576 x30189",
    "sex": "other",
    "status": "active",
    "deleted": false,
    "createdAt": "2025-02-13T00:16:08.707Z"
  },
  {
    "googleId": "3d526541-93f2-4cb2-9cad-4ec8a896a237",
    "fullName": "Jordan Kovacek",
    "email": "Abby_DuBuque11@gmail.com",
    "phone": "604.241.7241 x723",
    "sex": "female",
    "status": "active",
    "deleted": false,
    "createdAt": "2025-02-13T00:24:49.712Z"
  },
  {
    "googleId": "35a4fd8a-bcb9-4b5f-88ed-2ce62a63e798",
    "fullName": "Nelson Hettinger",
    "email": "Joesph_Feeney5@hotmail.com",
    "phone": "1-409-699-9426 x60709",
    "sex": "other",
    "status": "active",
    "deleted": false,
    "createdAt": "2025-02-13T12:21:56.056Z"
  },
  {
    "googleId": "b6a1a234-10f6-41b0-963f-825f40c2ddbb",
    "fullName": "Annie Bauch",
    "email": "Haleigh99@yahoo.com",
    "phone": "1-700-233-3356",
    "sex": "other",
    "status": "active",
    "deleted": false,
    "createdAt": "2025-02-14T02:55:27.865Z"
  },
  {
    "fullName": "Jennifer Rath",
    "email": "Johnathan.Murazik40@gmail.com",
    "password": "$2b$10$yws/tMgrVKrwD8/1ArAKRu4vTLnSmOrlkA4.s6gzcJnlS0QwatQRy",
    "phone": "308.949.1604 x963",
    "sex": "male",
    "status": "active",
    "deleted": false,
    "createdAt": "2025-02-14T10:53:22.562Z"
  },
  {
    "facebookId": "63824b59-6db4-49da-8230-4e15fa3af91a",
    "fullName": "Angie Denesik Sr.",
    "email": "Nikolas.Windler@yahoo.com",
    "phone": "1-989-726-1469 x478",
    "sex": "other",
    "status": "active",
    "deleted": false,
    "createdAt": "2025-02-14T10:59:17.467Z"
  },
  {
    "facebookId": "fcf692cd-735b-4628-b23e-db5e35bf14f8",
    "fullName": "Hugh Reichel",
    "email": "Tavares_Hoeger@gmail.com",
    "phone": "244-459-5888",
    "sex": "male",
    "status": "active",
    "deleted": false,
    "createdAt": "2025-02-14T16:47:51.075Z"
  },
  {
    "facebookId": "611d14a2-dc10-4492-bfe4-8cb2a1bf20ae",
    "fullName": "Deborah Watsica",
    "email": "Wilson_VonRueden@yahoo.com",
    "phone": "1-275-386-5615 x9873",
    "sex": "other",
    "status": "active",
    "deleted": false,
    "createdAt": "2025-02-14T17:34:04.615Z"
  },
  {
    "fullName": "Lynn Donnelly",
    "email": "Milton_Lynch42@yahoo.com",
    "password": "$2b$10$tGRkjGzXUoI4UeSEUXBw..2o69ju4MqHZeVVJCDyYrdMtERfTGcj2",
    "phone": "282-243-0955 x90129",
    "sex": "other",
    "status": "active",
    "deleted": false,
    "createdAt": "2025-02-14T18:32:03.023Z"
  },
  {
    "facebookId": "4a7643ec-b388-4599-8c6c-f76a3b53735e",
    "fullName": "Pat Littel",
    "email": "Emie47@yahoo.com",
    "phone": "231-799-8065",
    "sex": "other",
    "status": "active",
    "deleted": false,
    "createdAt": "2025-02-15T03:12:42.081Z"
  },
  {
    "googleId": "d3c8518f-241b-441f-8c13-5cae68881400",
    "fullName": "Carmen Runolfsson",
    "email": "Celine58@gmail.com",
    "phone": "204.224.2629 x950",
    "sex": "male",
    "status": "active",
    "deleted": false,
    "createdAt": "2025-02-15T08:02:48.898Z"
  },
  {
    "fullName": "Joyce Lueilwitz",
    "email": "Myrna.Funk@hotmail.com",
    "password": "$2b$10$AtBXnED4ZLdCCopvCiYLMeS0Prerz/fFfiZ5Dv3IqM0tpfiEWR3EO",
    "phone": "415-547-3713 x544",
    "sex": "female",
    "status": "active",
    "deleted": false,
    "createdAt": "2025-02-15T15:09:52.570Z"
  },
  {
    "googleId": "f1654721-a693-479b-92bc-eb315fd0177a",
    "fullName": "Abel Schowalter DVM",
    "email": "Collin.Beer@gmail.com",
    "phone": "1-750-650-1270",
    "sex": "other",
    "status": "active",
    "deleted": false,
    "createdAt": "2025-02-15T15:49:25.260Z"
  },
  {
    "googleId": "f0b5532d-4a06-4625-b10d-6d4fc173cf28",
    "fullName": "Ignacio Sauer",
    "email": "Mellie53@gmail.com",
    "phone": "791.791.7275 x3635",
    "sex": "male",
    "status": "active",
    "deleted": false,
    "createdAt": "2025-02-15T15:51:34.285Z"
  },
  {
    "fullName": "Sonia Hamill",
    "email": "Nestor58@hotmail.com",
    "password": "$2b$10$pv4TqwbEd3nyiVCUJRRV0OITosqD9IX1BTSMnxPsIk7Xhd21mjG02",
    "phone": "(512) 574-1041 x5819",
    "sex": "female",
    "status": "active",
    "deleted": false,
    "createdAt": "2025-02-15T16:29:00.083Z"
  },
  {
    "githubId": "abe4004d-bcfb-4fc6-9017-225c29c1cc93",
    "fullName": "Jeff Russel",
    "email": "Citlalli82@hotmail.com",
    "phone": "(423) 802-7366 x23874",
    "sex": "male",
    "status": "active",
    "deleted": false,
    "createdAt": "2025-02-15T18:32:50.206Z"
  },
  {
    "facebookId": "60db5b19-09af-4dec-bd8a-85b74dcff048",
    "fullName": "Doreen Howe",
    "email": "Jaeden.Hintz@yahoo.com",
    "phone": "(718) 888-5249 x40337",
    "sex": "female",
    "status": "active",
    "deleted": false,
    "createdAt": "2025-02-15T19:43:36.509Z"
  },
  {
    "googleId": "f6f93299-b856-4f25-b3f3-74948ab74e57",
    "fullName": "Angel Rolfson",
    "email": "Rudy16@hotmail.com",
    "phone": "(540) 517-8726 x3225",
    "sex": "male",
    "status": "active",
    "deleted": false,
    "createdAt": "2025-02-15T19:56:28.342Z"
  },
  {
    "facebookId": "51a285fa-f12c-45ac-99bc-6c3eeef83f55",
    "fullName": "Jordan Kerluke II",
    "email": "Arne.Hahn65@hotmail.com",
    "phone": "705.908.5216 x426",
    "sex": "other",
    "status": "active",
    "deleted": false,
    "createdAt": "2025-02-16T12:25:52.646Z"
  },
  {
    "githubId": "32b247a2-91a6-4930-bea7-3f4677cb4c1b",
    "fullName": "Kayla Marquardt",
    "email": "Joanie51@hotmail.com",
    "phone": "(701) 959-8022 x021",
    "sex": "other",
    "status": "active",
    "deleted": false,
    "createdAt": "2025-02-16T12:38:12.309Z"
  },
  {
    "fullName": "Dr. Morris Stroman",
    "email": "Melvin_Koch66@yahoo.com",
    "password": "$2b$10$I4mqAefiw/qlyCCp.XnJO.kA6jrPDNTKrGtQFG1rKkOSgDtlMtjXG",
    "phone": "1-842-919-3763 x582",
    "sex": "male",
    "status": "active",
    "deleted": false,
    "createdAt": "2025-02-16T13:36:11.649Z"
  },
  {
    "fullName": "Bernard Hoeger-DuBuque",
    "email": "Marta_Rutherford@yahoo.com",
    "password": "$2b$10$Va7rL074H6wcoFCngwadGeSka29BA4V..pfww3haj0wqIReuPFprW",
    "phone": "390.782.5132 x8794",
    "sex": "male",
    "status": "active",
    "deleted": false,
    "createdAt": "2025-02-16T21:08:14.699Z"
  },
  {
    "fullName": "Dawn Schamberger",
    "email": "Eleanora.Johnson37@yahoo.com",
    "password": "$2b$10$0LGYZCJ71I4yOLu0S9pL/.kDKxuFA/sZF5TrdZp5R/kCwXM.hMeDK",
    "phone": "589-532-8793 x01031",
    "sex": "female",
    "status": "active",
    "deleted": false,
    "createdAt": "2025-02-16T23:41:12.339Z"
  },
  {
    "facebookId": "2092456e-893d-4e50-a48b-a34d9e033a4b",
    "fullName": "Rex Gottlieb",
    "email": "Ethelyn99@yahoo.com",
    "phone": "542.912.9470 x880",
    "sex": "other",
    "status": "active",
    "deleted": false,
    "createdAt": "2025-02-17T05:59:58.421Z"
  },
  {
    "githubId": "401aadf5-b088-4933-83c8-08fda00007f4",
    "fullName": "Cecilia Dickens",
    "email": "Albertha.Satterfield@gmail.com",
    "phone": "555.915.0824 x5655",
    "sex": "male",
    "status": "active",
    "deleted": false,
    "createdAt": "2025-02-17T08:23:04.224Z"
  },
  {
    "googleId": "001b6098-4630-4107-8f53-98a637530440",
    "fullName": "Kari Batz",
    "email": "Katherine_Bernhard@gmail.com",
    "phone": "(827) 621-6394",
    "sex": "female",
    "status": "active",
    "deleted": false,
    "createdAt": "2025-02-17T10:00:50.362Z"
  },
  {
    "githubId": "95a7187e-890d-4226-adee-948a6ec66630",
    "fullName": "Colleen Johnston",
    "email": "Bobby55@yahoo.com",
    "phone": "(950) 975-7618 x12496",
    "sex": "female",
    "status": "active",
    "deleted": false,
    "createdAt": "2025-02-17T11:27:34.724Z"
  },
  {
    "githubId": "eed4becc-6a74-43f8-b8bc-f83d00b40673",
    "fullName": "Sean Hessel",
    "email": "Kolby60@gmail.com",
    "phone": "954.326.2231 x12135",
    "sex": "female",
    "status": "active",
    "deleted": false,
    "createdAt": "2025-02-17T14:22:13.384Z"
  },
  {
    "facebookId": "cf9f8967-8b7c-42b6-9899-ec144c086112",
    "fullName": "Esther Harris",
    "email": "Gladyce.Schmidt@yahoo.com",
    "phone": "(287) 313-1008",
    "sex": "male",
    "status": "active",
    "deleted": false,
    "createdAt": "2025-02-17T15:10:20.907Z"
  },
  {
    "fullName": "Cornelius Haley",
    "email": "Judd.Casper@hotmail.com",
    "password": "$2b$10$AkXg09pB3ne1/PTUtyeKbOI7ppUmEqF8gihgAzMz6jslLbB88BQQS",
    "phone": "960.528.2763 x310",
    "sex": "male",
    "status": "active",
    "deleted": false,
    "createdAt": "2025-02-17T16:27:49.047Z"
  },
  {
    "githubId": "df765bdf-68e7-4558-8237-39b0661f019e",
    "fullName": "Russell McKenzie",
    "email": "Mckayla.Moore@hotmail.com",
    "phone": "1-596-886-5451 x5907",
    "sex": "other",
    "status": "active",
    "deleted": false,
    "createdAt": "2025-02-18T02:17:34.248Z"
  },
  {
    "facebookId": "66e52949-a645-43ec-b599-720432fbde64",
    "fullName": "Miss Susie Parker",
    "email": "Nedra_Green@hotmail.com",
    "phone": "343-403-6219 x6711",
    "sex": "other",
    "status": "active",
    "deleted": false,
    "createdAt": "2025-02-18T09:22:10.117Z"
  },
  {
    "fullName": "Jesus Pouros",
    "email": "Joanie_Monahan15@yahoo.com",
    "password": "$2b$10$h/aaIQt5LkilPdQLOZWAuuuwBL/xlJNE677pubp2xwJ.6E89oNnSG",
    "phone": "407.214.5420 x7825",
    "sex": "other",
    "status": "active",
    "deleted": false,
    "createdAt": "2025-02-18T14:28:16.423Z"
  },
  {
    "fullName": "Bernard Greenfelder",
    "email": "Margarita.Mohr@yahoo.com",
    "password": "$2b$10$mYlwXNg7Fpt1CSdN2QwFcO4CSQbt0Pq6VDU/zsUNSwvZrPSyuAMQi",
    "phone": "561-252-2251 x733",
    "sex": "female",
    "status": "active",
    "deleted": false,
    "createdAt": "2025-02-18T16:54:05.047Z"
  },
  {
    "githubId": "d3b7c63d-15a5-4a86-8183-e3fe44a204c1",
    "fullName": "Johnny Larkin",
    "email": "Isadore.Herzog75@gmail.com",
    "phone": "747.464.1034 x825",
    "sex": "female",
    "status": "active",
    "deleted": false,
    "createdAt": "2025-02-19T02:22:12.658Z"
  },
  {
    "googleId": "26d6052a-4f21-48af-b4be-fb24fdecc5f5",
    "fullName": "Elias Gerhold",
    "email": "Delta.Towne@yahoo.com",
    "phone": "(800) 353-7619 x0949",
    "sex": "other",
    "status": "active",
    "deleted": false,
    "createdAt": "2025-02-19T06:07:22.115Z"
  },
  {
    "facebookId": "5c773f62-1617-4545-a040-661b4e9b2a70",
    "fullName": "Bennie Kerluke",
    "email": "Keenan.Reynolds17@gmail.com",
    "phone": "1-605-524-4261 x9085",
    "sex": "unknown",
    "status": "active",
    "deleted": false,
    "createdAt": "2025-02-19T10:59:19.916Z"
  },
  {
    "fullName": "Neil Balistreri",
    "email": "Wendy92@gmail.com",
    "password": "$2b$10$CS3styRmJ1fb.eR1Iui4JewGglaA.m.BZsGhVy0M6CbFx/1IfQPBi",
    "phone": "974-364-1775 x071",
    "sex": "other",
    "status": "active",
    "deleted": false,
    "createdAt": "2025-02-19T14:30:31.232Z"
  },
  {
    "facebookId": "c68fd990-609d-4f52-94b0-f5617556dce4",
    "fullName": "Frederick Friesen",
    "email": "Patricia.Barrows@hotmail.com",
    "phone": "485.915.7853 x3981",
    "sex": "other",
    "status": "active",
    "deleted": false,
    "createdAt": "2025-02-19T20:44:43.539Z"
  },
  {
    "googleId": "774166d8-78d3-4163-9e87-b6a8c632be87",
    "fullName": "Dr. Isabel VonRueden",
    "email": "Shyann55@gmail.com",
    "phone": "1-840-461-0504 x455",
    "sex": "other",
    "status": "active",
    "deleted": false,
    "createdAt": "2025-02-20T01:43:50.196Z"
  },
  {
    "fullName": "Percy Turner",
    "email": "Josefina.Barton25@hotmail.com",
    "password": "$2b$10$L8oorU4uwZ3gHXlr/IpiHeqO3Y5rFDCVJ3cXQdDK8f7WIgivX/ckK",
    "phone": "524-790-1906 x911",
    "sex": "other",
    "status": "active",
    "deleted": false,
    "createdAt": "2025-02-20T03:56:07.642Z"
  },
  {
    "fullName": "Josefina Howell",
    "email": "Ozella.Donnelly23@yahoo.com",
    "password": "$2b$10$jUdEPRVK3K7xp.AJQjWJcOg0yTJeLk1jtN8Cmg.qPtP.OcHR/e36a",
    "phone": "878.595.7161 x01632",
    "sex": "male",
    "status": "active",
    "deleted": false,
    "createdAt": "2025-02-20T04:56:58.892Z"
  },
  {
    "githubId": "6b9c0ccd-2437-4286-93e4-4b8c461bb4c6",
    "fullName": "Rosalie Huel",
    "email": "Giovanny_Schimmel-Prosacco@yahoo.com",
    "phone": "373-827-7804 x111",
    "sex": "other",
    "status": "active",
    "deleted": false,
    "createdAt": "2025-02-20T06:39:47.062Z"
  },
  {
    "facebookId": "13815ff5-b432-44a7-874c-a3edd4ccf5a5",
    "fullName": "Noah Mraz",
    "email": "Jaren49@hotmail.com",
    "phone": "889.483.9205 x3742",
    "sex": "other",
    "status": "active",
    "deleted": false,
    "createdAt": "2025-02-20T10:43:34.962Z"
  },
  {
    "githubId": "0536c106-5a7d-4656-b3f2-aacadd9c0ac9",
    "fullName": "Carl Kihn",
    "email": "Garrett.Watsica@hotmail.com",
    "phone": "247.926.0091 x16982",
    "sex": "other",
    "status": "active",
    "deleted": false,
    "createdAt": "2025-02-20T10:55:22.720Z"
  },
  {
    "fullName": "Shelia Will",
    "email": "Vergie31@gmail.com",
    "password": "$2b$10$lg2v6TpSIXVkGjF4vFkID.dK9XsAg94kbhCPgkDIdZUG5opd2CRJm",
    "phone": "(605) 922-7796 x3507",
    "sex": "female",
    "status": "active",
    "deleted": false,
    "createdAt": "2025-02-20T18:51:21.393Z"
  },
  {
    "googleId": "07a93799-d85b-4c8a-b71c-118c81b3f344",
    "fullName": "Dr. Jorge Mertz",
    "email": "Keaton.Fritsch28@hotmail.com",
    "phone": "365-253-9987",
    "sex": "other",
    "status": "active",
    "deleted": false,
    "createdAt": "2025-02-21T04:53:20.092Z"
  },
  {
    "facebookId": "4832e152-ca08-4fc9-b5e2-b273d8f02eeb",
    "fullName": "Dr. Wendy Mante",
    "email": "Idella.Huels55@yahoo.com",
    "phone": "911-449-3007 x28970",
    "sex": "female",
    "status": "active",
    "deleted": false,
    "createdAt": "2025-02-21T17:27:40.944Z"
  },
  {
    "githubId": "c4a5b6fd-9dd6-4c63-8538-9ff7762a433d",
    "fullName": "Victor Volkman PhD",
    "email": "Marcelo.Zboncak@yahoo.com",
    "phone": "1-261-526-3610",
    "sex": "male",
    "status": "active",
    "deleted": false,
    "createdAt": "2025-02-21T18:04:16.538Z"
  },
  {
    "googleId": "b62f239f-3354-4cd5-8a86-851eebe8f09d",
    "fullName": "Dexter Bayer",
    "email": "Weldon.Marquardt@gmail.com",
    "phone": "1-774-352-9157 x9355",
    "sex": "other",
    "status": "active",
    "deleted": false,
    "createdAt": "2025-02-21T19:12:52.190Z"
  },
  {
    "githubId": "81916956-7596-4099-a816-b687a9f5a36f",
    "fullName": "Virgil Berge V",
    "email": "Dessie2@yahoo.com",
    "phone": "1-508-442-9999",
    "sex": "male",
    "status": "active",
    "deleted": false,
    "createdAt": "2025-02-21T22:41:39.288Z"
  },
  {
    "googleId": "1ab7aa75-4128-4db6-afe7-4a2539ffd8c1",
    "fullName": "Kate Dickens",
    "email": "Judson.Lowe70@hotmail.com",
    "phone": "1-384-200-0098 x22829",
    "sex": "other",
    "status": "active",
    "deleted": false,
    "createdAt": "2025-02-22T05:36:54.151Z"
  },
  {
    "githubId": "462e9144-9fa6-4623-a48e-7e1ae9bca411",
    "fullName": "Domingo Toy III",
    "email": "Zackary.Jaskolski@hotmail.com",
    "phone": "460.700.3592 x69386",
    "sex": "male",
    "status": "active",
    "deleted": false,
    "createdAt": "2025-02-22T08:56:17.774Z"
  },
  {
    "googleId": "78e12d93-8e04-489c-90d7-d3b145f695ae",
    "fullName": "Freda Kris",
    "email": "Maddison.Dibbert@hotmail.com",
    "phone": "(977) 800-8222 x05917",
    "sex": "male",
    "status": "active",
    "deleted": false,
    "createdAt": "2025-02-22T09:12:16.985Z"
  },
  {
    "fullName": "Tasha Stokes",
    "email": "Cleo_Reichert@yahoo.com",
    "password": "$2b$10$qwsnUEJG/nUS5gfo7xYyz./5D9YDHYF/DOLHrJxYWaXF1.4wpWQlu",
    "phone": "366.211.8614 x3275",
    "sex": "other",
    "status": "active",
    "deleted": false,
    "createdAt": "2025-02-22T10:42:21.396Z"
  },
  {
    "githubId": "0cd2292f-6255-45bd-a1c8-0e0d1819e079",
    "fullName": "Jeremiah McLaughlin",
    "email": "Macey8@yahoo.com",
    "phone": "760-682-9269",
    "sex": "female",
    "status": "active",
    "deleted": false,
    "createdAt": "2025-02-22T13:27:11.876Z"
  },
  {
    "facebookId": "787cd3df-fa5b-471e-bd0a-6d41dff0b90e",
    "fullName": "Juan Ebert V",
    "email": "Jaylin.Rolfson97@yahoo.com",
    "phone": "648.297.6607",
    "sex": "other",
    "status": "active",
    "deleted": false,
    "createdAt": "2025-02-22T16:21:17.873Z"
  },
  {
    "facebookId": "96caf4f5-a46d-4d64-b633-c0080132d287",
    "fullName": "Dwight Ledner-Stiedemann",
    "email": "Avis.Bailey-Davis87@gmail.com",
    "phone": "894.455.5183 x80236",
    "sex": "other",
    "status": "active",
    "deleted": false,
    "createdAt": "2025-02-23T08:01:26.187Z"
  },
  {
    "fullName": "Sam Runolfsdottir",
    "email": "Cristal49@yahoo.com",
    "password": "$2b$10$wdyeYife4jJk26324GweMekPJRQyB09ld9GaSnNicm8pKDtpzRGpK",
    "phone": "(918) 669-3206 x162",
    "sex": "female",
    "status": "active",
    "deleted": false,
    "createdAt": "2025-02-23T15:30:43.273Z"
  },
  {
    "facebookId": "6c8f91b6-6098-4798-b04c-8437c3f79e42",
    "fullName": "Mike Bednar IV",
    "email": "Constantin.Von45@yahoo.com",
    "phone": "1-910-882-6399 x7807",
    "sex": "other",
    "status": "active",
    "deleted": false,
    "createdAt": "2025-02-23T19:39:14.025Z"
  },
  {
    "facebookId": "94e72ff9-b9bf-4acd-98ff-111501a24b70",
    "fullName": "Joanna Steuber",
    "email": "Taya40@hotmail.com",
    "phone": "1-207-637-5069 x1807",
    "sex": "other",
    "status": "active",
    "deleted": false,
    "createdAt": "2025-02-24T02:12:18.645Z"
  },
  {
    "googleId": "7d5230c9-39dc-4b05-bc55-9fad9a5fd2ad",
    "fullName": "Miss Opal Paucek",
    "email": "Immanuel22@hotmail.com",
    "phone": "(779) 818-2701 x9693",
    "sex": "other",
    "status": "active",
    "deleted": false,
    "createdAt": "2025-02-24T05:58:25.727Z"
  },
  {
    "googleId": "fb5e9b7f-f2be-4f83-b396-d50dc1e995f1",
    "fullName": "Ada Becker",
    "email": "Diamond.Nikolaus@gmail.com",
    "phone": "(533) 336-1355 x7888",
    "sex": "other",
    "status": "active",
    "deleted": false,
    "createdAt": "2025-02-24T07:34:11.251Z"
  },
  {
    "fullName": "Anne Beatty",
    "email": "Libbie.Hessel25@hotmail.com",
    "password": "$2b$10$F9gqAfNs/VC1GfPHLcsMOONYxStnLbTq88CxnwhOYSw5rJmhDUuLu",
    "phone": "1-951-822-7956",
    "sex": "other",
    "status": "active",
    "deleted": false,
    "createdAt": "2025-02-24T15:14:01.411Z"
  },
  {
    "githubId": "04c05538-595c-4f6e-a7fd-c2a011d05889",
    "fullName": "Dr. Alfonso Gutkowski Jr.",
    "email": "Lincoln22@yahoo.com",
    "phone": "1-694-457-9925",
    "sex": "female",
    "status": "active",
    "deleted": false,
    "createdAt": "2025-02-24T18:24:35.990Z"
  },
  {
    "fullName": "Delia Jast-Hilll",
    "email": "Melissa_Dickinson@hotmail.com",
    "password": "$2b$10$zBdR0K0TDs3ASaAHMABht.PyHqqZW6v0t/rGg7W/xA0CskVRvpjVe",
    "phone": "1-508-747-4919 x40028",
    "sex": "other",
    "status": "active",
    "deleted": false,
    "createdAt": "2025-02-25T00:55:06.640Z"
  },
  {
    "githubId": "7a2a1ef5-07df-4530-8d6f-850ddf2cdbd9",
    "fullName": "Mable Huel Sr.",
    "email": "Abdiel76@hotmail.com",
    "phone": "1-516-322-8615 x418",
    "sex": "female",
    "status": "active",
    "deleted": false,
    "createdAt": "2025-02-25T02:02:39.277Z"
  },
  {
    "facebookId": "8b0f2939-f133-48ae-bfff-fa62b352be85",
    "fullName": "Ruby Crooks",
    "email": "Ned_Russel@gmail.com",
    "phone": "957-449-5237 x4950",
    "sex": "male",
    "status": "active",
    "deleted": false,
    "createdAt": "2025-02-25T03:12:51.811Z"
  },
  {
    "googleId": "4a509760-8f75-4816-9cbf-c9615b9bb185",
    "fullName": "Jessica Will",
    "email": "Denis.MacGyver37@hotmail.com",
    "phone": "834.548.9628 x596",
    "sex": "other",
    "status": "active",
    "deleted": false,
    "createdAt": "2025-02-25T04:28:52.459Z"
  },
  {
    "fullName": "Rodney Schowalter",
    "email": "Maia40@gmail.com",
    "password": "$2b$10$PW6BxqdLxyaitUnWtJwEie11rETnLwCZMtvjMwt.MkoV2zANzv4rO",
    "phone": "888-479-0614 x7726",
    "sex": "male",
    "status": "active",
    "deleted": false,
    "createdAt": "2025-02-25T09:24:50.709Z"
  },
  {
    "fullName": "Rhonda Franey",
    "email": "Paul_Haag19@yahoo.com",
    "password": "$2b$10$8PXAzRSU/PnrHNNSKAM9Neuh0.zi6VU8AUh0XJ3rWi8maW3uevF0K",
    "phone": "732-635-5152 x797",
    "sex": "other",
    "status": "active",
    "deleted": false,
    "createdAt": "2025-02-26T02:15:26.179Z"
  },
  {
    "facebookId": "340ac2e3-a2db-43d9-aac5-37931a4ead7a",
    "fullName": "Mr. Gerard Williamson",
    "email": "Brain.Halvorson-Waters9@yahoo.com",
    "phone": "530-758-3698",
    "sex": "other",
    "status": "active",
    "deleted": false,
    "createdAt": "2025-02-26T08:05:58.625Z"
  },
  {
    "googleId": "3bef0c71-1571-4494-b1ec-e1c15efc773b",
    "fullName": "Emanuel Beatty",
    "email": "Bryana_Dietrich95@hotmail.com",
    "phone": "1-779-948-1441 x01901",
    "sex": "other",
    "status": "active",
    "deleted": false,
    "createdAt": "2025-02-26T21:13:55.402Z"
  },
  {
    "facebookId": "12e11ee1-1781-43fe-92c6-ed330c064c49",
    "fullName": "Dr. Antonio Miller",
    "email": "Ronaldo_Rippin@gmail.com",
    "phone": "420-931-9234 x4929",
    "sex": "other",
    "status": "active",
    "deleted": false,
    "createdAt": "2025-02-26T23:57:19.787Z"
  }
]
