[
  {
    "githubId": "fd247c8f-8bdb-4b17-80a8-f2321949cb05",
    "fullName": "Chelsea Little",
    "email": "Talia_Davis@yahoo.com",
    "phone": "801.951.8421",
    "sex": "male",
    "status": "active",
    "deleted": false,
    "createdAt": "2025-03-01T01:30:50.876Z"
  },
  {
    "fullName": "Benjamin Brakus",
    "email": "Meaghan83@yahoo.com",
    "password": "$2b$10$0kPAE5nj8lcwHQg5szKzm.qMsU7BTmRVtWOefsx.0IrD4l.h6gDi2",
    "phone": "542.332.8474 x767",
    "sex": "other",
    "status": "active",
    "deleted": false,
    "createdAt": "2025-03-01T03:36:26.531Z"
  },
  {
    "googleId": "295fc0bf-1454-450e-979b-e22faa3c7928",
    "fullName": "Neil Parker",
    "email": "Joanny28@gmail.com",
    "phone": "561.788.0062 x922",
    "sex": "other",
    "status": "active",
    "deleted": false,
    "createdAt": "2025-03-01T05:44:43.056Z"
  },
  {
    "facebookId": "02102caa-8373-46bd-9dfa-2872d128daa0",
    "fullName": "Genevieve Volkman",
    "email": "Mylene_Will70@yahoo.com",
    "phone": "1-847-619-3001 x23435",
    "sex": "male",
    "status": "active",
    "deleted": false,
    "createdAt": "2025-03-01T06:43:42.843Z"
  },
  {
    "googleId": "a3c422fd-2ae5-4845-adf9-a1e80ad027f7",
    "fullName": "Margie Braun",
    "email": "Kaia67@hotmail.com",
    "phone": "(633) 497-5752 x82876",
    "sex": "other",
    "status": "active",
    "deleted": false,
    "createdAt": "2025-03-01T08:24:21.814Z"
  },
  {
    "facebookId": "2d463f61-c784-43e9-b2ec-720ee2c2e231",
    "fullName": "Jose Kunze",
    "email": "General.Schmidt91@gmail.com",
    "phone": "638-537-2032 x66373",
    "sex": "male",
    "status": "active",
    "deleted": false,
    "createdAt": "2025-03-01T09:57:02.330Z"
  },
  {
    "facebookId": "a82dec95-c27b-40e1-b66e-e0a3807131d6",
    "fullName": "Shannon Lockman",
    "email": "Darius.Borer@hotmail.com",
    "phone": "382.926.0898 x92737",
    "sex": "other",
    "status": "active",
    "deleted": false,
    "createdAt": "2025-03-01T12:21:45.330Z"
  },
  {
    "githubId": "e9151505-e400-4531-8b52-4a3d1668d9ab",
    "fullName": "Ismael Kiehn",
    "email": "Howard.Baumbach@yahoo.com",
    "phone": "1-769-319-4469 x1683",
    "sex": "female",
    "status": "active",
    "deleted": false,
    "createdAt": "2025-03-01T15:02:33.307Z"
  },
  {
    "fullName": "Adam Hammes",
    "email": "Kathryne_Gutmann@hotmail.com",
    "password": "$2b$10$exD.tryifnAfIswFE5Lf4.kkzpUDoK.q2GECpA90y6Nd0teaK.h0u",
    "phone": "510-776-2782",
    "sex": "other",
    "status": "active",
    "deleted": false,
    "createdAt": "2025-03-01T21:46:56.095Z"
  },
  {
    "googleId": "73990538-772d-4d99-8486-7b60d8e44355",
    "fullName": "Marie Boyle",
    "email": "Ewell.Murazik85@yahoo.com",
    "phone": "447-820-6037 x589",
    "sex": "other",
    "status": "active",
    "deleted": false,
    "createdAt": "2025-03-02T05:04:49.738Z"
  },
  {
    "googleId": "80f7c16c-ce43-4ce7-a095-01feea2c04d5",
    "fullName": "Arnold Orn",
    "email": "Heather.Dickens7@yahoo.com",
    "phone": "(442) 953-9378 x8263",
    "sex": "other",
    "status": "active",
    "deleted": false,
    "createdAt": "2025-03-02T06:12:36.038Z"
  },
  {
    "facebookId": "55ac6345-3706-4d3b-95eb-bfb732dd1389",
    "fullName": "Delbert Goldner",
    "email": "Emery41@yahoo.com",
    "phone": "355.322.6217 x8901",
    "sex": "other",
    "status": "active",
    "deleted": false,
    "createdAt": "2025-03-02T13:15:48.371Z"
  },
  {
    "facebookId": "0ba2360a-013a-4bce-b334-2f7ed1f78427",
    "fullName": "Vera Treutel",
    "email": "Brent.Hagenes@yahoo.com",
    "phone": "1-684-587-6646 x95355",
    "sex": "male",
    "status": "active",
    "deleted": false,
    "createdAt": "2025-03-02T22:02:42.225Z"
  },
  {
    "facebookId": "e1f197d6-394b-4bf9-8b6a-f3c6caf1c95f",
    "fullName": "Lora Bradtke",
    "email": "Peyton.Ebert@gmail.com",
    "phone": "288.211.9277",
    "sex": "other",
    "status": "active",
    "deleted": false,
    "createdAt": "2025-03-03T06:24:10.375Z"
  },
  {
    "googleId": "3646ba1c-a97d-4476-b890-4295d6b9f529",
    "fullName": "Sonja Kulas",
    "email": "Eliza.Weber@gmail.com",
    "phone": "425-582-7435 x099",
    "sex": "male",
    "status": "active",
    "deleted": false,
    "createdAt": "2025-03-03T14:17:45.734Z"
  },
  {
    "facebookId": "688a6b42-e141-4adc-b313-ec760e78f970",
    "fullName": "Clifton Paucek",
    "email": "Alek74@gmail.com",
    "phone": "1-352-563-9095 x456",
    "sex": "other",
    "status": "active",
    "deleted": false,
    "createdAt": "2025-03-03T19:45:45.426Z"
  },
  {
    "facebookId": "ba82abe4-5f72-4b6a-8e9f-9f80be21444c",
    "fullName": "Glenn Robel Sr.",
    "email": "Kendall_Torp@gmail.com",
    "phone": "(399) 234-3926 x0777",
    "sex": "female",
    "status": "active",
    "deleted": false,
    "createdAt": "2025-03-04T03:10:24.963Z"
  },
  {
    "githubId": "6bc11ea9-8fbd-440f-82a4-2ae491171499",
    "fullName": "Jeanette Koss",
    "email": "Westley54@gmail.com",
    "phone": "865.541.1825 x7091",
    "sex": "other",
    "status": "active",
    "deleted": false,
    "createdAt": "2025-03-04T04:55:12.050Z"
  },
  {
    "fullName": "Fred Beier",
    "email": "Haley71@yahoo.com",
    "password": "$2b$10$DwB11U0AUDcbf6xsTOWRiOkb32nT.F6Uk7w48BaEMT/ecLVjaYsEG",
    "phone": "315-502-5523 x984",
    "sex": "female",
    "status": "active",
    "deleted": false,
    "createdAt": "2025-03-04T06:15:47.212Z"
  },
  {
    "facebookId": "293cbe1b-0f69-44b5-86bc-0ffa8e335552",
    "fullName": "Mr. Gerard Schaden",
    "email": "Cali.Morissette60@yahoo.com",
    "phone": "957-902-7947",
    "sex": "other",
    "status": "active",
    "deleted": false,
    "createdAt": "2025-03-04T16:01:17.441Z"
  },
  {
    "fullName": "Mr. Thomas Hettinger",
    "email": "Maiya_Volkman17@yahoo.com",
    "password": "$2b$10$ZP6nrudqEKoA8pPuM9Ji2ep0AZxnk7NBBc9PvJJfNlVALdy3xi7um",
    "phone": "290-268-9226 x418",
    "sex": "other",
    "status": "active",
    "deleted": false,
    "createdAt": "2025-03-05T00:34:44.425Z"
  },
  {
    "googleId": "8774e390-9937-4273-8516-3129c96f0f79",
    "fullName": "Ernesto Hilll",
    "email": "Gerry_Hartmann@gmail.com",
    "phone": "222-857-3078 x8104",
    "sex": "female",
    "status": "active",
    "deleted": false,
    "createdAt": "2025-03-05T05:29:43.532Z"
  },
  {
    "fullName": "Arnold DuBuque",
    "email": "Hobart.Kiehn63@gmail.com",
    "password": "$2b$10$6TtDVeuAb82kycifaQmERu3OwPu7CqccfW2IiDUnB1DI6q4HKX1yO",
    "phone": "1-694-829-7753",
    "sex": "male",
    "status": "active",
    "deleted": false,
    "createdAt": "2025-03-05T06:01:46.683Z"
  },
  {
    "googleId": "0d379de6-ad8c-45ef-9663-44f9fdd79d5f",
    "fullName": "Garry Thiel",
    "email": "Cecile35@yahoo.com",
    "phone": "(841) 639-4535 x7128",
    "sex": "female",
    "status": "active",
    "deleted": false,
    "createdAt": "2025-03-05T11:34:14.880Z"
  },
  {
    "githubId": "18ae2845-b8c7-41c5-8881-384f75ac82f5",
    "fullName": "Sheri Orn",
    "email": "Levi_Reichel-Nitzsche98@yahoo.com",
    "phone": "(651) 468-3161 x43160",
    "sex": "other",
    "status": "active",
    "deleted": false,
    "createdAt": "2025-03-05T11:38:24.228Z"
  },
  {
    "fullName": "Abraham Cole",
    "email": "Emile83@hotmail.com",
    "password": "$2b$10$9vCbeWPMQVCH1Nw94INKR.vlL387XNjliY6/itYFLCb4xDXTG1SKm",
    "phone": "878-482-1160 x96067",
    "sex": "female",
    "status": "active",
    "deleted": false,
    "createdAt": "2025-03-06T01:05:48.900Z"
  },
  {
    "facebookId": "c9a20416-b142-4851-95dd-9a5264a3a9df",
    "fullName": "Delia Paucek",
    "email": "Joy.Schmitt@yahoo.com",
    "phone": "(947) 706-0499 x7362",
    "sex": "female",
    "status": "active",
    "deleted": false,
    "createdAt": "2025-03-06T02:14:26.234Z"
  },
  {
    "facebookId": "9017440e-f8a2-411c-a800-d5061316746c",
    "fullName": "Delia Russel",
    "email": "Adrain93@gmail.com",
    "phone": "(380) 631-5338 x151",
    "sex": "other",
    "status": "active",
    "deleted": false,
    "createdAt": "2025-03-06T08:31:23.605Z"
  },
  {
    "githubId": "e6191c70-f6b4-47ee-a417-a3f0d5528a09",
    "fullName": "Bradley Hansen PhD",
    "email": "Monique_Dickens@hotmail.com",
    "phone": "250-281-4134",
    "sex": "other",
    "status": "active",
    "deleted": false,
    "createdAt": "2025-03-06T12:24:56.211Z"
  },
  {
    "facebookId": "4ed8a60c-9c45-4106-9549-a1450b188af0",
    "fullName": "Marcia Turner",
    "email": "Mitchel_Hand15@yahoo.com",
    "phone": "770.685.0313",
    "sex": "other",
    "status": "active",
    "deleted": false,
    "createdAt": "2025-03-06T16:04:13.410Z"
  },
  {
    "githubId": "d2323c47-5c1f-4eae-865a-dd7c8103438d",
    "fullName": "Ms. Victoria Kshlerin-Monahan I",
    "email": "Neoma_Kling@hotmail.com",
    "phone": "602.692.5173 x7264",
    "sex": "other",
    "status": "active",
    "deleted": false,
    "createdAt": "2025-03-06T16:32:51.495Z"
  },
  {
    "googleId": "85a2f6ce-cbbd-497c-828c-ca220593f18e",
    "fullName": "Catherine Wilkinson",
    "email": "Werner_Quigley21@hotmail.com",
    "phone": "(971) 959-0042",
    "sex": "female",
    "status": "active",
    "deleted": false,
    "createdAt": "2025-03-06T18:57:08.308Z"
  },
  {
    "fullName": "Betsy Huels",
    "email": "Rubye67@yahoo.com",
    "password": "$2b$10$U7da/KR3JQ.owNRZzdFR9uNBhbpZERqUjuLgVDm8SMMHE5CIbA76m",
    "phone": "946.812.6719 x039",
    "sex": "other",
    "status": "active",
    "deleted": false,
    "createdAt": "2025-03-07T02:08:18.036Z"
  },
  {
    "facebookId": "ad53db70-8f92-4a55-97e0-cd32677177f0",
    "fullName": "Vincent Grant",
    "email": "Eloisa80@hotmail.com",
    "phone": "471-858-1159 x2812",
    "sex": "male",
    "status": "active",
    "deleted": false,
    "createdAt": "2025-03-07T02:38:33.409Z"
  },
  {
    "fullName": "Ernestine Armstrong Jr.",
    "email": "Kayla.Borer-Okuneva7@yahoo.com",
    "password": "$2b$10$.MWqAyUY5CldulPqHQ/eQ.3gaHlTV74aeqr.M8N9nrSBg0Su1l6CK",
    "phone": "(843) 545-4049 x495",
    "sex": "male",
    "status": "active",
    "deleted": false,
    "createdAt": "2025-03-07T06:57:43.824Z"
  },
  {
    "googleId": "b4fed1a3-4303-4e36-bc6e-b4fcb8ccb92d",
    "fullName": "Amos Kunze III",
    "email": "Loma13@yahoo.com",
    "phone": "1-808-729-0202 x01430",
    "sex": "male",
    "status": "active",
    "deleted": false,
    "createdAt": "2025-03-07T07:58:08.506Z"
  },
  {
    "googleId": "757cf66b-f4c6-4342-a7eb-8ca111d1a215",
    "fullName": "Joann Schowalter PhD",
    "email": "Herta_Simonis44@gmail.com",
    "phone": "1-732-682-6750 x109",
    "sex": "female",
    "status": "active",
    "deleted": false,
    "createdAt": "2025-03-07T12:35:02.090Z"
  },
  {
    "githubId": "c2fa185d-c0ef-42ae-a6e7-988dee57c087",
    "fullName": "Mrs. Betsy Marks",
    "email": "Estell.Oberbrunner6@yahoo.com",
    "phone": "(531) 957-6477",
    "sex": "male",
    "status": "active",
    "deleted": false,
    "createdAt": "2025-03-07T15:39:53.790Z"
  },
  {
    "facebookId": "42ab591f-b933-44f5-a7c6-0f77d488ad40",
    "fullName": "Arturo King",
    "email": "Catharine.Ledner58@gmail.com",
    "phone": "1-633-940-8787 x408",
    "sex": "male",
    "status": "active",
    "deleted": false,
    "createdAt": "2025-03-07T16:05:21.556Z"
  },
  {
    "googleId": "d1b74c7f-dba8-4fd3-a237-de9a79cb9dd8",
    "fullName": "Alyssa Gottlieb",
    "email": "Kevon4@gmail.com",
    "phone": "1-668-882-5460",
    "sex": "other",
    "status": "active",
    "deleted": false,
    "createdAt": "2025-03-07T22:23:25.513Z"
  },
  {
    "githubId": "fdb264e3-cf00-44b0-8e61-3591c313801f",
    "fullName": "Lorene Reinger",
    "email": "Lupe_Schowalter86@yahoo.com",
    "phone": "859.233.6827 x635",
    "sex": "female",
    "status": "active",
    "deleted": false,
    "createdAt": "2025-03-07T23:57:15.998Z"
  },
  {
    "googleId": "f8a07b13-3fb4-4769-ad52-a600aaee9ab5",
    "fullName": "Lester Koch",
    "email": "Rudolph_Rutherford82@gmail.com",
    "phone": "876-296-6230",
    "sex": "other",
    "status": "active",
    "deleted": false,
    "createdAt": "2025-03-08T00:49:16.658Z"
  },
  {
    "githubId": "7f9f57c6-94af-4cde-b33e-53c6de1ef99a",
    "fullName": "Sandra Nicolas",
    "email": "Adelbert.Hayes@yahoo.com",
    "phone": "(987) 647-5431 x58863",
    "sex": "male",
    "status": "active",
    "deleted": false,
    "createdAt": "2025-03-08T09:16:08.159Z"
  },
  {
    "githubId": "7b17d29f-debe-4c1c-bd9d-ea6fb6120a9f",
    "fullName": "Lela Toy-Mueller",
    "email": "Claudine94@gmail.com",
    "phone": "(787) 680-5834",
    "sex": "other",
    "status": "active",
    "deleted": false,
    "createdAt": "2025-03-08T19:18:07.653Z"
  },
  {
    "githubId": "266ae893-b1c5-453a-8587-1a23433b8b35",
    "fullName": "Manuel Dickens",
    "email": "Adrian_Effertz-Dickinson25@yahoo.com",
    "phone": "354-539-9601 x757",
    "sex": "female",
    "status": "active",
    "deleted": false,
    "createdAt": "2025-03-08T21:11:42.164Z"
  },
  {
    "githubId": "e71ed3e1-a632-4b8d-b0db-b0a7e4f0a0ff",
    "fullName": "Leon Luettgen MD",
    "email": "Melyna63@gmail.com",
    "phone": "1-327-577-9011",
    "sex": "female",
    "status": "active",
    "deleted": false,
    "createdAt": "2025-03-09T01:59:10.122Z"
  },
  {
    "githubId": "bfaa15dd-2ba6-43fa-afbb-c1a1d0772877",
    "fullName": "Henry Leannon Jr.",
    "email": "Alberta.Bartoletti@yahoo.com",
    "phone": "1-826-779-8769 x688",
    "sex": "other",
    "status": "active",
    "deleted": false,
    "createdAt": "2025-03-09T02:01:23.442Z"
  },
  {
    "facebookId": "73d73bb2-1bef-492e-9a66-d72aabe37a60",
    "fullName": "Jorge Mayert",
    "email": "Coy_Mertz5@yahoo.com",
    "phone": "1-224-717-7111 x2878",
    "sex": "other",
    "status": "active",
    "deleted": false,
    "createdAt": "2025-03-09T11:06:35.931Z"
  },
  {
    "fullName": "Monica Schinner",
    "email": "Amelie.Rodriguez12@gmail.com",
    "password": "$2b$10$JuJhTCofN9535sQYFjkTSOy1MF2RuOT4ra8vi4/oVbsTDQSxP8ebi",
    "phone": "232.386.8948 x4668",
    "sex": "male",
    "status": "active",
    "deleted": false,
    "createdAt": "2025-03-09T15:40:46.402Z"
  },
  {
    "fullName": "Darlene Pacocha",
    "email": "Efren95@yahoo.com",
    "password": "$2b$10$oij8PD4VJUppQXrheSh7fOwf/VoPgw6naQoSYTLQLhzITK/UzqPM.",
    "phone": "1-805-947-4317",
    "sex": "other",
    "status": "active",
    "deleted": false,
    "createdAt": "2025-03-09T17:13:23.590Z"
  },
  {
    "githubId": "bd9d7dd2-e9b8-445b-a573-50e736da8d27",
    "fullName": "Tiffany Maggio",
    "email": "Anissa62@gmail.com",
    "phone": "1-922-318-3806",
    "sex": "female",
    "status": "active",
    "deleted": false,
    "createdAt": "2025-03-09T18:37:17.011Z"
  },
  {
    "googleId": "89a74f33-6187-4aa0-a76d-011bac8026b5",
    "fullName": "Donna Spinka",
    "email": "Austen.VonRueden@hotmail.com",
    "phone": "606.453.8766",
    "sex": "female",
    "status": "active",
    "deleted": false,
    "createdAt": "2025-03-09T20:43:18.178Z"
  },
  {
    "githubId": "c32f7458-b0f1-4c2f-bcc1-8dfdfed5f7d7",
    "fullName": "Rodolfo Reilly",
    "email": "Enoch34@yahoo.com",
    "phone": "638-522-9067 x5024",
    "sex": "male",
    "status": "active",
    "deleted": false,
    "createdAt": "2025-03-09T21:16:59.095Z"
  },
  {
    "fullName": "Samantha Romaguera",
    "email": "Shannon.McDermott4@yahoo.com",
    "password": "$2b$10$0qC1TvS.aqoEomjRXaJqLugYhTJgIVJODj55a82YoQbbFAHC8LgIe",
    "phone": "824-667-3609 x170",
    "sex": "other",
    "status": "active",
    "deleted": false,
    "createdAt": "2025-03-09T21:32:58.849Z"
  },
  {
    "googleId": "47f5fd6c-5d11-44ac-8d34-928d4d947084",
    "fullName": "Sally Conroy",
    "email": "Lance_Vandervort97@hotmail.com",
    "phone": "660.631.3145 x11979",
    "sex": "other",
    "status": "active",
    "deleted": false,
    "createdAt": "2025-03-09T23:58:09.550Z"
  },
  {
    "facebookId": "11987dc3-aae1-402b-9c61-d318927bf35e",
    "fullName": "Erin McCullough",
    "email": "Stella.Ruecker60@hotmail.com",
    "phone": "340.384.5526 x2740",
    "sex": "male",
    "status": "active",
    "deleted": false,
    "createdAt": "2025-03-10T02:31:18.630Z"
  },
  {
    "fullName": "Mr. Armando Grady",
    "email": "Garnett.DAmore@gmail.com",
    "password": "$2b$10$9A3/nm9rL11kkjpl.boxduHuAJRj9CZ8Yq4Vk7Hpm.jG3MYxMW.ju",
    "phone": "318-361-1019 x2555",
    "sex": "other",
    "status": "active",
    "deleted": false,
    "createdAt": "2025-03-10T05:09:43.304Z"
  },
  {
    "facebookId": "4603ef1b-ebe7-437f-a41b-65b00cb1e851",
    "fullName": "Dr. Kristie Cummerata",
    "email": "Maximillia_Bins@gmail.com",
    "phone": "332.306.2980 x0205",
    "sex": "male",
    "status": "active",
    "deleted": false,
    "createdAt": "2025-03-10T15:50:04.201Z"
  },
  {
    "fullName": "Mr. Ian Dicki",
    "email": "Kira_Bosco@gmail.com",
    "password": "$2b$10$OaCVaMur6/A9IEMO7GoNLO7/O0c8tmohKbDk5KRbBUkkYkQDPO9sq",
    "phone": "560-971-3801 x22854",
    "sex": "male",
    "status": "active",
    "deleted": false,
    "createdAt": "2025-03-10T18:30:40.489Z"
  },
  {
    "facebookId": "032a5e06-744a-48d0-b634-e9a1b72fa901",
    "fullName": "Gustavo Cremin",
    "email": "Paris90@yahoo.com",
    "phone": "775.334.9909 x12915",
    "sex": "female",
    "status": "active",
    "deleted": false,
    "createdAt": "2025-03-10T22:14:38.192Z"
  },
  {
    "googleId": "86be6710-13c9-47e8-a41d-94fe2241bb93",
    "fullName": "Elsa Cole",
    "email": "Ana66@hotmail.com",
    "phone": "(885) 991-5149 x66282",
    "sex": "female",
    "status": "active",
    "deleted": false,
    "createdAt": "2025-03-11T09:07:24.311Z"
  },
  {
    "facebookId": "79abc4d4-d5af-4e1c-af0f-678d1b9aecc1",
    "fullName": "Judith West",
    "email": "Minnie_King@hotmail.com",
    "phone": "237-687-6438 x9606",
    "sex": "female",
    "status": "active",
    "deleted": false,
    "createdAt": "2025-03-11T10:40:36.094Z"
  },
  {
    "facebookId": "38c13afd-a7a1-4647-b554-ebaa38fa5e37",
    "fullName": "Karl Feest-Witting",
    "email": "Terry.Barton96@hotmail.com",
    "phone": "923.325.5802 x415",
    "sex": "female",
    "status": "active",
    "deleted": false,
    "createdAt": "2025-03-11T13:14:55.326Z"
  },
  {
    "googleId": "2ea9a69d-042d-4ed8-a7f9-a66192ff2dcb",
    "fullName": "Timmy Beahan",
    "email": "Gloria15@hotmail.com",
    "phone": "978.304.2648 x4442",
    "sex": "female",
    "status": "active",
    "deleted": false,
    "createdAt": "2025-03-11T17:56:11.669Z"
  },
  {
    "fullName": "Nicholas Maggio",
    "email": "Stan79@yahoo.com",
    "password": "$2b$10$puCC7EEklazmArnhh6xzn.Xqbanj5HSy6lGw8vzGIPlLMRQtCRmAe",
    "phone": "239.831.9327 x755",
    "sex": "female",
    "status": "active",
    "deleted": false,
    "createdAt": "2025-03-12T13:02:59.374Z"
  },
  {
    "fullName": "Darrel Haag",
    "email": "Ella.Kreiger77@yahoo.com",
    "password": "$2b$10$JwrUwLFYg1p2USkMfB/SL.vqONzrLOzemXJdquJnXbudeFZImX/ky",
    "phone": "(253) 961-3074 x2676",
    "sex": "male",
    "status": "active",
    "deleted": false,
    "createdAt": "2025-03-13T00:22:43.897Z"
  },
  {
    "fullName": "Dr. Caleb Kutch",
    "email": "Ezra_Bahringer95@yahoo.com",
    "password": "$2b$10$gDhL1OTE0Dv//xN8J1sLrOqDdP1qxp4cJeqNUED9RvgLxfHbP0yPS",
    "phone": "898-978-7241 x58169",
    "sex": "unknown",
    "status": "active",
    "deleted": false,
    "createdAt": "2025-03-13T03:01:21.975Z"
  },
  {
    "facebookId": "9304ef81-dc42-45a4-83b2-9591d72584ba",
    "fullName": "Ms. Lindsey Hyatt",
    "email": "Walker_Ortiz57@yahoo.com",
    "phone": "248-543-1116",
    "sex": "other",
    "status": "active",
    "deleted": false,
    "createdAt": "2025-03-13T03:38:18.173Z"
  },
  {
    "fullName": "Claude Hartmann",
    "email": "Danial.Berge@gmail.com",
    "password": "$2b$10$64Em/lRcU2ZQP//f/XrciO1.o.cObSROf07v/gH5dMy1l34Z3r3wK",
    "phone": "1-393-758-0698 x016",
    "sex": "male",
    "status": "active",
    "deleted": false,
    "createdAt": "2025-03-13T07:21:20.621Z"
  },
  {
    "googleId": "c8a7b0a1-1ed8-4c3e-8ca8-bea9bd06804c",
    "fullName": "Rochelle Hayes",
    "email": "Russel.Hane23@yahoo.com",
    "phone": "1-932-440-4301",
    "sex": "male",
    "status": "active",
    "deleted": false,
    "createdAt": "2025-03-13T08:48:46.050Z"
  },
  {
    "githubId": "def724e4-dcfe-4a77-b42e-ced529a754e3",
    "fullName": "Boyd Lind",
    "email": "Jennifer_Huels@hotmail.com",
    "phone": "1-573-627-6446 x588",
    "sex": "other",
    "status": "active",
    "deleted": false,
    "createdAt": "2025-03-13T09:06:19.802Z"
  },
  {
    "fullName": "Vincent Heller",
    "email": "Selina_Kuphal@hotmail.com",
    "password": "$2b$10$OhfiDsr0TvJwE158O1kYeO8AgrTCQanKQ60oxtRzZIXeh5ia38/GK",
    "phone": "1-466-894-1487 x122",
    "sex": "male",
    "status": "active",
    "deleted": false,
    "createdAt": "2025-03-13T11:36:42.938Z"
  },
  {
    "fullName": "Eula Berge",
    "email": "Allie_Rodriguez60@gmail.com",
    "password": "$2b$10$TZA3LGilMqvzJWvA4Qm9d.Cr6fjXkG46FNVxU3jwU3XWMOrLAWGcC",
    "phone": "(566) 443-4329 x6895",
    "sex": "other",
    "status": "active",
    "deleted": false,
    "createdAt": "2025-03-13T20:04:44.028Z"
  },
  {
    "githubId": "ac1b369f-ab60-421e-acb1-eb1b2e0fe1b0",
    "fullName": "Cameron Gutmann",
    "email": "Unique_Crooks@hotmail.com",
    "phone": "206-880-9915",
    "sex": "female",
    "status": "active",
    "deleted": false,
    "createdAt": "2025-03-13T22:35:06.130Z"
  },
  {
    "fullName": "Geneva Glover",
    "email": "Noah.Gutkowski25@hotmail.com",
    "password": "$2b$10$O3pMwHHPckT8hYFZ3P.0fOBwuK7Pj8w7LcGEJjSTnWTgC4S28zd0q",
    "phone": "266-777-6779 x8107",
    "sex": "female",
    "status": "active",
    "deleted": false,
    "createdAt": "2025-03-14T02:52:14.687Z"
  },
  {
    "fullName": "Darrel Kemmer",
    "email": "Rashad.Skiles82@hotmail.com",
    "password": "$2b$10$fPj4Ba6o4bsPlylra/F/JuMv7w7ispaJHNOdP46pKUePgYQUSieLO",
    "phone": "735.466.6133 x61047",
    "sex": "female",
    "status": "active",
    "deleted": false,
    "createdAt": "2025-03-14T08:36:23.222Z"
  },
  {
    "githubId": "3d555d5a-a9f2-4e16-9f97-fa63d202f5c6",
    "fullName": "Bethany Parker",
    "email": "Tyrel.Thompson66@gmail.com",
    "phone": "1-787-645-8518 x029",
    "sex": "male",
    "status": "active",
    "deleted": false,
    "createdAt": "2025-03-14T19:37:51.239Z"
  },
  {
    "facebookId": "13a4be52-b881-4d62-be86-d670437950e2",
    "fullName": "Marion Fisher",
    "email": "Bria.Gislason@yahoo.com",
    "phone": "1-249-675-7249",
    "sex": "female",
    "status": "active",
    "deleted": false,
    "createdAt": "2025-03-14T20:29:48.183Z"
  },
  {
    "facebookId": "9e4f6eab-7806-4d6a-9e8a-d9befdbda365",
    "fullName": "Larry Herzog",
    "email": "Jarrett_Kutch90@hotmail.com",
    "phone": "(896) 454-3479 x017",
    "sex": "other",
    "status": "active",
    "deleted": false,
    "createdAt": "2025-03-14T23:51:38.868Z"
  },
  {
    "fullName": "Elsie Krajcik-Kuphal",
    "email": "Trinity_Kiehn50@hotmail.com",
    "password": "$2b$10$6wmc1Z6k0YQa9Kpv1apluuM7fVz.QdwmaJxK/8yikbYXjkOKujy1u",
    "phone": "266.488.4592 x991",
    "sex": "female",
    "status": "active",
    "deleted": false,
    "createdAt": "2025-03-15T00:22:24.518Z"
  },
  {
    "googleId": "5d6de954-62e2-4fd6-bc15-0e3467e9d05a",
    "fullName": "Joan Zieme",
    "email": "Dana_Kling-Wisoky@gmail.com",
    "phone": "(597) 442-2761 x57818",
    "sex": "male",
    "status": "active",
    "deleted": false,
    "createdAt": "2025-03-15T02:04:33.750Z"
  },
  {
    "googleId": "de848859-449d-4200-93d8-ddc5bd44f53b",
    "fullName": "Inez Ratke",
    "email": "Earl.Johns54@hotmail.com",
    "phone": "256.488.7602 x81743",
    "sex": "other",
    "status": "active",
    "deleted": false,
    "createdAt": "2025-03-15T02:54:07.130Z"
  },
  {
    "googleId": "ded920c4-0579-4e6f-a086-0926eb161a81",
    "fullName": "Renee Roob MD",
    "email": "Sophia_Dach@hotmail.com",
    "phone": "(257) 576-3247",
    "sex": "male",
    "status": "active",
    "deleted": false,
    "createdAt": "2025-03-15T03:39:04.803Z"
  },
  {
    "githubId": "294eb765-5636-4cfe-b004-02258373d7c1",
    "fullName": "Camille Smith",
    "email": "Dewitt_Ondricka78@yahoo.com",
    "phone": "1-505-748-9653 x4951",
    "sex": "female",
    "status": "active",
    "deleted": false,
    "createdAt": "2025-03-15T05:22:47.803Z"
  },
  {
    "fullName": "Rogelio King-Hackett",
    "email": "Will.Kozey@hotmail.com",
    "password": "$2b$10$iHi/o5FRTMFygMCTDS8UZOoUzvXbJwQKKRWtkM/R.INVyfGI.9JOS",
    "phone": "1-208-719-0936 x3747",
    "sex": "other",
    "status": "active",
    "deleted": false,
    "createdAt": "2025-03-15T06:08:36.684Z"
  },
  {
    "googleId": "d13a7c4c-e8ec-4e20-badf-721d528036ef",
    "fullName": "Dan Heathcote DVM",
    "email": "Delfina_Schmidt67@gmail.com",
    "phone": "403-816-4563 x1590",
    "sex": "other",
    "status": "active",
    "deleted": false,
    "createdAt": "2025-03-15T07:36:58.263Z"
  },
  {
    "fullName": "May Dickens",
    "email": "Emily.Bauch@gmail.com",
    "password": "$2b$10$qw2FZuh5UAP9HVompVKviOzgbyGg.T7/qzyAA/zwP.dD6cmDlwKe6",
    "phone": "(577) 419-8476",
    "sex": "female",
    "status": "active",
    "deleted": false,
    "createdAt": "2025-03-15T08:29:11.460Z"
  },
  {
    "fullName": "Karl Schiller",
    "email": "Nia71@yahoo.com",
    "password": "$2b$10$A6P97LvqJtZKqZIUOnC58eyuyrXzTCVyCNP7ur.mU1r06.J3FbwNO",
    "phone": "499-565-0507 x244",
    "sex": "female",
    "status": "active",
    "deleted": false,
    "createdAt": "2025-03-15T18:39:53.465Z"
  },
  {
    "googleId": "3d789da5-8cc5-4ca9-9ac7-78d7467a6052",
    "fullName": "Gregory O'Connell-Yost",
    "email": "Mitchell.Medhurst32@yahoo.com",
    "phone": "734.666.1920 x3606",
    "sex": "male",
    "status": "active",
    "deleted": false,
    "createdAt": "2025-03-15T20:47:21.106Z"
  },
  {
    "fullName": "Jacob Bogan",
    "email": "Brielle2@gmail.com",
    "password": "$2b$10$euW0A1Ni4Jqobrum2Xo5zupI4iB6iAYe6yfLSyZNmdIjoW03Nml5S",
    "phone": "887.719.1946",
    "sex": "other",
    "status": "active",
    "deleted": false,
    "createdAt": "2025-03-16T01:21:57.698Z"
  },
  {
    "fullName": "Opal Gottlieb Sr.",
    "email": "Kacey_Witting@hotmail.com",
    "password": "$2b$10$/cTvPxje3MaRo8fYqFcUZ.NOI4dCRuYq9TNJ6DotZkBk26fXQSFBe",
    "phone": "1-735-512-5119 x328",
    "sex": "female",
    "status": "active",
    "deleted": false,
    "createdAt": "2025-03-16T21:41:43.804Z"
  },
  {
    "githubId": "a7558724-ea6a-4d13-8c18-daa2a4fdaaaa",
    "fullName": "Jaime Rau",
    "email": "Sydnie85@gmail.com",
    "phone": "378-909-8632 x474",
    "sex": "other",
    "status": "active",
    "deleted": false,
    "createdAt": "2025-03-17T15:52:28.133Z"
  },
  {
    "fullName": "Leslie Monahan",
    "email": "Belle.Bergstrom92@hotmail.com",
    "password": "$2b$10$V2yQzicfK/XRCN934w3CduVlibJbzxJbBAeCuNWSS8bvY7.3vcEHi",
    "phone": "466-657-5695 x34184",
    "sex": "male",
    "status": "active",
    "deleted": false,
    "createdAt": "2025-03-17T23:43:32.721Z"
  },
  {
    "googleId": "16ca9f12-b5ff-43fe-8229-6471e31e6c61",
    "fullName": "Hugh King",
    "email": "Torey_Gusikowski@yahoo.com",
    "phone": "360-632-2691 x032",
    "sex": "male",
    "status": "active",
    "deleted": false,
    "createdAt": "2025-03-18T02:42:36.297Z"
  },
  {
    "facebookId": "e0c93621-3306-4a38-8786-2cf2cce143be",
    "fullName": "Miss Lynn Hyatt",
    "email": "Anne_Cremin@hotmail.com",
    "phone": "588-230-4191 x56056",
    "sex": "other",
    "status": "active",
    "deleted": false,
    "createdAt": "2025-03-18T04:19:09.752Z"
  },
  {
    "fullName": "Moses Keeling",
    "email": "Velma.Langosh@hotmail.com",
    "password": "$2b$10$CQl4xPVqJneF0.FjI04QcO2tkiVpAhSAg2008ktCzMPm0uCe0giRq",
    "phone": "1-274-748-3416 x34451",
    "sex": "other",
    "status": "active",
    "deleted": false,
    "createdAt": "2025-03-18T11:00:56.737Z"
  },
  {
    "githubId": "91684e4d-d354-4067-8fed-5b785fbacdfa",
    "fullName": "Shawn Kirlin",
    "email": "Adrien_Beer@gmail.com",
    "phone": "979.626.4462",
    "sex": "male",
    "status": "active",
    "deleted": false,
    "createdAt": "2025-03-18T11:57:53.885Z"
  },
  {
    "fullName": "Noah Hickle",
    "email": "Zackary.Wyman@yahoo.com",
    "password": "$2b$10$S2rkzgnzkASx.rg8Yr2gC.OFdyUG2Y/nsh527XMNV9BodlwsNd9TG",
    "phone": "(290) 842-5246 x060",
    "sex": "female",
    "status": "active",
    "deleted": false,
    "createdAt": "2025-03-18T12:51:02.886Z"
  },
  {
    "fullName": "Elvira Blick",
    "email": "Edwardo.Weber56@yahoo.com",
    "password": "$2b$10$jh6B3l/YnAoMCHXwxFmW0.ESI/JPyABwDWbPeO658/R8ws/b1wm9a",
    "phone": "664.288.6678 x117",
    "sex": "other",
    "status": "active",
    "deleted": false,
    "createdAt": "2025-03-18T19:50:20.516Z"
  },
  {
    "githubId": "4f9ba104-20f0-44bb-be3e-c9119166c807",
    "fullName": "Nancy Homenick I",
    "email": "Bonnie17@yahoo.com",
    "phone": "939.289.6197",
    "sex": "female",
    "status": "active",
    "deleted": false,
    "createdAt": "2025-03-18T23:10:17.943Z"
  },
  {
    "googleId": "2368dbc6-42d5-43f6-bfaa-fb7d03f15032",
    "fullName": "Mr. Hector Bins",
    "email": "Monserrate43@yahoo.com",
    "phone": "(433) 808-6572 x17930",
    "sex": "other",
    "status": "active",
    "deleted": false,
    "createdAt": "2025-03-19T02:37:32.829Z"
  },
  {
    "facebookId": "cd4dcf26-0809-4bbb-ba75-2b164dfa8777",
    "fullName": "Taylor Kulas",
    "email": "Benny_Anderson66@yahoo.com",
    "phone": "691.676.0635",
    "sex": "other",
    "status": "active",
    "deleted": false,
    "createdAt": "2025-03-19T05:26:11.318Z"
  },
  {
    "facebookId": "cf8abbe4-4174-4436-9a1f-7ffa4769bb19",
    "fullName": "Rodney Armstrong",
    "email": "Alvis.Herzog@yahoo.com",
    "phone": "260-637-8571 x238",
    "sex": "female",
    "status": "active",
    "deleted": false,
    "createdAt": "2025-03-19T06:50:22.262Z"
  },
  {
    "facebookId": "53a650ad-4ae6-49fb-899c-9bd5be8d0cb2",
    "fullName": "Harriet Barton",
    "email": "Mark36@gmail.com",
    "phone": "791.376.5242 x559",
    "sex": "other",
    "status": "active",
    "deleted": false,
    "createdAt": "2025-03-19T08:24:45.699Z"
  },
  {
    "fullName": "Ruby Gibson",
    "email": "Katrina.Collier@hotmail.com",
    "password": "$2b$10$2c66PLgnxqRst1.umGRFaeU2aPb9KCWYARReekrH4HOM94iq2/Jrq",
    "phone": "491.504.6814",
    "sex": "other",
    "status": "active",
    "deleted": false,
    "createdAt": "2025-03-19T13:44:51.380Z"
  },
  {
    "githubId": "9e2f2b45-bb43-4d3c-8dcf-0c30237deeac",
    "fullName": "Ms. Katrina Bechtelar",
    "email": "Catalina90@hotmail.com",
    "phone": "796-606-2584",
    "sex": "other",
    "status": "active",
    "deleted": false,
    "createdAt": "2025-03-19T17:57:26.420Z"
  },
  {
    "googleId": "7030d192-c8e9-4c27-a57b-69e06ae83b02",
    "fullName": "Ms. Shirley Hegmann",
    "email": "Ali87@yahoo.com",
    "phone": "1-355-341-9460",
    "sex": "other",
    "status": "active",
    "deleted": false,
    "createdAt": "2025-03-19T18:23:30.320Z"
  },
  {
    "googleId": "d425a7e0-dc96-423e-98a4-653abb13b518",
    "fullName": "Wayne Haley",
    "email": "Patience68@hotmail.com",
    "phone": "(935) 785-7678 x7497",
    "sex": "other",
    "status": "active",
    "deleted": false,
    "createdAt": "2025-03-19T23:06:27.054Z"
  },
  {
    "facebookId": "77d7a322-405d-4214-afde-b1b000b58005",
    "fullName": "Hazel Keeling",
    "email": "Hallie75@gmail.com",
    "phone": "(736) 832-1404",
    "sex": "female",
    "status": "active",
    "deleted": false,
    "createdAt": "2025-03-20T00:14:48.932Z"
  },
  {
    "facebookId": "b8b2fc86-8e44-411e-9f53-1bb90e41e1b3",
    "fullName": "Bryant Fritsch",
    "email": "Josephine8@yahoo.com",
    "phone": "575.904.9861 x84798",
    "sex": "female",
    "status": "active",
    "deleted": false,
    "createdAt": "2025-03-20T02:23:20.451Z"
  },
  {
    "githubId": "3229a62b-3c09-43a9-abfb-99c4a0b832e7",
    "fullName": "Morris Baumbach",
    "email": "Claudia_Kuphal61@gmail.com",
    "phone": "456.473.0093 x3585",
    "sex": "other",
    "status": "active",
    "deleted": false,
    "createdAt": "2025-03-20T02:44:20.072Z"
  },
  {
    "facebookId": "e11b5808-40c1-4fa7-b695-6f15a2eaba67",
    "fullName": "Christine Hayes-Kilback",
    "email": "Aletha_Wilkinson95@hotmail.com",
    "phone": "757.219.0351 x2437",
    "sex": "female",
    "status": "active",
    "deleted": false,
    "createdAt": "2025-03-20T07:09:01.552Z"
  },
  {
    "fullName": "Alma Wolff",
    "email": "Kirsten_Batz@hotmail.com",
    "password": "$2b$10$JmshEcQN4ukxCGAiLG/SvOeouW71mpMQrU3sYhp6WPVvNKqL7iCru",
    "phone": "1-497-527-5026 x079",
    "sex": "other",
    "status": "active",
    "deleted": false,
    "createdAt": "2025-03-20T08:00:10.312Z"
  },
  {
    "githubId": "870eb892-0419-40dc-820f-6b4bc2895464",
    "fullName": "Viola Jast",
    "email": "Estrella.Gleason@yahoo.com",
    "phone": "(835) 799-2685 x905",
    "sex": "female",
    "status": "active",
    "deleted": false,
    "createdAt": "2025-03-20T13:19:39.718Z"
  },
  {
    "fullName": "Travis Johns DVM",
    "email": "Pat_Hoeger@hotmail.com",
    "password": "$2b$10$WmWHKaNujzY.mQ4omj5b..qNn3ogqVfxtIXEP/VAxkqGSPBsYuxCm",
    "phone": "(397) 874-4954 x729",
    "sex": "female",
    "status": "active",
    "deleted": false,
    "createdAt": "2025-03-20T21:01:12.975Z"
  },
  {
    "googleId": "e169c5a8-28c3-4a1d-bb70-0ee10b54eebc",
    "fullName": "Angelica Upton",
    "email": "Jarrod60@yahoo.com",
    "phone": "727.488.3769 x4142",
    "sex": "other",
    "status": "active",
    "deleted": false,
    "createdAt": "2025-03-20T21:33:34.968Z"
  },
  {
    "facebookId": "81721133-ceb2-4425-b4e0-321a13fbfbdb",
    "fullName": "Miss Carrie Crooks",
    "email": "Zetta.Weimann12@hotmail.com",
    "phone": "514.251.0969 x15037",
    "sex": "male",
    "status": "active",
    "deleted": false,
    "createdAt": "2025-03-21T00:54:42.590Z"
  },
  {
    "fullName": "Blanca Deckow",
    "email": "Maybell63@gmail.com",
    "password": "$2b$10$ycOnpIuvMskWEyjNG0s39eN3mQ3HnqSzUqf6GPzsg84hfqZA1SuOq",
    "phone": "834-245-5014 x123",
    "sex": "male",
    "status": "active",
    "deleted": false,
    "createdAt": "2025-03-21T01:26:16.537Z"
  },
  {
    "facebookId": "228f263b-2522-40a0-bb78-96a282830271",
    "fullName": "Connie Abbott",
    "email": "Kristin1@yahoo.com",
    "phone": "472-654-3016 x57393",
    "sex": "male",
    "status": "active",
    "deleted": false,
    "createdAt": "2025-03-21T20:09:33.375Z"
  },
  {
    "facebookId": "cca6d87d-8a11-43b1-8053-dc88e5780fad",
    "fullName": "Bethany Reichert",
    "email": "Amara31@hotmail.com",
    "phone": "826-409-0021 x93756",
    "sex": "other",
    "status": "active",
    "deleted": false,
    "createdAt": "2025-03-22T03:34:12.095Z"
  },
  {
    "githubId": "874d874a-28ff-49a1-9252-12b01d819e2c",
    "fullName": "Kerry Pollich",
    "email": "Krystal.Lebsack@hotmail.com",
    "phone": "754.551.0370",
    "sex": "other",
    "status": "active",
    "deleted": false,
    "createdAt": "2025-03-22T09:53:17.260Z"
  },
  {
    "fullName": "Derrick Skiles",
    "email": "Kristin.Lubowitz@hotmail.com",
    "password": "$2b$10$2JpVsFKC5z6bwyzjx944Yugg8WKxx8/MTN995cMpun2Z33PiM58da",
    "phone": "478.253.2729 x807",
    "sex": "male",
    "status": "active",
    "deleted": false,
    "createdAt": "2025-03-22T11:55:49.572Z"
  },
  {
    "fullName": "Christy Dickens",
    "email": "Justus_Kuhlman-Rohan42@hotmail.com",
    "password": "$2b$10$pVG94/k.q/xaagK6EQKzku3rZtqzKsd/cBYx.BeNMjUMJ.IXuk7em",
    "phone": "(656) 893-6908 x12000",
    "sex": "female",
    "status": "active",
    "deleted": false,
    "createdAt": "2025-03-22T12:02:01.145Z"
  },
  {
    "googleId": "9c489b87-6d58-41ca-b35c-259088b3e80c",
    "fullName": "Jamie Oberbrunner III",
    "email": "Alysson.Schuster54@hotmail.com",
    "phone": "1-541-987-4186 x85064",
    "sex": "male",
    "status": "active",
    "deleted": false,
    "createdAt": "2025-03-22T19:43:47.488Z"
  },
  {
    "facebookId": "0deb4508-8663-4530-9e91-7bdc5a82fd4c",
    "fullName": "Ms. Veronica Koepp",
    "email": "Clarabelle78@yahoo.com",
    "phone": "576.249.7758 x374",
    "sex": "female",
    "status": "active",
    "deleted": false,
    "createdAt": "2025-03-22T21:57:27.389Z"
  },
  {
    "fullName": "Evelyn Ankunding",
    "email": "Janick_Schulist76@hotmail.com",
    "password": "$2b$10$i8Zte4U5Eu8VQJieR64Am.sHC7CTvM/Z5K.2XGMPWn5m.JEu70YUm",
    "phone": "883.204.6783 x2372",
    "sex": "female",
    "status": "active",
    "deleted": false,
    "createdAt": "2025-03-23T17:21:46.203Z"
  },
  {
    "githubId": "ce306cbd-55fd-4494-8af1-ffe7caa5cc1a",
    "fullName": "Maxine Bode",
    "email": "Lilly_Reinger@gmail.com",
    "phone": "336-704-4098 x099",
    "sex": "male",
    "status": "active",
    "deleted": false,
    "createdAt": "2025-03-23T17:47:24.016Z"
  },
  {
    "facebookId": "25ba81c8-2b58-4194-ab53-70425d1d78d4",
    "fullName": "Sonja Veum",
    "email": "Hoyt_Lehner@gmail.com",
    "phone": "586.337.5059 x4756",
    "sex": "male",
    "status": "active",
    "deleted": false,
    "createdAt": "2025-03-23T19:56:27.190Z"
  },
  {
    "googleId": "ed8596ae-78a0-42b5-8722-f60daebc0524",
    "fullName": "Pauline Reinger PhD",
    "email": "Fredy.Fay68@hotmail.com",
    "phone": "1-976-329-9111",
    "sex": "other",
    "status": "active",
    "deleted": false,
    "createdAt": "2025-03-23T22:16:46.615Z"
  },
  {
    "fullName": "Jeanette Bosco",
    "email": "Lucy86@yahoo.com",
    "password": "$2b$10$CZo.S74EO4TFFmFVx5AqIe2syKBsN8sWc07Dd/WbidcOSZztvOrsS",
    "phone": "757-445-7739",
    "sex": "female",
    "status": "active",
    "deleted": false,
    "createdAt": "2025-03-23T23:48:03.985Z"
  },
  {
    "googleId": "c9a69ed1-ae84-46ec-8491-c7222af5a319",
    "fullName": "Ashley Zboncak",
    "email": "Leonardo_Toy@hotmail.com",
    "phone": "1-596-881-5617",
    "sex": "male",
    "status": "active",
    "deleted": false,
    "createdAt": "2025-03-24T05:20:50.407Z"
  },
  {
    "facebookId": "b2835e2d-6319-4e0d-888f-a9f16047872e",
    "fullName": "Caleb Moen",
    "email": "Fay72@hotmail.com",
    "phone": "772.414.4054",
    "sex": "other",
    "status": "active",
    "deleted": false,
    "createdAt": "2025-03-24T05:30:29.433Z"
  },
  {
    "fullName": "Nicolas Little",
    "email": "Hilda_Konopelski@hotmail.com",
    "password": "$2b$10$xuX/Hn.oQDYxecrvSHapkuL55PTWpn/r5QSsg3T5CdO0B2W8Aw96a",
    "phone": "(856) 942-9670",
    "sex": "male",
    "status": "active",
    "deleted": false,
    "createdAt": "2025-03-24T09:24:44.461Z"
  },
  {
    "googleId": "86cdca88-bee4-4fb5-bc74-016abfba1c07",
    "fullName": "Dr. Alejandro Robel I",
    "email": "Eugene.Purdy@hotmail.com",
    "phone": "859-556-3948",
    "sex": "male",
    "status": "active",
    "deleted": false,
    "createdAt": "2025-03-24T10:24:21.084Z"
  },
  {
    "fullName": "Wilbur Feil",
    "email": "Kristian_Schuster@yahoo.com",
    "password": "$2b$10$uGFM6Wa284GygZttiT8f/ew60WAMLe/Q8.Lo8zHid/kl9X38P3WFC",
    "phone": "1-758-685-8769 x2523",
    "sex": "other",
    "status": "active",
    "deleted": false,
    "createdAt": "2025-03-24T16:36:45.392Z"
  },
  {
    "fullName": "Kim Orn",
    "email": "Della_Oberbrunner98@hotmail.com",
    "password": "$2b$10$LXXVcyZLrL8S6elC593fae1nwscLBnUIgmePRgvCPgf2NpKl1Znhm",
    "phone": "539-306-8519 x7309",
    "sex": "other",
    "status": "active",
    "deleted": false,
    "createdAt": "2025-03-24T18:54:56.050Z"
  },
  {
    "githubId": "a550be00-a122-44e2-a27e-25b55bf7707b",
    "fullName": "Eula Rolfson V",
    "email": "Taya.Stanton@gmail.com",
    "phone": "(687) 546-6162 x97741",
    "sex": "other",
    "status": "active",
    "deleted": false,
    "createdAt": "2025-03-24T20:00:11.713Z"
  },
  {
    "githubId": "d6ca88f3-174e-4655-94cd-754498bfb7cf",
    "fullName": "Todd Davis",
    "email": "Arnulfo.Barton88@gmail.com",
    "phone": "1-473-634-7400 x56673",
    "sex": "other",
    "status": "active",
    "deleted": false,
    "createdAt": "2025-03-25T02:24:06.565Z"
  },
  {
    "fullName": "Robin Bruen II",
    "email": "Myah_Cormier@hotmail.com",
    "password": "$2b$10$w0GkzguPdC0h08USnCkE7.nI3qGZEKsVaQa2fYchzEnSeegcGpgk6",
    "phone": "787.509.7745",
    "sex": "male",
    "status": "active",
    "deleted": false,
    "createdAt": "2025-03-25T03:08:17.937Z"
  },
  {
    "fullName": "Orlando Heathcote",
    "email": "Audreanne.Dach71@hotmail.com",
    "password": "$2b$10$AdPROYyDhe5ABKC991GtVeruGIwOmPnr4n2PhG3ARyBQZ31y88Ane",
    "phone": "(731) 525-5429 x65696",
    "sex": "female",
    "status": "active",
    "deleted": false,
    "createdAt": "2025-03-25T06:28:04.497Z"
  },
  {
    "githubId": "3d49ee25-ad45-48e5-8908-ff8e1af29f27",
    "fullName": "Jodi Hamill",
    "email": "Estella7@gmail.com",
    "phone": "643-886-9489 x9888",
    "sex": "female",
    "status": "active",
    "deleted": false,
    "createdAt": "2025-03-25T12:46:14.017Z"
  },
  {
    "fullName": "Charlotte Osinski MD",
    "email": "Richmond73@gmail.com",
    "password": "$2b$10$x.Wz.BOZ0hi4g6gNrwbJ4up5NWDmSqZBxIixdGB6eNNaIVUmP7kYi",
    "phone": "(893) 900-9192 x48881",
    "sex": "female",
    "status": "active",
    "deleted": false,
    "createdAt": "2025-03-25T17:50:10.585Z"
  },
  {
    "facebookId": "beb93134-ebd8-4856-a6ac-446b2957f8f4",
    "fullName": "Jennifer Lebsack",
    "email": "Theresa86@hotmail.com",
    "phone": "488-751-7705 x55071",
    "sex": "female",
    "status": "active",
    "deleted": false,
    "createdAt": "2025-03-25T19:23:26.090Z"
  },
  {
    "fullName": "Phyllis Harris",
    "email": "Jerrell.Bernhard62@yahoo.com",
    "password": "$2b$10$7zZcXbq3qVluRnNhcZt0B.mevtht/KKMHQzXP4hBP.TF8B8bYj792",
    "phone": "349.744.3597",
    "sex": "female",
    "status": "active",
    "deleted": false,
    "createdAt": "2025-03-26T05:11:18.700Z"
  },
  {
    "facebookId": "a3b1364c-f607-4b56-9736-ffac1349d936",
    "fullName": "Ada Anderson",
    "email": "Hyman_Wilderman-Marks@yahoo.com",
    "phone": "800.998.3132 x08186",
    "sex": "other",
    "status": "active",
    "deleted": false,
    "createdAt": "2025-03-26T07:42:58.988Z"
  },
  {
    "facebookId": "9e658415-8ed8-4354-9d50-116853056f63",
    "fullName": "Megan Stanton",
    "email": "Graham.Emmerich@gmail.com",
    "phone": "1-269-785-6788",
    "sex": "female",
    "status": "active",
    "deleted": false,
    "createdAt": "2025-03-26T08:10:34.408Z"
  },
  {
    "googleId": "77a22b78-c488-44ee-9b3a-e9434fdbcef4",
    "fullName": "Marsha Rippin",
    "email": "Bulah34@gmail.com",
    "phone": "1-387-488-0132 x53756",
    "sex": "other",
    "status": "active",
    "deleted": false,
    "createdAt": "2025-03-26T11:12:51.149Z"
  },
  {
    "fullName": "Bennie Armstrong",
    "email": "Caesar_Heathcote@gmail.com",
    "password": "$2b$10$cY8yftLM7UcJ1vWuwnTjQO4k8wgM2mKv2gZfuIoDJwYWbT/B07ep.",
    "phone": "1-403-715-3407 x2610",
    "sex": "female",
    "status": "active",
    "deleted": false,
    "createdAt": "2025-03-27T05:18:59.211Z"
  },
  {
    "googleId": "86bb67c5-0b21-49c5-baae-0932361331b7",
    "fullName": "Margarita Dare DDS",
    "email": "Rhianna_Barton63@hotmail.com",
    "phone": "451-973-8534 x245",
    "sex": "other",
    "status": "active",
    "deleted": false,
    "createdAt": "2025-03-27T09:57:28.247Z"
  },
  {
    "googleId": "eae8b429-5de0-46b7-82f0-0bee2e9a7a48",
    "fullName": "Louis Schmitt",
    "email": "Corine1@yahoo.com",
    "phone": "(371) 527-2979 x6221",
    "sex": "male",
    "status": "active",
    "deleted": false,
    "createdAt": "2025-03-27T12:20:08.078Z"
  },
  {
    "googleId": "818845e7-fb6f-4ec9-a30a-d35a3155f2f6",
    "fullName": "Jerry Kunde",
    "email": "Delmer.Hansen23@yahoo.com",
    "phone": "975.451.3819 x9346",
    "sex": "other",
    "status": "active",
    "deleted": false,
    "createdAt": "2025-03-27T13:02:24.615Z"
  },
  {
    "githubId": "d5ad513b-0c5c-4627-b704-a4d31945baef",
    "fullName": "Russell Oberbrunner",
    "email": "Else.VonRueden@gmail.com",
    "phone": "1-785-962-6780 x5302",
    "sex": "male",
    "status": "active",
    "deleted": false,
    "createdAt": "2025-03-28T04:42:10.171Z"
  },
  {
    "facebookId": "1f5a95c4-5354-4de8-90b2-4d946b23ab20",
    "fullName": "Sammy Mante",
    "email": "Sienna.Maggio@yahoo.com",
    "phone": "355-654-3797 x5311",
    "sex": "male",
    "status": "active",
    "deleted": false,
    "createdAt": "2025-03-28T04:52:23.648Z"
  },
  {
    "fullName": "Edwin Kuhn",
    "email": "Sallie_Hintz39@gmail.com",
    "password": "$2b$10$mr0DSYqopGv8qXvHHt.YPuDK2o/b1h7h76ATR5Yhz6SeBV5QsC3fC",
    "phone": "1-201-837-6523 x573",
    "sex": "other",
    "status": "active",
    "deleted": false,
    "createdAt": "2025-03-28T11:52:50.086Z"
  },
  {
    "fullName": "Mercedes Feest",
    "email": "Nikko1@hotmail.com",
    "password": "$2b$10$Bmy77QwmJbkEMyvEJEj3neHtL.z/qfR9Zfun6A/8BDIX5vffTtTIK",
    "phone": "1-303-340-5091 x27894",
    "sex": "other",
    "status": "active",
    "deleted": false,
    "createdAt": "2025-03-28T19:20:24.022Z"
  },
  {
    "fullName": "Grant Schiller",
    "email": "Joy74@hotmail.com",
    "password": "$2b$10$kYDFWmhHGncOmtduTviexu6eKa./.6pdWRBSEvxYlvU0TYoEWyqGi",
    "phone": "297.939.6704 x928",
    "sex": "other",
    "status": "active",
    "deleted": false,
    "createdAt": "2025-03-28T22:33:17.868Z"
  },
  {
    "githubId": "304b9012-88ff-4894-8455-f2239065c3b6",
    "fullName": "Anthony Adams",
    "email": "Kailee.Johnson98@gmail.com",
    "phone": "1-265-305-0792",
    "sex": "female",
    "status": "active",
    "deleted": false,
    "createdAt": "2025-03-29T03:44:16.118Z"
  },
  {
    "googleId": "7e79897f-e2a9-4f7e-8568-3bd13a79d153",
    "fullName": "Barbara Will",
    "email": "Ila.Boyle21@yahoo.com",
    "phone": "992-762-4768 x41780",
    "sex": "other",
    "status": "active",
    "deleted": false,
    "createdAt": "2025-03-29T04:03:40.368Z"
  },
  {
    "fullName": "Norma Pfeffer",
    "email": "Maynard73@gmail.com",
    "password": "$2b$10$/5EYTSdVGl004/6ZErlL0u3JD9Owo8VkElD1Qe4oazV2ZVx7.w0j.",
    "phone": "398.290.9085",
    "sex": "male",
    "status": "active",
    "deleted": false,
    "createdAt": "2025-03-29T04:57:07.980Z"
  },
  {
    "googleId": "58371dd5-b89e-405b-af0f-181c046f6745",
    "fullName": "Saul Emmerich-Murphy",
    "email": "Chad_Schowalter14@yahoo.com",
    "phone": "473-329-2393",
    "sex": "other",
    "status": "active",
    "deleted": false,
    "createdAt": "2025-03-29T14:36:17.708Z"
  },
  {
    "facebookId": "679d4daf-4cce-4215-8789-9f5a0f7b55a8",
    "fullName": "Mr. Noah Bins DVM",
    "email": "Fletcher_Rohan93@gmail.com",
    "phone": "353.529.4054 x7415",
    "sex": "male",
    "status": "active",
    "deleted": false,
    "createdAt": "2025-03-29T17:00:08.256Z"
  },
  {
    "fullName": "Kristopher Schmidt IV",
    "email": "Allan96@hotmail.com",
    "password": "$2b$10$04e5mlUV4aENTmwf0RPlZucEnFRhxYETCUnElzRriMriZk4VYBsOW",
    "phone": "414.551.9932 x5683",
    "sex": "female",
    "status": "active",
    "deleted": false,
    "createdAt": "2025-03-29T17:55:22.228Z"
  },
  {
    "githubId": "1ba6a3e8-7a77-4bd2-bfc0-81b6ebba0fc5",
    "fullName": "Angelina Bogisich",
    "email": "Easter.Wiegand@gmail.com",
    "phone": "1-692-987-4649",
    "sex": "female",
    "status": "active",
    "deleted": false,
    "createdAt": "2025-03-29T23:46:52.101Z"
  }
]
