[
  {
    "title": "Dots Singles",
    "product_category_id": "6814da44e8a3f3a300e648f3",
    "description": "\n            <div class=\"collapse-body pdp-summary-group-body\">\n                \n<div class=\"row\">\n    <div class=\"pdp-summary-group-col-1 col-12 col-lg-5\">\n\n        \n        \n\n        \n        \n            <div class=\"mb-3\">\n                Lars Tornøe is passionate about separating the necessary from the unnecessary, and in the case of Coatrack Dot (2007), he's distilled the common coatrack to its most basic element. Made of solid aluminum, oak, walnut, ash, or ceramic, each Dot features round edges to treat your clothes with the greatest care. Made in Slovenia.\n            </div>\n        \n\n        \n        \n            <ul class=\"bulleted mb-3\">\n                \n                    <li>\n                        Hang them solo, display them in a line, or create a constellation.\n                    </li>\n                \n                    <li>\n                        Round edges treat clothes with the greatest care.\n                    </li>\n                \n                    <li>\n                        Choose from several sizes and finishes.\n                    </li>\n                \n            </ul>\n                                \n\n        \n        \n    </div>\n\n    <div class=\"pdp-summary-group-col-2 col-12 col-lg-5 offset-lg-1\">\n        <div class=\"table table-content summary-table\">\n            \n                \n                \n                    <dl>\n                        <dt>\n                            Brand\n                        </dt>\n                        <dd>\n                            <a href=\"/brands-muuto?lang=en_US\">Muuto</a>\n                        </dd>\n                    </dl>\n                \n            \n            \n            \n            \n                <dl>\n                    <dt>\n                        Collection\n                    </dt>\n                    <dd>\n                        <a href=\"/collection-dots?lang=en_US\">Dots Collection</a>\n                    </dd>\n                </dl>\n            \n\n            \n            \n                <dl>\n                    <dt>\n                        General Dimensions\n                    </dt>\n                    <dd>\n                        <ul class=\"unstyled summary-pdp-dimensions-list\">\n                            \n                                <li>\n                                    3⅝\" H 1¾\" D 3½\" DIA\n                                </li>\n                            \n                        </ul>\n                    </dd>\n                </dl>\n            \n\n            \n            \n\n            \n            \n                <dl>\n                    <dt>\n                        Product Weight\n                    </dt>\n                    <dd class=\"summary-weight\">\n                        0.25 lbs\n                    </dd>\n                </dl>\n            \n\n            \n            <dl>\n                <dt>\n                    Assembly\n                </dt>\n                <dd>\n                    \n                        Requires Assembly\n                    \n                </dd>\n            </dl>\n\n            \n            <dl>\n                <dt>\n                    Warranty\n                </dt>\n                <dd>\n                    \n                        3-year warranty<br>Terms and conditions apply. <a href=\"https://www.dwr.com/warranty.html\" target=\"_blank\">Learn more</a>\n                    \n                </dd>\n            </dl>\n\n            \n            \n\n            \n            \n\n            \n            \n        </div>\n    </div>\n</div>\n            </div>\n        ",
    "listSize": [
      {
        "size": "1\"",
        "price": 728000,
        "stock": 72
      },
      {
        "size": "1.5\"",
        "price": 988000,
        "stock": 68
      },
      {
        "size": "5\"",
        "price": 962000,
        "stock": 52
      },
      {
        "size": "2.5\"",
        "price": 676000,
        "stock": 98
      },
      {
        "size": "3.5\"",
        "price": 780000,
        "stock": 57
      },
      {
        "size": "2\"",
        "price": 1300000,
        "stock": 51
      },
      {
        "size": "6.75\"",
        "price": 1040000,
        "stock": 60
      }
    ],
    "discountPercentage": 20,
    "thumbnail": "https://images.hermanmiller.group/m/e342d665ca4f6164/W-MTO_2557588_100388718_wood_black_a.png?trim=auto&trim-sd=1&blend-mode=darken&blend=f0f0f0&bg=f0f0f0&auto=format&w=90&h=auto&fit=fill",
    "images": [
      "https://images.hermanmiller.group/m/e342d665ca4f6164/W-MTO_2557588_100388718_wood_black_a.png?trim=auto&trim-sd=1&blend-mode=darken&blend=f0f0f0&bg=f0f0f0&auto=format&w=800&h=auto&fit=fill",
      "https://images.hermanmiller.group/m/825695a4ba0b8e89/W-MTO_2557588_100421235_sage_green_v2.png?trim=auto&trim-sd=1&bg=f0f0f0&auto=format&w=800&h=auto&fit=fill",
      "https://images.hermanmiller.group/m/76f37f62f1a54455/W-The_Dots_Metal_Control_med.png?trim=auto&trim-sd=1&bg=f0f0f0&auto=format&w=800&h=auto&fit=fill",
      "https://images.hermanmiller.group/m/11b83da4b3ea8cf5/W-dots-wood-oak-O6-5-raise-glass-clear-muuto-org.png?trim=auto&trim-sd=1&bg=f0f0f0&auto=format&w=800&h=auto&fit=fill",
      "https://images.hermanmiller.group/m/ee9b631b7171bb67/W-dots.png?trim=auto&trim-sd=1&bg=f0f0f0&auto=format&w=800&h=auto&fit=fill",
      "https://images.hermanmiller.group/m/c788af64437b327a/W-Dots-Oak-Burgundy-Clay-Brown-Dusty-Green-Beige-Green-Metal-Umber-Org.png?trim=auto&trim-sd=1&bg=f0f0f0&auto=format&w=800&h=auto&fit=fill",
      "https://images.hermanmiller.group/m/137caa622fb48f81/W-Dots_med-res.png?trim=auto&trim-sd=1&bg=f0f0f0&auto=format&w=800&h=auto&fit=fill"
    ]
  },
  {
    "title": "Afteroom Coat Hanger",
    "product_category_id": "6814da44e8a3f3a300e648f3",
    "description": "\n            <div class=\"collapse-body pdp-summary-group-body\">\n                \n<div class=\"row\">\n    <div class=\"pdp-summary-group-col-1 col-12 col-lg-5\">\n\n        \n        \n\n        \n        \n            <div class=\"mb-3\">\n                Inspired by the same design philosophy which pivots around simplicity and honesty within the Afteroom series, the Afteroom Coat Hanger also draws its references from Bauhaus and Modernism. The coat hanger is a simple yet sophisticated hanging system for coats, clothes or accessories and is easily fixed to the wall, with all screws hidden to compliment the minimalistic and clean aesthetic.\n            </div>\n        \n\n        \n        \n            <ul class=\"bulleted mb-3\">\n                \n                    <li>\n                        Made of zinc alloy with powder coating, and plated surface.\n                    </li>\n                \n                    <li>\n                        All screws are hidden.\n                    </li>\n                \n            </ul>\n                                \n\n        \n        \n    </div>\n\n    <div class=\"pdp-summary-group-col-2 col-12 col-lg-5 offset-lg-1\">\n        <div class=\"table table-content summary-table\">\n            \n                \n                \n                    <dl>\n                        <dt>\n                            Brand\n                        </dt>\n                        <dd>\n                            <a href=\"/brands-audo-copenhagen?lang=en_US\">Audo Copenhagen</a>\n                        </dd>\n                    </dl>\n                \n            \n            \n            \n            \n                <dl>\n                    <dt>\n                        Collection\n                    </dt>\n                    <dd>\n                        <a href=\"/collection-afteroom?lang=en_US\">Afteroom Collection</a>\n                    </dd>\n                </dl>\n            \n\n            \n            \n                <dl>\n                    <dt>\n                        General Dimensions\n                    </dt>\n                    <dd>\n                        <ul class=\"unstyled summary-pdp-dimensions-list\">\n                            \n                                <li>\n                                    3\" H 7⅜\" W 1½\" D\n                                </li>\n                            \n                        </ul>\n                    </dd>\n                </dl>\n            \n\n            \n            \n\n            \n            \n                <dl>\n                    <dt>\n                        Product Weight\n                    </dt>\n                    <dd class=\"summary-weight\">\n                        0.75 lbs\n                    </dd>\n                </dl>\n            \n\n            \n            <dl>\n                <dt>\n                    Assembly\n                </dt>\n                <dd>\n                    \n                        Comes fully assembled\n                    \n                </dd>\n            </dl>\n\n            \n            <dl>\n                <dt>\n                    Warranty\n                </dt>\n                <dd>\n                    \n                        2-year warranty<br>Terms and conditions apply. <a href=\"https://www.dwr.com/warranty.html\" target=\"_blank\">Learn more</a>\n                    \n                </dd>\n            </dl>\n\n            \n            \n\n            \n            \n\n            \n            \n        </div>\n    </div>\n</div>\n            </div>\n        ",
    "listSize": [
      {
        "size": "Standard",
        "price": 4550000,
        "stock": 58
      },
      {
        "size": "Small",
        "price": 2730000,
        "stock": 73
      }
    ],
    "discountPercentage": 21,
    "thumbnail": "https://images.hermanmiller.group/m/44a447488603ff39/W-DWR_2519215_100192431_black_brass_f.png?trim=auto&trim-sd=1&blend-mode=darken&blend=f0f0f0&bg=f0f0f0&auto=format&w=90&h=auto&fit=fill",
    "images": [
      "https://images.hermanmiller.group/m/44a447488603ff39/W-DWR_2519215_100192431_black_brass_f.png?trim=auto&trim-sd=1&blend-mode=darken&blend=f0f0f0&bg=f0f0f0&auto=format&w=800&h=auto&fit=fill",
      "https://images.hermanmiller.group/m/324469ce6d7794b/W-DWR_2519215_100192397_white_v1.png?trim=auto&trim-sd=1&bg=f0f0f0&auto=format&w=800&h=auto&fit=fill",
      "https://images.hermanmiller.group/m/7f5afae8f4d1d50e/W-DWR_2519215_100192397_white_v2.png?trim=auto&trim-sd=1&bg=f0f0f0&auto=format&w=800&h=auto&fit=fill",
      "https://images.hermanmiller.group/m/44aada256275289e/W-DWR_2519215_100192429_black_brass_v1.png?trim=auto&trim-sd=1&bg=f0f0f0&auto=format&w=800&h=auto&fit=fill",
      "https://images.hermanmiller.group/m/2ce24ff062e7a3c3/W-DWR_2519215_100192396_black_v1.png?trim=auto&trim-sd=1&bg=f0f0f0&auto=format&w=800&h=auto&fit=fill"
    ]
  },
  {
    "title": "Dots Singles",
    "product_category_id": "6814da44e8a3f3a300e648f3",
    "description": "\n            <div class=\"collapse-body pdp-summary-group-body\">\n                \n<div class=\"row\">\n    <div class=\"pdp-summary-group-col-1 col-12 col-lg-5\">\n\n        \n        \n\n        \n        \n            <div class=\"mb-3\">\n                Lars Tornøe is passionate about separating the necessary from the unnecessary, and in the case of Coatrack Dot (2007), he's distilled the common coatrack to its most basic element. Made of solid aluminum, oak, walnut, ash, or ceramic, each Dot features round edges to treat your clothes with the greatest care. Made in Slovenia.\n            </div>\n        \n\n        \n        \n            <ul class=\"bulleted mb-3\">\n                \n                    <li>\n                        Hang them solo, display them in a line, or create a constellation.\n                    </li>\n                \n                    <li>\n                        Round edges treat clothes with the greatest care.\n                    </li>\n                \n                    <li>\n                        Choose from several sizes and finishes.\n                    </li>\n                \n            </ul>\n                                \n\n        \n        \n    </div>\n\n    <div class=\"pdp-summary-group-col-2 col-12 col-lg-5 offset-lg-1\">\n        <div class=\"table table-content summary-table\">\n            \n                \n                \n                    <dl>\n                        <dt>\n                            Brand\n                        </dt>\n                        <dd>\n                            <a href=\"/brands-muuto?lang=en_US\">Muuto</a>\n                        </dd>\n                    </dl>\n                \n            \n            \n            \n            \n                <dl>\n                    <dt>\n                        Collection\n                    </dt>\n                    <dd>\n                        <a href=\"/collection-dots?lang=en_US\">Dots Collection</a>\n                    </dd>\n                </dl>\n            \n\n            \n            \n                <dl>\n                    <dt>\n                        General Dimensions\n                    </dt>\n                    <dd>\n                        <ul class=\"unstyled summary-pdp-dimensions-list\">\n                            \n                                <li>\n                                    1⅝\" H 1⅛\" D 2\" DIA\n                                </li>\n                            \n                        </ul>\n                    </dd>\n                </dl>\n            \n\n            \n            \n\n            \n            \n                <dl>\n                    <dt>\n                        Product Weight\n                    </dt>\n                    <dd class=\"summary-weight\">\n                        0.25 lbs\n                    </dd>\n                </dl>\n            \n\n            \n            <dl>\n                <dt>\n                    Assembly\n                </dt>\n                <dd>\n                    \n                        Requires Assembly\n                    \n                </dd>\n            </dl>\n\n            \n            <dl>\n                <dt>\n                    Warranty\n                </dt>\n                <dd>\n                    \n                        3-year warranty<br>Terms and conditions apply. <a href=\"https://www.dwr.com/warranty.html\" target=\"_blank\">Learn more</a>\n                    \n                </dd>\n            </dl>\n\n            \n            \n\n            \n            \n\n            \n            \n        </div>\n    </div>\n</div>\n            </div>\n        ",
    "listSize": [
      {
        "size": "1\"",
        "price": 728000,
        "stock": 79
      },
      {
        "size": "1.5\"",
        "price": 988000,
        "stock": 94
      },
      {
        "size": "5\"",
        "price": 962000,
        "stock": 84
      },
      {
        "size": "2.5\"",
        "price": 676000,
        "stock": 89
      },
      {
        "size": "3.5\"",
        "price": 780000,
        "stock": 98
      },
      {
        "size": "2\"",
        "price": 1300000,
        "stock": 54
      },
      {
        "size": "6.75\"",
        "price": 1040000,
        "stock": 62
      }
    ],
    "discountPercentage": 17,
    "thumbnail": "https://images.hermanmiller.group/m/e342d665ca4f6164/W-MTO_2557588_100388718_wood_black_a.png?trim=auto&trim-sd=1&blend-mode=darken&blend=f0f0f0&bg=f0f0f0&auto=format&w=90&h=auto&fit=fill",
    "images": [
      "https://images.hermanmiller.group/m/e342d665ca4f6164/W-MTO_2557588_100388718_wood_black_a.png?trim=auto&trim-sd=1&blend-mode=darken&blend=f0f0f0&bg=f0f0f0&auto=format&w=800&h=auto&fit=fill",
      "https://images.hermanmiller.group/m/825695a4ba0b8e89/W-MTO_2557588_100421235_sage_green_v2.png?trim=auto&trim-sd=1&bg=f0f0f0&auto=format&w=800&h=auto&fit=fill",
      "https://images.hermanmiller.group/m/76f37f62f1a54455/W-The_Dots_Metal_Control_med.png?trim=auto&trim-sd=1&bg=f0f0f0&auto=format&w=800&h=auto&fit=fill",
      "https://images.hermanmiller.group/m/11b83da4b3ea8cf5/W-dots-wood-oak-O6-5-raise-glass-clear-muuto-org.png?trim=auto&trim-sd=1&bg=f0f0f0&auto=format&w=800&h=auto&fit=fill",
      "https://images.hermanmiller.group/m/ee9b631b7171bb67/W-dots.png?trim=auto&trim-sd=1&bg=f0f0f0&auto=format&w=800&h=auto&fit=fill",
      "https://images.hermanmiller.group/m/c788af64437b327a/W-Dots-Oak-Burgundy-Clay-Brown-Dusty-Green-Beige-Green-Metal-Umber-Org.png?trim=auto&trim-sd=1&bg=f0f0f0&auto=format&w=800&h=auto&fit=fill",
      "https://images.hermanmiller.group/m/137caa622fb48f81/W-Dots_med-res.png?trim=auto&trim-sd=1&bg=f0f0f0&auto=format&w=800&h=auto&fit=fill"
    ]
  },
  {
    "title": "Coil Coat Rack",
    "product_category_id": "6814da44e8a3f3a300e648f3",
    "description": "\n            <div class=\"collapse-body pdp-summary-group-body\">\n                \n<div class=\"row\">\n    <div class=\"pdp-summary-group-col-1 col-12 col-lg-5\">\n\n        \n        \n\n        \n        \n            <div class=\"mb-3\">\n                Crafted from durable anodized aluminum, the Coil Coat Rack solves organizing needs in any room of the home. Lars Tornøe’s unobtrusive design stands up to frequent use and accommodates objects of different sizes: Slide the hooks to make more space or add more hooks (sold separately) to maximize storage.\n            </div>\n        \n\n        \n                                \n\n        \n        \n    </div>\n\n    <div class=\"pdp-summary-group-col-2 col-12 col-lg-5 offset-lg-1\">\n        <div class=\"table table-content summary-table\">\n            \n                \n                \n                    <dl>\n                        <dt>\n                            Brand\n                        </dt>\n                        <dd>\n                            <a href=\"/brands-muuto?lang=en_US\">Muuto</a>\n                        </dd>\n                    </dl>\n                \n            \n            \n            \n            \n\n            \n            \n                <dl>\n                    <dt>\n                        General Dimensions\n                    </dt>\n                    <dd>\n                        <ul class=\"unstyled summary-pdp-dimensions-list\">\n                            \n                                <li>\n                                    3¾\" H 23⅝\" W 2⅝\" D\n                                </li>\n                            \n                        </ul>\n                    </dd>\n                </dl>\n            \n\n            \n            \n\n            \n            \n                <dl>\n                    <dt>\n                        Product Weight\n                    </dt>\n                    <dd class=\"summary-weight\">\n                        3.25 lbs\n                    </dd>\n                </dl>\n            \n\n            \n            <dl>\n                <dt>\n                    Assembly\n                </dt>\n                <dd>\n                    \n                        Comes fully assembled\n                    \n                </dd>\n            </dl>\n\n            \n            <dl>\n                <dt>\n                    Warranty\n                </dt>\n                <dd>\n                    \n                        3-year warranty<br>Terms and conditions apply. <a href=\"https://www.dwr.com/warranty.html\" target=\"_blank\">Learn more</a>\n                    \n                </dd>\n            </dl>\n\n            \n            \n\n            \n            \n\n            \n            \n        </div>\n    </div>\n</div>\n            </div>\n        ",
    "listSize": [
      {
        "size": "24\"",
        "price": 6214000,
        "stock": 85
      },
      {
        "size": "39\"",
        "price": 11934000,
        "stock": 100
      }
    ],
    "discountPercentage": 12,
    "thumbnail": "https://images.hermanmiller.group/m/4b0345a406a13b32/W-MTO_coil_coat_rack_100_black_a-tif.png?trim=auto&trim-sd=1&blend-mode=darken&blend=f0f0f0&bg=f0f0f0&auto=format&w=90&h=auto&fit=fill",
    "images": [
      "https://images.hermanmiller.group/m/4b0345a406a13b32/W-MTO_coil_coat_rack_100_black_a-tif.png?trim=auto&trim-sd=1&blend-mode=darken&blend=f0f0f0&bg=f0f0f0&auto=format&w=800&h=auto&fit=fill",
      "https://images.hermanmiller.group/m/52113a483823672f/W-Coil-coat-rack-60-plum-workshop-chair-black-tip-wall-black-muuto-org.png?trim=auto&trim-sd=1&bg=f0f0f0&auto=format&w=800&h=auto&fit=fill",
      "https://images.hermanmiller.group/m/27a11e64717187fb/W-Coil-coat-rack-60-plum-tip-wall-lamp-black-workshop-chair-black-muuto-org.png?trim=auto&trim-sd=1&bg=f0f0f0&auto=format&w=800&h=auto&fit=fill"
    ]
  },
  {
    "title": "Brodie Wall Hook",
    "product_category_id": "6814da44e8a3f3a300e648f3",
    "description": "\n            <div class=\"collapse-body pdp-summary-group-body\">\n                \n<div class=\"row\">\n    <div class=\"pdp-summary-group-col-1 col-12 col-lg-5\">\n\n        \n        \n\n        \n        \n            <div class=\"mb-3\">\n                Made from ultra-durable HDPE (high density polyethylene) partially derived from recycled single-use plastics like milk jugs and shampoo bottles, Brodie is a durable wall storage solution for your entryway, bedroom, bathroom, kitchen, garage … wherever you need a convenient way to store the things you wear and use. Mounting hardware included. Made in U.S.A.\n            </div>\n        \n\n        \n        \n            <ul class=\"bulleted mb-3\">\n                \n                    <li>\n                        Sold as a single wall hook.\n                    </li>\n                \n                    <li>\n                        Made of plastic partially derived from recycled single-use plastics like milk jugs.\n                    </li>\n                \n                    <li>\n                        Will not rot or splinter.\n                    </li>\n                \n                    <li>\n                        Never needs to be painted or stained.\n                    </li>\n                \n                    <li>\n                        Mounting hardware included.\n                    </li>\n                \n            </ul>\n                                \n\n        \n        \n            <div>\n                All Loll outdoor furniture is made with recycled high-density polyethylene (HDPE). Colored material is post-consumer recycled HDPE sourced mainly from single-use milk jugs, while black material is post-industrial recycled HDPE. More than 95 percent of the waste from Loll's manufacturing process is sent to a local recycling plant where it is recycled again. From the HDPE plastic to the aluminum inserts and stainless steel fasteners, Loll furniture is all recyclable.\n            </div>\n        \n    </div>\n\n    <div class=\"pdp-summary-group-col-2 col-12 col-lg-5 offset-lg-1\">\n        <div class=\"table table-content summary-table\">\n            \n                \n                \n                    <dl>\n                        <dt>\n                            Brand\n                        </dt>\n                        <dd>\n                            <a href=\"/brands-loll-designs?lang=en_US\">Loll Designs</a>\n                        </dd>\n                    </dl>\n                \n            \n            \n            \n            \n\n            \n            \n                <dl>\n                    <dt>\n                        General Dimensions\n                    </dt>\n                    <dd>\n                        <ul class=\"unstyled summary-pdp-dimensions-list\">\n                            \n                                <li>\n                                    3\" H 1\" W 3\" DIA\n                                </li>\n                            \n                        </ul>\n                    </dd>\n                </dl>\n            \n\n            \n            \n\n            \n            \n                <dl>\n                    <dt>\n                        Product Weight\n                    </dt>\n                    <dd class=\"summary-weight\">\n                        0.25 lbs\n                    </dd>\n                </dl>\n            \n\n            \n            <dl>\n                <dt>\n                    Assembly\n                </dt>\n                <dd>\n                    \n                        Requires Assembly\n                    \n                </dd>\n            </dl>\n\n            \n            <dl>\n                <dt>\n                    Warranty\n                </dt>\n                <dd>\n                    \n                        1-year warranty<br>Terms and conditions apply. <a href=\"https://www.dwr.com/warranty.html\" target=\"_blank\">Learn more</a>\n                    \n                </dd>\n            </dl>\n\n            \n            \n                <dl>\n                    <dt>\n                        Lifestyle\n                    </dt>\n                    <dd>\n                        <ul class=\"pdp-summary-group-lifestyle unstyled\">\n                            \n                                <li>\n                                    \n\n\n\n<svg role=\"img\" class=\"icon icon-check-dark icon-check-dark-dims \" viewBox=\"0 0 11 9\">\n<title>check-dark</title>\n\n<path fill-rule=\"evenodd\" clip-rule=\"evenodd\" d=\"M10.819 1.818L4.182 8.455.546 4.818l1.273-1.272 2.363 2.363L9.546.546l1.273 1.272z\" fill=\"#242222\"></path></svg>\n\n\n                                    <span>Eco-friendly</span>\n                                </li>\n                            \n                            \n                        </ul>\n                    </dd>\n                </dl>\n            \n\n            \n            \n\n            \n            \n        </div>\n    </div>\n</div>\n            </div>\n        ",
    "listSize": [
      {
        "size": "Small",
        "price": 910000,
        "stock": 63
      },
      {
        "size": "Medium",
        "price": 1040000,
        "stock": 74
      },
      {
        "size": "Large",
        "price": 1170000,
        "stock": 61
      }
    ],
    "discountPercentage": 21,
    "thumbnail": "https://images.hermanmiller.group/m/6a0bdd4407e3b6ee/W-DWR_2536699_100268745_navy_blue_a.png?trim=auto&trim-sd=1&blend-mode=darken&blend=f0f0f0&bg=f0f0f0&auto=format&w=90&h=auto&fit=fill",
    "images": [
      "https://images.hermanmiller.group/m/6a0bdd4407e3b6ee/W-DWR_2536699_100268745_navy_blue_a.png?trim=auto&trim-sd=1&blend-mode=darken&blend=f0f0f0&bg=f0f0f0&auto=format&w=800&h=auto&fit=fill",
      "https://images.hermanmiller.group/m/df419acd04d78604/W-DWR_2536699_100268742_charcoal_grey_f.png?trim=auto&trim-sd=1&bg=f0f0f0&auto=format&w=800&h=auto&fit=fill"
    ]
  },
  {
    "title": "Dots Singles",
    "product_category_id": "6814da44e8a3f3a300e648f3",
    "description": "\n            <div class=\"collapse-body pdp-summary-group-body\">\n                \n<div class=\"row\">\n    <div class=\"pdp-summary-group-col-1 col-12 col-lg-5\">\n\n        \n        \n\n        \n        \n            <div class=\"mb-3\">\n                Lars Tornøe is passionate about separating the necessary from the unnecessary, and in the case of Coatrack Dot (2007), he's distilled the common coatrack to its most basic element. Made of solid aluminum, oak, walnut, ash, or ceramic, each Dot features round edges to treat your clothes with the greatest care. Made in Slovenia.\n            </div>\n        \n\n        \n        \n            <ul class=\"bulleted mb-3\">\n                \n                    <li>\n                        Hang them solo, display them in a line, or create a constellation.\n                    </li>\n                \n                    <li>\n                        Round edges treat clothes with the greatest care.\n                    </li>\n                \n                    <li>\n                        Choose from several sizes and finishes.\n                    </li>\n                \n            </ul>\n                                \n\n        \n        \n    </div>\n\n    <div class=\"pdp-summary-group-col-2 col-12 col-lg-5 offset-lg-1\">\n        <div class=\"table table-content summary-table\">\n            \n                \n                \n                    <dl>\n                        <dt>\n                            Brand\n                        </dt>\n                        <dd>\n                            <a href=\"/brands-muuto?lang=en_US\">Muuto</a>\n                        </dd>\n                    </dl>\n                \n            \n            \n            \n            \n                <dl>\n                    <dt>\n                        Collection\n                    </dt>\n                    <dd>\n                        <a href=\"/collection-dots?lang=en_US\">Dots Collection</a>\n                    </dd>\n                </dl>\n            \n\n            \n            \n                <dl>\n                    <dt>\n                        General Dimensions\n                    </dt>\n                    <dd>\n                        <ul class=\"unstyled summary-pdp-dimensions-list\">\n                            \n                                <li>\n                                    2\" H 1½\" D 5\" DIA\n                                </li>\n                            \n                        </ul>\n                    </dd>\n                </dl>\n            \n\n            \n            \n\n            \n            \n                <dl>\n                    <dt>\n                        Product Weight\n                    </dt>\n                    <dd class=\"summary-weight\">\n                        0.5 lbs\n                    </dd>\n                </dl>\n            \n\n            \n            <dl>\n                <dt>\n                    Assembly\n                </dt>\n                <dd>\n                    \n                        Requires Assembly\n                    \n                </dd>\n            </dl>\n\n            \n            <dl>\n                <dt>\n                    Warranty\n                </dt>\n                <dd>\n                    \n                        3-year warranty<br>Terms and conditions apply. <a href=\"https://www.dwr.com/warranty.html\" target=\"_blank\">Learn more</a>\n                    \n                </dd>\n            </dl>\n\n            \n            \n\n            \n            \n\n            \n            \n        </div>\n    </div>\n</div>\n            </div>\n        ",
    "listSize": [
      {
        "size": "1\"",
        "price": 728000,
        "stock": 53
      },
      {
        "size": "1.5\"",
        "price": 988000,
        "stock": 98
      },
      {
        "size": "5\"",
        "price": 962000,
        "stock": 70
      },
      {
        "size": "2.5\"",
        "price": 676000,
        "stock": 86
      },
      {
        "size": "3.5\"",
        "price": 780000,
        "stock": 84
      },
      {
        "size": "2\"",
        "price": 1300000,
        "stock": 62
      },
      {
        "size": "6.75\"",
        "price": 1040000,
        "stock": 61
      }
    ],
    "discountPercentage": 23,
    "thumbnail": "https://images.hermanmiller.group/m/e342d665ca4f6164/W-MTO_2557588_100388718_wood_black_a.png?trim=auto&trim-sd=1&blend-mode=darken&blend=f0f0f0&bg=f0f0f0&auto=format&w=90&h=auto&fit=fill",
    "images": [
      "https://images.hermanmiller.group/m/e342d665ca4f6164/W-MTO_2557588_100388718_wood_black_a.png?trim=auto&trim-sd=1&blend-mode=darken&blend=f0f0f0&bg=f0f0f0&auto=format&w=800&h=auto&fit=fill",
      "https://images.hermanmiller.group/m/825695a4ba0b8e89/W-MTO_2557588_100421235_sage_green_v2.png?trim=auto&trim-sd=1&bg=f0f0f0&auto=format&w=800&h=auto&fit=fill",
      "https://images.hermanmiller.group/m/76f37f62f1a54455/W-The_Dots_Metal_Control_med.png?trim=auto&trim-sd=1&bg=f0f0f0&auto=format&w=800&h=auto&fit=fill",
      "https://images.hermanmiller.group/m/11b83da4b3ea8cf5/W-dots-wood-oak-O6-5-raise-glass-clear-muuto-org.png?trim=auto&trim-sd=1&bg=f0f0f0&auto=format&w=800&h=auto&fit=fill",
      "https://images.hermanmiller.group/m/ee9b631b7171bb67/W-dots.png?trim=auto&trim-sd=1&bg=f0f0f0&auto=format&w=800&h=auto&fit=fill",
      "https://images.hermanmiller.group/m/c788af64437b327a/W-Dots-Oak-Burgundy-Clay-Brown-Dusty-Green-Beige-Green-Metal-Umber-Org.png?trim=auto&trim-sd=1&bg=f0f0f0&auto=format&w=800&h=auto&fit=fill",
      "https://images.hermanmiller.group/m/137caa622fb48f81/W-Dots_med-res.png?trim=auto&trim-sd=1&bg=f0f0f0&auto=format&w=800&h=auto&fit=fill"
    ]
  }
]
