[
  {
    "title": "Line Media Console",
    "product_category_id": "6814ce8a837d6ebbdec4d994",
    "description": "\n            <div class=\"collapse-body pdp-summary-group-body\">\n                \n<div class=\"row\">\n    <div class=\"pdp-summary-group-col-1 col-12 col-lg-5\">\n\n        \n        \n\n        \n        \n            <div class=\"mb-3\">\n                A customer favorite since its debut, the Line Collection features geometric frames made out of precisely crafted oak or walnut. It's distinguished by its strong horizontal lines that reflect natural landscapes and lend a sense of restfulness and calm. On the Line Media Console (2010), this eye-catching louvered design also serves a purpose, allowing remotes to control devices inside. Its roomy, well-organized interior brings order to electronics, routers, albums, books and anything else that needs a home. Working from his studio in Singapore, designer Nathan Yong designs thoughtful pieces that resonate with a quiet elegance, for which he credits the congestion of city living. “My work is a reflection of my yearning for nature in this concrete jungle,” he says. Made in Malaysia.<br><br>What’s inside.<br>Line Media Console 35 has one door, one adjustable shelf, and one cord escape. The two larger units – Console 55 and Console 70 – have two doors, one adjustable shelf, one drawer, and two cord escapes. All cords route through the bottom panel, leaving the back unblemished by cord escape holes, and allowing the Line Media Console to be placed anywhere in a room; it doesn’t have to be pushed against a wall.\n            </div>\n        \n\n        \n        \n            <ul class=\"bulleted mb-3\">\n                \n                    <li>\n                        Versatile storage solution.\n                    </li>\n                \n                    <li>\n                        Sleek design; louvered doors to allow remotes to control devices inside.\n                    </li>\n                \n                    <li>\n                        Console 35 has one adjustable shelf and cord escape in the bottom panel.\n                    </li>\n                \n                    <li>\n                        Consoles 55 and 70 have one adjustable shelf, one drawer, and two cord escapes.\n                    </li>\n                \n                    <li>\n                        Through-bottom cord escapes allow for flexible placement within a room.\n                    </li>\n                \n            </ul>\n                                \n\n        \n        \n    </div>\n\n    <div class=\"pdp-summary-group-col-2 col-12 col-lg-5 offset-lg-1\">\n        <div class=\"table table-content summary-table\">\n            \n                \n                \n                    <dl>\n                        <dt>\n                            Brand\n                        </dt>\n                        <dd>\n                            <a href=\"/brands-design-within-reach?lang=en_US\">Design Within Reach</a>\n                        </dd>\n                    </dl>\n                \n            \n            \n            \n            \n                <dl>\n                    <dt>\n                        Collection\n                    </dt>\n                    <dd>\n                        <a href=\"/collection-line?lang=en_US\">Line Collection</a>\n                    </dd>\n                </dl>\n            \n\n            \n            \n                <dl>\n                    <dt>\n                        General Dimensions\n                    </dt>\n                    <dd>\n                        <ul class=\"unstyled summary-pdp-dimensions-list\">\n                            \n                                <li>\n                                    16\" H 70¾\" W 17¾\" D\n                                </li>\n                            \n                        </ul>\n                    </dd>\n                </dl>\n            \n\n            \n            \n\n            \n            \n                <dl>\n                    <dt>\n                        Product Weight\n                    </dt>\n                    <dd class=\"summary-weight\">\n                        150 lbs\n                    </dd>\n                </dl>\n            \n\n            \n            <dl>\n                <dt>\n                    Assembly\n                </dt>\n                <dd>\n                    \n                        Comes fully assembled\n                    \n                </dd>\n            </dl>\n\n            \n            <dl>\n                <dt>\n                    Warranty\n                </dt>\n                <dd>\n                    \n                        1-year warranty<br>Terms and conditions apply. <a href=\"https://www.dwr.com/warranty.html\" target=\"_blank\">Learn more</a>\n                    \n                </dd>\n            </dl>\n\n            \n            \n\n            \n            \n\n            \n            \n        </div>\n    </div>\n</div>\n            </div>\n        ",
    "listSize": [
      {
        "size": "35\"",
        "price": 49270000,
        "stock": 52
      },
      {
        "size": "55\"",
        "price": 83070000,
        "stock": 74
      },
      {
        "size": "70\"",
        "price": 97370000,
        "stock": 66
      }
    ],
    "discountPercentage": 22,
    "thumbnail": "https://images.hermanmiller.group/m/3204e456fe3219ad/W-DWR_1021_100143647_black_f.png?trim=auto&trim-sd=1&blend-mode=darken&blend=f0f0f0&bg=f0f0f0&auto=format&w=90&h=auto&fit=fill",
    "images": [
      "https://images.hermanmiller.group/m/3204e456fe3219ad/W-DWR_1021_100143647_black_f.png?trim=auto&trim-sd=1&blend-mode=darken&blend=f0f0f0&bg=f0f0f0&auto=format&w=800&h=auto&fit=fill",
      "https://images.hermanmiller.group/m/1ddfd269cf716d1c/W-DWR_5158_100143647_black_d-jpg.png?trim=auto&trim-sd=1&blend-mode=darken&blend=f0f0f0&bg=f0f0f0&auto=format&w=800&h=auto&fit=fill",
      "https://images.hermanmiller.group/m/e6fc49033dc0bf31/W-DWR_SP23_EDITORIAL_STAHL_HOUSE_107.png?trim=auto&trim-sd=1&bg=f0f0f0&auto=format&w=800&h=auto&fit=fill",
      "https://images.hermanmiller.group/m/47d0bea5ea8661f4/W-DWR_5158_100143645_walnut_v.png?trim=auto&trim-sd=1&bg=f0f0f0&auto=format&w=800&h=auto&fit=fill",
      "https://images.hermanmiller.group/m/21548c4499ad9022/W-DWR_5158_100131376_walnut_v1.png?trim=auto&trim-sd=1&bg=f0f0f0&auto=format&w=800&h=auto&fit=fill",
      "https://images.hermanmiller.group/m/4090d5aa7a9a018/W-DWR_5158_100143642_walnut_v1_002.png?trim=auto&trim-sd=1&bg=f0f0f0&auto=format&w=800&h=auto&fit=fill",
      "https://images.hermanmiller.group/m/6423c49a5346b85c/W-DWR_5158_100143642_walnut_v1_001-jpg.png?trim=auto&trim-sd=1&bg=f0f0f0&auto=format&w=800&h=auto&fit=fill",
      "https://images.hermanmiller.group/m/9acb1d35436280a2/W-DWR_2515233_100131376_walnut_v1_002.png?trim=auto&trim-sd=1&bg=f0f0f0&auto=format&w=800&h=auto&fit=fill",
      "https://images.hermanmiller.group/m/44b1ef5ea51314c3/W-DWR_2515233_100131376_walnut_v1_001.png?trim=auto&trim-sd=1&bg=f0f0f0&auto=format&w=800&h=auto&fit=fill",
      "https://images.hermanmiller.group/m/bee5ee8cc668e561/W-DWR_2515233_100131378_oak_p.png?trim=auto&trim-sd=1&bg=f0f0f0&auto=format&w=800&h=auto&fit=fill",
      "https://images.hermanmiller.group/m/fe9848feddeb1c7e/W-DWR_2515233_100131378_oak_d2.png?trim=auto&trim-sd=1&bg=f0f0f0&auto=format&w=800&h=auto&fit=fill",
      "https://images.hermanmiller.group/m/1ecbf00d503e8290/W-DWR_2515233_100131378_oak_d1.png?trim=auto&trim-sd=1&bg=f0f0f0&auto=format&w=800&h=auto&fit=fill",
      "https://images.hermanmiller.group/m/16c5fa78694738f5/W-DWR_2515233_100131378_oak_b.png?trim=auto&trim-sd=1&bg=f0f0f0&auto=format&w=800&h=auto&fit=fill",
      "https://images.hermanmiller.group/m/3069d517e234f7cb/W-DWR_2515233_100131378_oak_a.png?trim=auto&trim-sd=1&bg=f0f0f0&auto=format&w=800&h=auto&fit=fill"
    ]
  },
  {
    "title": "Line Media Console",
    "product_category_id": "6814ce8a837d6ebbdec4d994",
    "description": "\n            <div class=\"collapse-body pdp-summary-group-body\">\n                \n<div class=\"row\">\n    <div class=\"pdp-summary-group-col-1 col-12 col-lg-5\">\n\n        \n        \n\n        \n        \n            <div class=\"mb-3\">\n                A customer favorite since its debut, the Line Collection features geometric frames made out of precisely crafted oak or walnut. It's distinguished by its strong horizontal lines that reflect natural landscapes and lend a sense of restfulness and calm. On the Line Media Console (2010), this eye-catching louvered design also serves a purpose, allowing remotes to control devices inside. Its roomy, well-organized interior brings order to electronics, routers, albums, books and anything else that needs a home. Working from his studio in Singapore, designer Nathan Yong designs thoughtful pieces that resonate with a quiet elegance, for which he credits the congestion of city living. “My work is a reflection of my yearning for nature in this concrete jungle,” he says. Made in Malaysia.<br><br>What’s inside.<br>Line Media Console 35 has one door, one adjustable shelf, and one cord escape. The two larger units – Console 55 and Console 70 – have two doors, one adjustable shelf, one drawer, and two cord escapes. All cords route through the bottom panel, leaving the back unblemished by cord escape holes, and allowing the Line Media Console to be placed anywhere in a room; it doesn’t have to be pushed against a wall.\n            </div>\n        \n\n        \n        \n            <ul class=\"bulleted mb-3\">\n                \n                    <li>\n                        Versatile storage solution.\n                    </li>\n                \n                    <li>\n                        Sleek design; louvered doors to allow remotes to control devices inside.\n                    </li>\n                \n                    <li>\n                        Console 35 has one adjustable shelf and cord escape in the bottom panel.\n                    </li>\n                \n                    <li>\n                        Consoles 55 and 70 have one adjustable shelf, one drawer, and two cord escapes.\n                    </li>\n                \n                    <li>\n                        Through-bottom cord escapes allow for flexible placement within a room.\n                    </li>\n                \n            </ul>\n                                \n\n        \n        \n    </div>\n\n    <div class=\"pdp-summary-group-col-2 col-12 col-lg-5 offset-lg-1\">\n        <div class=\"table table-content summary-table\">\n            \n                \n                \n                    <dl>\n                        <dt>\n                            Brand\n                        </dt>\n                        <dd>\n                            <a href=\"/brands-design-within-reach?lang=en_US\">Design Within Reach</a>\n                        </dd>\n                    </dl>\n                \n            \n            \n            \n            \n                <dl>\n                    <dt>\n                        Collection\n                    </dt>\n                    <dd>\n                        <a href=\"/collection-line?lang=en_US\">Line Collection</a>\n                    </dd>\n                </dl>\n            \n\n            \n            \n                <dl>\n                    <dt>\n                        General Dimensions\n                    </dt>\n                    <dd>\n                        <ul class=\"unstyled summary-pdp-dimensions-list\">\n                            \n                                <li>\n                                    16\" H 55⅛\" W 17¾\" D\n                                </li>\n                            \n                        </ul>\n                    </dd>\n                </dl>\n            \n\n            \n            \n\n            \n            \n                <dl>\n                    <dt>\n                        Product Weight\n                    </dt>\n                    <dd class=\"summary-weight\">\n                        114.5 lbs\n                    </dd>\n                </dl>\n            \n\n            \n            <dl>\n                <dt>\n                    Assembly\n                </dt>\n                <dd>\n                    \n                        Comes fully assembled\n                    \n                </dd>\n            </dl>\n\n            \n            <dl>\n                <dt>\n                    Warranty\n                </dt>\n                <dd>\n                    \n                        1-year warranty<br>Terms and conditions apply. <a href=\"https://www.dwr.com/warranty.html\" target=\"_blank\">Learn more</a>\n                    \n                </dd>\n            </dl>\n\n            \n            \n\n            \n            \n\n            \n            \n        </div>\n    </div>\n</div>\n            </div>\n        ",
    "listSize": [
      {
        "size": "35\"",
        "price": 49270000,
        "stock": 97
      },
      {
        "size": "55\"",
        "price": 83070000,
        "stock": 95
      },
      {
        "size": "70\"",
        "price": 97370000,
        "stock": 65
      }
    ],
    "discountPercentage": 27,
    "thumbnail": "https://images.hermanmiller.group/m/3204e456fe3219ad/W-DWR_1021_100143647_black_f.png?trim=auto&trim-sd=1&blend-mode=darken&blend=f0f0f0&bg=f0f0f0&auto=format&w=90&h=auto&fit=fill",
    "images": [
      "https://images.hermanmiller.group/m/3204e456fe3219ad/W-DWR_1021_100143647_black_f.png?trim=auto&trim-sd=1&blend-mode=darken&blend=f0f0f0&bg=f0f0f0&auto=format&w=800&h=auto&fit=fill",
      "https://images.hermanmiller.group/m/1ddfd269cf716d1c/W-DWR_5158_100143647_black_d-jpg.png?trim=auto&trim-sd=1&blend-mode=darken&blend=f0f0f0&bg=f0f0f0&auto=format&w=800&h=auto&fit=fill",
      "https://images.hermanmiller.group/m/e6fc49033dc0bf31/W-DWR_SP23_EDITORIAL_STAHL_HOUSE_107.png?trim=auto&trim-sd=1&bg=f0f0f0&auto=format&w=800&h=auto&fit=fill",
      "https://images.hermanmiller.group/m/47d0bea5ea8661f4/W-DWR_5158_100143645_walnut_v.png?trim=auto&trim-sd=1&bg=f0f0f0&auto=format&w=800&h=auto&fit=fill",
      "https://images.hermanmiller.group/m/21548c4499ad9022/W-DWR_5158_100131376_walnut_v1.png?trim=auto&trim-sd=1&bg=f0f0f0&auto=format&w=800&h=auto&fit=fill",
      "https://images.hermanmiller.group/m/4090d5aa7a9a018/W-DWR_5158_100143642_walnut_v1_002.png?trim=auto&trim-sd=1&bg=f0f0f0&auto=format&w=800&h=auto&fit=fill",
      "https://images.hermanmiller.group/m/6423c49a5346b85c/W-DWR_5158_100143642_walnut_v1_001-jpg.png?trim=auto&trim-sd=1&bg=f0f0f0&auto=format&w=800&h=auto&fit=fill",
      "https://images.hermanmiller.group/m/9acb1d35436280a2/W-DWR_2515233_100131376_walnut_v1_002.png?trim=auto&trim-sd=1&bg=f0f0f0&auto=format&w=800&h=auto&fit=fill",
      "https://images.hermanmiller.group/m/44b1ef5ea51314c3/W-DWR_2515233_100131376_walnut_v1_001.png?trim=auto&trim-sd=1&bg=f0f0f0&auto=format&w=800&h=auto&fit=fill",
      "https://images.hermanmiller.group/m/bee5ee8cc668e561/W-DWR_2515233_100131378_oak_p.png?trim=auto&trim-sd=1&bg=f0f0f0&auto=format&w=800&h=auto&fit=fill",
      "https://images.hermanmiller.group/m/fe9848feddeb1c7e/W-DWR_2515233_100131378_oak_d2.png?trim=auto&trim-sd=1&bg=f0f0f0&auto=format&w=800&h=auto&fit=fill",
      "https://images.hermanmiller.group/m/1ecbf00d503e8290/W-DWR_2515233_100131378_oak_d1.png?trim=auto&trim-sd=1&bg=f0f0f0&auto=format&w=800&h=auto&fit=fill",
      "https://images.hermanmiller.group/m/16c5fa78694738f5/W-DWR_2515233_100131378_oak_b.png?trim=auto&trim-sd=1&bg=f0f0f0&auto=format&w=800&h=auto&fit=fill",
      "https://images.hermanmiller.group/m/3069d517e234f7cb/W-DWR_2515233_100131378_oak_a.png?trim=auto&trim-sd=1&bg=f0f0f0&auto=format&w=800&h=auto&fit=fill"
    ]
  },
  {
    "title": "Line Media Console",
    "product_category_id": "6814ce8a837d6ebbdec4d994",
    "description": "\n            <div class=\"collapse-body pdp-summary-group-body\">\n                \n<div class=\"row\">\n    <div class=\"pdp-summary-group-col-1 col-12 col-lg-5\">\n\n        \n        \n\n        \n        \n            <div class=\"mb-3\">\n                A customer favorite since its debut, the Line Collection features geometric frames made out of precisely crafted oak or walnut. It's distinguished by its strong horizontal lines that reflect natural landscapes and lend a sense of restfulness and calm. On the Line Media Console (2010), this eye-catching louvered design also serves a purpose, allowing remotes to control devices inside. Its roomy, well-organized interior brings order to electronics, routers, albums, books and anything else that needs a home. Working from his studio in Singapore, designer Nathan Yong designs thoughtful pieces that resonate with a quiet elegance, for which he credits the congestion of city living. “My work is a reflection of my yearning for nature in this concrete jungle,” he says. Made in Malaysia.<br><br>What’s inside.<br>Line Media Console 35 has one door, one adjustable shelf, and one cord escape. The two larger units – Console 55 and Console 70 – have two doors, one adjustable shelf, one drawer, and two cord escapes. All cords route through the bottom panel, leaving the back unblemished by cord escape holes, and allowing the Line Media Console to be placed anywhere in a room; it doesn’t have to be pushed against a wall.\n            </div>\n        \n\n        \n        \n            <ul class=\"bulleted mb-3\">\n                \n                    <li>\n                        Versatile storage solution.\n                    </li>\n                \n                    <li>\n                        Sleek design; louvered doors to allow remotes to control devices inside.\n                    </li>\n                \n                    <li>\n                        Console 35 has one adjustable shelf and cord escape in the bottom panel.\n                    </li>\n                \n                    <li>\n                        Consoles 55 and 70 have one adjustable shelf, one drawer, and two cord escapes.\n                    </li>\n                \n                    <li>\n                        Through-bottom cord escapes allow for flexible placement within a room.\n                    </li>\n                \n            </ul>\n                                \n\n        \n        \n    </div>\n\n    <div class=\"pdp-summary-group-col-2 col-12 col-lg-5 offset-lg-1\">\n        <div class=\"table table-content summary-table\">\n            \n                \n                \n                    <dl>\n                        <dt>\n                            Brand\n                        </dt>\n                        <dd>\n                            <a href=\"/brands-design-within-reach?lang=en_US\">Design Within Reach</a>\n                        </dd>\n                    </dl>\n                \n            \n            \n            \n            \n                <dl>\n                    <dt>\n                        Collection\n                    </dt>\n                    <dd>\n                        <a href=\"/collection-line?lang=en_US\">Line Collection</a>\n                    </dd>\n                </dl>\n            \n\n            \n            \n                <dl>\n                    <dt>\n                        General Dimensions\n                    </dt>\n                    <dd>\n                        <ul class=\"unstyled summary-pdp-dimensions-list\">\n                            \n                                <li>\n                                    16\" H 35¼\" W 17¾\" D\n                                </li>\n                            \n                        </ul>\n                    </dd>\n                </dl>\n            \n\n            \n            \n\n            \n            \n                <dl>\n                    <dt>\n                        Product Weight\n                    </dt>\n                    <dd class=\"summary-weight\">\n                        70 lbs\n                    </dd>\n                </dl>\n            \n\n            \n            <dl>\n                <dt>\n                    Assembly\n                </dt>\n                <dd>\n                    \n                        Comes fully assembled\n                    \n                </dd>\n            </dl>\n\n            \n            <dl>\n                <dt>\n                    Warranty\n                </dt>\n                <dd>\n                    \n                        1-year warranty<br>Terms and conditions apply. <a href=\"https://www.dwr.com/warranty.html\" target=\"_blank\">Learn more</a>\n                    \n                </dd>\n            </dl>\n\n            \n            \n\n            \n            \n\n            \n            \n        </div>\n    </div>\n</div>\n            </div>\n        ",
    "listSize": [
      {
        "size": "35\"",
        "price": 51870000,
        "stock": 62
      },
      {
        "size": "55\"",
        "price": 83070000,
        "stock": 63
      },
      {
        "size": "70\"",
        "price": 97370000,
        "stock": 65
      }
    ],
    "discountPercentage": 24,
    "thumbnail": "https://images.hermanmiller.group/m/661acfa92b802b2e/W-DWR_5158_100143646_oak_a.png?trim=auto&trim-sd=1&blend-mode=darken&blend=f0f0f0&bg=f0f0f0&auto=format&w=90&h=auto&fit=fill",
    "images": [
      "https://images.hermanmiller.group/m/661acfa92b802b2e/W-DWR_5158_100143646_oak_a.png?trim=auto&trim-sd=1&blend-mode=darken&blend=f0f0f0&bg=f0f0f0&auto=format&w=800&h=auto&fit=fill",
      "https://images.hermanmiller.group/m/0e0f9990b469a453/W-DWR_1021_100143646_oak_b.png?trim=auto&trim-sd=1&blend-mode=darken&blend=f0f0f0&bg=f0f0f0&auto=format&w=800&h=auto&fit=fill",
      "https://images.hermanmiller.group/m/35b34daf1d59e6e7/W-DWR_1021_100143646_oak_d2.png?trim=auto&trim-sd=1&blend-mode=darken&blend=f0f0f0&bg=f0f0f0&auto=format&w=800&h=auto&fit=fill",
      "https://images.hermanmiller.group/m/b7ae1fdb402e7b4b/W-DWR_1021_100143646_oak_d1.png?trim=auto&trim-sd=1&blend-mode=darken&blend=f0f0f0&bg=f0f0f0&auto=format&w=800&h=auto&fit=fill",
      "https://images.hermanmiller.group/m/e6fc49033dc0bf31/W-DWR_SP23_EDITORIAL_STAHL_HOUSE_107.png?trim=auto&trim-sd=1&bg=f0f0f0&auto=format&w=800&h=auto&fit=fill",
      "https://images.hermanmiller.group/m/47d0bea5ea8661f4/W-DWR_5158_100143645_walnut_v.png?trim=auto&trim-sd=1&bg=f0f0f0&auto=format&w=800&h=auto&fit=fill",
      "https://images.hermanmiller.group/m/21548c4499ad9022/W-DWR_5158_100131376_walnut_v1.png?trim=auto&trim-sd=1&bg=f0f0f0&auto=format&w=800&h=auto&fit=fill",
      "https://images.hermanmiller.group/m/4090d5aa7a9a018/W-DWR_5158_100143642_walnut_v1_002.png?trim=auto&trim-sd=1&bg=f0f0f0&auto=format&w=800&h=auto&fit=fill",
      "https://images.hermanmiller.group/m/6423c49a5346b85c/W-DWR_5158_100143642_walnut_v1_001-jpg.png?trim=auto&trim-sd=1&bg=f0f0f0&auto=format&w=800&h=auto&fit=fill",
      "https://images.hermanmiller.group/m/9acb1d35436280a2/W-DWR_2515233_100131376_walnut_v1_002.png?trim=auto&trim-sd=1&bg=f0f0f0&auto=format&w=800&h=auto&fit=fill",
      "https://images.hermanmiller.group/m/44b1ef5ea51314c3/W-DWR_2515233_100131376_walnut_v1_001.png?trim=auto&trim-sd=1&bg=f0f0f0&auto=format&w=800&h=auto&fit=fill",
      "https://images.hermanmiller.group/m/bee5ee8cc668e561/W-DWR_2515233_100131378_oak_p.png?trim=auto&trim-sd=1&bg=f0f0f0&auto=format&w=800&h=auto&fit=fill",
      "https://images.hermanmiller.group/m/fe9848feddeb1c7e/W-DWR_2515233_100131378_oak_d2.png?trim=auto&trim-sd=1&bg=f0f0f0&auto=format&w=800&h=auto&fit=fill",
      "https://images.hermanmiller.group/m/1ecbf00d503e8290/W-DWR_2515233_100131378_oak_d1.png?trim=auto&trim-sd=1&bg=f0f0f0&auto=format&w=800&h=auto&fit=fill",
      "https://images.hermanmiller.group/m/16c5fa78694738f5/W-DWR_2515233_100131378_oak_b.png?trim=auto&trim-sd=1&bg=f0f0f0&auto=format&w=800&h=auto&fit=fill",
      "https://images.hermanmiller.group/m/3069d517e234f7cb/W-DWR_2515233_100131378_oak_a.png?trim=auto&trim-sd=1&bg=f0f0f0&auto=format&w=800&h=auto&fit=fill"
    ]
  },
  {
    "title": "TS Console",
    "product_category_id": "6814ce8a837d6ebbdec4d994",
    "description": "\n            <div class=\"collapse-body pdp-summary-group-body\">\n                \n<div class=\"row\">\n    <div class=\"pdp-summary-group-col-1 col-12 col-lg-5\">\n\n        \n        \n\n        \n        \n            <div class=\"mb-3\">\n                Designed by GamFratesi for the renowned restaurant The Standard in Copenhagen, for which it’s named, the TS Collection (2014) lends a sophisticated, sculptural aesthetic to any room with its slender legs and beautiful crisscross braces in brass or steel and contrasting top in marble or glass. Made in Italy.\n            </div>\n        \n\n        \n        \n            <ul class=\"bulleted mb-3\">\n                \n                    <li>\n                        Sophisticated modern console table.\n                    </li>\n                \n                    <li>\n                        Beautiful marble veining appeals to eye and hand.\n                    </li>\n                \n            </ul>\n                                \n\n        \n        \n    </div>\n\n    <div class=\"pdp-summary-group-col-2 col-12 col-lg-5 offset-lg-1\">\n        <div class=\"table table-content summary-table\">\n            \n                \n                \n                    <dl>\n                        <dt>\n                            Brand\n                        </dt>\n                        <dd>\n                            <a href=\"/brands-gubi?lang=en_US\">Gubi</a>\n                        </dd>\n                    </dl>\n                \n            \n            \n            \n            \n                <dl>\n                    <dt>\n                        Collection\n                    </dt>\n                    <dd>\n                        <a href=\"/collection-ts?lang=en_US\">TS Collection</a>\n                    </dd>\n                </dl>\n            \n\n            \n            \n                <dl>\n                    <dt>\n                        General Dimensions\n                    </dt>\n                    <dd>\n                        <ul class=\"unstyled summary-pdp-dimensions-list\">\n                            \n                                <li>\n                                    15¾\" H 47¼\" W 11⅞\" D\n                                </li>\n                            \n                        </ul>\n                    </dd>\n                </dl>\n            \n\n            \n            \n\n            \n            \n                <dl>\n                    <dt>\n                        Product Weight\n                    </dt>\n                    <dd class=\"summary-weight\">\n                        58.5 lbs\n                    </dd>\n                </dl>\n            \n\n            \n            <dl>\n                <dt>\n                    Assembly\n                </dt>\n                <dd>\n                    \n                        Requires Assembly\n                    \n                </dd>\n            </dl>\n\n            \n            <dl>\n                <dt>\n                    Warranty\n                </dt>\n                <dd>\n                    \n                        1-year warranty<br>Terms and conditions apply. <a href=\"https://www.dwr.com/warranty.html\" target=\"_blank\">Learn more</a>\n                    \n                </dd>\n            </dl>\n\n            \n            \n\n            \n            \n\n            \n            \n        </div>\n    </div>\n</div>\n            </div>\n        ",
    "listSize": [
      {
        "size": "16\"",
        "price": 46774000,
        "stock": 94
      },
      {
        "size": "47 x 12 x 16",
        "price": 46774000,
        "stock": 100
      },
      {
        "size": "47 x 12 x 28",
        "price": 46774000,
        "stock": 71
      },
      {
        "size": "71 x 16 x 16",
        "price": 46774000,
        "stock": 58
      }
    ],
    "discountPercentage": 27,
    "thumbnail": "https://images.hermanmiller.group/m/4baf406b918282dc/W-DWR_2523279_100197163_grey_emperador_black_f.png?trim=auto&trim-sd=1&blend-mode=darken&blend=f0f0f0&bg=f0f0f0&auto=format&w=90&h=auto&fit=fill",
    "images": [
      "https://images.hermanmiller.group/m/4baf406b918282dc/W-DWR_2523279_100197163_grey_emperador_black_f.png?trim=auto&trim-sd=1&blend-mode=darken&blend=f0f0f0&bg=f0f0f0&auto=format&w=800&h=auto&fit=fill",
      "https://images.hermanmiller.group/m/cc46361c9326d1ea/W-DWR_2523279_100197163_grey_emperador_black_v1_001-tif.png?trim=auto&trim-sd=1&bg=f0f0f0&auto=format&w=800&h=auto&fit=fill",
      "https://images.hermanmiller.group/m/80b65800581694a6/W-DWR_2523279_100197195_bianco_carrara_polished_brass_d_v2.png?trim=auto&trim-sd=1&bg=f0f0f0&auto=format&w=800&h=auto&fit=fill",
      "https://images.hermanmiller.group/m/661c5186293d3d54/W-DWR_2523279_100197195_bianco_carrara_polished_brass_d_v1.png?trim=auto&trim-sd=1&bg=f0f0f0&auto=format&w=800&h=auto&fit=fill"
    ]
  }
]
