[
  {
    "title": "Eames Storage Unit",
    "product_category_id": "6814cfdcf1571992850562fa",
    "description": "\n            <div class=\"collapse-body pdp-summary-group-body\">\n                \n<div class=\"row\">\n    <div class=\"pdp-summary-group-col-1 col-12 col-lg-5\">\n\n        \n        \n\n        \n        \n            <div class=\"mb-3\">\n                The innovative Eames Storage Unit (1950) was designed to be configured to fit a specific space or need. This original is an authentic, fully licensed product of Herman Miller, Inc. Eames is a licensed trademark of Herman Miller.\n            </div>\n        \n\n        \n        \n            <ul class=\"bulleted mb-3\">\n                \n                    <li>\n                        Modular modern storage solution.\n                    </li>\n                \n                    <li>\n                        Two color schemes.\n                    </li>\n                \n                    <li>\n                        Wood and steel.\n                    </li>\n                \n            </ul>\n                                \n\n        \n        \n    </div>\n\n    <div class=\"pdp-summary-group-col-2 col-12 col-lg-5 offset-lg-1\">\n        <div class=\"table table-content summary-table\">\n            \n                \n                \n                    <dl>\n                        <dt>\n                            Brand\n                        </dt>\n                        <dd>\n                            <a href=\"/brands-herman-miller?lang=en_US\">Herman Miller</a>\n                        </dd>\n                    </dl>\n                \n            \n            \n            \n            \n\n            \n            \n                <dl>\n                    <dt>\n                        General Dimensions\n                    </dt>\n                    <dd>\n                        <ul class=\"unstyled summary-pdp-dimensions-list\">\n                            \n                                <li>\n                                    58½\" H 47½\" W 16\" D\n                                </li>\n                            \n                        </ul>\n                    </dd>\n                </dl>\n            \n\n            \n            \n\n            \n            \n                <dl>\n                    <dt>\n                        Product Weight\n                    </dt>\n                    <dd class=\"summary-weight\">\n                        175 lbs\n                    </dd>\n                </dl>\n            \n\n            \n            <dl>\n                <dt>\n                    Assembly\n                </dt>\n                <dd>\n                    \n                        Comes fully assembled\n                    \n                </dd>\n            </dl>\n\n            \n            <dl>\n                <dt>\n                    Warranty\n                </dt>\n                <dd>\n                    \n                        5-year warranty<br>Terms and conditions apply. <a href=\"https://www.dwr.com/warranty.html\" target=\"_blank\">Learn more</a>\n                    \n                </dd>\n            </dl>\n\n            \n            \n\n            \n            \n\n            \n            \n        </div>\n    </div>\n</div>\n            </div>\n        ",
    "listSize": [
      {
        "size": "1x1",
        "price": 20670000,
        "stock": 99
      },
      {
        "size": "1x2",
        "price": 33670000,
        "stock": 76
      },
      {
        "size": "2x2",
        "price": 46670000,
        "stock": 93
      },
      {
        "size": "4x2",
        "price": 103870000,
        "stock": 64
      }
    ],
    "discountPercentage": 19,
    "thumbnail": "https://images.hermanmiller.group/m/4dc769c44330928b/W-HM_5280_194877_natural_a.png?trim=auto&trim-sd=1&blend-mode=darken&blend=f0f0f0&bg=f0f0f0&auto=format&w=90&h=auto&fit=fill",
    "images": [
      "https://images.hermanmiller.group/m/4dc769c44330928b/W-HM_5280_194877_natural_a.png?trim=auto&trim-sd=1&blend-mode=darken&blend=f0f0f0&bg=f0f0f0&auto=format&w=800&h=auto&fit=fill",
      "https://images.hermanmiller.group/m/4dc769c44330928b/W-HM_5280_194877_natural_a.png?trim=auto&trim-sd=1&blend-mode=darken&blend=f0f0f0&bg=f0f0f0&auto=format&w=800&h=auto&fit=fill",
      "https://images.hermanmiller.group/m/6c26881b07667d89/W-HM_5280_194877_natural_f.png?trim=auto&trim-sd=1&blend-mode=darken&blend=f0f0f0&bg=f0f0f0&auto=format&w=800&h=auto&fit=fill",
      "https://images.hermanmiller.group/m/17da3becfc8a4f1f/W-HM_5280_100074559_multi_black_v2_001.png?trim=auto&trim-sd=1&bg=f0f0f0&auto=format&w=800&h=auto&fit=fill",
      "https://images.hermanmiller.group/m/6e6dd4cb69be6a06/W-HM_5280_100074559_multi_black_v1_0298.png?trim=auto&trim-sd=1&bg=f0f0f0&auto=format&w=800&h=auto&fit=fill",
      "https://images.hermanmiller.group/m/7de9ed4e90da975b/W-HM_5667_537155_palisander_black_v3_0323.png?trim=auto&trim-sd=1&bg=f0f0f0&auto=format&w=800&h=auto&fit=fill",
      "https://images.hermanmiller.group/m/3132aad5de091db8/W-HM_5280_277310_multi_v2_001.png?trim=auto&trim-sd=1&bg=f0f0f0&auto=format&w=800&h=auto&fit=fill",
      "https://images.hermanmiller.group/m/95534d42a3b552c/W-HM_6230_103794_cherry_v2_013.png?trim=auto&trim-sd=1&bg=f0f0f0&auto=format&w=800&h=auto&fit=fill",
      "https://images.hermanmiller.group/m/8f6c1aaa37248440/W-HM_5280_294881_multi_zinc_plated_v1_001.png?trim=auto&trim-sd=1&bg=f0f0f0&auto=format&w=800&h=auto&fit=fill",
      "https://images.hermanmiller.group/m/9a6d05d6113e384e/W-HM_5280_294874_natural_zinc_v1_001.png?trim=auto&trim-sd=1&bg=f0f0f0&auto=format&w=800&h=auto&fit=fill",
      "https://images.hermanmiller.group/m/35bbd5ed05dc3617/W-LI_ESU_P_20031211_002.png?trim=auto&trim-sd=1&bg=f0f0f0&auto=format&w=800&h=auto&fit=fill",
      "https://images.hermanmiller.group/m/d3fdd2ce04144158/W-HM_5280_294867_natural_v1_001.png?trim=auto&trim-sd=1&bg=f0f0f0&auto=format&w=800&h=auto&fit=fill"
    ]
  },
  {
    "title": "Eames Storage Unit",
    "product_category_id": "6814cfdcf1571992850562fa",
    "description": "\n            <div class=\"collapse-body pdp-summary-group-body\">\n                \n<div class=\"row\">\n    <div class=\"pdp-summary-group-col-1 col-12 col-lg-5\">\n\n        \n        \n\n        \n        \n            <div class=\"mb-3\">\n                The innovative Eames Storage Unit (1950) was designed to be configured to fit a specific space or need. This original is an authentic, fully licensed product of Herman Miller, Inc. Eames is a licensed trademark of Herman Miller.\n            </div>\n        \n\n        \n        \n            <ul class=\"bulleted mb-3\">\n                \n                    <li>\n                        Modular modern storage solution.\n                    </li>\n                \n                    <li>\n                        Two color schemes.\n                    </li>\n                \n                    <li>\n                        Wood and steel.\n                    </li>\n                \n            </ul>\n                                \n\n        \n        \n    </div>\n\n    <div class=\"pdp-summary-group-col-2 col-12 col-lg-5 offset-lg-1\">\n        <div class=\"table table-content summary-table\">\n            \n                \n                \n                    <dl>\n                        <dt>\n                            Brand\n                        </dt>\n                        <dd>\n                            <a href=\"/brands-herman-miller?lang=en_US\">Herman Miller</a>\n                        </dd>\n                    </dl>\n                \n            \n            \n            \n            \n\n            \n            \n                <dl>\n                    <dt>\n                        General Dimensions\n                    </dt>\n                    <dd>\n                        <ul class=\"unstyled summary-pdp-dimensions-list\">\n                            \n                                <li>\n                                    32½\" H 47\" W 16\" D\n                                </li>\n                            \n                        </ul>\n                    </dd>\n                </dl>\n            \n\n            \n            \n\n            \n            \n                <dl>\n                    <dt>\n                        Product Weight\n                    </dt>\n                    <dd class=\"summary-weight\">\n                        93 lbs\n                    </dd>\n                </dl>\n            \n\n            \n            <dl>\n                <dt>\n                    Assembly\n                </dt>\n                <dd>\n                    \n                        Comes fully assembled\n                    \n                </dd>\n            </dl>\n\n            \n            <dl>\n                <dt>\n                    Warranty\n                </dt>\n                <dd>\n                    \n                        5-year warranty<br>Terms and conditions apply. <a href=\"https://www.dwr.com/warranty.html\" target=\"_blank\">Learn more</a>\n                    \n                </dd>\n            </dl>\n\n            \n            \n\n            \n            \n\n            \n            \n        </div>\n    </div>\n</div>\n            </div>\n        ",
    "listSize": [
      {
        "size": "1x1",
        "price": 20670000,
        "stock": 76
      },
      {
        "size": "1x2",
        "price": 33670000,
        "stock": 78
      },
      {
        "size": "2x2",
        "price": 46670000,
        "stock": 87
      },
      {
        "size": "4x2",
        "price": 103870000,
        "stock": 100
      }
    ],
    "discountPercentage": 23,
    "thumbnail": "https://images.hermanmiller.group/m/89773dd79d032740/W-HM_5280_100074559_zinc_multi_a.png?trim=auto&trim-sd=1&blend-mode=darken&blend=f0f0f0&bg=f0f0f0&auto=format&w=90&h=auto&fit=fill",
    "images": [
      "https://images.hermanmiller.group/m/89773dd79d032740/W-HM_5280_100074559_zinc_multi_a.png?trim=auto&trim-sd=1&blend-mode=darken&blend=f0f0f0&bg=f0f0f0&auto=format&w=800&h=auto&fit=fill",
      "https://images.hermanmiller.group/m/ff31ab851509133d/W-HM_5280_277310_zinc_multi_a.png?trim=auto&trim-sd=1&blend-mode=darken&blend=f0f0f0&bg=f0f0f0&auto=format&w=800&h=auto&fit=fill",
      "https://images.hermanmiller.group/m/17da3becfc8a4f1f/W-HM_5280_100074559_multi_black_v2_001.png?trim=auto&trim-sd=1&bg=f0f0f0&auto=format&w=800&h=auto&fit=fill",
      "https://images.hermanmiller.group/m/6e6dd4cb69be6a06/W-HM_5280_100074559_multi_black_v1_0298.png?trim=auto&trim-sd=1&bg=f0f0f0&auto=format&w=800&h=auto&fit=fill",
      "https://images.hermanmiller.group/m/7de9ed4e90da975b/W-HM_5667_537155_palisander_black_v3_0323.png?trim=auto&trim-sd=1&bg=f0f0f0&auto=format&w=800&h=auto&fit=fill",
      "https://images.hermanmiller.group/m/3132aad5de091db8/W-HM_5280_277310_multi_v2_001.png?trim=auto&trim-sd=1&bg=f0f0f0&auto=format&w=800&h=auto&fit=fill",
      "https://images.hermanmiller.group/m/95534d42a3b552c/W-HM_6230_103794_cherry_v2_013.png?trim=auto&trim-sd=1&bg=f0f0f0&auto=format&w=800&h=auto&fit=fill",
      "https://images.hermanmiller.group/m/8f6c1aaa37248440/W-HM_5280_294881_multi_zinc_plated_v1_001.png?trim=auto&trim-sd=1&bg=f0f0f0&auto=format&w=800&h=auto&fit=fill",
      "https://images.hermanmiller.group/m/9a6d05d6113e384e/W-HM_5280_294874_natural_zinc_v1_001.png?trim=auto&trim-sd=1&bg=f0f0f0&auto=format&w=800&h=auto&fit=fill",
      "https://images.hermanmiller.group/m/35bbd5ed05dc3617/W-LI_ESU_P_20031211_002.png?trim=auto&trim-sd=1&bg=f0f0f0&auto=format&w=800&h=auto&fit=fill",
      "https://images.hermanmiller.group/m/d3fdd2ce04144158/W-HM_5280_294867_natural_v1_001.png?trim=auto&trim-sd=1&bg=f0f0f0&auto=format&w=800&h=auto&fit=fill"
    ]
  },
  {
    "title": "Eames Storage Unit",
    "product_category_id": "6814cfdcf1571992850562fa",
    "description": "\n            <div class=\"collapse-body pdp-summary-group-body\">\n                \n<div class=\"row\">\n    <div class=\"pdp-summary-group-col-1 col-12 col-lg-5\">\n\n        \n        \n\n        \n        \n            <div class=\"mb-3\">\n                The innovative Eames Storage Unit (1950) was designed to be configured to fit a specific space or need. This original is an authentic, fully licensed product of Herman Miller, Inc. Eames is a licensed trademark of Herman Miller.\n            </div>\n        \n\n        \n        \n            <ul class=\"bulleted mb-3\">\n                \n                    <li>\n                        Modular modern storage solution.\n                    </li>\n                \n                    <li>\n                        Two color schemes.\n                    </li>\n                \n                    <li>\n                        Wood and steel.\n                    </li>\n                \n            </ul>\n                                \n\n        \n        \n    </div>\n\n    <div class=\"pdp-summary-group-col-2 col-12 col-lg-5 offset-lg-1\">\n        <div class=\"table table-content summary-table\">\n            \n                \n                \n                    <dl>\n                        <dt>\n                            Brand\n                        </dt>\n                        <dd>\n                            <a href=\"/brands-herman-miller?lang=en_US\">Herman Miller</a>\n                        </dd>\n                    </dl>\n                \n            \n            \n            \n            \n\n            \n            \n                <dl>\n                    <dt>\n                        General Dimensions\n                    </dt>\n                    <dd>\n                        <ul class=\"unstyled summary-pdp-dimensions-list\">\n                            \n                                <li>\n                                    20½\" H 47\" W 16\" D\n                                </li>\n                            \n                        </ul>\n                    </dd>\n                </dl>\n            \n\n            \n            \n\n            \n            \n                <dl>\n                    <dt>\n                        Product Weight\n                    </dt>\n                    <dd class=\"summary-weight\">\n                        75 lbs\n                    </dd>\n                </dl>\n            \n\n            \n            <dl>\n                <dt>\n                    Assembly\n                </dt>\n                <dd>\n                    \n                        Comes fully assembled\n                    \n                </dd>\n            </dl>\n\n            \n            <dl>\n                <dt>\n                    Warranty\n                </dt>\n                <dd>\n                    \n                        5-year warranty<br>Terms and conditions apply. <a href=\"https://www.dwr.com/warranty.html\" target=\"_blank\">Learn more</a>\n                    \n                </dd>\n            </dl>\n\n            \n            \n\n            \n            \n\n            \n            \n        </div>\n    </div>\n</div>\n            </div>\n        ",
    "listSize": [
      {
        "size": "1x1",
        "price": 20670000,
        "stock": 94
      },
      {
        "size": "1x2",
        "price": 33670000,
        "stock": 66
      },
      {
        "size": "2x2",
        "price": 46670000,
        "stock": 86
      },
      {
        "size": "4x2",
        "price": 103870000,
        "stock": 91
      }
    ],
    "discountPercentage": 24,
    "thumbnail": "https://images.hermanmiller.group/m/89773dd79d032740/W-HM_5280_100074559_zinc_multi_a.png?trim=auto&trim-sd=1&blend-mode=darken&blend=f0f0f0&bg=f0f0f0&auto=format&w=90&h=auto&fit=fill",
    "images": [
      "https://images.hermanmiller.group/m/89773dd79d032740/W-HM_5280_100074559_zinc_multi_a.png?trim=auto&trim-sd=1&blend-mode=darken&blend=f0f0f0&bg=f0f0f0&auto=format&w=800&h=auto&fit=fill",
      "https://images.hermanmiller.group/m/56343ca129d0a9c/W-HM_5280_100074720_Multi_f-jpg.png?trim=auto&trim-sd=1&blend-mode=darken&blend=f0f0f0&bg=f0f0f0&auto=format&w=800&h=auto&fit=fill",
      "https://images.hermanmiller.group/m/17da3becfc8a4f1f/W-HM_5280_100074559_multi_black_v2_001.png?trim=auto&trim-sd=1&bg=f0f0f0&auto=format&w=800&h=auto&fit=fill",
      "https://images.hermanmiller.group/m/6e6dd4cb69be6a06/W-HM_5280_100074559_multi_black_v1_0298.png?trim=auto&trim-sd=1&bg=f0f0f0&auto=format&w=800&h=auto&fit=fill",
      "https://images.hermanmiller.group/m/7de9ed4e90da975b/W-HM_5667_537155_palisander_black_v3_0323.png?trim=auto&trim-sd=1&bg=f0f0f0&auto=format&w=800&h=auto&fit=fill",
      "https://images.hermanmiller.group/m/3132aad5de091db8/W-HM_5280_277310_multi_v2_001.png?trim=auto&trim-sd=1&bg=f0f0f0&auto=format&w=800&h=auto&fit=fill",
      "https://images.hermanmiller.group/m/95534d42a3b552c/W-HM_6230_103794_cherry_v2_013.png?trim=auto&trim-sd=1&bg=f0f0f0&auto=format&w=800&h=auto&fit=fill",
      "https://images.hermanmiller.group/m/8f6c1aaa37248440/W-HM_5280_294881_multi_zinc_plated_v1_001.png?trim=auto&trim-sd=1&bg=f0f0f0&auto=format&w=800&h=auto&fit=fill",
      "https://images.hermanmiller.group/m/9a6d05d6113e384e/W-HM_5280_294874_natural_zinc_v1_001.png?trim=auto&trim-sd=1&bg=f0f0f0&auto=format&w=800&h=auto&fit=fill",
      "https://images.hermanmiller.group/m/35bbd5ed05dc3617/W-LI_ESU_P_20031211_002.png?trim=auto&trim-sd=1&bg=f0f0f0&auto=format&w=800&h=auto&fit=fill",
      "https://images.hermanmiller.group/m/d3fdd2ce04144158/W-HM_5280_294867_natural_v1_001.png?trim=auto&trim-sd=1&bg=f0f0f0&auto=format&w=800&h=auto&fit=fill"
    ]
  },
  {
    "title": "Eames Storage Unit",
    "product_category_id": "6814cfdcf1571992850562fa",
    "description": "\n            <div class=\"collapse-body pdp-summary-group-body\">\n                \n<div class=\"row\">\n    <div class=\"pdp-summary-group-col-1 col-12 col-lg-5\">\n\n        \n        \n\n        \n        \n            <div class=\"mb-3\">\n                The innovative Eames Storage Unit (1950) was designed to be configured to fit a specific space or need. This original is an authentic, fully licensed product of Herman Miller, Inc. Eames is a licensed trademark of Herman Miller.\n            </div>\n        \n\n        \n        \n            <ul class=\"bulleted mb-3\">\n                \n                    <li>\n                        Modular modern storage solution.\n                    </li>\n                \n                    <li>\n                        Two color schemes.\n                    </li>\n                \n                    <li>\n                        Wood and steel.\n                    </li>\n                \n            </ul>\n                                \n\n        \n        \n    </div>\n\n    <div class=\"pdp-summary-group-col-2 col-12 col-lg-5 offset-lg-1\">\n        <div class=\"table table-content summary-table\">\n            \n                \n                \n                    <dl>\n                        <dt>\n                            Brand\n                        </dt>\n                        <dd>\n                            <a href=\"/brands-herman-miller?lang=en_US\">Herman Miller</a>\n                        </dd>\n                    </dl>\n                \n            \n            \n            \n            \n\n            \n            \n                <dl>\n                    <dt>\n                        General Dimensions\n                    </dt>\n                    <dd>\n                        <ul class=\"unstyled summary-pdp-dimensions-list\">\n                            \n                                <li>\n                                    20½\" H 24½\" W 16\" D\n                                </li>\n                            \n                        </ul>\n                    </dd>\n                </dl>\n            \n\n            \n            \n\n            \n            \n                <dl>\n                    <dt>\n                        Product Weight\n                    </dt>\n                    <dd class=\"summary-weight\">\n                        15 lbs\n                    </dd>\n                </dl>\n            \n\n            \n            <dl>\n                <dt>\n                    Assembly\n                </dt>\n                <dd>\n                    \n                        Comes fully assembled\n                    \n                </dd>\n            </dl>\n\n            \n            <dl>\n                <dt>\n                    Warranty\n                </dt>\n                <dd>\n                    \n                        5-year warranty<br>Terms and conditions apply. <a href=\"https://www.dwr.com/warranty.html\" target=\"_blank\">Learn more</a>\n                    \n                </dd>\n            </dl>\n\n            \n            \n\n            \n            \n\n            \n            \n        </div>\n    </div>\n</div>\n            </div>\n        ",
    "listSize": [
      {
        "size": "1x1",
        "price": 20670000,
        "stock": 57
      },
      {
        "size": "1x2",
        "price": 33670000,
        "stock": 87
      },
      {
        "size": "2x2",
        "price": 46670000,
        "stock": 73
      },
      {
        "size": "4x2",
        "price": 103870000,
        "stock": 67
      }
    ],
    "discountPercentage": 26,
    "thumbnail": "https://images.hermanmiller.group/m/89773dd79d032740/W-HM_5280_100074559_zinc_multi_a.png?trim=auto&trim-sd=1&blend-mode=darken&blend=f0f0f0&bg=f0f0f0&auto=format&w=90&h=auto&fit=fill",
    "images": [
      "https://images.hermanmiller.group/m/89773dd79d032740/W-HM_5280_100074559_zinc_multi_a.png?trim=auto&trim-sd=1&blend-mode=darken&blend=f0f0f0&bg=f0f0f0&auto=format&w=800&h=auto&fit=fill",
      "https://images.hermanmiller.group/m/10ca1f6566dc60af/W-HM_5280_100074553_Multi_f-jpg.png?trim=auto&trim-sd=1&blend-mode=darken&blend=f0f0f0&bg=f0f0f0&auto=format&w=800&h=auto&fit=fill",
      "https://images.hermanmiller.group/m/17da3becfc8a4f1f/W-HM_5280_100074559_multi_black_v2_001.png?trim=auto&trim-sd=1&bg=f0f0f0&auto=format&w=800&h=auto&fit=fill",
      "https://images.hermanmiller.group/m/6e6dd4cb69be6a06/W-HM_5280_100074559_multi_black_v1_0298.png?trim=auto&trim-sd=1&bg=f0f0f0&auto=format&w=800&h=auto&fit=fill",
      "https://images.hermanmiller.group/m/7de9ed4e90da975b/W-HM_5667_537155_palisander_black_v3_0323.png?trim=auto&trim-sd=1&bg=f0f0f0&auto=format&w=800&h=auto&fit=fill",
      "https://images.hermanmiller.group/m/3132aad5de091db8/W-HM_5280_277310_multi_v2_001.png?trim=auto&trim-sd=1&bg=f0f0f0&auto=format&w=800&h=auto&fit=fill",
      "https://images.hermanmiller.group/m/95534d42a3b552c/W-HM_6230_103794_cherry_v2_013.png?trim=auto&trim-sd=1&bg=f0f0f0&auto=format&w=800&h=auto&fit=fill",
      "https://images.hermanmiller.group/m/8f6c1aaa37248440/W-HM_5280_294881_multi_zinc_plated_v1_001.png?trim=auto&trim-sd=1&bg=f0f0f0&auto=format&w=800&h=auto&fit=fill",
      "https://images.hermanmiller.group/m/9a6d05d6113e384e/W-HM_5280_294874_natural_zinc_v1_001.png?trim=auto&trim-sd=1&bg=f0f0f0&auto=format&w=800&h=auto&fit=fill",
      "https://images.hermanmiller.group/m/35bbd5ed05dc3617/W-LI_ESU_P_20031211_002.png?trim=auto&trim-sd=1&bg=f0f0f0&auto=format&w=800&h=auto&fit=fill",
      "https://images.hermanmiller.group/m/d3fdd2ce04144158/W-HM_5280_294867_natural_v1_001.png?trim=auto&trim-sd=1&bg=f0f0f0&auto=format&w=800&h=auto&fit=fill"
    ]
  },
  {
    "title": "Matera Storage Bench",
    "product_category_id": "6814cfdcf1571992850562fa",
    "description": "\n            <div class=\"collapse-body pdp-summary-group-body\">\n                \n<div class=\"row\">\n    <div class=\"pdp-summary-group-col-1 col-12 col-lg-5\">\n\n        \n        \n\n        \n        \n            <div class=\"mb-3\">\n                The Matera Collection (2007), focused on delivering ample storage, is the work of Sean Yoo, who at the time of its conception lived in Matera, Italy. The Matera Storage Bench features clean lines nicely finished with beveled edges, running match-wood grain, and exposed-slot mortise-and-tenon corner joints, plus a sled base that lends an airy feel. It offers extra room for clothing, bedding and more, with a hinged top for convenient access. Made in Malaysia.\n            </div>\n        \n\n        \n        \n            <ul class=\"bulleted mb-3\">\n                \n                    <li>\n                        Sleek storage solution.\n                    </li>\n                \n                    <li>\n                        Solid wood frame secured with mortise-and-tenon corner joints.\n                    </li>\n                \n                    <li>\n                        Hinged top lifts up to reveal roomy storage space inside.\n                    </li>\n                \n            </ul>\n                                \n\n        \n        \n    </div>\n\n    <div class=\"pdp-summary-group-col-2 col-12 col-lg-5 offset-lg-1\">\n        <div class=\"table table-content summary-table\">\n            \n                \n                \n                    <dl>\n                        <dt>\n                            Brand\n                        </dt>\n                        <dd>\n                            <a href=\"/brands-design-within-reach?lang=en_US\">Design Within Reach</a>\n                        </dd>\n                    </dl>\n                \n            \n            \n            \n            \n                <dl>\n                    <dt>\n                        Collection\n                    </dt>\n                    <dd>\n                        <a href=\"/collection-matera?lang=en_US\">Matera Collection</a>\n                    </dd>\n                </dl>\n            \n\n            \n            \n                <dl>\n                    <dt>\n                        General Dimensions\n                    </dt>\n                    <dd>\n                        <ul class=\"unstyled summary-pdp-dimensions-list\">\n                            \n                                <li>\n                                    15\" H 64⅝\" W 17⅜\" D\n                                </li>\n                            \n                        </ul>\n                    </dd>\n                </dl>\n            \n\n            \n            \n\n            \n            \n                <dl>\n                    <dt>\n                        Product Weight\n                    </dt>\n                    <dd class=\"summary-weight\">\n                        88.25 lbs\n                    </dd>\n                </dl>\n            \n\n            \n            <dl>\n                <dt>\n                    Assembly\n                </dt>\n                <dd>\n                    \n                        Comes fully assembled\n                    \n                </dd>\n            </dl>\n\n            \n            <dl>\n                <dt>\n                    Warranty\n                </dt>\n                <dd>\n                    \n                        1-year warranty<br>Terms and conditions apply. <a href=\"https://www.dwr.com/warranty.html\" target=\"_blank\">Learn more</a>\n                    \n                </dd>\n            </dl>\n\n            \n            \n\n            \n            \n\n            \n            \n        </div>\n    </div>\n</div>\n            </div>\n        ",
    "listSize": [
      {
        "size": "Small",
        "price": 46670000,
        "stock": 58
      },
      {
        "size": "Large",
        "price": 54470000,
        "stock": 82
      }
    ],
    "discountPercentage": 20,
    "thumbnail": "https://images.hermanmiller.group/m/2701e3f341cd77f4/W-DWR_2635_9178854_walnut_f.png?trim=auto&trim-sd=1&blend-mode=darken&blend=f0f0f0&bg=f0f0f0&auto=format&w=90&h=auto&fit=fill",
    "images": [
      "https://images.hermanmiller.group/m/2701e3f341cd77f4/W-DWR_2635_9178854_walnut_f.png?trim=auto&trim-sd=1&blend-mode=darken&blend=f0f0f0&bg=f0f0f0&auto=format&w=800&h=auto&fit=fill",
      "https://images.hermanmiller.group/m/ca073d28b5ed7f4b/W-DWR_2635_9178881_walnut_d3.png?trim=auto&trim-sd=1&blend-mode=darken&blend=f0f0f0&bg=f0f0f0&auto=format&w=800&h=auto&fit=fill",
      "https://images.hermanmiller.group/m/8ad2db565529ce20/W-DWR_2635_9178854_walnut_v1_002.png?trim=auto&trim-sd=1&bg=f0f0f0&auto=format&w=800&h=auto&fit=fill",
      "https://images.hermanmiller.group/m/4d7256422bf577b0/W-DWR_2635_9178854_walnut_v1_001.png?trim=auto&trim-sd=1&bg=f0f0f0&auto=format&w=800&h=auto&fit=fill"
    ]
  },
  {
    "title": "Matera Storage Bench",
    "product_category_id": "6814cfdcf1571992850562fa",
    "description": "\n            <div class=\"collapse-body pdp-summary-group-body\">\n                \n<div class=\"row\">\n    <div class=\"pdp-summary-group-col-1 col-12 col-lg-5\">\n\n        \n        \n\n        \n        \n            <div class=\"mb-3\">\n                The Matera Collection (2007), focused on delivering ample storage, is the work of Sean Yoo, who at the time of its conception lived in Matera, Italy. The Matera Storage Bench features clean lines nicely finished with beveled edges, running match-wood grain, and exposed-slot mortise-and-tenon corner joints, plus a sled base that lends an airy feel. It offers extra room for clothing, bedding and more, with a hinged top for convenient access. Made in Malaysia.\n            </div>\n        \n\n        \n        \n            <ul class=\"bulleted mb-3\">\n                \n                    <li>\n                        Sleek storage solution.\n                    </li>\n                \n                    <li>\n                        Solid wood frame secured with mortise-and-tenon corner joints.\n                    </li>\n                \n                    <li>\n                        Hinged top lifts up to reveal roomy storage space inside.\n                    </li>\n                \n            </ul>\n                                \n\n        \n        \n    </div>\n\n    <div class=\"pdp-summary-group-col-2 col-12 col-lg-5 offset-lg-1\">\n        <div class=\"table table-content summary-table\">\n            \n                \n                \n                    <dl>\n                        <dt>\n                            Brand\n                        </dt>\n                        <dd>\n                            <a href=\"/brands-design-within-reach?lang=en_US\">Design Within Reach</a>\n                        </dd>\n                    </dl>\n                \n            \n            \n            \n            \n                <dl>\n                    <dt>\n                        Collection\n                    </dt>\n                    <dd>\n                        <a href=\"/collection-matera?lang=en_US\">Matera Collection</a>\n                    </dd>\n                </dl>\n            \n\n            \n            \n                <dl>\n                    <dt>\n                        General Dimensions\n                    </dt>\n                    <dd>\n                        <ul class=\"unstyled summary-pdp-dimensions-list\">\n                            \n                                <li>\n                                    15\" H 43⅜\" W 17⅜\" D\n                                </li>\n                            \n                        </ul>\n                    </dd>\n                </dl>\n            \n\n            \n            \n\n            \n            \n                <dl>\n                    <dt>\n                        Product Weight\n                    </dt>\n                    <dd class=\"summary-weight\">\n                        72.5 lbs\n                    </dd>\n                </dl>\n            \n\n            \n            <dl>\n                <dt>\n                    Assembly\n                </dt>\n                <dd>\n                    \n                        Comes fully assembled\n                    \n                </dd>\n            </dl>\n\n            \n            <dl>\n                <dt>\n                    Warranty\n                </dt>\n                <dd>\n                    \n                        1-year warranty<br>Terms and conditions apply. <a href=\"https://www.dwr.com/warranty.html\" target=\"_blank\">Learn more</a>\n                    \n                </dd>\n            </dl>\n\n            \n            \n\n            \n            \n\n            \n            \n        </div>\n    </div>\n</div>\n            </div>\n        ",
    "listSize": [
      {
        "size": "Small",
        "price": 41470000,
        "stock": 68
      },
      {
        "size": "Large",
        "price": 49270000,
        "stock": 65
      }
    ],
    "discountPercentage": 18,
    "thumbnail": "https://images.hermanmiller.group/m/b20559174c89dafa/W-DWR_2635_9178845_oak_f.png?trim=auto&trim-sd=1&blend-mode=darken&blend=f0f0f0&bg=f0f0f0&auto=format&w=90&h=auto&fit=fill",
    "images": [
      "https://images.hermanmiller.group/m/b20559174c89dafa/W-DWR_2635_9178845_oak_f.png?trim=auto&trim-sd=1&blend-mode=darken&blend=f0f0f0&bg=f0f0f0&auto=format&w=800&h=auto&fit=fill",
      "https://images.hermanmiller.group/m/8ad2db565529ce20/W-DWR_2635_9178854_walnut_v1_002.png?trim=auto&trim-sd=1&bg=f0f0f0&auto=format&w=800&h=auto&fit=fill",
      "https://images.hermanmiller.group/m/4d7256422bf577b0/W-DWR_2635_9178854_walnut_v1_001.png?trim=auto&trim-sd=1&bg=f0f0f0&auto=format&w=800&h=auto&fit=fill"
    ]
  },
  {
    "title": "Line Storage Bench",
    "product_category_id": "6814cfdcf1571992850562fa",
    "description": "\n            <div class=\"collapse-body pdp-summary-group-body\">\n                \n<div class=\"row\">\n    <div class=\"pdp-summary-group-col-1 col-12 col-lg-5\">\n\n        \n        \n\n        \n        \n            <div class=\"mb-3\">\n                A customer favorite since its debut, the Line Collection features geometric frames made out of precisely crafted oak or walnut. It's distinguished by its strong horizontal lines that reflect natural landscapes and lend a sense of restfulness and calm. The Line Storage Bench (2019) features a lift-up top with convenient lid-stay hardware, providing room for storing extra linens, clothes, and more. Made in Malaysia.\n            </div>\n        \n\n        \n        \n            <ul class=\"bulleted mb-3\">\n                \n                    <li>\n                        Sleek modern storage bench.\n                    </li>\n                \n                    <li>\n                        Versatile storage solution for small spaces.\n                    </li>\n                \n                    <li>\n                        Lift-up top with convenient lid-stay hardware.\n                    </li>\n                \n            </ul>\n                                \n\n        \n        \n    </div>\n\n    <div class=\"pdp-summary-group-col-2 col-12 col-lg-5 offset-lg-1\">\n        <div class=\"table table-content summary-table\">\n            \n                \n                \n                    <dl>\n                        <dt>\n                            Brand\n                        </dt>\n                        <dd>\n                            <a href=\"/brands-design-within-reach?lang=en_US\">Design Within Reach</a>\n                        </dd>\n                    </dl>\n                \n            \n            \n            \n            \n                <dl>\n                    <dt>\n                        Collection\n                    </dt>\n                    <dd>\n                        <a href=\"/collection-line?lang=en_US\">Line Collection</a>\n                    </dd>\n                </dl>\n            \n\n            \n            \n                <dl>\n                    <dt>\n                        General Dimensions\n                    </dt>\n                    <dd>\n                        <ul class=\"unstyled summary-pdp-dimensions-list\">\n                            \n                                <li>\n                                    15½\" H 60\" W 19¾\" D\n                                </li>\n                            \n                        </ul>\n                    </dd>\n                </dl>\n            \n\n            \n            \n\n            \n            \n\n            \n            <dl>\n                <dt>\n                    Assembly\n                </dt>\n                <dd>\n                    \n                        Comes fully assembled\n                    \n                </dd>\n            </dl>\n\n            \n            <dl>\n                <dt>\n                    Warranty\n                </dt>\n                <dd>\n                    \n                        1-year warranty<br>Terms and conditions apply. <a href=\"https://www.dwr.com/warranty.html\" target=\"_blank\">Learn more</a>\n                    \n                </dd>\n            </dl>\n\n            \n            \n\n            \n            \n\n            \n            \n        </div>\n    </div>\n</div>\n            </div>\n        ",
    "listSize": [
      {
        "size": "Small",
        "price": 44070000,
        "stock": 60
      },
      {
        "size": "Large",
        "price": 51870000,
        "stock": 85
      }
    ],
    "discountPercentage": 20,
    "thumbnail": "https://images.hermanmiller.group/m/d8a96cb23420874c/W-DWR_2516169_100143703_oak_f.png?trim=auto&trim-sd=1&blend-mode=darken&blend=f0f0f0&bg=f0f0f0&auto=format&w=90&h=auto&fit=fill",
    "images": [
      "https://images.hermanmiller.group/m/d8a96cb23420874c/W-DWR_2516169_100143703_oak_f.png?trim=auto&trim-sd=1&blend-mode=darken&blend=f0f0f0&bg=f0f0f0&auto=format&w=800&h=auto&fit=fill",
      "https://images.hermanmiller.group/m/efea6860d6494f29/W-DWR_2516169_100143703_oak_a.png?trim=auto&trim-sd=1&blend-mode=darken&blend=f0f0f0&bg=f0f0f0&auto=format&w=800&h=auto&fit=fill",
      "https://images.hermanmiller.group/m/fb8064886c26765e/W-DWR_2516169_100143699_oak_d2.png?trim=auto&trim-sd=1&blend-mode=darken&blend=f0f0f0&bg=f0f0f0&auto=format&w=800&h=auto&fit=fill",
      "https://images.hermanmiller.group/m/ee0c461cfbc21f4f/W-DWR_2516169_100143703_oak_d1.png?trim=auto&trim-sd=1&blend-mode=darken&blend=f0f0f0&bg=f0f0f0&auto=format&w=800&h=auto&fit=fill",
      "https://images.hermanmiller.group/m/ed8435de38153d24/W-DWR_2516169_100143701_walnut_v1_002.png?trim=auto&trim-sd=1&bg=f0f0f0&auto=format&w=800&h=auto&fit=fill"
    ]
  },
  {
    "title": "Line Storage Bench",
    "product_category_id": "6814cfdcf1571992850562fa",
    "description": "\n            <div class=\"collapse-body pdp-summary-group-body\">\n                \n<div class=\"row\">\n    <div class=\"pdp-summary-group-col-1 col-12 col-lg-5\">\n\n        \n        \n\n        \n        \n            <div class=\"mb-3\">\n                A customer favorite since its debut, the Line Collection features geometric frames made out of precisely crafted oak or walnut. It's distinguished by its strong horizontal lines that reflect natural landscapes and lend a sense of restfulness and calm. The Line Storage Bench (2019) features a lift-up top with convenient lid-stay hardware, providing room for storing extra linens, clothes, and more. Made in Malaysia.\n            </div>\n        \n\n        \n        \n            <ul class=\"bulleted mb-3\">\n                \n                    <li>\n                        Sleek modern storage bench.\n                    </li>\n                \n                    <li>\n                        Versatile storage solution for small spaces.\n                    </li>\n                \n                    <li>\n                        Lift-up top with convenient lid-stay hardware.\n                    </li>\n                \n            </ul>\n                                \n\n        \n        \n    </div>\n\n    <div class=\"pdp-summary-group-col-2 col-12 col-lg-5 offset-lg-1\">\n        <div class=\"table table-content summary-table\">\n            \n                \n                \n                    <dl>\n                        <dt>\n                            Brand\n                        </dt>\n                        <dd>\n                            <a href=\"/brands-design-within-reach?lang=en_US\">Design Within Reach</a>\n                        </dd>\n                    </dl>\n                \n            \n            \n            \n            \n                <dl>\n                    <dt>\n                        Collection\n                    </dt>\n                    <dd>\n                        <a href=\"/collection-line?lang=en_US\">Line Collection</a>\n                    </dd>\n                </dl>\n            \n\n            \n            \n                <dl>\n                    <dt>\n                        General Dimensions\n                    </dt>\n                    <dd>\n                        <ul class=\"unstyled summary-pdp-dimensions-list\">\n                            \n                                <li>\n                                    15½\" H 48\" W 19¾\" D\n                                </li>\n                            \n                        </ul>\n                    </dd>\n                </dl>\n            \n\n            \n            \n\n            \n            \n\n            \n            <dl>\n                <dt>\n                    Assembly\n                </dt>\n                <dd>\n                    \n                        Comes fully assembled\n                    \n                </dd>\n            </dl>\n\n            \n            <dl>\n                <dt>\n                    Warranty\n                </dt>\n                <dd>\n                    \n                        1-year warranty<br>Terms and conditions apply. <a href=\"https://www.dwr.com/warranty.html\" target=\"_blank\">Learn more</a>\n                    \n                </dd>\n            </dl>\n\n            \n            \n\n            \n            \n\n            \n            \n        </div>\n    </div>\n</div>\n            </div>\n        ",
    "listSize": [
      {
        "size": "Small",
        "price": 44070000,
        "stock": 73
      },
      {
        "size": "Large",
        "price": 49270000,
        "stock": 59
      }
    ],
    "discountPercentage": 30,
    "thumbnail": "https://images.hermanmiller.group/m/819514e138e24af6/W-DWR_2516169_100143704_black_f.png?trim=auto&trim-sd=1&blend-mode=darken&blend=f0f0f0&bg=f0f0f0&auto=format&w=90&h=auto&fit=fill",
    "images": [
      "https://images.hermanmiller.group/m/819514e138e24af6/W-DWR_2516169_100143704_black_f.png?trim=auto&trim-sd=1&blend-mode=darken&blend=f0f0f0&bg=f0f0f0&auto=format&w=800&h=auto&fit=fill",
      "https://images.hermanmiller.group/m/ed8435de38153d24/W-DWR_2516169_100143701_walnut_v1_002.png?trim=auto&trim-sd=1&bg=f0f0f0&auto=format&w=800&h=auto&fit=fill"
    ]
  },
  {
    "title": "Gridy Fungi Shelf",
    "product_category_id": "6814cfdcf1571992850562fa",
    "description": "\n            <div class=\"collapse-body pdp-summary-group-body\">\n                \n<div class=\"row\">\n    <div class=\"pdp-summary-group-col-1 col-12 col-lg-5\">\n\n        \n        \n\n        \n        \n            <div class=\"mb-3\">\n                Beautiful shelves inspired by one of nature's more whimsical features; the shelf fungus that grows horizontally out of trees in the woods. Use the Gridy Fungi Shelf beside the bed, as a decorative element in the living room, to display colorful spices in the kitchen, or as a landing pad for keys by the front door. Made in Vietnam.\n            </div>\n        \n\n        \n        \n            <ul class=\"bulleted mb-3\">\n                \n                    <li>\n                        Two metal keyholes on the wall-facing surface for easy installation.\n                    </li>\n                \n                    <li>\n                        Mounting hardware included.\n                    </li>\n                \n            </ul>\n                                \n\n        \n        \n    </div>\n\n    <div class=\"pdp-summary-group-col-2 col-12 col-lg-5 offset-lg-1\">\n        <div class=\"table table-content summary-table\">\n            \n                \n                \n                    <dl>\n                        <dt>\n                            Brand\n                        </dt>\n                        <dd>\n                            <a href=\"/brands-audo-copenhagen?lang=en_US\">Audo Copenhagen</a>\n                        </dd>\n                    </dl>\n                \n            \n            \n            \n            \n\n            \n            \n                <dl>\n                    <dt>\n                        General Dimensions\n                    </dt>\n                    <dd>\n                        <ul class=\"unstyled summary-pdp-dimensions-list\">\n                            \n                                <li>\n                                    2\" H 16⅝\" W 8⅜\" D\n                                </li>\n                            \n                        </ul>\n                    </dd>\n                </dl>\n            \n\n            \n            \n\n            \n            \n                <dl>\n                    <dt>\n                        Product Weight\n                    </dt>\n                    <dd class=\"summary-weight\">\n                        3.5 lbs\n                    </dd>\n                </dl>\n            \n\n            \n            <dl>\n                <dt>\n                    Assembly\n                </dt>\n                <dd>\n                    \n                        Comes fully assembled\n                    \n                </dd>\n            </dl>\n\n            \n            <dl>\n                <dt>\n                    Warranty\n                </dt>\n                <dd>\n                    \n                        2-year warranty<br>Terms and conditions apply. <a href=\"https://www.dwr.com/warranty.html\" target=\"_blank\">Learn more</a>\n                    \n                </dd>\n            </dl>\n\n            \n            \n\n            \n            \n\n            \n            \n        </div>\n    </div>\n</div>\n            </div>\n        ",
    "listSize": [
      {
        "size": "Small",
        "price": 2860000,
        "stock": 71
      },
      {
        "size": "Medium",
        "price": 3770000,
        "stock": 87
      },
      {
        "size": "Large",
        "price": 5200000,
        "stock": 85
      }
    ],
    "discountPercentage": 22,
    "thumbnail": "https://images.hermanmiller.group/m/4f8a8b55f656d4e0/W-DWR_2519207_100192369_natural_oak_f.png?trim=auto&trim-sd=1&blend-mode=darken&blend=f0f0f0&bg=f0f0f0&auto=format&w=90&h=auto&fit=fill",
    "images": [
      "https://images.hermanmiller.group/m/4f8a8b55f656d4e0/W-DWR_2519207_100192369_natural_oak_f.png?trim=auto&trim-sd=1&blend-mode=darken&blend=f0f0f0&bg=f0f0f0&auto=format&w=800&h=auto&fit=fill",
      "https://images.hermanmiller.group/m/9f7ad05be0b1adf5/W-DWR_2519207_100192371_dark_oak_d_v1.png?trim=auto&trim-sd=1&bg=f0f0f0&auto=format&w=800&h=auto&fit=fill",
      "https://images.hermanmiller.group/m/849627713a291024/W-DWR_2519207_100192370_black_oak_d_v1.png?trim=auto&trim-sd=1&bg=f0f0f0&auto=format&w=800&h=auto&fit=fill",
      "https://images.hermanmiller.group/m/4aea1c79da915054/W-DWR_2519207_100192365_dark_oak_d_v1.png?trim=auto&trim-sd=1&bg=f0f0f0&auto=format&w=800&h=auto&fit=fill",
      "https://images.hermanmiller.group/m/52b431a120cb952b/W-DWR_2519207_100192364_black_oak_d_v1.png?trim=auto&trim-sd=1&bg=f0f0f0&auto=format&w=800&h=auto&fit=fill",
      "https://images.hermanmiller.group/m/f5559ce4b6b415a0/W-DWR_2519207_100192363_natural_oak_d_v1.png?trim=auto&trim-sd=1&bg=f0f0f0&auto=format&w=800&h=auto&fit=fill"
    ]
  },
  {
    "title": "Corniche Shelving",
    "product_category_id": "6814cfdcf1571992850562fa",
    "description": "\n            <div class=\"collapse-body pdp-summary-group-body\">\n                \n<div class=\"row\">\n    <div class=\"pdp-summary-group-col-1 col-12 col-lg-5\">\n\n        \n        \n\n        \n        \n            <div class=\"mb-3\">\n                Brothers Ronan and Erwan Bouroullec are dedicated to the organization of interior spaces. Their wall-mounted Corniches (2012) create small, unobtrusive, accessible storage spaces for all kinds of practical and ornamental objects. Whether used as a place to store car keys beside the front door, a spot for a soap dispenser in the bathroom, or a shelf for a favorite photo, Corniches offer a new way to use the walls in your living space. Made in Italy.\n            </div>\n        \n\n        \n        \n            <ul class=\"bulleted mb-3\">\n                \n                    <li>\n                        Small and unobtrusive.\n                    </li>\n                \n                    <li>\n                        Easily accessible.\n                    </li>\n                \n                    <li>\n                        Practical.\n                    </li>\n                \n            </ul>\n                                \n\n        \n        \n    </div>\n\n    <div class=\"pdp-summary-group-col-2 col-12 col-lg-5 offset-lg-1\">\n        <div class=\"table table-content summary-table\">\n            \n                \n                \n                    <dl>\n                        <dt>\n                            Brand\n                        </dt>\n                        <dd>\n                            <a href=\"/brands-vitra?lang=en_US\">Vitra</a>\n                        </dd>\n                    </dl>\n                \n            \n            \n            \n            \n\n            \n            \n                <dl>\n                    <dt>\n                        General Dimensions\n                    </dt>\n                    <dd>\n                        <ul class=\"unstyled summary-pdp-dimensions-list\">\n                            \n                                <li>\n                                    4½\" H 8¼\" W 5¾\" D\n                                </li>\n                            \n                        </ul>\n                    </dd>\n                </dl>\n            \n\n            \n            \n\n            \n            \n                <dl>\n                    <dt>\n                        Product Weight\n                    </dt>\n                    <dd class=\"summary-weight\">\n                        2.25 lbs\n                    </dd>\n                </dl>\n            \n\n            \n            <dl>\n                <dt>\n                    Assembly\n                </dt>\n                <dd>\n                    \n                        Requires Assembly\n                    \n                </dd>\n            </dl>\n\n            \n            <dl>\n                <dt>\n                    Warranty\n                </dt>\n                <dd>\n                    \n                        5-year warranty<br>Terms and conditions apply. <a href=\"https://www.dwr.com/warranty.html\" target=\"_blank\">Learn more</a>\n                    \n                </dd>\n            </dl>\n\n            \n            \n\n            \n            \n\n            \n            \n        </div>\n    </div>\n</div>\n            </div>\n        ",
    "listSize": [
      {
        "size": "Small\n                                            \n\n\n\n\ndisable-danger",
        "price": 2990000,
        "stock": 99
      }
    ],
    "discountPercentage": 15,
    "thumbnail": "https://images.hermanmiller.group/m/429076a9606bdad7/W-DWR_4870_677448_japanese_red_f-jpg.png?trim=auto&trim-sd=1&blend-mode=darken&blend=f0f0f0&bg=f0f0f0&auto=format&w=90&h=auto&fit=fill",
    "images": [
      "https://images.hermanmiller.group/m/429076a9606bdad7/W-DWR_4870_677448_japanese_red_f-jpg.png?trim=auto&trim-sd=1&blend-mode=darken&blend=f0f0f0&bg=f0f0f0&auto=format&w=800&h=auto&fit=fill",
      "https://images.hermanmiller.group/m/e2d5d4043b5860d9/W-DWR_4870_677448_red.png?trim=auto&trim-sd=1&blend-mode=darken&blend=f0f0f0&bg=f0f0f0&auto=format&w=800&h=auto&fit=fill",
      "https://images.hermanmiller.group/m/7ac0a27c0f00f99a/W-DWR_4870_677448_red_cp.png?trim=auto&trim-sd=1&blend-mode=darken&blend=f0f0f0&bg=f0f0f0&auto=format&w=800&h=auto&fit=fill",
      "https://images.hermanmiller.group/m/5457c810324e2db5/W-DWR_4870_677448_red_cf.png?trim=auto&trim-sd=1&blend-mode=darken&blend=f0f0f0&bg=f0f0f0&auto=format&w=800&h=auto&fit=fill",
      "https://images.hermanmiller.group/m/6fc446920c89d57a/W-DWR_4870_677370_white_v2.png?trim=auto&trim-sd=1&bg=f0f0f0&auto=format&w=800&h=auto&fit=fill",
      "https://images.hermanmiller.group/m/9ed48162776c811f/W-DWR_4870_677349_white_v1.png?trim=auto&trim-sd=1&bg=f0f0f0&auto=format&w=800&h=auto&fit=fill"
    ]
  }
]
