[
  {
    "title": "OE1 Trolley",
    "product_category_id": "6814d6bbd4982e02496b66f3",
    "description": "\n            <div class=\"collapse-body pdp-summary-group-body\">\n                \n<div class=\"row\">\n    <div class=\"pdp-summary-group-col-1 col-12 col-lg-5\">\n\n        \n        \n\n        \n        \n            <div class=\"mb-3\">\n                An essential modern storage piece, the OE1 Trolley (2020) began with a desire to simplify people’s lives in an inspirational way. It is the work of Kim Colin and Sam Hecht, who designed the entire OE1 Series with a minimalist aesthetic and flexible functionality that bring stillness and utility to the home or office. Organize your work, bills, school supplies, crafts, art projects, and more with the combination of shelves and drawers that works for you. OE1 is designed to work individually, in multiples, and with what you already have. Trolley with file drawer holds letter- and legal-size folders.\n            </div>\n        \n\n        \n        \n            <ul class=\"bulleted mb-3\">\n                \n                    <li>\n                        A minimalist aesthetic and a slim profile for the office or home.\n                    </li>\n                \n                    <li>\n                        Durable steel and sheet metal welded construction.\n                    </li>\n                \n                    <li>\n                        Moves easily to instantly adapt to shifting needs or room arrangements.\n                    </li>\n                \n                    <li>\n                        Works instantly with existing furniture, and you can choose a color that stands out or blends in.\n                    </li>\n                \n                    <li>\n                        Top tray is a convenient catch-all with a rim around the edge to keep small items in place.\n                    </li>\n                \n            </ul>\n                                \n\n        \n        \n    </div>\n\n    <div class=\"pdp-summary-group-col-2 col-12 col-lg-5 offset-lg-1\">\n        <div class=\"table table-content summary-table\">\n            \n                \n                \n                    <dl>\n                        <dt>\n                            Brand\n                        </dt>\n                        <dd>\n                            <a href=\"/brands-herman-miller?lang=en_US\">Herman Miller</a>\n                        </dd>\n                    </dl>\n                \n            \n            \n            \n            \n                <dl>\n                    <dt>\n                        Collection\n                    </dt>\n                    <dd>\n                        <a href=\"/collection-oe1?lang=en_US\">OE1 Collection</a>\n                    </dd>\n                </dl>\n            \n\n            \n            \n                <dl>\n                    <dt>\n                        General Dimensions\n                    </dt>\n                    <dd>\n                        <ul class=\"unstyled summary-pdp-dimensions-list\">\n                            \n                                <li>\n                                    22\" H 20\" W 11\" D\n                                </li>\n                            \n                        </ul>\n                    </dd>\n                </dl>\n            \n\n            \n            \n\n            \n            \n\n            \n            <dl>\n                <dt>\n                    Assembly\n                </dt>\n                <dd>\n                    \n                        Requires Assembly\n                    \n                </dd>\n            </dl>\n\n            \n            <dl>\n                <dt>\n                    Warranty\n                </dt>\n                <dd>\n                    \n                        12-year warranty<br>Terms and conditions apply. <a href=\"https://www.dwr.com/warranty.html\" target=\"_blank\">Learn more</a>\n                    \n                </dd>\n            </dl>\n\n            \n            \n\n            \n            \n\n            \n            \n        </div>\n    </div>\n</div>\n            </div>\n        ",
    "listSize": [
      {
        "size": "Single\n                                            \n\n\n\n\ndisable-danger",
        "price": 12870000,
        "stock": 63
      }
    ],
    "discountPercentage": 14,
    "thumbnail": "https://images.hermanmiller.group/m/a165818d3d7eb14c/W-HM_2528209_100202810_nightfall_a.png?trim=auto&trim-sd=1&blend-mode=darken&blend=f0f0f0&bg=f0f0f0&auto=format&w=90&h=auto&fit=fill",
    "images": [
      "https://images.hermanmiller.group/m/a165818d3d7eb14c/W-HM_2528209_100202810_nightfall_a.png?trim=auto&trim-sd=1&blend-mode=darken&blend=f0f0f0&bg=f0f0f0&auto=format&w=800&h=auto&fit=fill",
      "https://images.hermanmiller.group/m/a165818d3d7eb14c/W-HM_2528209_100202810_nightfall_a.png?trim=auto&trim-sd=1&blend-mode=darken&blend=f0f0f0&bg=f0f0f0&auto=format&w=800&h=auto&fit=fill",
      "https://fast.wistia.com/embed/medias/vjztdt1yog/swatch",
      "https://images.hermanmiller.group/m/1c4d4af78592a020/W-DWR_OE1_60662.png?trim=auto&trim-sd=1&bg=f0f0f0&auto=format&w=800&h=auto&fit=fill",
      "https://images.hermanmiller.group/m/0aff3497041ff72a/W-DWR_OE1_60660.png?trim=auto&trim-sd=1&bg=f0f0f0&auto=format&w=800&h=auto&fit=fill",
      "https://images.hermanmiller.group/m/850fb28473bcfc0d/W-DWR_OE1_60658.png?trim=auto&trim-sd=1&bg=f0f0f0&auto=format&w=800&h=auto&fit=fill",
      "https://images.hermanmiller.group/m/cb1100f8cba38236/W-DWR_OE1_60653.png?trim=auto&trim-sd=1&bg=f0f0f0&auto=format&w=800&h=auto&fit=fill",
      "https://images.hermanmiller.group/m/383f49e88b7b486c/W-DWR_OE1_60651.png?trim=auto&trim-sd=1&bg=f0f0f0&auto=format&w=800&h=auto&fit=fill",
      "https://images.hermanmiller.group/m/70dc9734dc6bf6cb/W-HM_passsport_table_light_woodgrain_v1_408.png?trim=auto&trim-sd=1&bg=f0f0f0&auto=format&w=800&h=auto&fit=fill",
      "https://images.hermanmiller.group/m/6b07552e8126dfea/W-HM_2195348_100069177_mineral_satin_aluminum_v2_001.png?trim=auto&trim-sd=1&bg=f0f0f0&auto=format&w=800&h=auto&fit=fill",
      "https://images.hermanmiller.group/m/460ebba5008fc7f0/W-DWR_FA23_Brooklyn_Brownstone_EDITORIAL_321.png?trim=auto&trim-sd=1&bg=f0f0f0&auto=format&w=800&h=auto&fit=fill",
      "https://images.hermanmiller.group/m/7ced9c42e04ce3e7/W-HM_2528209_100202807_white_d1.png?trim=auto&trim-sd=1&bg=f0f0f0&auto=format&w=800&h=auto&fit=fill",
      "https://images.hermanmiller.group/m/55d9e919832d6dd6/W-HM_2524143_100194837_white_white_v1_001_Glacier.png?trim=auto&trim-sd=1&bg=f0f0f0&auto=format&w=800&h=auto&fit=fill",
      "https://images.hermanmiller.group/m/d28cd58ca284da25/W-FUL_2542428_100312127_bamboo_v1_002.png?trim=auto&trim-sd=1&bg=f0f0f0&auto=format&w=800&h=auto&fit=fill",
      "https://images.hermanmiller.group/m/aa2458b4793b000b/W-HM_2528209_100202802_canyon_v1_008.png?trim=auto&trim-sd=1&bg=f0f0f0&auto=format&w=800&h=auto&fit=fill",
      "https://images.hermanmiller.group/m/d51b9ba09de38414/W-HM_2528209_100202810_nightfall_v2_001.png?trim=auto&trim-sd=1&bg=f0f0f0&auto=format&w=800&h=auto&fit=fill",
      "https://images.hermanmiller.group/m/efe271643af99c4d/W-HM_2515454_100128927_nightfall_v1_001.png?trim=auto&trim-sd=1&bg=f0f0f0&auto=format&w=800&h=auto&fit=fill",
      "https://images.hermanmiller.group/m/565b9b90f8369184/W-HM_2528209_100202819_olive_v1_001.png?trim=auto&trim-sd=1&bg=f0f0f0&auto=format&w=800&h=auto&fit=fill",
      "https://images.hermanmiller.group/m/eb3d2b87b94bc4bf/W-HM_2528209_100202810_nightfall_v1_001.png?trim=auto&trim-sd=1&bg=f0f0f0&auto=format&w=800&h=auto&fit=fill",
      "https://images.hermanmiller.group/m/ab9a957c2f2626ab/W-HM_2524143_100194905_white_ash_nightfall_v4_001.png?trim=auto&trim-sd=1&bg=f0f0f0&auto=format&w=800&h=auto&fit=fill"
    ]
  },
  {
    "title": "OE1 Trolley",
    "product_category_id": "6814d6bbd4982e02496b66f3",
    "description": "\n            <div class=\"collapse-body pdp-summary-group-body\">\n                \n<div class=\"row\">\n    <div class=\"pdp-summary-group-col-1 col-12 col-lg-5\">\n\n        \n        \n\n        \n        \n            <div class=\"mb-3\">\n                An essential modern storage piece, the OE1 Trolley (2020) began with a desire to simplify people’s lives in an inspirational way. It is the work of Kim Colin and Sam Hecht, who designed the entire OE1 Series with a minimalist aesthetic and flexible functionality that bring stillness and utility to the home or office. Organize your work, bills, school supplies, crafts, art projects, and more with the combination of shelves and drawers that works for you. OE1 is designed to work individually, in multiples, and with what you already have. Trolley with file drawer holds letter- and legal-size folders.\n            </div>\n        \n\n        \n        \n            <ul class=\"bulleted mb-3\">\n                \n                    <li>\n                        A minimalist aesthetic and a slim profile for the office or home.\n                    </li>\n                \n                    <li>\n                        Durable steel and sheet metal welded construction.\n                    </li>\n                \n                    <li>\n                        Moves easily to instantly adapt to shifting needs or room arrangements.\n                    </li>\n                \n                    <li>\n                        Works instantly with existing furniture, and you can choose a color that stands out or blends in.\n                    </li>\n                \n                    <li>\n                        Top tray is a convenient catch-all with a rim around the edge to keep small items in place.\n                    </li>\n                \n            </ul>\n                                \n\n        \n        \n    </div>\n\n    <div class=\"pdp-summary-group-col-2 col-12 col-lg-5 offset-lg-1\">\n        <div class=\"table table-content summary-table\">\n            \n                \n                \n                    <dl>\n                        <dt>\n                            Brand\n                        </dt>\n                        <dd>\n                            <a href=\"/brands-herman-miller?lang=en_US\">Herman Miller</a>\n                        </dd>\n                    </dl>\n                \n            \n            \n            \n            \n                <dl>\n                    <dt>\n                        Collection\n                    </dt>\n                    <dd>\n                        <a href=\"/collection-oe1?lang=en_US\">OE1 Collection</a>\n                    </dd>\n                </dl>\n            \n\n            \n            \n                <dl>\n                    <dt>\n                        General Dimensions\n                    </dt>\n                    <dd>\n                        <ul class=\"unstyled summary-pdp-dimensions-list\">\n                            \n                                <li>\n                                    22\" H 20\" W 11\" D\n                                </li>\n                            \n                        </ul>\n                    </dd>\n                </dl>\n            \n\n            \n            \n\n            \n            \n\n            \n            <dl>\n                <dt>\n                    Assembly\n                </dt>\n                <dd>\n                    \n                        Requires Assembly\n                    \n                </dd>\n            </dl>\n\n            \n            <dl>\n                <dt>\n                    Warranty\n                </dt>\n                <dd>\n                    \n                        12-year warranty<br>Terms and conditions apply. <a href=\"https://www.dwr.com/warranty.html\" target=\"_blank\">Learn more</a>\n                    \n                </dd>\n            </dl>\n\n            \n            \n\n            \n            \n\n            \n            \n        </div>\n    </div>\n</div>\n            </div>\n        ",
    "listSize": [
      {
        "size": "Single\n                                            \n\n\n\n\ndisable-danger",
        "price": 15990000,
        "stock": 63
      }
    ],
    "discountPercentage": 21,
    "thumbnail": "https://images.hermanmiller.group/m/372b102e2a192dcb/W-HM_2528209_100202816_canyon_a.png?trim=auto&trim-sd=1&blend-mode=darken&blend=f0f0f0&bg=f0f0f0&auto=format&w=90&h=auto&fit=fill",
    "images": [
      "https://images.hermanmiller.group/m/372b102e2a192dcb/W-HM_2528209_100202816_canyon_a.png?trim=auto&trim-sd=1&blend-mode=darken&blend=f0f0f0&bg=f0f0f0&auto=format&w=800&h=auto&fit=fill",
      "https://images.hermanmiller.group/m/372b102e2a192dcb/W-HM_2528209_100202816_canyon_a.png?trim=auto&trim-sd=1&blend-mode=darken&blend=f0f0f0&bg=f0f0f0&auto=format&w=800&h=auto&fit=fill",
      "https://fast.wistia.com/embed/medias/vjztdt1yog/swatch",
      "https://images.hermanmiller.group/m/1c4d4af78592a020/W-DWR_OE1_60662.png?trim=auto&trim-sd=1&bg=f0f0f0&auto=format&w=800&h=auto&fit=fill",
      "https://images.hermanmiller.group/m/0aff3497041ff72a/W-DWR_OE1_60660.png?trim=auto&trim-sd=1&bg=f0f0f0&auto=format&w=800&h=auto&fit=fill",
      "https://images.hermanmiller.group/m/850fb28473bcfc0d/W-DWR_OE1_60658.png?trim=auto&trim-sd=1&bg=f0f0f0&auto=format&w=800&h=auto&fit=fill",
      "https://images.hermanmiller.group/m/cb1100f8cba38236/W-DWR_OE1_60653.png?trim=auto&trim-sd=1&bg=f0f0f0&auto=format&w=800&h=auto&fit=fill",
      "https://images.hermanmiller.group/m/383f49e88b7b486c/W-DWR_OE1_60651.png?trim=auto&trim-sd=1&bg=f0f0f0&auto=format&w=800&h=auto&fit=fill",
      "https://images.hermanmiller.group/m/70dc9734dc6bf6cb/W-HM_passsport_table_light_woodgrain_v1_408.png?trim=auto&trim-sd=1&bg=f0f0f0&auto=format&w=800&h=auto&fit=fill",
      "https://images.hermanmiller.group/m/6b07552e8126dfea/W-HM_2195348_100069177_mineral_satin_aluminum_v2_001.png?trim=auto&trim-sd=1&bg=f0f0f0&auto=format&w=800&h=auto&fit=fill",
      "https://images.hermanmiller.group/m/460ebba5008fc7f0/W-DWR_FA23_Brooklyn_Brownstone_EDITORIAL_321.png?trim=auto&trim-sd=1&bg=f0f0f0&auto=format&w=800&h=auto&fit=fill",
      "https://images.hermanmiller.group/m/7ced9c42e04ce3e7/W-HM_2528209_100202807_white_d1.png?trim=auto&trim-sd=1&bg=f0f0f0&auto=format&w=800&h=auto&fit=fill",
      "https://images.hermanmiller.group/m/55d9e919832d6dd6/W-HM_2524143_100194837_white_white_v1_001_Glacier.png?trim=auto&trim-sd=1&bg=f0f0f0&auto=format&w=800&h=auto&fit=fill",
      "https://images.hermanmiller.group/m/d28cd58ca284da25/W-FUL_2542428_100312127_bamboo_v1_002.png?trim=auto&trim-sd=1&bg=f0f0f0&auto=format&w=800&h=auto&fit=fill",
      "https://images.hermanmiller.group/m/aa2458b4793b000b/W-HM_2528209_100202802_canyon_v1_008.png?trim=auto&trim-sd=1&bg=f0f0f0&auto=format&w=800&h=auto&fit=fill",
      "https://images.hermanmiller.group/m/d51b9ba09de38414/W-HM_2528209_100202810_nightfall_v2_001.png?trim=auto&trim-sd=1&bg=f0f0f0&auto=format&w=800&h=auto&fit=fill",
      "https://images.hermanmiller.group/m/efe271643af99c4d/W-HM_2515454_100128927_nightfall_v1_001.png?trim=auto&trim-sd=1&bg=f0f0f0&auto=format&w=800&h=auto&fit=fill",
      "https://images.hermanmiller.group/m/565b9b90f8369184/W-HM_2528209_100202819_olive_v1_001.png?trim=auto&trim-sd=1&bg=f0f0f0&auto=format&w=800&h=auto&fit=fill",
      "https://images.hermanmiller.group/m/eb3d2b87b94bc4bf/W-HM_2528209_100202810_nightfall_v1_001.png?trim=auto&trim-sd=1&bg=f0f0f0&auto=format&w=800&h=auto&fit=fill",
      "https://images.hermanmiller.group/m/ab9a957c2f2626ab/W-HM_2524143_100194905_white_ash_nightfall_v4_001.png?trim=auto&trim-sd=1&bg=f0f0f0&auto=format&w=800&h=auto&fit=fill"
    ]
  },
  {
    "title": "OE1 Trolley",
    "product_category_id": "6814d6bbd4982e02496b66f3",
    "description": "\n            <div class=\"collapse-body pdp-summary-group-body\">\n                \n<div class=\"row\">\n    <div class=\"pdp-summary-group-col-1 col-12 col-lg-5\">\n\n        \n        \n\n        \n        \n            <div class=\"mb-3\">\n                An essential modern storage piece, the OE1 Trolley (2020) began with a desire to simplify people’s lives in an inspirational way. It is the work of Kim Colin and Sam Hecht, who designed the entire OE1 Series with a minimalist aesthetic and flexible functionality that bring stillness and utility to the home or office. Organize your work, bills, school supplies, crafts, art projects, and more with the combination of shelves and drawers that works for you. OE1 is designed to work individually, in multiples, and with what you already have. Trolley with file drawer holds letter- and legal-size folders.\n            </div>\n        \n\n        \n        \n            <ul class=\"bulleted mb-3\">\n                \n                    <li>\n                        A minimalist aesthetic and a slim profile for the office or home.\n                    </li>\n                \n                    <li>\n                        Durable steel and sheet metal welded construction.\n                    </li>\n                \n                    <li>\n                        Moves easily to instantly adapt to shifting needs or room arrangements.\n                    </li>\n                \n                    <li>\n                        Works instantly with existing furniture, and you can choose a color that stands out or blends in.\n                    </li>\n                \n                    <li>\n                        Top tray is a convenient catch-all with a rim around the edge to keep small items in place.\n                    </li>\n                \n            </ul>\n                                \n\n        \n        \n    </div>\n\n    <div class=\"pdp-summary-group-col-2 col-12 col-lg-5 offset-lg-1\">\n        <div class=\"table table-content summary-table\">\n            \n                \n                \n                    <dl>\n                        <dt>\n                            Brand\n                        </dt>\n                        <dd>\n                            <a href=\"/brands-herman-miller?lang=en_US\">Herman Miller</a>\n                        </dd>\n                    </dl>\n                \n            \n            \n            \n            \n                <dl>\n                    <dt>\n                        Collection\n                    </dt>\n                    <dd>\n                        <a href=\"/collection-oe1?lang=en_US\">OE1 Collection</a>\n                    </dd>\n                </dl>\n            \n\n            \n            \n                <dl>\n                    <dt>\n                        General Dimensions\n                    </dt>\n                    <dd>\n                        <ul class=\"unstyled summary-pdp-dimensions-list\">\n                            \n                                <li>\n                                    22\" H 20\" W 11\" D\n                                </li>\n                            \n                        </ul>\n                    </dd>\n                </dl>\n            \n\n            \n            \n\n            \n            \n\n            \n            <dl>\n                <dt>\n                    Assembly\n                </dt>\n                <dd>\n                    \n                        Requires Assembly\n                    \n                </dd>\n            </dl>\n\n            \n            <dl>\n                <dt>\n                    Warranty\n                </dt>\n                <dd>\n                    \n                        12-year warranty<br>Terms and conditions apply. <a href=\"https://www.dwr.com/warranty.html\" target=\"_blank\">Learn more</a>\n                    \n                </dd>\n            </dl>\n\n            \n            \n\n            \n            \n\n            \n            \n        </div>\n    </div>\n</div>\n            </div>\n        ",
    "listSize": [
      {
        "size": "Single\n                                            \n\n\n\n\ndisable-danger",
        "price": 10270000,
        "stock": 54
      }
    ],
    "discountPercentage": 18,
    "thumbnail": "https://images.hermanmiller.group/m/07f615a155e74f9a/W-HM_2528209_100202802_canyon_a.png?trim=auto&trim-sd=1&blend-mode=darken&blend=f0f0f0&bg=f0f0f0&auto=format&w=90&h=auto&fit=fill",
    "images": [
      "https://images.hermanmiller.group/m/07f615a155e74f9a/W-HM_2528209_100202802_canyon_a.png?trim=auto&trim-sd=1&blend-mode=darken&blend=f0f0f0&bg=f0f0f0&auto=format&w=800&h=auto&fit=fill",
      "https://images.hermanmiller.group/m/07f615a155e74f9a/W-HM_2528209_100202802_canyon_a.png?trim=auto&trim-sd=1&blend-mode=darken&blend=f0f0f0&bg=f0f0f0&auto=format&w=800&h=auto&fit=fill",
      "https://fast.wistia.com/embed/medias/vjztdt1yog/swatch",
      "https://images.hermanmiller.group/m/1c4d4af78592a020/W-DWR_OE1_60662.png?trim=auto&trim-sd=1&bg=f0f0f0&auto=format&w=800&h=auto&fit=fill",
      "https://images.hermanmiller.group/m/0aff3497041ff72a/W-DWR_OE1_60660.png?trim=auto&trim-sd=1&bg=f0f0f0&auto=format&w=800&h=auto&fit=fill",
      "https://images.hermanmiller.group/m/850fb28473bcfc0d/W-DWR_OE1_60658.png?trim=auto&trim-sd=1&bg=f0f0f0&auto=format&w=800&h=auto&fit=fill",
      "https://images.hermanmiller.group/m/cb1100f8cba38236/W-DWR_OE1_60653.png?trim=auto&trim-sd=1&bg=f0f0f0&auto=format&w=800&h=auto&fit=fill",
      "https://images.hermanmiller.group/m/383f49e88b7b486c/W-DWR_OE1_60651.png?trim=auto&trim-sd=1&bg=f0f0f0&auto=format&w=800&h=auto&fit=fill",
      "https://images.hermanmiller.group/m/70dc9734dc6bf6cb/W-HM_passsport_table_light_woodgrain_v1_408.png?trim=auto&trim-sd=1&bg=f0f0f0&auto=format&w=800&h=auto&fit=fill",
      "https://images.hermanmiller.group/m/6b07552e8126dfea/W-HM_2195348_100069177_mineral_satin_aluminum_v2_001.png?trim=auto&trim-sd=1&bg=f0f0f0&auto=format&w=800&h=auto&fit=fill",
      "https://images.hermanmiller.group/m/460ebba5008fc7f0/W-DWR_FA23_Brooklyn_Brownstone_EDITORIAL_321.png?trim=auto&trim-sd=1&bg=f0f0f0&auto=format&w=800&h=auto&fit=fill",
      "https://images.hermanmiller.group/m/7ced9c42e04ce3e7/W-HM_2528209_100202807_white_d1.png?trim=auto&trim-sd=1&bg=f0f0f0&auto=format&w=800&h=auto&fit=fill",
      "https://images.hermanmiller.group/m/55d9e919832d6dd6/W-HM_2524143_100194837_white_white_v1_001_Glacier.png?trim=auto&trim-sd=1&bg=f0f0f0&auto=format&w=800&h=auto&fit=fill",
      "https://images.hermanmiller.group/m/d28cd58ca284da25/W-FUL_2542428_100312127_bamboo_v1_002.png?trim=auto&trim-sd=1&bg=f0f0f0&auto=format&w=800&h=auto&fit=fill",
      "https://images.hermanmiller.group/m/aa2458b4793b000b/W-HM_2528209_100202802_canyon_v1_008.png?trim=auto&trim-sd=1&bg=f0f0f0&auto=format&w=800&h=auto&fit=fill",
      "https://images.hermanmiller.group/m/d51b9ba09de38414/W-HM_2528209_100202810_nightfall_v2_001.png?trim=auto&trim-sd=1&bg=f0f0f0&auto=format&w=800&h=auto&fit=fill",
      "https://images.hermanmiller.group/m/efe271643af99c4d/W-HM_2515454_100128927_nightfall_v1_001.png?trim=auto&trim-sd=1&bg=f0f0f0&auto=format&w=800&h=auto&fit=fill",
      "https://images.hermanmiller.group/m/565b9b90f8369184/W-HM_2528209_100202819_olive_v1_001.png?trim=auto&trim-sd=1&bg=f0f0f0&auto=format&w=800&h=auto&fit=fill",
      "https://images.hermanmiller.group/m/eb3d2b87b94bc4bf/W-HM_2528209_100202810_nightfall_v1_001.png?trim=auto&trim-sd=1&bg=f0f0f0&auto=format&w=800&h=auto&fit=fill",
      "https://images.hermanmiller.group/m/ab9a957c2f2626ab/W-HM_2524143_100194905_white_ash_nightfall_v4_001.png?trim=auto&trim-sd=1&bg=f0f0f0&auto=format&w=800&h=auto&fit=fill"
    ]
  },
  {
    "title": "Formwork Box",
    "product_category_id": "6814d6bbd4982e02496b66f3",
    "description": "\n            <div class=\"collapse-body pdp-summary-group-body\">\n                \n<div class=\"row\">\n    <div class=\"pdp-summary-group-col-1 col-12 col-lg-5\">\n\n        \n        \n\n        \n        \n            <div class=\"mb-3\">\n                Design as a means of simplifying people’s lives, the Formwork Collection (2013) is a modular stacking system that brings order to the things that populate our desks. The shapes and sizes of the components were carefully considered so that each contributes to the utility of the whole. The result is a sleek system that brings rhythm and order to everyday tasks. Made in China.\n            </div>\n        \n\n        \n        \n            <ul class=\"bulleted mb-3\">\n                \n                    <li>\n                        Removable cup and lid.\n                    </li>\n                \n                    <li>\n                        Multi-use.\n                    </li>\n                \n                    <li>\n                        Nonslip silicone base.\n                    </li>\n                \n            </ul>\n                                \n\n        \n        \n    </div>\n\n    <div class=\"pdp-summary-group-col-2 col-12 col-lg-5 offset-lg-1\">\n        <div class=\"table table-content summary-table\">\n            \n                \n                \n                    <dl>\n                        <dt>\n                            Brand\n                        </dt>\n                        <dd>\n                            <a href=\"/brands-herman-miller?lang=en_US\">Herman Miller</a>\n                        </dd>\n                    </dl>\n                \n            \n            \n            \n            \n                <dl>\n                    <dt>\n                        Collection\n                    </dt>\n                    <dd>\n                        <a href=\"/collection-formwork?lang=en_US\">Formwork Collection</a>\n                    </dd>\n                </dl>\n            \n\n            \n            \n                <dl>\n                    <dt>\n                        General Dimensions\n                    </dt>\n                    <dd>\n                        <ul class=\"unstyled summary-pdp-dimensions-list\">\n                            \n                                <li>\n                                    3⅝\" H 9½\" W 6⅜\" D\n                                </li>\n                            \n                        </ul>\n                    </dd>\n                </dl>\n            \n\n            \n            \n\n            \n            \n\n            \n            <dl>\n                <dt>\n                    Assembly\n                </dt>\n                <dd>\n                    \n                        Comes fully assembled\n                    \n                </dd>\n            </dl>\n\n            \n            <dl>\n                <dt>\n                    Warranty\n                </dt>\n                <dd>\n                    \n                        1-year warranty<br>Terms and conditions apply. <a href=\"https://www.dwr.com/warranty.html\" target=\"_blank\">Learn more</a>\n                    \n                </dd>\n            </dl>\n\n            \n            \n\n            \n            \n\n            \n            \n        </div>\n    </div>\n</div>\n            </div>\n        ",
    "listSize": [
      {
        "size": "Large\n                                            \n\n\n\n\ndisable-danger",
        "price": 1560000,
        "stock": 69
      }
    ],
    "discountPercentage": 14,
    "thumbnail": "https://images.hermanmiller.group/m/3785323589cea346/W-DWR_6800_9045051_onyx_a.png?trim=auto&trim-sd=1&blend-mode=darken&blend=f0f0f0&bg=f0f0f0&auto=format&w=90&h=auto&fit=fill",
    "images": [
      "https://images.hermanmiller.group/m/3785323589cea346/W-DWR_6800_9045051_onyx_a.png?trim=auto&trim-sd=1&blend-mode=darken&blend=f0f0f0&bg=f0f0f0&auto=format&w=800&h=auto&fit=fill",
      "https://images.hermanmiller.group/m/68ee525e1c8108b4/W-HM_4039_9044946_concrete_cf1.png?trim=auto&trim-sd=1&bg=f0f0f0&auto=format&w=800&h=auto&fit=fill",
      "https://images.hermanmiller.group/m/68a133e739484d90/W-HM_4039_9044946_concrete_cf2.png?trim=auto&trim-sd=1&bg=f0f0f0&auto=format&w=800&h=auto&fit=fill",
      "https://images.hermanmiller.group/m/83ed1b379a73b6c/W-Lay_20474_20160916171525751.png?trim=auto&trim-sd=1&bg=f0f0f0&auto=format&w=800&h=auto&fit=fill",
      "https://images.hermanmiller.group/m/80794f12665a7b24/W-HM_6754_9045121_onyx_v1_001.png?trim=auto&trim-sd=1&bg=f0f0f0&auto=format&w=800&h=auto&fit=fill"
    ]
  },
  {
    "title": "Formwork Tray",
    "product_category_id": "6814d6bbd4982e02496b66f3",
    "description": "\n            <div class=\"collapse-body pdp-summary-group-body\">\n                \n<div class=\"row\">\n    <div class=\"pdp-summary-group-col-1 col-12 col-lg-5\">\n\n        \n        \n\n        \n        \n            <div class=\"mb-3\">\n                Working from their studio in London, American designer Kim Colin and British designer Sam Hecht have been honored with more than 50 international awards. Accolades, however, are not why they are in this business. Their Formwork Tray (2013) is one of the carefully considered desk accessories that make up the Formwork Collection. The shapes and sizes of the components were carefully considered so that each contributes to the utility of the whole. Made in China.\n            </div>\n        \n\n        \n        \n            <ul class=\"bulleted mb-3\">\n                \n                    <li>\n                        Part of a sleek system that brings rhythm and order to everyday tasks.\n                    </li>\n                \n                    <li>\n                        Nonslip silicone base.\n                    </li>\n                \n                    <li>\n                        Minimalist design that’s full of function.\n                    </li>\n                \n            </ul>\n                                \n\n        \n        \n    </div>\n\n    <div class=\"pdp-summary-group-col-2 col-12 col-lg-5 offset-lg-1\">\n        <div class=\"table table-content summary-table\">\n            \n                \n                \n                    <dl>\n                        <dt>\n                            Brand\n                        </dt>\n                        <dd>\n                            <a href=\"/brands-herman-miller?lang=en_US\">Herman Miller</a>\n                        </dd>\n                    </dl>\n                \n            \n            \n            \n            \n                <dl>\n                    <dt>\n                        Collection\n                    </dt>\n                    <dd>\n                        <a href=\"/collection-formwork?lang=en_US\">Formwork Collection</a>\n                    </dd>\n                </dl>\n            \n\n            \n            \n                <dl>\n                    <dt>\n                        General Dimensions\n                    </dt>\n                    <dd>\n                        <ul class=\"unstyled summary-pdp-dimensions-list\">\n                            \n                                <li>\n                                    2\" H 6⅜\" W 5⅛\" D\n                                </li>\n                            \n                        </ul>\n                    </dd>\n                </dl>\n            \n\n            \n            \n\n            \n            \n\n            \n            <dl>\n                <dt>\n                    Assembly\n                </dt>\n                <dd>\n                    \n                        Comes fully assembled\n                    \n                </dd>\n            </dl>\n\n            \n            <dl>\n                <dt>\n                    Warranty\n                </dt>\n                <dd>\n                    \n                        1-year warranty<br>Terms and conditions apply. <a href=\"https://www.dwr.com/warranty.html\" target=\"_blank\">Learn more</a>\n                    \n                </dd>\n            </dl>\n\n            \n            \n\n            \n            \n\n            \n            \n        </div>\n    </div>\n</div>\n            </div>\n        ",
    "listSize": [
      {
        "size": "Small",
        "price": 650000,
        "stock": 83
      },
      {
        "size": "Large",
        "price": 780000,
        "stock": 61
      }
    ],
    "discountPercentage": 16,
    "thumbnail": "https://images.hermanmiller.group/m/04e73f2ef23b8b09/W-HM_4039_9044973_onyx_a.png?trim=auto&trim-sd=1&blend-mode=darken&blend=f0f0f0&bg=f0f0f0&auto=format&w=90&h=auto&fit=fill",
    "images": [
      "https://images.hermanmiller.group/m/04e73f2ef23b8b09/W-HM_4039_9044973_onyx_a.png?trim=auto&trim-sd=1&blend-mode=darken&blend=f0f0f0&bg=f0f0f0&auto=format&w=800&h=auto&fit=fill",
      "https://images.hermanmiller.group/m/68ee525e1c8108b4/W-HM_4039_9044946_concrete_cf1.png?trim=auto&trim-sd=1&bg=f0f0f0&auto=format&w=800&h=auto&fit=fill",
      "https://images.hermanmiller.group/m/68a133e739484d90/W-HM_4039_9044946_concrete_cf2.png?trim=auto&trim-sd=1&bg=f0f0f0&auto=format&w=800&h=auto&fit=fill",
      "https://images.hermanmiller.group/m/2926aa5ec0efe476/W-HM_4039_9044982_concrete_d.png?trim=auto&trim-sd=1&bg=f0f0f0&auto=format&w=800&h=auto&fit=fill",
      "https://images.hermanmiller.group/m/7aceb19752879ae7/W-HM_4039_9044946_concrete_d.png?trim=auto&trim-sd=1&bg=f0f0f0&auto=format&w=800&h=auto&fit=fill",
      "https://images.hermanmiller.group/m/c9121d4df8d971b1/W-HM_132_9045149_onyx_v1_001.png?trim=auto&trim-sd=1&bg=f0f0f0&auto=format&w=800&h=auto&fit=fill"
    ]
  },
  {
    "title": "Formwork Bin",
    "product_category_id": "6814d6bbd4982e02496b66f3",
    "description": "\n            <div class=\"collapse-body pdp-summary-group-body\">\n                \n<div class=\"row\">\n    <div class=\"pdp-summary-group-col-1 col-12 col-lg-5\">\n\n        \n        \n\n        \n        \n            <div class=\"mb-3\">\n                When Kim Colin and Sam Hecht designed products for Yamaha, Issey Miyake, Herman Miller, Muji, and many other companies, they approached each project as a means of simplifying people’s lives in an inspirational way. This bin is part of the Formwork Collection (2013), a modular system that brings order to the things that populate our desks. The shapes and sizes of the components were carefully considered so that each contributes to the utility of the whole. Made in China.\n            </div>\n        \n\n        \n        \n            <ul class=\"bulleted mb-3\">\n                \n                    <li>\n                        Part of a sleek system that brings rhythm and order to everyday tasks.\n                    </li>\n                \n                    <li>\n                        Can be used on its own or stacked in multiples.\n                    </li>\n                \n                    <li>\n                        Minimalist design that’s full of function.\n                    </li>\n                \n            </ul>\n                                \n\n        \n        \n            <div>\n                Eco-Friendly Description: UL GREENGUARD® certified products are certified for low VOC emissions, which contribute to the creation of healthier indoor environments. Two tiers of certification are available: GREENGUARD Certification and GREENGUARD Gold Certification.\n            </div>\n        \n    </div>\n\n    <div class=\"pdp-summary-group-col-2 col-12 col-lg-5 offset-lg-1\">\n        <div class=\"table table-content summary-table\">\n            \n                \n                \n                    <dl>\n                        <dt>\n                            Brand\n                        </dt>\n                        <dd>\n                            <a href=\"/brands-herman-miller?lang=en_US\">Herman Miller</a>\n                        </dd>\n                    </dl>\n                \n            \n            \n            \n            \n                <dl>\n                    <dt>\n                        Collection\n                    </dt>\n                    <dd>\n                        <a href=\"/collection-formwork?lang=en_US\">Formwork Collection</a>\n                    </dd>\n                </dl>\n            \n\n            \n            \n                <dl>\n                    <dt>\n                        General Dimensions\n                    </dt>\n                    <dd>\n                        <ul class=\"unstyled summary-pdp-dimensions-list\">\n                            \n                                <li>\n                                    7¾\" H 9¾\" W 13¼\" D\n                                </li>\n                            \n                        </ul>\n                    </dd>\n                </dl>\n            \n\n            \n            \n\n            \n            \n                <dl>\n                    <dt>\n                        Product Weight\n                    </dt>\n                    <dd class=\"summary-weight\">\n                        1 lbs\n                    </dd>\n                </dl>\n            \n\n            \n            <dl>\n                <dt>\n                    Assembly\n                </dt>\n                <dd>\n                    \n                        Comes fully assembled\n                    \n                </dd>\n            </dl>\n\n            \n            <dl>\n                <dt>\n                    Warranty\n                </dt>\n                <dd>\n                    \n                        1-year warranty<br>Terms and conditions apply. <a href=\"https://www.dwr.com/warranty.html\" target=\"_blank\">Learn more</a>\n                    \n                </dd>\n            </dl>\n\n            \n            \n                <dl>\n                    <dt>\n                        Lifestyle\n                    </dt>\n                    <dd>\n                        <ul class=\"pdp-summary-group-lifestyle unstyled\">\n                            \n                                <li>\n                                    \n\n\n\n<svg role=\"img\" class=\"icon icon-check-dark icon-check-dark-dims \" viewBox=\"0 0 11 9\">\n<title>check-dark</title>\n\n<path fill-rule=\"evenodd\" clip-rule=\"evenodd\" d=\"M10.819 1.818L4.182 8.455.546 4.818l1.273-1.272 2.363 2.363L9.546.546l1.273 1.272z\" fill=\"#242222\"></path></svg>\n\n\n                                    <span>Eco-friendly</span>\n                                </li>\n                            \n                            \n                        </ul>\n                    </dd>\n                </dl>\n            \n\n            \n            \n\n            \n            \n        </div>\n    </div>\n</div>\n            </div>\n        ",
    "listSize": [
      {
        "size": "Short",
        "price": 1690000,
        "stock": 99
      },
      {
        "size": "Tall",
        "price": 2470000,
        "stock": 92
      }
    ],
    "discountPercentage": 28,
    "thumbnail": "https://images.hermanmiller.group/m/3488c3a6ca6c72e9/W-HM_2519519_100181049_Onyx_f-tif.png?trim=auto&trim-sd=1&blend-mode=darken&blend=f0f0f0&bg=f0f0f0&auto=format&w=90&h=auto&fit=fill",
    "images": [
      "https://images.hermanmiller.group/m/3488c3a6ca6c72e9/W-HM_2519519_100181049_Onyx_f-tif.png?trim=auto&trim-sd=1&blend-mode=darken&blend=f0f0f0&bg=f0f0f0&auto=format&w=800&h=auto&fit=fill",
      "https://images.hermanmiller.group/m/547471acac786143/W-HM_2519519_100181049_onyx_a.png?trim=auto&trim-sd=1&blend-mode=darken&blend=f0f0f0&bg=f0f0f0&auto=format&w=800&h=auto&fit=fill",
      "https://images.hermanmiller.group/m/6a08b9a20e157555/W-HM_6754_9045130_concrete_v1_001.png?trim=auto&trim-sd=1&bg=f0f0f0&auto=format&w=800&h=auto&fit=fill"
    ]
  },
  {
    "title": "Trove Box",
    "product_category_id": "6814d6bbd4982e02496b66f3",
    "description": "\n            <div class=\"collapse-body pdp-summary-group-body\">\n                \n<div class=\"row\">\n    <div class=\"pdp-summary-group-col-1 col-12 col-lg-5\">\n\n        \n        \n\n        \n        \n            <div class=\"mb-3\">\n                Trove Desktop Storage (2017) brings rhythm and order to the items that populate our desks, from stationery to random odds and ends. This modular stacking system is fashioned from cork for a warm and tactile finish, with minimal components that seamlessly slot and stack together. Configure it as you see fit to help eliminate clutter in your workspace. Made in China.\n            </div>\n        \n\n        \n                                \n\n        \n        \n    </div>\n\n    <div class=\"pdp-summary-group-col-2 col-12 col-lg-5 offset-lg-1\">\n        <div class=\"table table-content summary-table\">\n            \n                \n                \n                    <dl>\n                        <dt>\n                            Brand\n                        </dt>\n                        <dd>\n                            <a href=\"/brands-case?lang=en_US\">Case</a>\n                        </dd>\n                    </dl>\n                \n            \n            \n            \n            \n\n            \n            \n                <dl>\n                    <dt>\n                        General Dimensions\n                    </dt>\n                    <dd>\n                        <ul class=\"unstyled summary-pdp-dimensions-list\">\n                            \n                                <li>\n                                    3⅝\" H 4⅜\" W 8¾\" D\n                                </li>\n                            \n                        </ul>\n                    </dd>\n                </dl>\n            \n\n            \n            \n\n            \n            \n                <dl>\n                    <dt>\n                        Product Weight\n                    </dt>\n                    <dd class=\"summary-weight\">\n                        1 lbs\n                    </dd>\n                </dl>\n            \n\n            \n            <dl>\n                <dt>\n                    Assembly\n                </dt>\n                <dd>\n                    \n                        Comes fully assembled\n                    \n                </dd>\n            </dl>\n\n            \n            <dl>\n                <dt>\n                    Warranty\n                </dt>\n                <dd>\n                    \n                        1-year warranty<br>Terms and conditions apply. <a href=\"https://www.dwr.com/warranty.html\" target=\"_blank\">Learn more</a>\n                    \n                </dd>\n            </dl>\n\n            \n            \n\n            \n            \n\n            \n            \n        </div>\n    </div>\n</div>\n            </div>\n        ",
    "listSize": [
      {
        "size": "Standard",
        "price": 1040000,
        "stock": 79
      },
      {
        "size": "Deep",
        "price": 1560000,
        "stock": 85
      }
    ],
    "discountPercentage": 21,
    "thumbnail": "https://images.hermanmiller.group/m/b01bade673cfb084/W-DWR_2198132_100107879_cork_f1.png?trim=auto&trim-sd=1&blend-mode=darken&blend=f0f0f0&bg=f0f0f0&auto=format&w=90&h=auto&fit=fill",
    "images": [
      "https://images.hermanmiller.group/m/b01bade673cfb084/W-DWR_2198132_100107879_cork_f1.png?trim=auto&trim-sd=1&blend-mode=darken&blend=f0f0f0&bg=f0f0f0&auto=format&w=800&h=auto&fit=fill",
      "https://images.hermanmiller.group/m/460ebba5008fc7f0/W-DWR_FA23_Brooklyn_Brownstone_EDITORIAL_321.png?trim=auto&trim-sd=1&bg=f0f0f0&auto=format&w=800&h=auto&fit=fill",
      "https://images.hermanmiller.group/m/b389b9b1622fb873/W-DWR_2198132_100107883_cork_v1.png?trim=auto&trim-sd=1&bg=f0f0f0&auto=format&w=800&h=auto&fit=fill",
      "https://images.hermanmiller.group/m/028694247b44d081/W-DWR_2198132_100107883_cork_d4.png?trim=auto&trim-sd=1&bg=f0f0f0&auto=format&w=800&h=auto&fit=fill",
      "https://images.hermanmiller.group/m/bb7778c1493c0381/W-DWR_2198132_100107883_cork_d3.png?trim=auto&trim-sd=1&bg=f0f0f0&auto=format&w=800&h=auto&fit=fill",
      "https://images.hermanmiller.group/m/0a77965e29026b5c/W-DWR_2198132_100107878_cork_d1.png?trim=auto&trim-sd=1&bg=f0f0f0&auto=format&w=800&h=auto&fit=fill",
      "https://images.hermanmiller.group/m/1f27c950b4391088/W-DWR_2198132_100107879_cork_v2_001.png?trim=auto&trim-sd=1&bg=f0f0f0&auto=format&w=800&h=auto&fit=fill",
      "https://images.hermanmiller.group/m/98895c138cc9d0da/W-DWR_2198133_100107879_cork_v1_001.png?trim=auto&trim-sd=1&bg=f0f0f0&auto=format&w=800&h=auto&fit=fill"
    ]
  },
  {
    "title": "Trove Box",
    "product_category_id": "6814d6bbd4982e02496b66f3",
    "description": "\n            <div class=\"collapse-body pdp-summary-group-body\">\n                \n<div class=\"row\">\n    <div class=\"pdp-summary-group-col-1 col-12 col-lg-5\">\n\n        \n        \n\n        \n        \n            <div class=\"mb-3\">\n                Trove Desktop Storage (2017) brings rhythm and order to the items that populate our desks, from stationery to random odds and ends. This modular stacking system is fashioned from cork for a warm and tactile finish, with minimal components that seamlessly slot and stack together. Configure it as you see fit to help eliminate clutter in your workspace. Made in China.\n            </div>\n        \n\n        \n                                \n\n        \n        \n    </div>\n\n    <div class=\"pdp-summary-group-col-2 col-12 col-lg-5 offset-lg-1\">\n        <div class=\"table table-content summary-table\">\n            \n                \n                \n                    <dl>\n                        <dt>\n                            Brand\n                        </dt>\n                        <dd>\n                            <a href=\"/brands-case?lang=en_US\">Case</a>\n                        </dd>\n                    </dl>\n                \n            \n            \n            \n            \n\n            \n            \n                <dl>\n                    <dt>\n                        General Dimensions\n                    </dt>\n                    <dd>\n                        <ul class=\"unstyled summary-pdp-dimensions-list\">\n                            \n                                <li>\n                                    2¼\" H 4⅜\" W 4⅜\" D\n                                </li>\n                            \n                        </ul>\n                    </dd>\n                </dl>\n            \n\n            \n            \n\n            \n            \n                <dl>\n                    <dt>\n                        Product Weight\n                    </dt>\n                    <dd class=\"summary-weight\">\n                        0.5 lbs\n                    </dd>\n                </dl>\n            \n\n            \n            <dl>\n                <dt>\n                    Assembly\n                </dt>\n                <dd>\n                    \n                        Comes fully assembled\n                    \n                </dd>\n            </dl>\n\n            \n            <dl>\n                <dt>\n                    Warranty\n                </dt>\n                <dd>\n                    \n                        1-year warranty<br>Terms and conditions apply. <a href=\"https://www.dwr.com/warranty.html\" target=\"_blank\">Learn more</a>\n                    \n                </dd>\n            </dl>\n\n            \n            \n\n            \n            \n\n            \n            \n        </div>\n    </div>\n</div>\n            </div>\n        ",
    "listSize": [
      {
        "size": "Standard",
        "price": 650000,
        "stock": 98
      },
      {
        "size": "Deep",
        "price": 1040000,
        "stock": 81
      }
    ],
    "discountPercentage": 22,
    "thumbnail": "https://images.hermanmiller.group/m/a6b2dc38cd34879f/W-DWR_2198132_100107887_cork_f1.png?trim=auto&trim-sd=1&blend-mode=darken&blend=f0f0f0&bg=f0f0f0&auto=format&w=90&h=auto&fit=fill",
    "images": [
      "https://images.hermanmiller.group/m/a6b2dc38cd34879f/W-DWR_2198132_100107887_cork_f1.png?trim=auto&trim-sd=1&blend-mode=darken&blend=f0f0f0&bg=f0f0f0&auto=format&w=800&h=auto&fit=fill",
      "https://images.hermanmiller.group/m/460ebba5008fc7f0/W-DWR_FA23_Brooklyn_Brownstone_EDITORIAL_321.png?trim=auto&trim-sd=1&bg=f0f0f0&auto=format&w=800&h=auto&fit=fill",
      "https://images.hermanmiller.group/m/b389b9b1622fb873/W-DWR_2198132_100107883_cork_v1.png?trim=auto&trim-sd=1&bg=f0f0f0&auto=format&w=800&h=auto&fit=fill",
      "https://images.hermanmiller.group/m/028694247b44d081/W-DWR_2198132_100107883_cork_d4.png?trim=auto&trim-sd=1&bg=f0f0f0&auto=format&w=800&h=auto&fit=fill",
      "https://images.hermanmiller.group/m/bb7778c1493c0381/W-DWR_2198132_100107883_cork_d3.png?trim=auto&trim-sd=1&bg=f0f0f0&auto=format&w=800&h=auto&fit=fill",
      "https://images.hermanmiller.group/m/0a77965e29026b5c/W-DWR_2198132_100107878_cork_d1.png?trim=auto&trim-sd=1&bg=f0f0f0&auto=format&w=800&h=auto&fit=fill",
      "https://images.hermanmiller.group/m/1f27c950b4391088/W-DWR_2198132_100107879_cork_v2_001.png?trim=auto&trim-sd=1&bg=f0f0f0&auto=format&w=800&h=auto&fit=fill",
      "https://images.hermanmiller.group/m/98895c138cc9d0da/W-DWR_2198133_100107879_cork_v1_001.png?trim=auto&trim-sd=1&bg=f0f0f0&auto=format&w=800&h=auto&fit=fill"
    ]
  },
  {
    "title": "Uten Silo",
    "product_category_id": "6814d6bbd4982e02496b66f3",
    "description": "\n            <div class=\"collapse-body pdp-summary-group-body\">\n                \n<div class=\"row\">\n    <div class=\"pdp-summary-group-col-1 col-12 col-lg-5\">\n\n        \n        \n\n        \n        \n            <div class=\"mb-3\">\n                Uten Silo (1969) features containers in various shapes and sizes and metal hook-clips, making it perfect for organizing offices, kitchens, bathrooms, and more. It fell out of favor when plastics became too costly during the mid-1970s oil embargo and was reintroduced in 2002 to the delight of those seeking to minimize clutter in the home. Made in Germany.\n            </div>\n        \n\n        \n                                \n\n        \n        \n    </div>\n\n    <div class=\"pdp-summary-group-col-2 col-12 col-lg-5 offset-lg-1\">\n        <div class=\"table table-content summary-table\">\n            \n                \n                \n                    <dl>\n                        <dt>\n                            Brand\n                        </dt>\n                        <dd>\n                            <a href=\"/brands-vitra?lang=en_US\">Vitra</a>\n                        </dd>\n                    </dl>\n                \n            \n            \n            \n            \n\n            \n            \n                <dl>\n                    <dt>\n                        General Dimensions\n                    </dt>\n                    <dd>\n                        <ul class=\"unstyled summary-pdp-dimensions-list\">\n                            \n                                <li>\n                                    34¼\" H 26½\" W 2½\" D\n                                </li>\n                            \n                        </ul>\n                    </dd>\n                </dl>\n            \n\n            \n            \n\n            \n            \n                <dl>\n                    <dt>\n                        Product Weight\n                    </dt>\n                    <dd class=\"summary-weight\">\n                        16 lbs\n                    </dd>\n                </dl>\n            \n\n            \n            <dl>\n                <dt>\n                    Assembly\n                </dt>\n                <dd>\n                    \n                        Comes fully assembled\n                    \n                </dd>\n            </dl>\n\n            \n            <dl>\n                <dt>\n                    Warranty\n                </dt>\n                <dd>\n                    \n                        5-year warranty<br>Terms and conditions apply. <a href=\"https://www.dwr.com/warranty.html\" target=\"_blank\">Learn more</a>\n                    \n                </dd>\n            </dl>\n\n            \n            \n\n            \n            \n\n            \n            \n        </div>\n    </div>\n</div>\n            </div>\n        ",
    "listSize": [
      {
        "size": "Small",
        "price": 12610000,
        "stock": 69
      },
      {
        "size": "Large",
        "price": 15990000,
        "stock": 85
      }
    ],
    "discountPercentage": 30,
    "thumbnail": "https://images.hermanmiller.group/asset/663965e8-78bb-4e67-b021-45270a01f34e/W/DWR_5695_611367_white_f.png?trim=auto&trim-sd=1&blend-mode=darken&blend=f0f0f0&bg=f0f0f0&auto=format&w=90&h=auto&fit=fill",
    "images": [
      "https://images.hermanmiller.group/asset/663965e8-78bb-4e67-b021-45270a01f34e/W/DWR_5695_611367_white_f.png?trim=auto&trim-sd=1&blend-mode=darken&blend=f0f0f0&bg=f0f0f0&auto=format&w=800&h=auto&fit=fill",
      "https://images.hermanmiller.group/asset/6162071f-b573-4bfb-be6a-9ae51ca1daf1/W/DWR_5695_611367_white_d.png?trim=auto&trim-sd=1&blend-mode=darken&blend=f0f0f0&bg=f0f0f0&auto=format&w=800&h=auto&fit=fill",
      "https://images.hermanmiller.group/asset/e508bbea-600e-4ed8-a401-3dcb0ffda36d/W/DWR_5695_611435_black_v3_001.png?trim=auto&trim-sd=1&bg=f0f0f0&auto=format&w=800&h=auto&fit=fill",
      "https://images.hermanmiller.group/asset/3380c3d2-774e-422e-94b2-2056b9dbbdb9/W/DWR_5695_611435_black_v6_001.png?trim=auto&trim-sd=1&bg=f0f0f0&auto=format&w=800&h=auto&fit=fill",
      "https://images.hermanmiller.group/asset/4fc73bfb-a40a-44e4-a9fa-deeef563f0a9/W/DWR_5695_611435_black_v4_001.png?trim=auto&trim-sd=1&bg=f0f0f0&auto=format&w=800&h=auto&fit=fill",
      "https://images.hermanmiller.group/asset/e126a0da-b67f-46b2-972d-2dc6cf1a3418/W/DWR_5695_611435_black_v5_001.png?trim=auto&trim-sd=1&bg=f0f0f0&auto=format&w=800&h=auto&fit=fill",
      "https://images.hermanmiller.group/m/512df042fe6b7468/W-DWR_5695_100353348_black_v1_1597.png?trim=auto&trim-sd=1&bg=f0f0f0&auto=format&w=800&h=auto&fit=fill",
      "https://images.hermanmiller.group/m/8cfbd5f21fdc7cac/W-DWR_5695_611367_white_v2_001.png?trim=auto&trim-sd=1&bg=f0f0f0&auto=format&w=800&h=auto&fit=fill",
      "https://images.hermanmiller.group/m/cca1b65cfe0c60d6/W-DWR_5695_611367_white_v1_001.png?trim=auto&trim-sd=1&bg=f0f0f0&auto=format&w=800&h=auto&fit=fill"
    ]
  }
]
